# cpu PC R/W bits address value region; hex values. ROM reads omitted unless --trace-all
A 000252 W32 103efc 00000252 work_low
A 000252 W16 103efa 2000 work_low
A 000254 W16 103ef8 0000 work_low
A 000254 W16 103ef6 00c0 work_low
A 000254 W16 103ef4 8000 work_low
A 000254 W16 103ef2 0010 work_low
A 000254 W16 103ef0 0000 work_low
A 000254 W16 103eee 0000 work_low
A 000254 W16 103eec 1960 work_low
A 000254 W16 103eea 0010 work_low
A 000254 W16 103ee8 0ab6 work_low
A 000254 W16 103ee6 0004 work_low
A 000254 W16 103ee4 002f work_low
A 000254 W16 103ee2 0002 work_low
A 000254 W16 103ee0 0608 work_low
A 000254 W16 103ede 0010 work_low
A 000254 W16 103edc bf00 work_low
A 000254 W16 103eda 0010 work_low
A 000254 W16 103ed8 ba55 work_low
A 000254 W16 103ed6 a5a5 work_low
A 000254 W16 103ed4 aa55 work_low
A 000254 W16 103ed2 a5a5 work_low
A 000254 W16 103ed0 ffff work_low
A 000254 W16 103ece ffff work_low
A 000254 W16 103ecc ffff work_low
A 000254 W16 103eca aa55 work_low
A 000254 W16 103ec8 0000 work_low
A 000254 W16 103ec6 0000 work_low
A 000254 W16 103ec4 ffff work_low
A 000254 W16 103ec2 0000 work_low
A 000254 W16 103ec0 ffaa work_low
A 000254 W16 103ebe 0000 work_low
A 000258 R8 10171c 00 work_low
A 000268 W16 108012 0000 shared
A 00026e W32 103eba 00000274 work_low
A 040022 R16 101802 0790 work_low
A 040026 R16 101800 0000 work_low
A 040038 W16 101802 0791 work_low
A 04003c W16 10803c 0791 shared
A 040044 W16 10180a 03c8 work_low
A 040048 R16 10801a ffff shared
A 04007c R32 103eba 00000274 work_low
A 000274 R16 10801a ffff shared
A 00027a R8 108007 76 shared
A 000290 W32 103eba 00000294 work_low
A 002af4 R16 100110 0000 work_low
A 002afa R8 100143 3f work_low
A 002b24 W16 10010e 0000 work_low
A 002b28 W32 103eb6 00002b2c work_low
A 002d80 R8 100142 33 work_low
A 002d84 R8 100118 33 work_low
A 002da8 W32 103eb2 00002dac work_low
A 002e4c R8 100140 ff work_low
A 002e5e R32 103eb2 00002dac work_low
A 002de0 W32 103eb2 00002de4 work_low
A 002e6a R32 103eb2 00002de4 work_low
A 002e18 R32 103eb6 00002b2c work_low
A 002b2c R16 10011a 0000 work_low
A 002b36 R16 10011c 0000 work_low
A 002b54 R16 100108 0000 work_low
A 002b5e R8 100126 03 work_low
A 002b5e W8 100126 03 work_low
A 002b6c W32 103eb6 00002b70 work_low
A 002eb8 R16 100128 0000 work_low
A 002ed2 R16 10012a 0000 work_low
A 002eec R32 103eb6 00002b70 work_low
A 002b70 R16 10012e 0000 work_low
A 002b7c R16 10020a 0000 work_low
A 002b92 R16 100124 0003 work_low
A 002b9c W32 103eb6 00002ba0 work_low
A 002ce0 R16 10014c 0000 work_low
A 002cea W16 100300 0000 work_low
A 002cfe R16 100142 333f work_low
A 002d2a W16 100302 0000 work_low
A 002d2c R32 103eb6 00002ba0 work_low
A 002ba0 W32 103eb6 00002ba4 work_low
A 002d2e R16 10014c 0000 work_low
A 002d36 R16 100208 0000 work_low
A 002d3a R16 100206 0000 work_low
A 002d3a W16 100206 0000 work_low
A 002d3e W16 100208 0000 work_low
A 002d42 R16 10019e ffff work_low
A 002d4c R16 100206 0000 work_low
A 002d6c R32 103eb6 00002ba4 work_low
A 002ba4 R16 400002 ffff tc0040ioc
A 002baa R16 100142 333f work_low
A 002baa W16 100118 333f work_low
A 002bb6 W8 400003 04 tc0040ioc
A 002bbc R8 400001 03 tc0040ioc
A 002bbc W8 100144 03 work_low
A 002bb6 W8 400003 03 tc0040ioc
A 002bbc R8 400001 3f tc0040ioc
A 002bbc W8 100143 3f work_low
A 002bb6 W8 400003 02 tc0040ioc
A 002bbc R8 400001 33 tc0040ioc
A 002bbc W8 100142 33 work_low
A 002bb6 W8 400003 01 tc0040ioc
A 002bbc R8 400001 ff tc0040ioc
A 002bbc W8 100141 ff work_low
A 002bb6 W8 400003 00 tc0040ioc
A 002bbc R8 400001 ff tc0040ioc
A 002bbc W8 100140 ff work_low
A 002bcc W8 400003 0d tc0040ioc
A 002bd2 R8 400001 00 tc0040ioc
A 002bd2 W8 10014d 00 work_low
A 002bcc W8 400003 0c tc0040ioc
A 002bd2 R8 400001 00 tc0040ioc
A 002bd2 W8 10014c 00 work_low
A 002bcc W8 400003 0b tc0040ioc
A 002bd2 R8 400001 ff tc0040ioc
A 002bd2 W8 10014b ff work_low
A 002bcc W8 400003 0a tc0040ioc
A 002bd2 R8 400001 ff tc0040ioc
A 002bd2 W8 10014a ff work_low
A 002bcc W8 400003 09 tc0040ioc
A 002bd2 R8 400001 ff tc0040ioc
A 002bd2 W8 100149 ff work_low
A 002bcc W8 400003 08 tc0040ioc
A 002bd2 R8 400001 ff tc0040ioc
A 002bd2 W8 100148 ff work_low
A 002be0 W8 400003 04 tc0040ioc
A 002be8 R8 100126 03 work_low
A 002be8 W8 400001 03 tc0040ioc
A 002bf0 R32 100140 ffff333f work_low
A 002bf0 W32 108040 ffff333f shared
A 002bf6 R32 100144 03000000 work_low
A 002bf6 W32 108044 03000000 shared
A 002bfc R32 100148 ffffffff work_low
A 002bfc W32 108048 ffffffff shared
A 002c02 R32 10014c 00000000 work_low
A 002c02 W32 10804c 00000000 shared
A 002c08 R32 103eba 00000294 work_low
A 000294 R8 10171c 00 work_low
A 00029c W8 10171c ff work_low
A 0002bc W16 108092 0000 shared
A 0002c0 W32 103eba 000002c4 work_low
A 000c4c R16 1002dc 0000 work_low
A 000c64 W32 103eb6 00000c68 work_low
A 006360 R16 10801a ffff shared
A 006368 R16 108018 0000 shared
A 006370 W16 10020e ffe0 work_low
A 006374 W16 100210 ffe0 work_low
A 00637c W16 100138 01e0 work_low
A 006380 W16 10013c 01e0 work_low
A 006384 W16 c20006 01e0 tile_control
A 00638a W16 c20008 01e0 tile_control
A 006396 R16 100210 ffe0 work_low
A 00639e R16 10029c 0003 work_low
A 0063b4 R16 100274 0000 work_low
A 0063bc W16 c0c3c0 0000 tilemap
A 0063bc W16 c0c3c2 0000 tilemap
A 0063bc W16 c0c3c4 0000 tilemap
A 0063bc W16 c0c3c6 0000 tilemap
A 0063bc W16 c0c3c8 0000 tilemap
A 0063bc W16 c0c3ca 0000 tilemap
A 0063bc W16 c0c3cc 0000 tilemap
A 0063bc W16 c0c3ce 0000 tilemap
A 0063bc W16 c0c3d0 0000 tilemap
A 0063bc W16 c0c3d2 0000 tilemap
A 0063bc W16 c0c3d4 0000 tilemap
A 0063bc W16 c0c3d6 0000 tilemap
A 0063bc W16 c0c3d8 0000 tilemap
A 0063bc W16 c0c3da 0000 tilemap
A 0063bc W16 c0c3dc 0000 tilemap
A 0063bc W16 c0c3de 0000 tilemap
A 0063bc W16 c0c3e0 0000 tilemap
A 0063bc W16 c0c3e2 0000 tilemap
A 0063bc W16 c0c3e4 0000 tilemap
A 0063bc W16 c0c3e6 0000 tilemap
A 0063bc W16 c0c3e8 0000 tilemap
A 0063bc W16 c0c3ea 0000 tilemap
A 0063bc W16 c0c3ec 0000 tilemap
A 0063bc W16 c0c3ee 0000 tilemap
A 0063bc W16 c0c3f0 0000 tilemap
A 0063bc W16 c0c3f2 0000 tilemap
A 0063bc W16 c0c3f4 0000 tilemap
A 0063bc W16 c0c3f6 0000 tilemap
A 0063bc W16 c0c3f8 0000 tilemap
A 0063bc W16 c0c3fa 0000 tilemap
A 0063bc W16 c0c3fc 0000 tilemap
A 0063bc W16 c0c3fe 0000 tilemap
A 0063bc W16 c0c400 0000 tilemap
A 0063bc W16 c0c402 0000 tilemap
A 0063bc W16 c0c404 0000 tilemap
A 0063bc W16 c0c406 0000 tilemap
A 0063bc W16 c0c408 0000 tilemap
A 0063bc W16 c0c40a 0000 tilemap
A 0063bc W16 c0c40c 0000 tilemap
A 0063bc W16 c0c40e 0000 tilemap
A 0063bc W16 c0c410 0000 tilemap
A 0063bc W16 c0c412 0000 tilemap
A 0063bc W16 c0c414 0000 tilemap
A 0063bc W16 c0c416 0000 tilemap
A 0063bc W16 c0c418 0000 tilemap
A 0063bc W16 c0c41a 0000 tilemap
A 0063bc W16 c0c41c 0000 tilemap
A 0063bc W16 c0c41e 0000 tilemap
A 0063bc W16 c0c420 0000 tilemap
A 0063bc W16 c0c422 0000 tilemap
A 0063bc W16 c0c424 0000 tilemap
A 0063bc W16 c0c426 0000 tilemap
A 0063bc W16 c0c428 0000 tilemap
A 0063bc W16 c0c42a 0000 tilemap
A 0063bc W16 c0c42c 0000 tilemap
A 0063bc W16 c0c42e 0000 tilemap
A 0063bc W16 c0c430 0000 tilemap
A 0063bc W16 c0c432 0000 tilemap
A 0063bc W16 c0c434 0000 tilemap
A 0063bc W16 c0c436 0000 tilemap
A 0063bc W16 c0c438 0000 tilemap
A 0063bc W16 c0c43a 0000 tilemap
A 0063bc W16 c0c43c 0000 tilemap
A 0063bc W16 c0c43e 0000 tilemap
A 0063bc W16 c0c440 0000 tilemap
A 0063bc W16 c0c442 0000 tilemap
A 0063bc W16 c0c444 0000 tilemap
A 0063bc W16 c0c446 0000 tilemap
A 0063bc W16 c0c448 0000 tilemap
A 0063bc W16 c0c44a 0000 tilemap
A 0063bc W16 c0c44c 0000 tilemap
A 0063bc W16 c0c44e 0000 tilemap
A 0063bc W16 c0c450 0000 tilemap
A 0063bc W16 c0c452 0000 tilemap
A 0063bc W16 c0c454 0000 tilemap
A 0063bc W16 c0c456 0000 tilemap
A 0063bc W16 c0c458 0000 tilemap
A 0063bc W16 c0c45a 0000 tilemap
A 0063bc W16 c0c45c 0000 tilemap
A 0063bc W16 c0c45e 0000 tilemap
A 0063bc W16 c0c460 0000 tilemap
A 0063bc W16 c0c462 0000 tilemap
A 0063bc W16 c0c464 0000 tilemap
A 0063bc W16 c0c466 0000 tilemap
A 0063bc W16 c0c468 0000 tilemap
A 0063bc W16 c0c46a 0000 tilemap
A 0063bc W16 c0c46c 0000 tilemap
A 0063bc W16 c0c46e 0000 tilemap
A 0063bc W16 c0c470 0000 tilemap
A 0063bc W16 c0c472 0000 tilemap
A 0063bc W16 c0c474 0000 tilemap
A 0063bc W16 c0c476 0000 tilemap
A 0063bc W16 c0c478 0000 tilemap
A 0063bc W16 c0c47a 0000 tilemap
A 0063bc W16 c0c47c 0000 tilemap
A 0063bc W16 c0c47e 0000 tilemap
A 0063bc W16 c0c480 0000 tilemap
A 0063bc W16 c0c482 0000 tilemap
A 0063bc W16 c0c484 0000 tilemap
A 0063bc W16 c0c486 0000 tilemap
A 0063bc W16 c0c488 0000 tilemap
A 0063bc W16 c0c48a 0000 tilemap
A 0063bc W16 c0c48c 0000 tilemap
A 0063bc W16 c0c48e 0000 tilemap
A 0063bc W16 c0c490 0000 tilemap
A 0063bc W16 c0c492 0000 tilemap
A 0063bc W16 c0c494 0000 tilemap
A 0063bc W16 c0c496 0000 tilemap
A 0063bc W16 c0c498 0000 tilemap
A 0063bc W16 c0c49a 0000 tilemap
A 0063bc W16 c0c49c 0000 tilemap
A 0063bc W16 c0c49e 0000 tilemap
A 0063bc W16 c0c4a0 0000 tilemap
A 0063bc W16 c0c4a2 0000 tilemap
A 0063bc W16 c0c4a4 0000 tilemap
A 0063bc W16 c0c4a6 0000 tilemap
A 0063bc W16 c0c4a8 0000 tilemap
A 0063bc W16 c0c4aa 0000 tilemap
A 0063bc W16 c0c4ac 0000 tilemap
A 0063bc W16 c0c4ae 0000 tilemap
A 0063bc W16 c0c4b0 0000 tilemap
A 0063bc W16 c0c4b2 0000 tilemap
A 0063bc W16 c0c4b4 0000 tilemap
A 0063bc W16 c0c4b6 0000 tilemap
A 0063bc W16 c0c4b8 0000 tilemap
A 0063bc W16 c0c4ba 0000 tilemap
A 0063bc W16 c0c4bc 0000 tilemap
A 0063bc W16 c0c4be 0000 tilemap
A 0063bc W16 c0c4c0 0000 tilemap
A 0063bc W16 c0c4c2 0000 tilemap
A 0063bc W16 c0c4c4 0000 tilemap
A 0063bc W16 c0c4c6 0000 tilemap
A 0063bc W16 c0c4c8 0000 tilemap
A 0063bc W16 c0c4ca 0000 tilemap
A 0063bc W16 c0c4cc 0000 tilemap
A 0063bc W16 c0c4ce 0000 tilemap
A 0063bc W16 c0c4d0 0000 tilemap
A 0063bc W16 c0c4d2 0000 tilemap
A 0063bc W16 c0c4d4 0000 tilemap
A 0063bc W16 c0c4d6 0000 tilemap
A 0063bc W16 c0c4d8 0000 tilemap
A 0063bc W16 c0c4da 0000 tilemap
A 0063bc W16 c0c4dc 0000 tilemap
A 0063bc W16 c0c4de 0000 tilemap
A 0063c4 R16 100270 0000 work_low
A 0063cc W16 c0c4e0 0000 tilemap
A 0063cc W16 c0c4e2 0000 tilemap
A 0063cc W16 c0c4e4 0000 tilemap
A 0063cc W16 c0c4e6 0000 tilemap
A 0063cc W16 c0c4e8 0000 tilemap
A 0063cc W16 c0c4ea 0000 tilemap
A 0063cc W16 c0c4ec 0000 tilemap
A 0063cc W16 c0c4ee 0000 tilemap
A 0063cc W16 c0c4f0 0000 tilemap
A 0063cc W16 c0c4f2 0000 tilemap
A 0063cc W16 c0c4f4 0000 tilemap
A 0063cc W16 c0c4f6 0000 tilemap
A 0063cc W16 c0c4f8 0000 tilemap
A 0063cc W16 c0c4fa 0000 tilemap
A 0063cc W16 c0c4fc 0000 tilemap
A 0063cc W16 c0c4fe 0000 tilemap
A 0063cc W16 c0c500 0000 tilemap
A 0063cc W16 c0c502 0000 tilemap
A 0063cc W16 c0c504 0000 tilemap
A 0063cc W16 c0c506 0000 tilemap
A 0063cc W16 c0c508 0000 tilemap
A 0063cc W16 c0c50a 0000 tilemap
A 0063cc W16 c0c50c 0000 tilemap
A 0063cc W16 c0c50e 0000 tilemap
A 0063cc W16 c0c510 0000 tilemap
A 0063cc W16 c0c512 0000 tilemap
A 0063cc W16 c0c514 0000 tilemap
A 0063cc W16 c0c516 0000 tilemap
A 0063cc W16 c0c518 0000 tilemap
A 0063cc W16 c0c51a 0000 tilemap
A 0063cc W16 c0c51c 0000 tilemap
A 0063cc W16 c0c51e 0000 tilemap
A 0063cc W16 c0c520 0000 tilemap
A 0063cc W16 c0c522 0000 tilemap
A 0063cc W16 c0c524 0000 tilemap
A 0063cc W16 c0c526 0000 tilemap
A 0063cc W16 c0c528 0000 tilemap
A 0063cc W16 c0c52a 0000 tilemap
A 0063cc W16 c0c52c 0000 tilemap
A 0063cc W16 c0c52e 0000 tilemap
A 0063cc W16 c0c530 0000 tilemap
A 0063cc W16 c0c532 0000 tilemap
A 0063cc W16 c0c534 0000 tilemap
A 0063cc W16 c0c536 0000 tilemap
A 0063cc W16 c0c538 0000 tilemap
A 0063cc W16 c0c53a 0000 tilemap
A 0063cc W16 c0c53c 0000 tilemap
A 0063cc W16 c0c53e 0000 tilemap
A 0063d8 R16 10020e ffe0 work_low
A 0063e2 R16 10026c 0000 work_low
A 0063ea W16 c0c0e0 0000 tilemap
A 0063ea W16 c0c0e2 0000 tilemap
A 0063ea W16 c0c0e4 0000 tilemap
A 0063ea W16 c0c0e6 0000 tilemap
A 0063ea W16 c0c0e8 0000 tilemap
A 0063ea W16 c0c0ea 0000 tilemap
A 0063ea W16 c0c0ec 0000 tilemap
A 0063ea W16 c0c0ee 0000 tilemap
A 0063ea W16 c0c0f0 0000 tilemap
A 0063ea W16 c0c0f2 0000 tilemap
A 0063ea W16 c0c0f4 0000 tilemap
A 0063ea W16 c0c0f6 0000 tilemap
A 0063ea W16 c0c0f8 0000 tilemap
A 0063ea W16 c0c0fa 0000 tilemap
A 0063ea W16 c0c0fc 0000 tilemap
A 0063ea W16 c0c0fe 0000 tilemap
A 0063ea W16 c0c100 0000 tilemap
A 0063ea W16 c0c102 0000 tilemap
A 0063ea W16 c0c104 0000 tilemap
A 0063ea W16 c0c106 0000 tilemap
A 0063ea W16 c0c108 0000 tilemap
A 0063ea W16 c0c10a 0000 tilemap
A 0063ea W16 c0c10c 0000 tilemap
A 0063ea W16 c0c10e 0000 tilemap
A 0063ea W16 c0c110 0000 tilemap
A 0063ea W16 c0c112 0000 tilemap
A 0063ea W16 c0c114 0000 tilemap
A 0063ea W16 c0c116 0000 tilemap
A 0063ea W16 c0c118 0000 tilemap
A 0063ea W16 c0c11a 0000 tilemap
A 0063ea W16 c0c11c 0000 tilemap
A 0063ea W16 c0c11e 0000 tilemap
A 0063ea W16 c0c120 0000 tilemap
A 0063ea W16 c0c122 0000 tilemap
A 0063ea W16 c0c124 0000 tilemap
A 0063ea W16 c0c126 0000 tilemap
A 0063ea W16 c0c128 0000 tilemap
A 0063ea W16 c0c12a 0000 tilemap
A 0063ea W16 c0c12c 0000 tilemap
A 0063ea W16 c0c12e 0000 tilemap
A 0063ea W16 c0c130 0000 tilemap
A 0063ea W16 c0c132 0000 tilemap
A 0063ea W16 c0c134 0000 tilemap
A 0063ea W16 c0c136 0000 tilemap
A 0063ea W16 c0c138 0000 tilemap
A 0063ea W16 c0c13a 0000 tilemap
A 0063ea W16 c0c13c 0000 tilemap
A 0063ea W16 c0c13e 0000 tilemap
A 0063f0 R32 103eb6 00000c68 work_low
A 000c68 R32 103eba 000002c4 work_low
A 0002c4 W32 103eba 000002ca work_low
A 00a7c2 W8 820001 04 sound_stub
A 00a7ca R8 820003 00 sound_stub
A 00a7da R16 101706 000e work_low
A 00a7de R8 10172e ff work_low
A 00a81a R16 101708 003f work_low
A 00a81e W8 820001 02 sound_stub
A 00a826 W8 820003 3f sound_stub
A 00a82e W8 820003 03 sound_stub
A 00a834 R32 103eba 000002ca work_low
A 0002ca W32 103eba 000002ce work_low
A 000af0 R8 100610 02 work_low
A 000af0 W8 100610 03 work_low
A 000af2 R8 100610 03 work_low
A 000b40 R32 103eba 000002ce work_low
A 0002ce R32 108000 0000078a shared
A 0002ce W32 108000 0000078b shared
A 0002d2 R32 108004 fffff876 shared
A 0002d2 W32 108004 fffff875 shared
A 0002d6 W32 103eba 000002d8 work_low
A 00032e R8 10171e 00 work_low
A 00034a R16 108002 078b shared
A 000376 R32 103eba 000002d8 work_low
A 0002d8 W32 103eba 000002dc work_low
A 001034 W16 100100 0000 work_low
A 00103c R16 100000 0001 work_low
A 001042 R16 100000 0001 work_low
A 001042 W16 100000 0000 work_low
A 001048 W32 100102 00103eba work_low
A 00104c R32 100002 001028bc work_low
A 001050 R32 1028bc 000000f0 work_low
A 001050 R32 1028c0 00000001 work_low
A 001050 R32 1028c4 0000ffff work_low
A 001050 R32 1028c8 aa55a5a5 work_low
A 001050 R32 1028cc 00003007 work_low
A 001050 R32 1028d0 00000000 work_low
A 001050 R32 1028d4 00000000 work_low
A 001050 R32 1028d8 00000005 work_low
A 001050 R32 1028dc 00100000 work_low
A 001050 R32 1028e0 001037c0 work_low
A 001050 R32 1028e4 00a00000 work_low
A 001050 R32 1028e8 00a00002 work_low
A 001050 R32 1028ec 00000000 work_low
A 001050 R32 1028f0 00108000 work_low
A 001050 R32 1028f4 00c00000 work_low
A 001054 R32 1028f8 000009aa work_low
A 00099e R16 10010a ffff work_low
A 0009a6 W32 1028f8 000009aa work_low
A 00108a W16 1028f6 0000 work_low
A 00108a W16 1028f4 00c0 work_low
A 00108a W16 1028f2 8000 work_low
A 00108a W16 1028f0 0010 work_low
A 00108a W16 1028ee 0000 work_low
A 00108a W16 1028ec 0000 work_low
A 00108a W16 1028ea 0002 work_low
A 00108a W16 1028e8 00a0 work_low
A 00108a W16 1028e6 0000 work_low
A 00108a W16 1028e4 00a0 work_low
A 00108a W16 1028e2 37c0 work_low
A 00108a W16 1028e0 0010 work_low
A 00108a W16 1028de 0000 work_low
A 00108a W16 1028dc 0010 work_low
A 00108a W16 1028da 0005 work_low
A 00108a W16 1028d8 0000 work_low
A 00108a W16 1028d6 0000 work_low
A 00108a W16 1028d4 0000 work_low
A 00108a W16 1028d2 0000 work_low
A 00108a W16 1028d0 0000 work_low
A 00108a W16 1028ce 3007 work_low
A 00108a W16 1028cc 0000 work_low
A 00108a W16 1028ca a5a5 work_low
A 00108a W16 1028c8 aa55 work_low
A 00108a W16 1028c6 ffff work_low
A 00108a W16 1028c4 0000 work_low
A 00108a W16 1028c2 0001 work_low
A 00108a W16 1028c0 0000 work_low
A 00108a W16 1028be 00f0 work_low
A 00108a W16 1028bc 0000 work_low
A 001092 R16 100100 0000 work_low
A 001096 W16 100000 0001 work_low
A 001098 W32 100002 001028bc work_low
A 00109c R32 1028f8 000009aa work_low
A 00109c W32 100006 000009aa work_low
A 001056 R32 100102 00103eba work_low
A 00105a R16 100100 0000 work_low
A 001034 W16 100100 0010 work_low
A 00103c R16 100010 0000 work_low
A 00105a R16 100100 0010 work_low
A 001034 W16 100100 0020 work_low
A 00103c R16 100020 0000 work_low
A 00105a R16 100100 0020 work_low
A 001034 W16 100100 0030 work_low
A 00103c R16 100030 0000 work_low
A 00105a R16 100100 0030 work_low
A 001034 W16 100100 0040 work_low
A 00103c R16 100040 0001 work_low
A 001042 R16 100040 0001 work_low
A 001042 W16 100040 0000 work_low
A 001048 W32 100102 00103eba work_low
A 00104c R32 100042 00102cc0 work_low
A 001050 R32 102cc0 aeeeef24 work_low
A 001050 R32 102cc4 00000001 work_low
A 001050 R32 102cc8 ffffff00 work_low
A 001050 R32 102ccc ffff0000 work_low
A 001050 R32 102cd0 00003007 work_low
A 001050 R32 102cd4 00000000 work_low
A 001050 R32 102cd8 00000000 work_low
A 001050 R32 102cdc 00000005 work_low
A 001050 R32 102ce0 00100215 work_low
A 001050 R32 102ce4 00100200 work_low
A 001050 R32 102ce8 0002a6a2 work_low
A 001050 R32 102cec 00a00002 work_low
A 001050 R32 102cf0 00000000 work_low
A 001050 R32 102cf4 00108000 work_low
A 001050 R32 102cf8 00c04000 work_low
A 001054 R32 102cfc 0000199e work_low
A 00196e W32 102cfc 00001972 work_low
A 00644c R8 100408 00 work_low
A 00644e W32 102cf8 00006450 work_low
A 006458 W32 102cf4 0000645a work_low
A 006486 W16 c04294 0020 tilemap
A 006488 R32 102cf4 0000645a work_low
A 006486 W16 c04296 0020 tilemap
A 006488 R32 102cf8 00006450 work_low
A 00644c R8 100409 00 work_low
A 00644e W32 102cf8 00006450 work_low
A 006458 W32 102cf4 0000645a work_low
A 006486 W16 c04298 0020 tilemap
A 006488 R32 102cf4 0000645a work_low
A 006486 W16 c0429a 0020 tilemap
A 006488 R32 102cf8 00006450 work_low
A 00644c R8 10040a 00 work_low
A 00644e W32 102cf8 00006450 work_low
A 006458 W32 102cf4 0000645a work_low
A 006486 W16 c0429c 0020 tilemap
A 006488 R32 102cf4 0000645a work_low
A 006486 W16 c0429e 0020 tilemap
A 006488 R32 102cf8 00006450 work_low
A 00644c R8 10040b 00 work_low
A 00644e W32 102cf8 00006450 work_low
A 006458 W32 102cf4 0000645a work_low
A 006486 W16 c042a0 0020 tilemap
A 006488 R32 102cf4 0000645a work_low
A 006486 W16 c042a2 0030 tilemap
A 006488 R32 102cf8 00006450 work_low
A 006454 R32 102cfc 00001972 work_low
A 001972 R32 100408 00000000 work_low
A 001976 R32 101766 02592020 work_low
A 00198e W32 102cfc 00001992 work_low
A 001abe R8 10019e ff work_low
A 001ac6 R8 100200 58 work_low
A 001ad6 R32 100202 aeeeef24 work_low
A 001ada W32 100202 199999cf work_low
A 001ade R8 100201 44 work_low
A 001ade W8 100201 43 work_low
A 001ae0 R8 100200 58 work_low
A 001ae0 W8 100200 58 work_low
A 001ae4 R8 100200 58 work_low
A 001b40 R8 100217 95 work_low
A 001b40 W8 100217 90 work_low
A 001b42 R8 100216 13 work_low
A 001b42 W8 100216 15 work_low
A 001b44 R8 100215 03 work_low
A 001b44 W8 100215 03 work_low
A 001b46 R8 100215 03 work_low
A 001b54 R32 102cfc 00001992 work_low
A 001992 R16 1002ce 0000 work_low
A 00199a W32 102cfc 0000199e work_low
A 00108a W16 102cfa 4000 work_low
A 00108a W16 102cf8 00c0 work_low
A 00108a W16 102cf6 8000 work_low
A 00108a W16 102cf4 0010 work_low
A 00108a W16 102cf2 0000 work_low
A 00108a W16 102cf0 0000 work_low
A 00108a W16 102cee 0002 work_low
A 00108a W16 102cec 00a0 work_low
A 00108a W16 102cea a6a2 work_low
A 00108a W16 102ce8 0002 work_low
A 00108a W16 102ce6 0200 work_low
A 00108a W16 102ce4 0010 work_low
A 00108a W16 102ce2 0215 work_low
A 00108a W16 102ce0 0010 work_low
A 00108a W16 102cde 0005 work_low
A 00108a W16 102cdc 0000 work_low
A 00108a W16 102cda 0000 work_low
A 00108a W16 102cd8 0000 work_low
A 00108a W16 102cd6 0000 work_low
A 00108a W16 102cd4 0000 work_low
A 00108a W16 102cd2 3007 work_low
A 00108a W16 102cd0 0000 work_low
A 00108a W16 102cce 0000 work_low
A 00108a W16 102ccc ffff work_low
A 00108a W16 102cca ff00 work_low
A 00108a W16 102cc8 ffff work_low
A 00108a W16 102cc6 0001 work_low
A 00108a W16 102cc4 0000 work_low
A 00108a W16 102cc2 99cf work_low
A 00108a W16 102cc0 1999 work_low
A 001092 R16 100100 0040 work_low
A 001096 W16 100040 0001 work_low
A 001098 W32 100042 00102cc0 work_low
A 00109c R32 102cfc 0000199e work_low
A 00109c W32 100046 0000199e work_low
A 001056 R32 100102 00103eba work_low
A 00105a R16 100100 0040 work_low
A 001034 W16 100100 0050 work_low
A 00103c R16 100050 0001 work_low
A 001042 R16 100050 0001 work_low
A 001042 W16 100050 0000 work_low
A 001048 W32 100102 00103eba work_low
A 00104c R32 100052 00102dc0 work_low
A 001050 R32 102dc0 00000000 work_low
A 001050 R32 102dc4 00000001 work_low
A 001050 R32 102dc8 00000007 work_low
A 001050 R32 102dcc 00000002 work_low
A 001050 R32 102dd0 0000017e work_low
A 001050 R32 102dd4 04a004a0 work_low
A 001050 R32 102dd8 74708b90 work_low
A 001050 R32 102ddc 0000ffff work_low
A 001050 R32 102de0 00100540 work_low
A 001050 R32 102de4 00c061c0 work_low
A 001050 R32 102de8 00033e9a work_low
A 001050 R32 102dec 0010a080 work_low
A 001050 R32 102df0 00100300 work_low
A 001050 R32 102df4 00108000 work_low
A 001050 R32 102df8 00c0484e work_low
A 001054 R32 102dfc 00004884 work_low
A 00484c R16 10012e 0000 work_low
A 004856 R16 10021a 0000 work_low
A 004864 W32 102dfc 00004868 work_low
A 007e04 W16 101710 0000 work_low
A 007e10 W32 102df8 00007e14 work_low
A 0081c4 R16 10012e 0000 work_low
A 0081d4 R16 100300 0000 work_low
A 0081f6 R16 10012e 0000 work_low
A 008202 R16 100300 0000 work_low
A 00820c W16 100300 0000 work_low
A 008210 R32 102df8 00007e14 work_low
A 007e14 R16 10019e ffff work_low
A 007e2e R16 1001f8 00a1 work_low
A 007e2e W16 1001f8 00a2 work_low
A 007e32 W32 102df8 00007e36 work_low
A 008212 W16 100434 0000 work_low
A 008216 W32 102df4 0000821a work_low
A 008318 R16 108094 0000 shared
A 008328 R32 102df4 0000821a work_low
A 00821a R8 10040f 00 work_low
A 00821e R8 100425 00 work_low
A 008236 W32 102df4 0000823a work_low
A 0083ca R16 100440 0000 work_low
A 0083ce R8 109001 00 shared
A 0083d4 R16 10a05a 0000 shared
A 0083d8 R8 109001 00 shared
A 008414 R32 102df4 0000823a work_low
A 00823a W32 102df4 0000823e work_low
A 008416 R8 10040f 00 work_low
A 00841e R8 108007 75 shared
A 00845e R32 102df4 0000823e work_low
A 00823e W32 102df4 00008242 work_low
A 00816a R16 10a05a 0000 shared
A 008172 R8 109001 00 shared
A 008176 R8 10a04e 00 shared
A 008188 R32 102df4 00008242 work_low
A 008242 R8 10040f 00 work_low
A 008250 W32 102df4 00008254 work_low
A 008460 R8 10040f 00 work_low
A 008468 R16 1003a2 0003 work_low
A 00846e R8 100303 00 work_low
A 0084bc R32 102df4 00008254 work_low
A 008254 R8 10040f 00 work_low
A 008262 W32 102df4 00008266 work_low
A 0084e8 R32 100300 00000000 work_low
A 0084ec R16 100306 0000 work_low
A 0084f2 R8 100200 58 work_low
A 0084f8 R8 10040f 00 work_low
A 008582 R16 100404 0000 work_low
A 00858c W16 100404 0000 work_low
A 008590 R32 102df4 00008266 work_low
A 008266 W32 102df4 0000826a work_low
A 008598 R16 10a05a 0000 shared
A 00859c R8 109001 00 shared
A 0085d6 R32 102df4 0000826a work_low
A 00826a W32 102df4 0000826e work_low
A 0085d8 W32 102df0 000085dc work_low
A 008850 R8 100303 00 work_low
A 008854 R8 10040f 00 work_low
A 008862 R8 100302 00 work_low
A 008870 R16 10039a 0052 work_low
A 008874 R32 102df0 000085dc work_low
A 0085dc R16 100402 0000 work_low
A 0085f2 R32 102df4 0000826e work_low
A 00826e W32 102df4 00008272 work_low
A 0085f4 R8 10018d 00 work_low
A 0085fc R32 10a05c 747086f0 shared
A 008606 R16 10a044 86f0 shared
A 008620 R8 10a048 01 shared
A 008620 W8 10a048 01 shared
A 008626 W16 100480 0000 work_low
A 0086b2 R32 102df4 00008272 work_low
A 008272 W32 102df4 00008276 work_low
B 0004d8 W32 1003fc 000004de sub_work
B 0004d8 W16 1003fa 0004 sub_work
B 000474 W16 1003f8 9384 sub_work
B 000474 W16 1003f6 0000 sub_work
B 000474 W16 1003f4 1446 sub_work
B 000474 W16 1003f2 0010 sub_work
B 000474 W16 1003f0 0800 sub_work
B 000474 W16 1003ee 0080 sub_work
B 000474 W16 1003ec 8afe sub_work
B 000474 W16 1003ea 0010 sub_work
B 000474 W16 1003e8 a0c0 sub_work
B 000474 W16 1003e6 0010 sub_work
B 000474 W16 1003e4 a0c0 sub_work
B 000474 W16 1003e2 0010 sub_work
B 000474 W16 1003e0 8a00 sub_work
B 000474 W16 1003de 0010 sub_work
B 000474 W16 1003dc ffff sub_work
B 000474 W16 1003da 0000 sub_work
B 000474 W16 1003d8 0000 sub_work
B 000474 W16 1003d6 0000 sub_work
B 000474 W16 1003d4 0000 sub_work
B 000474 W16 1003d2 0000 sub_work
B 000474 W16 1003d0 0000 sub_work
B 000474 W16 1003ce 0000 sub_work
B 000474 W16 1003cc 007e sub_work
B 000474 W16 1003ca 000e sub_work
B 000474 W16 1003c8 0000 sub_work
B 000474 W16 1003c6 0000 sub_work
B 000474 W16 1003c4 0400 sub_work
B 000474 W16 1003c2 0000 sub_work
B 000474 W16 1003c0 a0c0 sub_work
B 000474 W16 1003be 0010 sub_work
B 000478 R16 100808 078a sub_work
B 000478 W16 100808 078b sub_work
B 00047e R16 100808 078b sub_work
B 00047e W16 1080a6 078b shared
B 000488 R16 10801a ffff shared
B 00049e R16 10801a ffff shared
B 0004a8 W16 100802 8002 sub_work
B 0004b0 R16 101a5a ffff sub_work
B 0004ba R16 101a58 0500 sub_work
B 0004ba W16 801ffe 0500 road
B 0004c4 W16 101a5a 0000 sub_work
B 0004ca W16 100804 ffff sub_work
B 0004d2 R32 1003be 0010a0c0 sub_work
B 0004d2 R32 1003c2 00000400 sub_work
B 0004d2 R32 1003c6 00000000 sub_work
B 0004d2 R32 1003ca 000e007e sub_work
B 0004d2 R32 1003ce 00000000 sub_work
B 0004d2 R32 1003d2 00000000 sub_work
B 0004d2 R32 1003d6 00000000 sub_work
B 0004d2 R32 1003da 0000ffff sub_work
B 0004d2 R32 1003de 00108a00 sub_work
B 0004d2 R32 1003e2 0010a0c0 sub_work
B 0004d2 R32 1003e6 0010a0c0 sub_work
B 0004d2 R32 1003ea 00108afe sub_work
B 0004d2 R32 1003ee 00800800 sub_work
B 0004d2 R32 1003f2 00101446 sub_work
B 0004d2 R32 1003f6 00009384 sub_work
B 0004d6 R16 1003fa 0004 sub_work
B 0004d6 R32 1003fc 000004de sub_work
B 0004d8 R16 100804 ffff sub_work
B 0004e0 W16 100804 0000 sub_work
B 0004e6 R16 10080a 078a sub_work
B 0004e6 W16 10080a 078b sub_work
B 0004ec R16 100802 8002 sub_work
B 0004f4 W16 100806 8002 sub_work
B 00050c W32 1007fc 0000050e sub_work
B 0006c2 R32 10080e 00000000 sub_work
B 0006c2 W32 10222c 00000000 sub_work
B 0006cc R16 100812 86f0 sub_work
B 0006cc W16 102210 86f0 sub_work
B 0006d6 R16 102cee 0000 sub_work
B 0006d6 W16 102cf0 0000 sub_work
B 0006e0 R32 10a000 00000000 shared
B 0006e0 W32 10080e 00000000 sub_work
B 0006ea R16 10a004 86f0 shared
B 0006ea W16 100812 86f0 sub_work
B 0006f4 R16 10a046 0000 shared
B 0006f4 W16 102cee 0000 sub_work
B 0006fe R32 10080e 00000000 sub_work
B 000704 R32 10222c 00000000 sub_work
B 00070e W32 102ce4 00000000 sub_work
B 000714 R32 102ce8 00000000 sub_work
B 00071c W32 102ce8 00000000 sub_work
B 000722 R16 10801e 0000 shared
B 000722 W16 102c96 0000 sub_work
B 00072c R32 108024 00000000 shared
B 00072c W32 102c9e 00000000 sub_work
B 000736 R32 108028 00000000 shared
B 000736 W32 102ca2 00000000 sub_work
B 000740 R16 102ba6 0000 sub_work
B 000748 R32 10802c 00000000 shared
B 000748 W32 102ca6 00000000 sub_work
B 000752 R32 108030 00000000 shared
B 000752 W32 102caa 00000000 sub_work
B 000772 R32 108034 00000000 shared
B 000772 W32 102cae 00000000 sub_work
B 00077c R32 108038 00000000 shared
B 00077c W32 102cb2 00000000 sub_work
B 000786 R16 102ba2 ffff sub_work
B 0007b2 R8 10a018 00 shared
B 0007b8 R8 1021bc 00 sub_work
B 0007d8 W16 102ce0 0000 sub_work
B 0007de W32 1007f8 000007e4 sub_work
B 004994 R8 1021bd 00 sub_work
B 0049b8 W32 1007f4 000049bc sub_work
B 004aea R8 1021bc 00 sub_work
B 004b00 R32 10080e 00000000 sub_work
B 004b1a R32 109000 0000007c shared
B 004b1a W32 1021c6 0000007c sub_work
B 004b1c R32 109004 00000100 shared
B 004b1c W32 1021ca 00000100 sub_work
B 004b1e R32 109008 0000007c shared
B 004b1e W32 1021ce 0000007c sub_work
B 004b20 R32 10900c 00000000 shared
B 004b20 W32 1021d2 00000000 sub_work
B 004b22 R32 109010 0000007c shared
B 004b22 W32 1021d6 0000007c sub_work
B 004b24 R32 109014 00000000 shared
B 004b24 W32 1021da 00000000 sub_work
B 004b26 R32 109018 0000007c shared
B 004b26 W32 1021de 0000007c sub_work
B 004b28 R32 10901c 00000000 shared
B 004b28 W32 1021e2 00000000 sub_work
B 004b2a R32 109020 0000007c shared
B 004b2a W32 1021e6 0000007c sub_work
B 004b2c R32 109024 00000000 shared
B 004b2c W32 1021ea 00000000 sub_work
B 004b2e R32 109028 0000007c shared
B 004b2e W32 1021ee 0000007c sub_work
B 004b30 R32 10902c 00000000 shared
B 004b30 W32 1021f2 00000000 sub_work
B 004b32 R32 109030 0000007c shared
B 004b32 W32 1021f6 0000007c sub_work
B 004b34 R32 109034 00000000 shared
B 004b34 W32 1021fa 00000000 sub_work
B 004b36 R32 109038 0000007e shared
B 004b36 W32 1021fe 0000007e sub_work
B 004b38 R32 10903c 00000000 shared
B 004b38 W32 102202 00000000 sub_work
B 004b3a R32 109040 ce00007e shared
B 004b3a W32 102206 ce00007e sub_work
B 004b3c R32 109044 00000000 shared
B 004b3c W32 10220a 00000000 sub_work
B 004b3e R32 1007f4 000049bc sub_work
B 0049bc W32 1007f4 000049c0 sub_work
B 004bcc R8 1021ca 00 sub_work
B 004bcc R8 1021d2 00 sub_work
B 004bcc R8 1021da 00 sub_work
B 004bcc R8 1021e2 00 sub_work
B 004bcc R8 1021ea 00 sub_work
B 004bcc R8 1021f2 00 sub_work
B 004bcc R8 1021fa 00 sub_work
B 004bcc R8 102202 00 sub_work
B 004bec R32 1007f4 000049c0 sub_work
B 0049c0 W32 1007f4 000049c4 sub_work
B 004bee R16 10227a 0000 sub_work
B 004bfe W32 1007f0 00004c02 sub_work
B 004e10 R16 102ba6 0000 sub_work
B 004e1a R16 102ba4 0000 sub_work
B 004e22 W32 1007ec 00004e26 sub_work
B 004eb6 R8 1021c8 00 sub_work
B 004eb6 R8 1021d0 00 sub_work
B 004eb6 R8 1021d8 00 sub_work
B 004eb6 R8 1021e0 00 sub_work
B 004eb6 R8 1021e8 00 sub_work
B 004eb6 R8 1021f0 00 sub_work
B 004eb6 R8 1021f8 00 sub_work
B 004eb6 R8 102200 00 sub_work
B 004eb6 R8 102208 00 sub_work
B 004eca R32 1007ec 00004e26 sub_work
B 004ea6 R32 1007f0 00004c02 sub_work
B 004c02 W32 1007f0 00004c06 sub_work
B 004d80 R16 102ba6 0000 sub_work
B 004d88 W16 108084 0000 shared
B 004d8e R16 102ba4 0000 sub_work
B 004d96 R32 1007f0 00004c06 sub_work
B 004c06 W32 1007f0 00004c0a sub_work
B 004cc4 R32 10080e 00000000 sub_work
B 004ce8 R8 1021c8 00 sub_work
B 004ce8 R8 1021d0 00 sub_work
B 004ce8 R8 1021d8 00 sub_work
B 004ce8 R8 1021e0 00 sub_work
B 004ce8 R8 1021e8 00 sub_work
B 004ce8 R8 1021f0 00 sub_work
B 004ce8 R8 1021f8 00 sub_work
B 004ce8 R8 102200 00 sub_work
B 004d06 W16 102bae 0000 sub_work
B 004d0c W16 102bb0 0000 sub_work
B 004d12 R32 1007f0 00004c0a sub_work
B 004c0a W32 1007f0 00004c0e sub_work
B 004c46 R16 102bae 0000 sub_work
B 004ca4 R32 1007f0 00004c0e sub_work
B 004c0e R16 102bae 0000 sub_work
B 004c16 R16 102ba4 0000 sub_work
B 004c1e R16 102ba6 0000 sub_work
B 004c26 R16 102c9c 0000 sub_work
B 004c2e W16 10227a 0000 sub_work
B 004c34 W16 102ba8 0000 sub_work
B 004c3a R32 1007f4 000049c4 sub_work
B 0049c4 W32 1007f4 000049c8 sub_work
B 004ed2 R16 100810 0000 sub_work
B 004ef0 R8 1021ca 00 sub_work
B 004f02 R8 1021d2 00 sub_work
B 004f02 R8 1021da 00 sub_work
B 004f02 R8 1021e2 00 sub_work
B 004f02 R8 1021ea 00 sub_work
B 004f02 R8 1021f2 00 sub_work
B 004f02 R8 1021fa 00 sub_work
B 004f12 W16 102cf2 0000 sub_work
B 004f18 W16 102cf4 0000 sub_work
B 004f1e W16 102ce2 0000 sub_work
B 004f24 R32 1007f4 000049c8 sub_work
B 0049c8 R16 10227a 0000 sub_work
B 004a38 W32 102220 ffff0000 sub_work
B 004a42 W32 102224 ffff0000 sub_work
B 004a4c W32 102228 ffff0000 sub_work
B 004a56 R32 1007f8 000007e4 sub_work
B 0007e4 W32 1007f8 000007ea sub_work
B 000ada W32 1007f4 00000ade sub_work
B 000ae4 R16 102ce0 0000 sub_work
B 000aec R8 10080b 8b sub_work
B 000b28 R16 10227a 0000 sub_work
B 000b30 R16 100816 0000 sub_work
B 000b30 W16 1027f6 0000 sub_work
B 000b3a R32 1007f4 00000ade sub_work
B 000ade W32 1007f4 00000ae2 sub_work
B 000b90 R16 100816 0000 sub_work
B 000b96 R16 1027f6 0000 sub_work
B 000ba8 R16 100816 0000 sub_work
B 000bb6 R16 1080a2 0000 shared
B 000c0c W16 102cec 0000 sub_work
B 000c12 W16 108018 0000 shared
B 000c18 R32 1007f4 00000ae2 sub_work
B 000ae2 R32 1007f8 000007ea sub_work
B 0007ea R16 102cec 0000 sub_work
B 0007ea W16 1080a4 0000 shared
B 0007f4 W32 1007f8 000007fa sub_work
B 001d8e R16 102ce0 0000 sub_work
B 001d96 R8 10080b 8b sub_work
B 001db4 W32 1007f4 00001db8 sub_work
B 001dde W32 1007f0 00001de2 sub_work
B 004b5c R8 1021c6 00 sub_work
B 004b5e R16 102218 ffff sub_work
B 004b86 W32 1007ec 00004b8a sub_work
B 004b90 W8 100f08 00 sub_work
B 004b98 R8 1021ce 00 sub_work
B 004b9e W8 100f09 00 sub_work
B 004b98 R8 1021d6 00 sub_work
B 004b9e W8 100f0a 00 sub_work
B 004b98 R8 1021de 00 sub_work
B 004b9e W8 100f0b 00 sub_work
B 004b98 R8 1021e6 00 sub_work
B 004b9e W8 100f0c 00 sub_work
B 004b98 R8 1021ee 00 sub_work
B 004b9e W8 100f0d 00 sub_work
B 004b98 R8 1021f6 00 sub_work
B 004b9e W8 100f0e 00 sub_work
B 004b98 R8 1021fe 00 sub_work
B 004b9e W8 100f0f 00 sub_work
B 004b98 R8 102206 ce sub_work
B 004baa R8 102206 ce sub_work
B 004baa W8 100f10 ce sub_work
B 004bb6 R32 1007ec 00004b8a sub_work
B 004b8a W16 102218 ffff sub_work
B 004b8c W16 10221a 0000 sub_work
B 004b8e R32 1007f0 00001de2 sub_work
B 001de2 R16 10221a 0000 sub_work
B 001dea W32 1007f0 00001dee sub_work
B 001f9e R16 102ce0 0000 sub_work
B 001fa6 R8 10080b 8b sub_work
B 001fbe W32 1007ec 00001fc2 sub_work
B 001ff4 W16 100f06 0000 sub_work
B 001ffa W16 100f04 0000 sub_work
B 002000 W16 100f02 0000 sub_work
B 00200a R32 10080e 00000000 sub_work
B 00201a R8 100f08 00 sub_work
B 00201c W32 1007e8 00002022 sub_work
B 002092 R16 100f02 0000 sub_work
B 0024fe R16 100f04 0000 sub_work
B 00250e W16 108400 0000 shared
B 002512 W16 108402 0000 shared
B 002516 W16 108404 0000 shared
B 00251a W16 108406 0000 shared
B 00251e W16 108408 0000 shared
B 002522 W16 10840a 0000 shared
B 002526 W16 10840c 0000 shared
B 00252a W16 10840e 0000 shared
B 00252e W16 108410 0000 shared
B 002532 W16 108412 0000 shared
B 002536 W16 108414 0000 shared
B 00253a W16 108416 0000 shared
B 00253e W16 108418 0000 shared
B 002542 W16 10841a 0000 shared
B 002546 W16 10841c 0000 shared
B 00254a W16 10841e 0000 shared
B 00254e W16 108420 0000 shared
B 002552 W16 108422 0000 shared
B 002556 W16 108424 0000 shared
B 00255a W16 108426 0000 shared
B 00255e W16 108428 0000 shared
B 002562 W16 10842a 0000 shared
B 002566 W16 10842c 0000 shared
B 00256a W16 10842e 0000 shared
B 00256e W16 108430 0000 shared
B 002572 W16 108432 0000 shared
B 002576 W16 108434 0000 shared
B 00257a W16 108436 0000 shared
B 00257e W16 108438 0000 shared
B 002582 W16 10843a 0000 shared
B 002586 W16 10843c 0000 shared
B 00258a W16 10843e 0000 shared
B 00258c R32 1007e8 00002022 sub_work
B 002026 R8 100f09 00 sub_work
B 002028 W32 1007e8 0000202e sub_work
B 002092 R16 100f02 0000 sub_work
B 0024fe R16 100f04 0000 sub_work
B 00250e W16 108440 0000 shared
B 002512 W16 108442 0000 shared
B 002516 W16 108444 0000 shared
B 00251a W16 108446 0000 shared
B 00251e W16 108448 0000 shared
B 002522 W16 10844a 0000 shared
B 002526 W16 10844c 0000 shared
B 00252a W16 10844e 0000 shared
B 00252e W16 108450 0000 shared
B 002532 W16 108452 0000 shared
B 002536 W16 108454 0000 shared
B 00253a W16 108456 0000 shared
B 00253e W16 108458 0000 shared
B 002542 W16 10845a 0000 shared
B 002546 W16 10845c 0000 shared
B 00254a W16 10845e 0000 shared
B 00254e W16 108460 0000 shared
B 002552 W16 108462 0000 shared
B 002556 W16 108464 0000 shared
B 00255a W16 108466 0000 shared
B 00255e W16 108468 0000 shared
B 002562 W16 10846a 0000 shared
B 002566 W16 10846c 0000 shared
B 00256a W16 10846e 0000 shared
B 00256e W16 108470 0000 shared
B 002572 W16 108472 0000 shared
B 002576 W16 108474 0000 shared
B 00257a W16 108476 0000 shared
B 00257e W16 108478 0000 shared
B 002582 W16 10847a 0000 shared
B 002586 W16 10847c 0000 shared
B 00258a W16 10847e 0000 shared
B 00258c R32 1007e8 0000202e sub_work
B 002032 R8 100f0a 00 sub_work
B 002034 W32 1007e8 0000203a sub_work
B 002092 R16 100f02 0000 sub_work
B 0024fe R16 100f04 0000 sub_work
B 00250e W16 108480 0000 shared
B 002512 W16 108482 0000 shared
B 002516 W16 108484 0000 shared
B 00251a W16 108486 0000 shared
B 00251e W16 108488 0000 shared
B 002522 W16 10848a 0000 shared
B 002526 W16 10848c 0000 shared
B 00252a W16 10848e 0000 shared
B 00252e W16 108490 0000 shared
B 002532 W16 108492 0000 shared
B 002536 W16 108494 0000 shared
B 00253a W16 108496 0000 shared
B 00253e W16 108498 0000 shared
B 002542 W16 10849a 0000 shared
B 002546 W16 10849c 0000 shared
B 00254a W16 10849e 0000 shared
B 00254e W16 1084a0 0000 shared
B 002552 W16 1084a2 0000 shared
B 002556 W16 1084a4 0000 shared
B 00255a W16 1084a6 0000 shared
B 00255e W16 1084a8 0000 shared
B 002562 W16 1084aa 0000 shared
B 002566 W16 1084ac 0000 shared
B 00256a W16 1084ae 0000 shared
B 00256e W16 1084b0 0000 shared
B 002572 W16 1084b2 0000 shared
B 002576 W16 1084b4 0000 shared
B 00257a W16 1084b6 0000 shared
B 00257e W16 1084b8 0000 shared
B 002582 W16 1084ba 0000 shared
B 002586 W16 1084bc 0000 shared
B 00258a W16 1084be 0000 shared
B 00258c R32 1007e8 0000203a sub_work
B 00203e R8 100f0b 00 sub_work
B 002040 W32 1007e8 00002046 sub_work
B 002092 R16 100f02 0000 sub_work
B 0024fe R16 100f04 0000 sub_work
B 00250e W16 1084c0 0000 shared
B 002512 W16 1084c2 0000 shared
B 002516 W16 1084c4 0000 shared
B 00251a W16 1084c6 0000 shared
B 00251e W16 1084c8 0000 shared
B 002522 W16 1084ca 0000 shared
B 002526 W16 1084cc 0000 shared
B 00252a W16 1084ce 0000 shared
B 00252e W16 1084d0 0000 shared
B 002532 W16 1084d2 0000 shared
B 002536 W16 1084d4 0000 shared
B 00253a W16 1084d6 0000 shared
B 00253e W16 1084d8 0000 shared
B 002542 W16 1084da 0000 shared
B 002546 W16 1084dc 0000 shared
B 00254a W16 1084de 0000 shared
B 00254e W16 1084e0 0000 shared
B 002552 W16 1084e2 0000 shared
B 002556 W16 1084e4 0000 shared
B 00255a W16 1084e6 0000 shared
B 00255e W16 1084e8 0000 shared
B 002562 W16 1084ea 0000 shared
B 002566 W16 1084ec 0000 shared
B 00256a W16 1084ee 0000 shared
B 00256e W16 1084f0 0000 shared
B 002572 W16 1084f2 0000 shared
B 002576 W16 1084f4 0000 shared
B 00257a W16 1084f6 0000 shared
B 00257e W16 1084f8 0000 shared
B 002582 W16 1084fa 0000 shared
B 002586 W16 1084fc 0000 shared
B 00258a W16 1084fe 0000 shared
B 00258c R32 1007e8 00002046 sub_work
B 00204a R8 100f0c 00 sub_work
B 00204c W32 1007e8 00002052 sub_work
B 002092 R16 100f02 0000 sub_work
B 0024fe R16 100f04 0000 sub_work
B 00250e W16 108500 0000 shared
B 002512 W16 108502 0000 shared
B 002516 W16 108504 0000 shared
B 00251a W16 108506 0000 shared
B 00251e W16 108508 0000 shared
B 002522 W16 10850a 0000 shared
B 002526 W16 10850c 0000 shared
B 00252a W16 10850e 0000 shared
B 00252e W16 108510 0000 shared
B 002532 W16 108512 0000 shared
B 002536 W16 108514 0000 shared
B 00253a W16 108516 0000 shared
B 00253e W16 108518 0000 shared
B 002542 W16 10851a 0000 shared
B 002546 W16 10851c 0000 shared
B 00254a W16 10851e 0000 shared
B 00254e W16 108520 0000 shared
B 002552 W16 108522 0000 shared
B 002556 W16 108524 0000 shared
B 00255a W16 108526 0000 shared
B 00255e W16 108528 0000 shared
B 002562 W16 10852a 0000 shared
B 002566 W16 10852c 0000 shared
B 00256a W16 10852e 0000 shared
B 00256e W16 108530 0000 shared
B 002572 W16 108532 0000 shared
B 002576 W16 108534 0000 shared
B 00257a W16 108536 0000 shared
B 00257e W16 108538 0000 shared
B 002582 W16 10853a 0000 shared
B 002586 W16 10853c 0000 shared
B 00258a W16 10853e 0000 shared
B 00258c R32 1007e8 00002052 sub_work
B 002056 R8 100f0d 00 sub_work
B 002058 W32 1007e8 0000205e sub_work
B 002092 R16 100f02 0000 sub_work
B 0024fe R16 100f04 0000 sub_work
B 00250e W16 108540 0000 shared
B 002512 W16 108542 0000 shared
B 002516 W16 108544 0000 shared
B 00251a W16 108546 0000 shared
B 00251e W16 108548 0000 shared
B 002522 W16 10854a 0000 shared
B 002526 W16 10854c 0000 shared
B 00252a W16 10854e 0000 shared
B 00252e W16 108550 0000 shared
B 002532 W16 108552 0000 shared
B 002536 W16 108554 0000 shared
B 00253a W16 108556 0000 shared
B 00253e W16 108558 0000 shared
B 002542 W16 10855a 0000 shared
B 002546 W16 10855c 0000 shared
B 00254a W16 10855e 0000 shared
B 00254e W16 108560 0000 shared
B 002552 W16 108562 0000 shared
B 002556 W16 108564 0000 shared
B 00255a W16 108566 0000 shared
B 00255e W16 108568 0000 shared
B 002562 W16 10856a 0000 shared
B 002566 W16 10856c 0000 shared
B 00256a W16 10856e 0000 shared
B 00256e W16 108570 0000 shared
B 002572 W16 108572 0000 shared
B 002576 W16 108574 0000 shared
B 00257a W16 108576 0000 shared
B 00257e W16 108578 0000 shared
B 002582 W16 10857a 0000 shared
B 002586 W16 10857c 0000 shared
B 00258a W16 10857e 0000 shared
B 00258c R32 1007e8 0000205e sub_work
B 00205e R32 1007ec 00001fc2 sub_work
B 001fc2 W32 1007ec 00001fc6 sub_work
B 001fe8 R32 1007ec 00001fc6 sub_work
B 001fc6 R16 102ce0 0000 sub_work
B 001fce R32 1007f0 00001dee sub_work
B 001dee W32 1007f0 00001df2 sub_work
B 001e56 R16 102ce0 0000 sub_work
B 001e5e R8 10080b 8b sub_work
B 001e76 W32 1007ec 00001e7a sub_work
B 001e9a R16 108400 0000 shared
B 001e9c W32 1007e8 00001ea2 sub_work
B 001efe R16 108402 0000 shared
B 001f8a W32 100f12 00000000 sub_work
B 001f8c W32 100f16 00000000 sub_work
B 001f8e W32 100f1a 00000000 sub_work
B 001f90 W32 100f1e 00000000 sub_work
B 001f92 W32 100f22 00000000 sub_work
B 001f94 W32 100f26 00000000 sub_work
B 001f96 W32 100f2a 00000000 sub_work
B 001f98 W32 100f2e 00000000 sub_work
B 001f9a R16 108402 0000 shared
B 001f9c R32 1007e8 00001ea2 sub_work
B 001ea2 W32 1007e8 00001ea8 sub_work
B 001efe R16 108404 0000 shared
B 001f8a W32 100f32 00000000 sub_work
B 001f8c W32 100f36 00000000 sub_work
B 001f8e W32 100f3a 00000000 sub_work
B 001f90 W32 100f3e 00000000 sub_work
B 001f92 W32 100f42 00000000 sub_work
B 001f94 W32 100f46 00000000 sub_work
B 001f96 W32 100f4a 00000000 sub_work
B 001f98 W32 100f4e 00000000 sub_work
B 001f9a R16 108404 0000 shared
B 001f9c R32 1007e8 00001ea8 sub_work
B 001ea8 W32 1007e8 00001eae sub_work
B 001efe R16 108406 0000 shared
B 001f8a W32 100f52 00000000 sub_work
B 001f8c W32 100f56 00000000 sub_work
B 001f8e W32 100f5a 00000000 sub_work
B 001f90 W32 100f5e 00000000 sub_work
B 001f92 W32 100f62 00000000 sub_work
B 001f94 W32 100f66 00000000 sub_work
B 001f96 W32 100f6a 00000000 sub_work
B 001f98 W32 100f6e 00000000 sub_work
B 001f9a R16 108406 0000 shared
B 001f9c R32 1007e8 00001eae sub_work
B 001eae W32 1007e8 00001eb4 sub_work
B 001efe R16 108408 0000 shared
B 001f8a W32 100f72 00000000 sub_work
B 001f8c W32 100f76 00000000 sub_work
B 001f8e W32 100f7a 00000000 sub_work
B 001f90 W32 100f7e 00000000 sub_work
B 001f92 W32 100f82 00000000 sub_work
B 001f94 W32 100f86 00000000 sub_work
B 001f96 W32 100f8a 00000000 sub_work
B 001f98 W32 100f8e 00000000 sub_work
B 001f9a R16 108408 0000 shared
B 001f9c R32 1007e8 00001eb4 sub_work
B 001eb4 W32 1007e8 00001eba sub_work
B 001efe R16 10840a 0000 shared
B 001f8a W32 100f92 00000000 sub_work
B 001f8c W32 100f96 00000000 sub_work
B 001f8e W32 100f9a 00000000 sub_work
B 001f90 W32 100f9e 00000000 sub_work
B 001f92 W32 100fa2 00000000 sub_work
B 001f94 W32 100fa6 00000000 sub_work
B 001f96 W32 100faa 00000000 sub_work
B 001f98 W32 100fae 00000000 sub_work
B 001f9a R16 10840a 0000 shared
B 001f9c R32 1007e8 00001eba sub_work
B 001eba W32 1007e8 00001ec0 sub_work
B 001efe R16 10840c 0000 shared
B 001f8a W32 100fb2 00000000 sub_work
B 001f8c W32 100fb6 00000000 sub_work
B 001f8e W32 100fba 00000000 sub_work
B 001f90 W32 100fbe 00000000 sub_work
B 001f92 W32 100fc2 00000000 sub_work
B 001f94 W32 100fc6 00000000 sub_work
B 001f96 W32 100fca 00000000 sub_work
B 001f98 W32 100fce 00000000 sub_work
B 001f9a R16 10840c 0000 shared
B 001f9c R32 1007e8 00001ec0 sub_work
B 001ec0 W32 1007e8 00001ec6 sub_work
B 001efe R16 10840e 0000 shared
B 001f8a W32 100fd2 00000000 sub_work
B 001f8c W32 100fd6 00000000 sub_work
B 001f8e W32 100fda 00000000 sub_work
B 001f90 W32 100fde 00000000 sub_work
B 001f92 W32 100fe2 00000000 sub_work
B 001f94 W32 100fe6 00000000 sub_work
B 001f96 W32 100fea 00000000 sub_work
B 001f98 W32 100fee 00000000 sub_work
B 001f9a R16 10840e 0000 shared
B 001f9c R32 1007e8 00001ec6 sub_work
B 001ec6 W32 1007e8 00001ecc sub_work
B 001efe R16 108410 0000 shared
B 001f8a W32 100ff2 00000000 sub_work
B 001f8c W32 100ff6 00000000 sub_work
B 001f8e W32 100ffa 00000000 sub_work
B 001f90 W32 100ffe 00000000 sub_work
B 001f92 W32 101002 00000000 sub_work
B 001f94 W32 101006 00000000 sub_work
B 001f96 W32 10100a 00000000 sub_work
B 001f98 W32 10100e 00000000 sub_work
B 001f9a R16 108410 0000 shared
B 001f9c R32 1007e8 00001ecc sub_work
B 001ecc W32 1007e8 00001ed2 sub_work
B 001efe R16 108412 0000 shared
B 001f8a W32 101012 00000000 sub_work
B 001f8c W32 101016 00000000 sub_work
B 001f8e W32 10101a 00000000 sub_work
B 001f90 W32 10101e 00000000 sub_work
B 001f92 W32 101022 00000000 sub_work
B 001f94 W32 101026 00000000 sub_work
B 001f96 W32 10102a 00000000 sub_work
B 001f98 W32 10102e 00000000 sub_work
B 001f9a R16 108412 0000 shared
B 001f9c R32 1007e8 00001ed2 sub_work
B 001ed2 W32 1007e8 00001ed8 sub_work
B 001efe R16 108414 0000 shared
B 001f8a W32 101032 00000000 sub_work
B 001f8c W32 101036 00000000 sub_work
B 001f8e W32 10103a 00000000 sub_work
B 001f90 W32 10103e 00000000 sub_work
B 001f92 W32 101042 00000000 sub_work
B 001f94 W32 101046 00000000 sub_work
B 001f96 W32 10104a 00000000 sub_work
B 001f98 W32 10104e 00000000 sub_work
B 001f9a R16 108414 0000 shared
B 001f9c R32 1007e8 00001ed8 sub_work
B 001ed8 W32 1007e8 00001ede sub_work
B 001efe R16 108416 0000 shared
B 001f8a W32 101052 00000000 sub_work
B 001f8c W32 101056 00000000 sub_work
B 001f8e W32 10105a 00000000 sub_work
B 001f90 W32 10105e 00000000 sub_work
B 001f92 W32 101062 00000000 sub_work
B 001f94 W32 101066 00000000 sub_work
B 001f96 W32 10106a 00000000 sub_work
B 001f98 W32 10106e 00000000 sub_work
B 001f9a R16 108416 0000 shared
B 001f9c R32 1007e8 00001ede sub_work
B 001ede W32 1007e8 00001ee4 sub_work
B 001efe R16 108418 0000 shared
B 001f8a W32 101072 00000000 sub_work
B 001f8c W32 101076 00000000 sub_work
B 001f8e W32 10107a 00000000 sub_work
B 001f90 W32 10107e 00000000 sub_work
B 001f92 W32 101082 00000000 sub_work
B 001f94 W32 101086 00000000 sub_work
B 001f96 W32 10108a 00000000 sub_work
B 001f98 W32 10108e 00000000 sub_work
B 001f9a R16 108418 0000 shared
B 001f9c R32 1007e8 00001ee4 sub_work
B 001ee4 W32 1007e8 00001eea sub_work
B 001efe R16 10841a 0000 shared
B 001f8a W32 101092 00000000 sub_work
B 001f8c W32 101096 00000000 sub_work
B 001f8e W32 10109a 00000000 sub_work
B 001f90 W32 10109e 00000000 sub_work
B 001f92 W32 1010a2 00000000 sub_work
B 001f94 W32 1010a6 00000000 sub_work
B 001f96 W32 1010aa 00000000 sub_work
B 001f98 W32 1010ae 00000000 sub_work
B 001f9a R16 10841a 0000 shared
B 001f9c R32 1007e8 00001eea sub_work
B 001eea W32 1007e8 00001ef0 sub_work
B 001efe R16 10841c 0000 shared
B 001f8a W32 1010b2 00000000 sub_work
B 001f8c W32 1010b6 00000000 sub_work
B 001f8e W32 1010ba 00000000 sub_work
B 001f90 W32 1010be 00000000 sub_work
B 001f92 W32 1010c2 00000000 sub_work
B 001f94 W32 1010c6 00000000 sub_work
B 001f96 W32 1010ca 00000000 sub_work
B 001f98 W32 1010ce 00000000 sub_work
B 001f9a R16 10841c 0000 shared
B 001f9c R32 1007e8 00001ef0 sub_work
B 001ef0 W32 1007e8 00001ef6 sub_work
A 0086b8 R32 10041c 00000000 work_low
A 0086ce R8 100302 00 work_low
A 0086ea R8 100303 00 work_low
A 0086fe R32 102df4 00008276 work_low
A 008276 W32 102df4 0000827a work_low
A 008700 W32 10041c 00000000 work_low
A 008706 W16 10a050 0000 shared
A 00870a R8 10a048 01 shared
A 00870a W8 10a048 01 shared
A 008714 R32 102df4 0000827a work_low
A 00827a W32 102df4 0000827e work_low
A 00871a W32 102df0 0000871e work_low
A 008876 R8 10040f 00 work_low
A 00887e R16 100300 0000 work_low
A 008882 W32 102dec 00008886 work_low
A 008bc4 R32 102dec 00008886 work_low
A 008886 W16 100410 0000 work_low
A 00888a R16 10a052 0000 shared
A 0088bc R8 100436 00 work_low
A 0088bc W8 10a04c 00 shared
A 0088c2 R32 102df0 0000871e work_low
A 00871e W32 102df0 00008722 work_low
A 0088c8 R16 10a05a 0000 shared
A 0088cc R8 109000 00 shared
A 008916 R32 102df0 00008722 work_low
A 008722 W32 102df0 00008726 work_low
A 00891c R8 100410 00 work_low
A 008924 W32 102dec 00008926 work_low
A 00892a R16 108004 ffff shared
A 008962 R8 10a048 01 shared
A 008976 R8 1001bc 00 work_low
A 008a4e R32 10043c 00000000 work_low
A 008a74 R32 102dec 00008926 work_low
A 008928 R32 102df0 00008726 work_low
A 008726 W32 102df0 0000872a work_low
A 008ab6 R32 102df0 0000872a work_low
A 00872a W32 102df0 0000872e work_low
A 008abc R32 10a05c 747086f0 shared
A 008ac8 R16 10a044 86f0 shared
A 008ace R16 10a05a 0000 shared
A 008ade R8 109000 00 shared
A 008b00 W16 10a052 0000 shared
A 008b04 R8 10018d 00 work_low
A 008b0c R8 109000 00 shared
A 008b20 W16 10a054 0000 shared
A 008b26 R16 10a054 0000 shared
A 008b26 W16 10a054 0000 shared
A 008b2a R16 10a054 0000 shared
A 008b2e R32 102df0 0000872e work_low
A 00872e W32 102df0 00008732 work_low
A 008b30 R8 109002 00 shared
A 008b4c R32 10a05c 747086f0 shared
A 008b56 R16 108090 0000 shared
A 008b60 R16 10a044 86f0 shared
A 008b84 W16 10a044 86f0 shared
A 008b88 W16 10a014 0000 shared
A 008b8c W16 10a012 0000 shared
A 008b92 R32 10a040 00000080 shared
A 008b9e W32 10a040 00000080 shared
A 008ba2 R32 102df0 00008732 work_low
A 00873c R32 102df4 0000827e work_low
A 00827e W32 102df4 00008282 work_low
A 0082b6 R16 1002ee 0000 work_low
A 0082c0 R16 10a05a 0000 shared
A 0082c4 R8 109004 00 shared
A 008316 R32 102df4 00008282 work_low
A 008282 W32 102df4 00008286 work_low
A 00873e R16 10a050 0000 shared
A 00874a W32 102df0 0000874e work_low
A 008bc6 W32 100186 00000000 work_low
A 008bf2 R32 102df0 0000874e work_low
A 00874e R16 10012e 0000 work_low
A 008762 R8 100189 00 work_low
A 008762 R8 10048b 00 work_low
A 008762 W8 10048b 00 work_low
A 008762 R8 100188 00 work_low
A 008762 R8 10048a 00 work_low
A 008762 W8 10048a 00 work_low
A 008762 R8 100187 00 work_low
A 008762 R8 100489 00 work_low
A 008762 W8 100489 00 work_low
A 008762 R8 100186 00 work_low
A 008762 R8 100488 00 work_low
A 008762 W8 100488 00 work_low
A 008768 R32 102df4 00008286 work_low
A 008286 W32 102df4 0000828a work_low
A 00876a R16 10a050 0000 shared
A 008786 W32 102df0 0000878a work_low
A 008bc6 W32 100186 00000000 work_low
A 008bf2 R32 102df0 0000878a work_low
A 00878a R32 100186 00000000 work_low
A 00878e R16 100400 0000 work_low
A 00879e W16 100186 9999 work_low
A 0087a6 R16 100400 0000 work_low
A 0087d4 R16 100400 0000 work_low
A 0087d8 R16 10048c 0000 work_low
A 0087de W16 10048c 0000 work_low
A 0087e2 R32 102df4 0000828a work_low
A 00828a W32 102df4 0000828e work_low
A 0087e4 W32 102df0 000087e8 work_low
A 008850 R8 100303 00 work_low
A 008854 R8 10040f 00 work_low
A 008862 R8 100302 00 work_low
A 008870 R16 10039a 0052 work_low
A 008874 R32 102df0 000087e8 work_low
A 0087e8 R16 10a050 0000 shared
A 008828 R16 100402 0000 work_low
A 00884a W16 100402 0000 work_low
A 00884e R32 102df4 0000828e work_low
A 00828e W32 102df4 00008292 work_low
A 00aa56 R16 10012e 0000 work_low
A 00aa5c R8 10a049 00 shared
A 00aa84 R8 100442 00 work_low
A 00aaa0 W8 100442 00 work_low
A 00aaa4 R8 100402 00 work_low
A 00aac6 W16 101708 003f work_low
A 00aaca R32 102df4 00008292 work_low
A 008292 R16 10a05a 0000 shared
A 008292 W16 100440 0000 work_low
A 008298 W32 102df4 0000829c work_low
A 007ff4 R8 10a049 00 shared
A 007ff4 W8 10a049 00 shared
A 007ffe R16 10a05a 0000 shared
A 008002 R32 10a040 00000080 shared
A 008010 R16 10a058 0000 shared
A 0080a0 R8 10a049 00 shared
A 0080a0 W8 10a049 00 shared
A 0080a6 R8 10a042 00 shared
A 0080ac R16 10a05a 0000 shared
A 0080b0 R8 109002 00 shared
A 00811c R8 10a049 00 shared
A 00811c W8 10a049 00 shared
A 008122 R32 102df4 0000829c work_low
A 00829c W32 102df4 000082a0 work_low
A 008c2a R8 10a04c 00 shared
A 008c30 R8 10040f 00 work_low
A 008c4c R16 10043c 0000 work_low
A 008c6a R8 10040f 00 work_low
A 008c72 R8 10a04e 00 shared
A 008c8c W16 10a04a 0050 shared
A 008c90 R16 10a050 0000 shared
A 008cd4 R32 102df4 000082a0 work_low
A 0082a0 R32 100488 00000000 work_low
A 0082aa W32 100408 00000000 work_low
A 0082ae R32 100300 00000000 work_low
A 0082ae W32 100304 00000000 work_low
A 0082b4 R32 102df8 00007e36 work_low
A 007e36 W32 102df8 00007e3a work_low
A 008e1e R16 100124 0003 work_low
A 008eee R32 102df8 00007e3a work_low
A 007e3a W32 102df8 00007e3e work_low
A 009bc4 R8 100218 00 work_low
A 009bca R8 100425 00 work_low
A 009bd2 W16 1001e4 0000 work_low
A 009bd6 R16 10a05a 0000 shared
A 009bde W8 1001e4 00 work_low
A 009be2 W32 102df4 00009be6 work_low
A 009af0 R16 10012c 0000 work_low
A 009af8 R8 100200 58 work_low
A 009b1c W16 10017e 0000 work_low
A 009b20 R16 10017e 0000 work_low
A 009b4a R32 102df4 00009be6 work_low
A 009be8 W32 102df4 00009bea work_low
A 009bf0 R8 108007 75 shared
A 009c00 W32 102df0 00009c02 work_low
A 009c08 R8 10a088 01 shared
A 009c18 R16 10a044 86f0 shared
A 009c1c R16 10a084 8000 shared
A 009c54 R32 102df0 00009c02 work_low
A 009c08 R8 10a108 00 shared
A 009c08 R8 10a148 00 shared
A 009c08 R8 10a188 00 shared
A 009c08 R8 10a1c8 00 shared
A 009c54 R32 102df4 00009bea work_low
A 009bea W32 102df4 00009bee work_low
A 009c5c R16 108002 078b shared
A 009c74 R8 10a408 03 shared
A 009c80 R8 1001e4 00 work_low
A 009c86 R8 10a058 00 shared
A 009c8a R8 10a418 00 shared
A 009cae R16 10a044 86f0 shared
A 009cb2 R16 10a404 8f00 shared
A 009cba R16 10a40a 036a shared
A 009cda R16 10a044 86f0 shared
A 009cde R16 10a404 8f00 shared
A 009d04 R16 100448 0000 work_low
A 009d0a W32 102df0 00009d0e work_low
A 009dc2 R32 100444 00000000 work_low
A 009dc8 R8 10a408 03 shared
A 009e28 R32 102df0 00009d0e work_low
A 009d12 R32 100420 00000000 work_low
A 009c74 R8 10a448 03 shared
A 009c80 R8 1001e4 00 work_low
A 009c86 R8 10a058 00 shared
A 009c8a R8 10a458 00 shared
A 009cae R16 10a044 86f0 shared
A 009cb2 R16 10a444 8f00 shared
A 009cba R16 10a44a 036a shared
A 009cda R16 10a044 86f0 shared
A 009cde R16 10a444 8f00 shared
A 009d04 R16 100448 0000 work_low
A 009d0a W32 102df0 00009d0e work_low
A 009dc2 R32 100444 00000000 work_low
A 009dc8 R8 10a448 03 shared
A 009e28 R32 102df0 00009d0e work_low
A 009d12 R32 100420 00000000 work_low
A 009c74 R8 10a488 03 shared
A 009c80 R8 1001e4 00 work_low
A 009c86 R8 10a058 00 shared
A 009c8a R8 10a498 00 shared
A 009cae R16 10a044 86f0 shared
A 009cb2 R16 10a484 8f00 shared
A 009cba R16 10a48a 036a shared
A 009cda R16 10a044 86f0 shared
A 009cde R16 10a484 8f00 shared
A 009d04 R16 100448 0000 work_low
A 009d0a W32 102df0 00009d0e work_low
A 009dc2 R32 100444 00000000 work_low
A 009dc8 R8 10a488 03 shared
A 009e28 R32 102df0 00009d0e work_low
A 009d12 R32 100420 00000000 work_low
A 009c74 R8 10a4c8 03 shared
A 009c80 R8 1001e4 00 work_low
A 009c86 R8 10a058 00 shared
A 009c8a R8 10a4d8 00 shared
A 009cae R16 10a044 86f0 shared
A 009cb2 R16 10a4c4 8f00 shared
A 009cba R16 10a4ca 036a shared
A 009cda R16 10a044 86f0 shared
A 009cde R16 10a4c4 8f00 shared
A 009d04 R16 100448 0000 work_low
A 009d0a W32 102df0 00009d0e work_low
A 009dc2 R32 100444 00000000 work_low
A 009dc8 R8 10a4c8 03 shared
A 009e28 R32 102df0 00009d0e work_low
A 009d12 R32 100420 00000000 work_low
A 009c74 R8 10a508 03 shared
A 009c80 R8 1001e4 00 work_low
A 009c86 R8 10a058 00 shared
A 009c8a R8 10a518 00 shared
A 009cae R16 10a044 86f0 shared
A 009cb2 R16 10a504 6c60 shared
A 009d12 R32 100420 00000000 work_low
A 009c74 R8 10a548 03 shared
A 009c80 R8 1001e4 00 work_low
A 009c86 R8 10a058 00 shared
A 009c8a R8 10a558 00 shared
A 009cae R16 10a044 86f0 shared
A 009cb2 R16 10a544 6c60 shared
A 009d12 R32 100420 00000000 work_low
A 009c74 R8 10a588 03 shared
A 009c80 R8 1001e4 00 work_low
A 009c86 R8 10a058 00 shared
A 009c8a R8 10a598 00 shared
A 009cae R16 10a044 86f0 shared
A 009cb2 R16 10a584 6c60 shared
A 009d12 R32 100420 00000000 work_low
A 009c74 R8 10a5c8 03 shared
A 009c80 R8 1001e4 00 work_low
A 009c86 R8 10a058 00 shared
A 009c8a R8 10a5d8 00 shared
A 009cae R16 10a044 86f0 shared
A 009cb2 R16 10a5c4 6c60 shared
A 009d12 R32 100420 00000000 work_low
A 009c74 R8 10a608 03 shared
A 009c80 R8 1001e4 00 work_low
A 009c86 R8 10a058 00 shared
A 009c8a R8 10a618 00 shared
A 009cae R16 10a044 86f0 shared
A 009cb2 R16 10a604 8f00 shared
A 009cba R16 10a60a 036a shared
A 009cda R16 10a044 86f0 shared
A 009cde R16 10a604 8f00 shared
A 009d04 R16 100448 0000 work_low
A 009d0a W32 102df0 00009d0e work_low
A 009dc2 R32 100444 00000000 work_low
A 009dc8 R8 10a608 03 shared
A 009e28 R32 102df0 00009d0e work_low
A 009d12 R32 100420 00000000 work_low
A 009c74 R8 10a648 03 shared
A 009c80 R8 1001e4 00 work_low
A 009c86 R8 10a058 00 shared
A 009c8a R8 10a658 00 shared
A 009cae R16 10a044 86f0 shared
A 009cb2 R16 10a644 8f00 shared
A 009cba R16 10a64a 036a shared
A 009cda R16 10a044 86f0 shared
A 009cde R16 10a644 8f00 shared
A 009d04 R16 100448 0000 work_low
A 009d0a W32 102df0 00009d0e work_low
A 009dc2 R32 100444 00000000 work_low
A 009dc8 R8 10a648 03 shared
A 009e28 R32 102df0 00009d0e work_low
A 009d12 R32 100420 00000000 work_low
A 009c74 R8 10a688 03 shared
A 009c80 R8 1001e4 00 work_low
A 009c86 R8 10a058 00 shared
A 009c8a R8 10a698 00 shared
A 009cae R16 10a044 86f0 shared
A 009cb2 R16 10a684 8f00 shared
A 009cba R16 10a68a 036a shared
A 009cda R16 10a044 86f0 shared
A 009cde R16 10a684 8f00 shared
A 009d04 R16 100448 0000 work_low
A 009d0a W32 102df0 00009d0e work_low
A 009dc2 R32 100444 00000000 work_low
A 009dc8 R8 10a688 03 shared
A 009e28 R32 102df0 00009d0e work_low
A 009d12 R32 100420 00000000 work_low
A 009c74 R8 10a6c8 03 shared
A 009c80 R8 1001e4 00 work_low
A 009c86 R8 10a058 00 shared
A 009c8a R8 10a6d8 00 shared
A 009cae R16 10a044 86f0 shared
A 009cb2 R16 10a6c4 8f00 shared
A 009cba R16 10a6ca 036a shared
A 009cda R16 10a044 86f0 shared
A 009cde R16 10a6c4 8f00 shared
A 009d04 R16 100448 0000 work_low
A 009d0a W32 102df0 00009d0e work_low
A 009dc2 R32 100444 00000000 work_low
A 009dc8 R8 10a6c8 03 shared
A 009e28 R32 102df0 00009d0e work_low
A 009d12 R32 100420 00000000 work_low
A 009c74 R8 10a708 03 shared
A 009c80 R8 1001e4 00 work_low
A 009c86 R8 10a058 00 shared
A 009c8a R8 10a718 00 shared
A 009cae R16 10a044 86f0 shared
A 009cb2 R16 10a704 6c60 shared
A 009d12 R32 100420 00000000 work_low
A 009c74 R8 10a748 03 shared
A 009c80 R8 1001e4 00 work_low
A 009c86 R8 10a058 00 shared
A 009c8a R8 10a758 00 shared
A 009cae R16 10a044 86f0 shared
A 009cb2 R16 10a744 6c60 shared
A 009d12 R32 100420 00000000 work_low
A 009c74 R8 10a788 03 shared
A 009c80 R8 1001e4 00 work_low
A 009c86 R8 10a058 00 shared
A 009c8a R8 10a798 00 shared
A 009cae R16 10a044 86f0 shared
A 009cb2 R16 10a784 6c60 shared
A 009d12 R32 100420 00000000 work_low
A 009c74 R8 10a7c8 03 shared
A 009c80 R8 1001e4 00 work_low
A 009c86 R8 10a058 00 shared
A 009c8a R8 10a7d8 00 shared
A 009cae R16 10a044 86f0 shared
A 009cb2 R16 10a7c4 6c60 shared
A 009d12 R32 100420 00000000 work_low
A 009c74 R8 10a808 03 shared
A 009c80 R8 1001e4 00 work_low
A 009c86 R8 10a058 00 shared
A 009c8a R8 10a818 00 shared
A 009cae R16 10a044 86f0 shared
A 009cb2 R16 10a804 8f00 shared
A 009cba R16 10a80a 036a shared
A 009cda R16 10a044 86f0 shared
A 009cde R16 10a804 8f00 shared
A 009d04 R16 100448 0000 work_low
A 009d0a W32 102df0 00009d0e work_low
A 009dc2 R32 100444 00000000 work_low
A 009dc8 R8 10a808 03 shared
A 009e28 R32 102df0 00009d0e work_low
A 009d12 R32 100420 00000000 work_low
A 009c74 R8 10a848 03 shared
A 009c80 R8 1001e4 00 work_low
A 009c86 R8 10a058 00 shared
A 009c8a R8 10a858 00 shared
B 001efe R16 10841e 0000 shared
B 001f8a W32 1010d2 00000000 sub_work
B 001f8c W32 1010d6 00000000 sub_work
B 001f8e W32 1010da 00000000 sub_work
B 001f90 W32 1010de 00000000 sub_work
B 001f92 W32 1010e2 00000000 sub_work
B 001f94 W32 1010e6 00000000 sub_work
B 001f96 W32 1010ea 00000000 sub_work
B 001f98 W32 1010ee 00000000 sub_work
B 001f9a R16 10841e 0000 shared
B 001f9c R32 1007e8 00001ef6 sub_work
B 001ef6 W32 1007e8 00001efc sub_work
B 001efe R16 108420 0000 shared
B 001f8a W32 1010f2 00000000 sub_work
B 001f8c W32 1010f6 00000000 sub_work
B 001f8e W32 1010fa 00000000 sub_work
B 001f90 W32 1010fe 00000000 sub_work
B 001f92 W32 101102 00000000 sub_work
B 001f94 W32 101106 00000000 sub_work
B 001f96 W32 10110a 00000000 sub_work
B 001f98 W32 10110e 00000000 sub_work
B 001f9a R16 108420 0000 shared
B 001f9c R32 1007e8 00001efc sub_work
B 001efc R32 1007ec 00001e7a sub_work
B 001e7a R16 102ce0 0000 sub_work
B 001e82 R32 1007f0 00001df2 sub_work
B 001df2 W32 1007f0 00001df6 sub_work
B 001df8 R16 102ce0 0000 sub_work
B 001e00 R8 10080b 8b sub_work
B 001e1e W32 1007ec 00001e22 sub_work
B 001e4e W32 1007e8 00001e54 sub_work
B 000d22 R16 100814 0013 sub_work
B 000d36 R16 101112 0376 sub_work
B 000d38 R16 100e32 0116 sub_work
B 000d3a R16 108516 0000 shared
B 000d4a W16 1012b2 0000 sub_work
B 000d36 R16 101114 04a0 sub_work
B 000d38 R16 100e34 00ce sub_work
B 000d3a R16 1084ce 0000 shared
B 000d4a W16 1012b4 0000 sub_work
B 000d36 R16 101116 05cb sub_work
B 000d38 R16 100e36 00a2 sub_work
B 000d3a R16 1084a2 0000 shared
B 000d4a W16 1012b6 0000 sub_work
B 000d36 R16 101118 06f6 sub_work
B 000d38 R16 100e38 0086 sub_work
B 000d3a R16 108486 0000 shared
B 000d4a W16 1012b8 0000 sub_work
B 000d36 R16 10111a 081f sub_work
B 000d38 R16 100e3a 0072 sub_work
B 000d3a R16 108472 0000 shared
B 000d4a W16 1012ba 0000 sub_work
B 000d36 R16 10111c 094b sub_work
B 000d38 R16 100e3c 0062 sub_work
B 000d3a R16 108462 0000 shared
B 000d4a W16 1012bc 0000 sub_work
B 000d36 R16 10111e 0a75 sub_work
B 000d38 R16 100e3e 0056 sub_work
B 000d3a R16 108456 0000 shared
B 000d4a W16 1012be 0000 sub_work
B 000d36 R16 101120 0b9f sub_work
B 000d38 R16 100e40 004c sub_work
B 000d3a R16 10844c 0000 shared
B 000d4a W16 1012c0 0000 sub_work
B 000d36 R16 101122 0cce sub_work
B 000d38 R16 100e42 0044 sub_work
B 000d3a R16 108444 0000 shared
B 000d4a W16 1012c2 0000 sub_work
B 000d36 R16 101124 0df4 sub_work
B 000d38 R16 100e44 003e sub_work
B 000d3a R16 10843e 0000 shared
B 000d4a W16 1012c4 0000 sub_work
B 000d36 R16 101126 0f1f sub_work
B 000d38 R16 100e46 0038 sub_work
B 000d3a R16 108438 0000 shared
B 000d4a W16 1012c6 0000 sub_work
B 000d36 R16 101128 104e sub_work
B 000d38 R16 100e48 0034 sub_work
B 000d3a R16 108434 0000 shared
B 000d4a W16 1012c8 0000 sub_work
B 000d36 R16 10112a 1174 sub_work
B 000d38 R16 100e4a 0030 sub_work
B 000d3a R16 108430 0000 shared
B 000d4a W16 1012ca 0000 sub_work
B 000d36 R16 10112c 12a5 sub_work
B 000d38 R16 100e4c 002c sub_work
B 000d3a R16 10842c 0000 shared
B 000d4a W16 1012cc 0000 sub_work
B 000d36 R16 10112e 13cf sub_work
B 000d38 R16 100e4e 002a sub_work
B 000d3a R16 10842a 0000 shared
B 000d4a W16 1012ce 0000 sub_work
B 000d36 R16 101130 14f5 sub_work
B 000d38 R16 100e50 0026 sub_work
B 000d3a R16 108426 0000 shared
B 000d4a W16 1012d0 0000 sub_work
B 000d36 R16 101132 1620 sub_work
B 000d38 R16 100e52 0024 sub_work
B 000d3a R16 108424 0000 shared
B 000d4a W16 1012d2 0000 sub_work
B 000d36 R16 101134 174c sub_work
B 000d38 R16 100e54 0022 sub_work
B 000d3a R16 108422 0000 shared
B 000d4a W16 1012d4 0000 sub_work
B 000d36 R16 101136 1888 sub_work
B 000d38 R16 100e56 0020 sub_work
B 000d3a R16 108420 0000 shared
B 000d4a W16 1012d6 0000 sub_work
B 000d66 R16 100814 0013 sub_work
B 000d76 R16 100814 0013 sub_work
B 000d82 R16 101138 19a1 sub_work
B 000d84 R16 100cb8 01ec sub_work
B 000d86 R16 1010fe 0000 sub_work
B 000d96 W16 1012d8 0000 sub_work
B 000d82 R16 10113a 1adb sub_work
B 000d84 R16 100cba 01d0 sub_work
B 000d86 R16 1010e2 0000 sub_work
B 000d96 W16 1012da 0000 sub_work
B 000d82 R16 10113c 1bfc sub_work
B 000d84 R16 100cbc 01b8 sub_work
B 000d86 R16 1010ca 0000 sub_work
B 000d96 W16 1012dc 0000 sub_work
B 000d82 R16 10113e 1d3e sub_work
B 000d84 R16 100cbe 01a0 sub_work
B 000d86 R16 1010b2 0000 sub_work
B 000d96 W16 1012de 0000 sub_work
B 000d82 R16 101140 1e58 sub_work
B 000d84 R16 100cc0 018c sub_work
B 000d86 R16 10109e 0000 sub_work
B 000d96 W16 1012e0 0000 sub_work
B 000d82 R16 101142 1f90 sub_work
B 000d84 R16 100cc2 0178 sub_work
B 000d86 R16 10108a 0000 sub_work
B 000d96 W16 1012e2 0000 sub_work
B 000d82 R16 101144 20bc sub_work
B 000d84 R16 100cc4 0166 sub_work
B 000d86 R16 101078 0000 sub_work
B 000d96 W16 1012e4 0000 sub_work
B 000d82 R16 101146 21d5 sub_work
B 000d84 R16 100cc6 0156 sub_work
B 000d86 R16 101068 0000 sub_work
B 000d96 W16 1012e6 0000 sub_work
B 000d82 R16 101148 230a sub_work
B 000d84 R16 100cc8 0146 sub_work
B 000d86 R16 101058 0000 sub_work
B 000d96 W16 1012e8 0000 sub_work
B 000d82 R16 10114a 2423 sub_work
B 000d84 R16 100cca 0138 sub_work
B 000d86 R16 10104a 0000 sub_work
B 000d96 W16 1012ea 0000 sub_work
B 000d82 R16 10114c 2556 sub_work
B 000d84 R16 100ccc 012a sub_work
B 000d86 R16 10103c 0000 sub_work
B 000d96 W16 1012ec 0000 sub_work
B 000d82 R16 10114e 26a7 sub_work
B 000d84 R16 100cce 011c sub_work
B 000d86 R16 10102e 0000 sub_work
B 000d96 W16 1012ee 0000 sub_work
B 000d82 R16 101150 27d0 sub_work
B 000d84 R16 100cd0 0110 sub_work
B 000d86 R16 101022 0000 sub_work
B 000d96 W16 1012f0 0000 sub_work
B 000d82 R16 101152 2914 sub_work
B 000d84 R16 100cd2 0104 sub_work
B 000d86 R16 101016 0000 sub_work
B 000d96 W16 1012f2 0000 sub_work
B 000d82 R16 101154 2a21 sub_work
B 000d84 R16 100cd4 00fa sub_work
B 000d86 R16 10100c 0000 sub_work
B 000d96 W16 1012f4 0000 sub_work
B 000d82 R16 101156 2b44 sub_work
B 000d84 R16 100cd6 00f0 sub_work
B 000d86 R16 101002 0000 sub_work
B 000d96 W16 1012f6 0000 sub_work
B 000d82 R16 101158 2c81 sub_work
B 000d84 R16 100cd8 00e6 sub_work
B 000d86 R16 100ff8 0000 sub_work
B 000d96 W16 1012f8 0000 sub_work
B 000d82 R16 10115a 2dda sub_work
B 000d84 R16 100cda 00dc sub_work
B 000d86 R16 100fee 0000 sub_work
B 000d96 W16 1012fa 0000 sub_work
B 000d82 R16 10115c 2ee2 sub_work
B 000d84 R16 100cdc 00d4 sub_work
B 000d86 R16 100fe6 0000 sub_work
B 000d96 W16 1012fc 0000 sub_work
B 000d82 R16 10115e 2fff sub_work
B 000d84 R16 100cde 00cc sub_work
B 000d86 R16 100fde 0000 sub_work
B 000d96 W16 1012fe 0000 sub_work
B 000d82 R16 101160 3132 sub_work
B 000d84 R16 100ce0 00c4 sub_work
B 000d86 R16 100fd6 0000 sub_work
B 000d96 W16 101300 0000 sub_work
B 000d82 R16 101162 3280 sub_work
B 000d84 R16 100ce2 00bc sub_work
B 000d86 R16 100fce 0000 sub_work
B 000d96 W16 101302 0000 sub_work
B 000d82 R16 101164 33ec sub_work
B 000d84 R16 100ce4 00b4 sub_work
B 000d86 R16 100fc6 0000 sub_work
B 000d96 W16 101304 0000 sub_work
B 000d82 R16 101166 34dc sub_work
B 000d84 R16 100ce6 00ae sub_work
B 000d86 R16 100fc0 0000 sub_work
B 000d96 W16 101306 0000 sub_work
B 000d82 R16 101168 35dd sub_work
B 000d84 R16 100ce8 00a8 sub_work
B 000d86 R16 100fba 0000 sub_work
B 000d96 W16 101308 0000 sub_work
B 000d82 R16 10116a 36f1 sub_work
B 000d84 R16 100cea 00a2 sub_work
B 000d86 R16 100fb4 0000 sub_work
B 000d96 W16 10130a 0000 sub_work
B 000d82 R16 10116c 381b sub_work
B 000d84 R16 100cec 009c sub_work
B 000d86 R16 100fae 0000 sub_work
B 000d96 W16 10130c 0000 sub_work
B 000d82 R16 10116e 395c sub_work
B 000d84 R16 100cee 0096 sub_work
B 000d86 R16 100fa8 0000 sub_work
B 000d96 W16 10130e 0000 sub_work
B 000d82 R16 101170 3ab8 sub_work
B 000d84 R16 100cf0 0090 sub_work
B 000d86 R16 100fa2 0000 sub_work
B 000d96 W16 101310 0000 sub_work
B 000d82 R16 101172 3c33 sub_work
B 000d84 R16 100cf2 008a sub_work
B 000d86 R16 100f9c 0000 sub_work
B 000d96 W16 101312 0000 sub_work
B 000d82 R16 101174 3dd0 sub_work
B 000d84 R16 100cf4 0084 sub_work
B 000d86 R16 100f96 0000 sub_work
B 000d96 W16 101314 0000 sub_work
B 000d82 R16 101176 3f94 sub_work
B 000d84 R16 100cf6 007e sub_work
B 000d86 R16 100f90 0000 sub_work
B 000d96 W16 101316 0000 sub_work
B 000d82 R16 101178 4072 sub_work
B 000d84 R16 100cf8 007a sub_work
B 000d86 R16 100f8c 0000 sub_work
B 000d96 W16 101318 0000 sub_work
B 000d82 R16 10117a 4160 sub_work
B 000d84 R16 100cfa 0076 sub_work
B 000d86 R16 100f88 0000 sub_work
B 000d96 W16 10131a 0000 sub_work
B 000d82 R16 10117c 425e sub_work
B 000d84 R16 100cfc 0072 sub_work
B 000d86 R16 100f84 0000 sub_work
B 000d96 W16 10131c 0000 sub_work
B 000d82 R16 10117e 436e sub_work
B 000d84 R16 100cfe 006e sub_work
B 000d86 R16 100f80 0000 sub_work
B 000d96 W16 10131e 0000 sub_work
B 000d82 R16 101180 4493 sub_work
B 000d84 R16 100d00 006a sub_work
B 000d86 R16 100f7c 0000 sub_work
B 000d96 W16 101320 0000 sub_work
B 000d82 R16 101182 45d0 sub_work
B 000d84 R16 100d02 0066 sub_work
B 000d86 R16 100f78 0000 sub_work
B 000d96 W16 101322 0000 sub_work
B 000d82 R16 101184 4725 sub_work
B 000d84 R16 100d04 0062 sub_work
B 000d86 R16 100f74 0000 sub_work
B 000d96 W16 101324 0000 sub_work
B 000d82 R16 101186 4898 sub_work
B 000d84 R16 100d06 005e sub_work
B 000d86 R16 100f70 0000 sub_work
B 000d96 W16 101326 0000 sub_work
B 000d82 R16 101188 4a2d sub_work
B 000d84 R16 100d08 005a sub_work
B 000d86 R16 100f6c 0000 sub_work
B 000d96 W16 101328 0000 sub_work
B 000d82 R16 10118a 4be6 sub_work
B 000d84 R16 100d0a 0056 sub_work
B 000d86 R16 100f68 0000 sub_work
B 000d96 W16 10132a 0000 sub_work
B 000d82 R16 10118c 4dcb sub_work
B 000d84 R16 100d0c 0052 sub_work
B 000d86 R16 100f64 0000 sub_work
B 000d96 W16 10132c 0000 sub_work
B 000d82 R16 10118e 4fe1 sub_work
B 000d84 R16 100d0e 004e sub_work
B 000d86 R16 100f60 0000 sub_work
B 000d96 W16 10132e 0000 sub_work
B 000d82 R16 101190 5231 sub_work
B 000d84 R16 100d10 004a sub_work
B 000d86 R16 100f5c 0000 sub_work
B 000d96 W16 101330 0000 sub_work
B 000d82 R16 101192 54c5 sub_work
B 000d84 R16 100d12 0046 sub_work
B 000d86 R16 100f58 0000 sub_work
B 000d96 W16 101332 0000 sub_work
B 000d82 R16 101194 57a9 sub_work
B 000d84 R16 100d14 0042 sub_work
B 000d86 R16 100f54 0000 sub_work
B 000d96 W16 101334 0000 sub_work
B 000d82 R16 101196 5815 sub_work
B 000d84 R16 100d16 0040 sub_work
B 000d86 R16 100f52 0000 sub_work
B 000d96 W16 101336 0000 sub_work
B 000d82 R16 101198 5888 sub_work
B 000d84 R16 100d18 003e sub_work
B 000d86 R16 100f50 0000 sub_work
B 000d96 W16 101338 0000 sub_work
B 000d82 R16 10119a 5902 sub_work
B 000d84 R16 100d1a 003c sub_work
B 000d86 R16 100f4e 0000 sub_work
B 000d96 W16 10133a 0000 sub_work
B 000d82 R16 10119c 5985 sub_work
B 000d84 R16 100d1c 003a sub_work
B 000d86 R16 100f4c 0000 sub_work
B 000d96 W16 10133c 0000 sub_work
B 000d82 R16 10119e 5a12 sub_work
B 000d84 R16 100d1e 0038 sub_work
B 000d86 R16 100f4a 0000 sub_work
B 000d96 W16 10133e 0000 sub_work
B 000d82 R16 1011a0 5aa8 sub_work
B 000d84 R16 100d20 0036 sub_work
B 000d86 R16 100f48 0000 sub_work
B 000d96 W16 101340 0000 sub_work
B 000d82 R16 1011a2 5b4b sub_work
B 000d84 R16 100d22 0034 sub_work
B 000d86 R16 100f46 0000 sub_work
B 000d96 W16 101342 0000 sub_work
B 000d82 R16 1011a4 5bfa sub_work
B 000d84 R16 100d24 0032 sub_work
B 000d86 R16 100f44 0000 sub_work
B 000d96 W16 101344 0000 sub_work
B 000d82 R16 1011a6 5cb8 sub_work
B 000d84 R16 100d26 0030 sub_work
B 000d86 R16 100f42 0000 sub_work
B 000d96 W16 101346 0000 sub_work
B 000d82 R16 1011a8 5d86 sub_work
B 000d84 R16 100d28 002e sub_work
B 000d86 R16 100f40 0000 sub_work
B 000d96 W16 101348 0000 sub_work
B 000d82 R16 1011aa 5e67 sub_work
B 000d84 R16 100d2a 002c sub_work
B 000d86 R16 100f3e 0000 sub_work
B 000d96 W16 10134a 0000 sub_work
B 000d82 R16 1011ac 5f5e sub_work
B 000d84 R16 100d2c 002a sub_work
B 000d86 R16 100f3c 0000 sub_work
B 000d96 W16 10134c 0000 sub_work
B 000d82 R16 1011ae 606d sub_work
B 000d84 R16 100d2e 0028 sub_work
B 000d86 R16 100f3a 0000 sub_work
B 000d96 W16 10134e 0000 sub_work
B 000d82 R16 1011b0 6199 sub_work
B 000d84 R16 100d30 0026 sub_work
B 000d86 R16 100f38 0000 sub_work
B 000d96 W16 101350 0000 sub_work
B 000d82 R16 1011b2 62e6 sub_work
B 000d84 R16 100d32 0024 sub_work
B 000d86 R16 100f36 0000 sub_work
B 000d96 W16 101352 0000 sub_work
B 000d82 R16 1011b4 645b sub_work
B 000d84 R16 100d34 0022 sub_work
B 000d86 R16 100f34 0000 sub_work
B 000d96 W16 101354 0000 sub_work
B 000d82 R16 1011b6 65fd sub_work
B 000d84 R16 100d36 0020 sub_work
B 000d86 R16 100f32 0000 sub_work
B 000d96 W16 101356 0000 sub_work
B 000d82 R16 1011b8 67d8 sub_work
B 000d84 R16 100d38 001e sub_work
B 000d86 R16 100f30 0000 sub_work
B 000d96 W16 101358 0000 sub_work
B 000d82 R16 1011ba 69f7 sub_work
B 000d84 R16 100d3a 001c sub_work
B 000d86 R16 100f2e 0000 sub_work
B 000d96 W16 10135a 0000 sub_work
B 000d82 R16 1011bc 6c69 sub_work
B 000d84 R16 100d3c 001a sub_work
B 000d86 R16 100f2c 0000 sub_work
B 000d96 W16 10135c 0000 sub_work
B 000d82 R16 1011be 6f43 sub_work
B 000d84 R16 100d3e 0018 sub_work
B 000d86 R16 100f2a 0000 sub_work
B 000d96 W16 10135e 0000 sub_work
B 000d82 R16 1011c0 72a2 sub_work
B 000d84 R16 100d40 0016 sub_work
B 000d86 R16 100f28 0000 sub_work
B 000d96 W16 101360 0000 sub_work
B 000d82 R16 1011c2 76ae sub_work
B 000d84 R16 100d42 0014 sub_work
B 000d86 R16 100f26 0000 sub_work
B 000d96 W16 101362 0000 sub_work
B 000d82 R16 1011c4 7ba0 sub_work
B 000d84 R16 100d44 0012 sub_work
B 000d86 R16 100f24 0000 sub_work
B 000d96 W16 101364 0000 sub_work
B 000d82 R16 1011c6 7fff sub_work
B 000d84 R16 100d46 0010 sub_work
B 000d86 R16 100f22 0000 sub_work
B 000d96 W16 101366 0000 sub_work
B 000d82 R16 1011c8 7fff sub_work
B 000d84 R16 100d48 000e sub_work
B 000d86 R16 100f20 0000 sub_work
B 000d96 W16 101368 0000 sub_work
B 000d82 R16 1011ca 7fff sub_work
B 000d84 R16 100d4a 000c sub_work
B 000d86 R16 100f1e 0000 sub_work
B 000d96 W16 10136a 0000 sub_work
B 000d82 R16 1011cc 7fff sub_work
B 000d84 R16 100d4c 000a sub_work
B 000d86 R16 100f1c 0000 sub_work
B 000d96 W16 10136c 0000 sub_work
B 000d82 R16 1011ce 7fff sub_work
B 000d84 R16 100d4e 0008 sub_work
B 000d86 R16 100f1a 0000 sub_work
B 000d96 W16 10136e 0000 sub_work
B 000d82 R16 1011d0 7fff sub_work
B 000d84 R16 100d50 0006 sub_work
B 000d86 R16 100f18 0000 sub_work
B 000d96 W16 101370 0000 sub_work
B 000d82 R16 1011d2 7fff sub_work
B 000d84 R16 100d52 0004 sub_work
B 000d86 R16 100f16 0000 sub_work
B 000d96 W16 101372 0000 sub_work
B 000d82 R16 1011d4 7fff sub_work
B 000d84 R16 100d54 0002 sub_work
B 000d86 R16 100f14 0000 sub_work
B 000d96 W16 101374 0000 sub_work
B 000d82 R16 1011d6 7fff sub_work
B 000d84 R16 100d56 0000 sub_work
B 000d86 R16 100f12 0000 sub_work
B 000d96 W16 101376 0000 sub_work
B 000d82 R16 1011d8 7fff sub_work
B 000d84 R16 100d58 0000 sub_work
B 000d86 R16 100f12 0000 sub_work
B 000d96 W16 101378 0000 sub_work
B 000d82 R16 1011da 7fff sub_work
B 000d84 R16 100d5a 0000 sub_work
B 000d86 R16 100f12 0000 sub_work
B 000d96 W16 10137a 0000 sub_work
B 000d82 R16 1011dc 7fff sub_work
B 000d84 R16 100d5c 0000 sub_work
B 000d86 R16 100f12 0000 sub_work
B 000d96 W16 10137c 0000 sub_work
B 000d82 R16 1011de 7fff sub_work
B 000d84 R16 100d5e 0000 sub_work
B 000d86 R16 100f12 0000 sub_work
B 000d96 W16 10137e 0000 sub_work
B 000d82 R16 1011e0 7fff sub_work
B 000d84 R16 100d60 0000 sub_work
B 000d86 R16 100f12 0000 sub_work
B 000d96 W16 101380 0000 sub_work
B 000dae W16 101380 0000 sub_work
B 000db2 R32 1007e8 00001e54 sub_work
B 001e54 R32 1007ec 00001e22 sub_work
B 001e22 R16 102ce0 0000 sub_work
B 001e2a R32 1007f0 00001df6 sub_work
B 001df6 R32 1007f4 00001db8 sub_work
B 001db8 R16 102ce0 0000 sub_work
B 001dc0 R32 1007f8 000007fa sub_work
B 0007fa W32 1007f8 00000800 sub_work
B 0025aa W32 1007f4 000025ae sub_work
B 0025fa R16 100812 86f0 sub_work
B 002606 R16 101382 0000 sub_work
B 002bd8 W32 1007f0 00002bdc sub_work
B 00339c R32 1007f0 00002bdc sub_work
B 002be2 R16 1012b2 0000 sub_work
B 002be8 W16 1011e2 034c sub_work
B 002bf2 R16 1012b4 0000 sub_work
B 002bf8 W16 1011e4 034e sub_work
B 002c02 R16 1012b6 0000 sub_work
B 002c08 W16 1011e6 0350 sub_work
B 002c12 R16 1012b8 0000 sub_work
B 002c18 W16 1011e8 0352 sub_work
B 002c22 R16 1012ba 0000 sub_work
B 002c28 W16 1011ea 0354 sub_work
B 002c32 R16 1012bc 0000 sub_work
B 002c38 W16 1011ec 0356 sub_work
B 002c42 R16 1012be 0000 sub_work
B 002c48 W16 1011ee 0358 sub_work
B 002c52 R16 1012c0 0000 sub_work
B 002c58 W16 1011f0 035a sub_work
B 002c62 R16 1012c2 0000 sub_work
B 002c68 W16 1011f2 035c sub_work
B 002c72 R16 1012c4 0000 sub_work
B 002c78 W16 1011f4 035e sub_work
B 002c82 R16 1012c6 0000 sub_work
B 002c88 W16 1011f6 0360 sub_work
B 002c92 R16 1012c8 0000 sub_work
B 002c98 W16 1011f8 0362 sub_work
B 002ca2 R16 1012ca 0000 sub_work
B 002ca8 W16 1011fa 0364 sub_work
B 002cb2 R16 1012cc 0000 sub_work
B 002cb8 W16 1011fc 0366 sub_work
B 002cc2 R16 1012ce 0000 sub_work
B 002cc8 W16 1011fe 0368 sub_work
B 002cd2 R16 1012d0 0000 sub_work
B 002cd8 W16 101200 036a sub_work
B 002ce2 R16 1012d2 0000 sub_work
B 002ce8 W16 101202 036b sub_work
B 002cf2 R16 1012d4 0000 sub_work
B 002cf8 W16 101204 036d sub_work
B 002d02 R16 1012d6 0000 sub_work
B 002d08 W16 101206 036f sub_work
B 002d12 R16 1012d8 0000 sub_work
B 002d18 W16 101208 0371 sub_work
B 002d22 R16 1012da 0000 sub_work
B 002d28 W16 10120a 0373 sub_work
B 002d32 R16 1012dc 0000 sub_work
B 002d38 W16 10120c 0375 sub_work
B 002d42 R16 1012de 0000 sub_work
B 002d48 W16 10120e 0377 sub_work
B 002d52 R16 1012e0 0000 sub_work
B 002d58 W16 101210 0379 sub_work
B 002d62 R16 1012e2 0000 sub_work
B 002d68 W16 101212 037b sub_work
B 002d72 R16 1012e4 0000 sub_work
B 002d78 W16 101214 037d sub_work
B 002d82 R16 1012e6 0000 sub_work
B 002d88 W16 101216 037f sub_work
B 002d92 R16 1012e8 0000 sub_work
B 002d98 W16 101218 0381 sub_work
B 002da2 R16 1012ea 0000 sub_work
B 002da8 W16 10121a 0383 sub_work
B 002db2 R16 1012ec 0000 sub_work
B 002db8 W16 10121c 0385 sub_work
B 002dc2 R16 1012ee 0000 sub_work
B 002dc8 W16 10121e 0387 sub_work
B 002dd2 R16 1012f0 0000 sub_work
B 002dd8 W16 101220 0389 sub_work
B 002de2 R16 1012f2 0000 sub_work
B 002de8 W16 101222 038b sub_work
B 002df2 R16 1012f4 0000 sub_work
B 002df8 W16 101224 038d sub_work
B 002e02 R16 1012f6 0000 sub_work
B 002e08 W16 101226 038e sub_work
B 002e12 R16 1012f8 0000 sub_work
B 002e18 W16 101228 0390 sub_work
B 002e22 R16 1012fa 0000 sub_work
B 002e28 W16 10122a 0392 sub_work
B 002e32 R16 1012fc 0000 sub_work
B 002e38 W16 10122c 0394 sub_work
B 002e42 R16 1012fe 0000 sub_work
B 002e48 W16 10122e 0396 sub_work
B 002e52 R16 101300 0000 sub_work
B 002e58 W16 101230 0398 sub_work
B 002e62 R16 101302 0000 sub_work
B 002e68 W16 101232 039a sub_work
B 002e72 R16 101304 0000 sub_work
B 002e78 W16 101234 039c sub_work
B 002e82 R16 101306 0000 sub_work
B 002e88 W16 101236 039e sub_work
B 002e92 R16 101308 0000 sub_work
B 002e98 W16 101238 03a0 sub_work
B 002ea2 R16 10130a 0000 sub_work
B 002ea8 W16 10123a 03a2 sub_work
B 002eb2 R16 10130c 0000 sub_work
B 002eb8 W16 10123c 03a4 sub_work
B 002ec2 R16 10130e 0000 sub_work
B 002ec8 W16 10123e 03a6 sub_work
B 002ed2 R16 101310 0000 sub_work
B 002ed8 W16 101240 03a8 sub_work
B 002ee2 R16 101312 0000 sub_work
B 002ee8 W16 101242 03aa sub_work
B 002ef2 R16 101314 0000 sub_work
B 002ef8 W16 101244 03ac sub_work
B 002f02 R16 101316 0000 sub_work
B 002f08 W16 101246 03ae sub_work
B 002f12 R16 101318 0000 sub_work
B 002f18 W16 101248 03af sub_work
B 002f22 R16 10131a 0000 sub_work
B 002f28 W16 10124a 03b1 sub_work
B 002f32 R16 10131c 0000 sub_work
B 002f38 W16 10124c 03b3 sub_work
B 002f42 R16 10131e 0000 sub_work
B 002f48 W16 10124e 03b5 sub_work
B 002f52 R16 101320 0000 sub_work
B 002f58 W16 101250 03b7 sub_work
B 002f62 R16 101322 0000 sub_work
B 002f68 W16 101252 03b9 sub_work
B 002f72 R16 101324 0000 sub_work
B 002f78 W16 101254 03bb sub_work
B 002f82 R16 101326 0000 sub_work
B 002f88 W16 101256 03bd sub_work
B 002f92 R16 101328 0000 sub_work
B 002f98 W16 101258 03bf sub_work
B 002fa2 R16 10132a 0000 sub_work
B 002fa8 W16 10125a 03c1 sub_work
B 002fb2 R16 10132c 0000 sub_work
B 002fb8 W16 10125c 03c3 sub_work
B 002fc2 R16 10132e 0000 sub_work
B 002fc8 W16 10125e 03c5 sub_work
B 002fd2 R16 101330 0000 sub_work
B 002fd8 W16 101260 03c7 sub_work
B 002fe2 R16 101332 0000 sub_work
B 002fe8 W16 101262 03c9 sub_work
B 002ff2 R16 101334 0000 sub_work
B 002ff8 W16 101264 03cb sub_work
B 003002 R16 101336 0000 sub_work
B 003008 W16 101266 03cd sub_work
B 003012 R16 101338 0000 sub_work
B 003018 W16 101268 03cf sub_work
B 003022 R16 10133a 0000 sub_work
B 003028 W16 10126a 03d1 sub_work
B 003032 R16 10133c 0000 sub_work
B 003038 W16 10126c 03d2 sub_work
B 003042 R16 10133e 0000 sub_work
B 003048 W16 10126e 03d4 sub_work
B 003052 R16 101340 0000 sub_work
B 003058 W16 101270 03d6 sub_work
B 003062 R16 101342 0000 sub_work
B 003068 W16 101272 03d8 sub_work
B 003072 R16 101344 0000 sub_work
B 003078 W16 101274 03da sub_work
B 003082 R16 101346 0000 sub_work
B 003088 W16 101276 03dc sub_work
B 003092 R16 101348 0000 sub_work
B 003098 W16 101278 03de sub_work
B 0030a2 R16 10134a 0000 sub_work
B 0030a8 W16 10127a 03e0 sub_work
B 0030b2 R16 10134c 0000 sub_work
B 0030b8 W16 10127c 03e2 sub_work
B 0030c2 R16 10134e 0000 sub_work
B 0030c8 W16 10127e 03e4 sub_work
B 0030d2 R16 101350 0000 sub_work
B 0030d8 W16 101280 03e6 sub_work
B 0030e2 R16 101352 0000 sub_work
B 0030e8 W16 101282 03e8 sub_work
B 0030f2 R16 101354 0000 sub_work
B 0030f8 W16 101284 03ea sub_work
B 003102 R16 101356 0000 sub_work
B 003108 W16 101286 03ec sub_work
B 003112 R16 101358 0000 sub_work
B 003118 W16 101288 03ee sub_work
B 003122 R16 10135a 0000 sub_work
B 003128 W16 10128a 03f0 sub_work
B 003132 R16 10135c 0000 sub_work
B 003138 W16 10128c 03f2 sub_work
B 003142 R16 10135e 0000 sub_work
B 003148 W16 10128e 03f4 sub_work
B 003152 R16 101360 0000 sub_work
B 003158 W16 101290 03f5 sub_work
B 003162 R16 101362 0000 sub_work
A 009cae R16 10a044 86f0 shared
A 009cb2 R16 10a844 8f00 shared
A 009cba R16 10a84a 036a shared
A 009cda R16 10a044 86f0 shared
A 009cde R16 10a844 8f00 shared
A 009d04 R16 100448 0000 work_low
A 009d0a W32 102df0 00009d0e work_low
A 009dc2 R32 100444 00000000 work_low
A 009dc8 R8 10a848 03 shared
A 009e28 R32 102df0 00009d0e work_low
A 009d12 R32 100420 00000000 work_low
A 009c74 R8 10a888 03 shared
A 009c80 R8 1001e4 00 work_low
A 009c86 R8 10a058 00 shared
A 009c8a R8 10a898 00 shared
A 009cae R16 10a044 86f0 shared
A 009cb2 R16 10a884 8f00 shared
A 009cba R16 10a88a 036a shared
A 009cda R16 10a044 86f0 shared
A 009cde R16 10a884 8f00 shared
A 009d04 R16 100448 0000 work_low
A 009d0a W32 102df0 00009d0e work_low
A 009dc2 R32 100444 00000000 work_low
A 009dc8 R8 10a888 03 shared
A 009e28 R32 102df0 00009d0e work_low
A 009d12 R32 100420 00000000 work_low
A 009c74 R8 10a8c8 03 shared
A 009c80 R8 1001e4 00 work_low
A 009c86 R8 10a058 00 shared
A 009c8a R8 10a8d8 00 shared
A 009cae R16 10a044 86f0 shared
A 009cb2 R16 10a8c4 8f00 shared
A 009cba R16 10a8ca 036a shared
A 009cda R16 10a044 86f0 shared
A 009cde R16 10a8c4 8f00 shared
A 009d04 R16 100448 0000 work_low
A 009d0a W32 102df0 00009d0e work_low
A 009dc2 R32 100444 00000000 work_low
A 009dc8 R8 10a8c8 03 shared
A 009e28 R32 102df0 00009d0e work_low
A 009d12 R32 100420 00000000 work_low
A 009c74 R8 10a908 03 shared
A 009c80 R8 1001e4 00 work_low
A 009c86 R8 10a058 00 shared
A 009c8a R8 10a918 00 shared
A 009cae R16 10a044 86f0 shared
A 009cb2 R16 10a904 6c60 shared
A 009d12 R32 100420 00000000 work_low
A 009c74 R8 10a948 03 shared
A 009c80 R8 1001e4 00 work_low
A 009c86 R8 10a058 00 shared
A 009c8a R8 10a958 00 shared
A 009cae R16 10a044 86f0 shared
A 009cb2 R16 10a944 6c60 shared
A 009d12 R32 100420 00000000 work_low
A 009c74 R8 10a988 03 shared
A 009c80 R8 1001e4 00 work_low
A 009c86 R8 10a058 00 shared
A 009c8a R8 10a998 00 shared
A 009cae R16 10a044 86f0 shared
A 009cb2 R16 10a984 6c60 shared
A 009d12 R32 100420 00000000 work_low
A 009c74 R8 10a9c8 03 shared
A 009c80 R8 1001e4 00 work_low
A 009c86 R8 10a058 00 shared
A 009c8a R8 10a9d8 00 shared
A 009cae R16 10a044 86f0 shared
A 009cb2 R16 10a9c4 6c60 shared
A 009d12 R32 100420 00000000 work_low
A 009c74 R8 10aa08 03 shared
A 009c80 R8 1001e4 00 work_low
A 009c86 R8 10a058 00 shared
A 009c8a R8 10aa18 00 shared
A 009cae R16 10a044 86f0 shared
A 009cb2 R16 10aa04 8f00 shared
A 009cba R16 10aa0a 036a shared
A 009cda R16 10a044 86f0 shared
A 009cde R16 10aa04 8f00 shared
A 009d04 R16 100448 0000 work_low
A 009d0a W32 102df0 00009d0e work_low
A 009dc2 R32 100444 00000000 work_low
A 009dc8 R8 10aa08 03 shared
A 009e28 R32 102df0 00009d0e work_low
A 009d12 R32 100420 00000000 work_low
A 009c74 R8 10aa48 03 shared
A 009c80 R8 1001e4 00 work_low
A 009c86 R8 10a058 00 shared
A 009c8a R8 10aa58 00 shared
A 009cae R16 10a044 86f0 shared
A 009cb2 R16 10aa44 8f00 shared
A 009cba R16 10aa4a 036a shared
A 009cda R16 10a044 86f0 shared
A 009cde R16 10aa44 8f00 shared
A 009d04 R16 100448 0000 work_low
A 009d0a W32 102df0 00009d0e work_low
A 009dc2 R32 100444 00000000 work_low
A 009dc8 R8 10aa48 03 shared
A 009e28 R32 102df0 00009d0e work_low
A 009d12 R32 100420 00000000 work_low
A 009c74 R8 10aa88 03 shared
A 009c80 R8 1001e4 00 work_low
A 009c86 R8 10a058 00 shared
A 009c8a R8 10aa98 00 shared
A 009cae R16 10a044 86f0 shared
A 009cb2 R16 10aa84 8f00 shared
A 009cba R16 10aa8a 036a shared
A 009cda R16 10a044 86f0 shared
A 009cde R16 10aa84 8f00 shared
A 009d04 R16 100448 0000 work_low
A 009d0a W32 102df0 00009d0e work_low
A 009dc2 R32 100444 00000000 work_low
A 009dc8 R8 10aa88 03 shared
A 009e28 R32 102df0 00009d0e work_low
A 009d12 R32 100420 00000000 work_low
A 009c74 R8 10aac8 03 shared
A 009c80 R8 1001e4 00 work_low
A 009c86 R8 10a058 00 shared
A 009c8a R8 10aad8 00 shared
A 009cae R16 10a044 86f0 shared
A 009cb2 R16 10aac4 8f00 shared
A 009cba R16 10aaca 036a shared
A 009cda R16 10a044 86f0 shared
A 009cde R16 10aac4 8f00 shared
A 009d04 R16 100448 0000 work_low
A 009d0a W32 102df0 00009d0e work_low
A 009dc2 R32 100444 00000000 work_low
A 009dc8 R8 10aac8 03 shared
A 009e28 R32 102df0 00009d0e work_low
A 009d12 R32 100420 00000000 work_low
A 009c74 R8 10ab08 03 shared
A 009c80 R8 1001e4 00 work_low
A 009c86 R8 10a058 00 shared
A 009c8a R8 10ab18 00 shared
A 009cae R16 10a044 86f0 shared
A 009cb2 R16 10ab04 6c60 shared
A 009d12 R32 100420 00000000 work_low
A 009c74 R8 10ab48 03 shared
A 009c80 R8 1001e4 00 work_low
A 009c86 R8 10a058 00 shared
A 009c8a R8 10ab58 00 shared
A 009cae R16 10a044 86f0 shared
A 009cb2 R16 10ab44 6c60 shared
A 009d12 R32 100420 00000000 work_low
A 009c74 R8 10ab88 03 shared
A 009c80 R8 1001e4 00 work_low
A 009c86 R8 10a058 00 shared
A 009c8a R8 10ab98 00 shared
A 009cae R16 10a044 86f0 shared
A 009cb2 R16 10ab84 6c60 shared
A 009d12 R32 100420 00000000 work_low
A 009c74 R8 10abc8 03 shared
A 009c80 R8 1001e4 00 work_low
A 009c86 R8 10a058 00 shared
A 009c8a R8 10abd8 00 shared
A 009cae R16 10a044 86f0 shared
A 009cb2 R16 10abc4 6c60 shared
A 009d12 R32 100420 00000000 work_low
A 009c74 R8 10ac08 03 shared
A 009c80 R8 1001e4 00 work_low
A 009c86 R8 10a058 00 shared
A 009c8a R8 10ac18 00 shared
A 009cae R16 10a044 86f0 shared
A 009cb2 R16 10ac04 8f00 shared
A 009cba R16 10ac0a 036a shared
A 009cda R16 10a044 86f0 shared
A 009cde R16 10ac04 8f00 shared
A 009d04 R16 100448 0000 work_low
A 009d0a W32 102df0 00009d0e work_low
A 009dc2 R32 100444 00000000 work_low
A 009dc8 R8 10ac08 03 shared
A 009e28 R32 102df0 00009d0e work_low
A 009d12 R32 100420 00000000 work_low
A 009c74 R8 10ac48 03 shared
A 009c80 R8 1001e4 00 work_low
A 009c86 R8 10a058 00 shared
A 009c8a R8 10ac58 00 shared
A 009cae R16 10a044 86f0 shared
A 009cb2 R16 10ac44 8f00 shared
A 009cba R16 10ac4a 036a shared
A 009cda R16 10a044 86f0 shared
A 009cde R16 10ac44 8f00 shared
A 009d04 R16 100448 0000 work_low
A 009d0a W32 102df0 00009d0e work_low
A 009dc2 R32 100444 00000000 work_low
A 009dc8 R8 10ac48 03 shared
A 009e28 R32 102df0 00009d0e work_low
A 009d12 R32 100420 00000000 work_low
A 009c74 R8 10ac88 03 shared
A 009c80 R8 1001e4 00 work_low
A 009c86 R8 10a058 00 shared
A 009c8a R8 10ac98 00 shared
A 009cae R16 10a044 86f0 shared
A 009cb2 R16 10ac84 8f00 shared
A 009cba R16 10ac8a 036a shared
A 009cda R16 10a044 86f0 shared
A 009cde R16 10ac84 8f00 shared
A 009d04 R16 100448 0000 work_low
A 009d0a W32 102df0 00009d0e work_low
A 009dc2 R32 100444 00000000 work_low
A 009dc8 R8 10ac88 03 shared
A 009e28 R32 102df0 00009d0e work_low
A 009d12 R32 100420 00000000 work_low
A 009c74 R8 10acc8 03 shared
A 009c80 R8 1001e4 00 work_low
A 009c86 R8 10a058 00 shared
A 009c8a R8 10acd8 00 shared
A 009cae R16 10a044 86f0 shared
A 009cb2 R16 10acc4 8f00 shared
A 009cba R16 10acca 036a shared
A 009cda R16 10a044 86f0 shared
A 009cde R16 10acc4 8f00 shared
A 009d04 R16 100448 0000 work_low
A 009d0a W32 102df0 00009d0e work_low
A 009dc2 R32 100444 00000000 work_low
A 009dc8 R8 10acc8 03 shared
A 009e28 R32 102df0 00009d0e work_low
A 009d12 R32 100420 00000000 work_low
A 009c74 R8 10ad08 03 shared
A 009c80 R8 1001e4 00 work_low
A 009c86 R8 10a058 00 shared
A 009c8a R8 10ad18 00 shared
A 009cae R16 10a044 86f0 shared
A 009cb2 R16 10ad04 6c60 shared
A 009d12 R32 100420 00000000 work_low
A 009c74 R8 10ad48 03 shared
A 009c80 R8 1001e4 00 work_low
A 009c86 R8 10a058 00 shared
A 009c8a R8 10ad58 00 shared
A 009cae R16 10a044 86f0 shared
A 009cb2 R16 10ad44 6c60 shared
A 009d12 R32 100420 00000000 work_low
A 009c74 R8 10ad88 03 shared
A 009c80 R8 1001e4 00 work_low
A 009c86 R8 10a058 00 shared
A 009c8a R8 10ad98 00 shared
A 009cae R16 10a044 86f0 shared
A 009cb2 R16 10ad84 6c60 shared
A 009d12 R32 100420 00000000 work_low
A 009c74 R8 10adc8 03 shared
A 009c80 R8 1001e4 00 work_low
A 009c86 R8 10a058 00 shared
A 009c8a R8 10add8 00 shared
A 009cae R16 10a044 86f0 shared
A 009cb2 R16 10adc4 6c60 shared
A 009d12 R32 100420 00000000 work_low
A 009c74 R8 10ae08 03 shared
A 009c80 R8 1001e4 00 work_low
A 009c86 R8 10a058 00 shared
A 009c8a R8 10ae18 00 shared
A 009cae R16 10a044 86f0 shared
A 009cb2 R16 10ae04 8f00 shared
A 009cba R16 10ae0a 036a shared
A 009cda R16 10a044 86f0 shared
A 009cde R16 10ae04 8f00 shared
A 009d04 R16 100448 0000 work_low
A 009d0a W32 102df0 00009d0e work_low
A 009dc2 R32 100444 00000000 work_low
A 009dc8 R8 10ae08 03 shared
A 009e28 R32 102df0 00009d0e work_low
A 009d12 R32 100420 00000000 work_low
A 009c74 R8 10ae48 03 shared
A 009c80 R8 1001e4 00 work_low
A 009c86 R8 10a058 00 shared
A 009c8a R8 10ae58 00 shared
A 009cae R16 10a044 86f0 shared
A 009cb2 R16 10ae44 8f00 shared
A 009cba R16 10ae4a 036a shared
A 009cda R16 10a044 86f0 shared
A 009cde R16 10ae44 8f00 shared
A 009d04 R16 100448 0000 work_low
A 009d0a W32 102df0 00009d0e work_low
A 009dc2 R32 100444 00000000 work_low
A 009dc8 R8 10ae48 03 shared
A 009e28 R32 102df0 00009d0e work_low
A 009d12 R32 100420 00000000 work_low
A 009c74 R8 10ae88 03 shared
A 009c80 R8 1001e4 00 work_low
A 009c86 R8 10a058 00 shared
A 009c8a R8 10ae98 00 shared
A 009cae R16 10a044 86f0 shared
A 009cb2 R16 10ae84 8f00 shared
A 009cba R16 10ae8a 036a shared
A 009cda R16 10a044 86f0 shared
A 009cde R16 10ae84 8f00 shared
A 009d04 R16 100448 0000 work_low
A 009d0a W32 102df0 00009d0e work_low
A 009dc2 R32 100444 00000000 work_low
A 009dc8 R8 10ae88 03 shared
A 009e28 R32 102df0 00009d0e work_low
A 009d12 R32 100420 00000000 work_low
A 009c74 R8 10aec8 03 shared
A 009c80 R8 1001e4 00 work_low
A 009c86 R8 10a058 00 shared
A 009c8a R8 10aed8 00 shared
A 009cae R16 10a044 86f0 shared
A 009cb2 R16 10aec4 8f00 shared
A 009cba R16 10aeca 036a shared
A 009cda R16 10a044 86f0 shared
A 009cde R16 10aec4 8f00 shared
A 009d04 R16 100448 0000 work_low
A 009d0a W32 102df0 00009d0e work_low
A 009dc2 R32 100444 00000000 work_low
A 009dc8 R8 10aec8 03 shared
A 009e28 R32 102df0 00009d0e work_low
A 009d12 R32 100420 00000000 work_low
A 009c74 R8 10af08 03 shared
A 009c80 R8 1001e4 00 work_low
A 009c86 R8 10a058 00 shared
A 009c8a R8 10af18 00 shared
A 009cae R16 10a044 86f0 shared
A 009cb2 R16 10af04 6c60 shared
A 009d12 R32 100420 00000000 work_low
A 009c74 R8 10af48 03 shared
A 009c80 R8 1001e4 00 work_low
A 009c86 R8 10a058 00 shared
A 009c8a R8 10af58 00 shared
A 009cae R16 10a044 86f0 shared
A 009cb2 R16 10af44 6c60 shared
A 009d12 R32 100420 00000000 work_low
A 009c74 R8 10af88 03 shared
A 009c80 R8 1001e4 00 work_low
A 009c86 R8 10a058 00 shared
A 009c8a R8 10af98 00 shared
A 009cae R16 10a044 86f0 shared
A 009cb2 R16 10af84 6c60 shared
A 009d12 R32 100420 00000000 work_low
A 009c74 R8 10afc8 03 shared
A 009c80 R8 1001e4 00 work_low
A 009c86 R8 10a058 00 shared
A 009c8a R8 10afd8 00 shared
A 009cae R16 10a044 86f0 shared
A 009cb2 R16 10afc4 6c60 shared
A 009d12 R32 100420 00000000 work_low
A 009c74 R8 10b008 00 shared
A 009d12 R32 100420 00000000 work_low
A 009c74 R8 10b048 00 shared
A 009d12 R32 100420 00000000 work_low
A 009c74 R8 10b088 00 shared
A 009d12 R32 100420 00000000 work_low
A 009c74 R8 10b0c8 00 shared
A 009d12 R32 100420 00000000 work_low
A 009c74 R8 10b108 00 shared
A 009d12 R32 100420 00000000 work_low
A 009c74 R8 10b148 00 shared
A 009d12 R32 100420 00000000 work_low
A 009c74 R8 10b188 00 shared
A 009d12 R32 100420 00000000 work_low
A 009c74 R8 10b1c8 00 shared
A 009d12 R32 100420 00000000 work_low
A 009c74 R8 10b208 00 shared
A 009d12 R32 100420 00000000 work_low
A 009c74 R8 10b248 00 shared
A 009d12 R32 100420 00000000 work_low
A 009c74 R8 10b288 00 shared
A 009d12 R32 100420 00000000 work_low
B 003168 W16 101292 03f7 sub_work
B 003172 R16 101364 0000 sub_work
B 003178 W16 101294 03f9 sub_work
B 003182 R16 101366 0000 sub_work
B 003188 W16 101296 03fb sub_work
B 003192 R16 101368 0000 sub_work
B 003198 W16 101298 03fd sub_work
B 0031a2 R16 10136a 0000 sub_work
B 0031a8 W16 10129a 03ff sub_work
B 0031b2 R16 10136c 0000 sub_work
B 0031b8 W16 10129c 0401 sub_work
B 0031c2 R16 10136e 0000 sub_work
B 0031c8 W16 10129e 0403 sub_work
B 0031d2 R16 101370 0000 sub_work
B 0031d8 W16 1012a0 0405 sub_work
B 0031e2 R16 101372 0000 sub_work
B 0031e8 W16 1012a2 0407 sub_work
B 0031f2 R16 101374 0000 sub_work
B 0031f8 W16 1012a4 0409 sub_work
B 003202 R16 101376 0000 sub_work
B 003208 W16 1012a6 040b sub_work
B 003212 R16 101378 0000 sub_work
B 003218 W16 1012a8 040d sub_work
B 003222 R16 10137a 0000 sub_work
B 003228 W16 1012aa 040f sub_work
B 003232 R16 10137c 0000 sub_work
B 003238 W16 1012ac 0411 sub_work
B 003242 R16 10137e 0000 sub_work
B 003248 W16 1012ae 0413 sub_work
B 003252 R16 101380 0000 sub_work
B 003258 W16 1012b0 0415 sub_work
B 00325c R32 1007f4 000025ae sub_work
B 0025ae R16 10227a 0000 sub_work
B 0025ec R32 1007f8 00000800 sub_work
B 000800 W32 1007f8 00000806 sub_work
B 00339e W32 1007f4 000033a2 sub_work
B 00348c R32 10080e 00000000 sub_work
B 0034ae R16 102bb6 0000 sub_work
B 0034c4 W16 101384 2010 sub_work
B 0034c6 W16 102bc6 2010 sub_work
B 0034d4 W16 101386 1014 sub_work
B 0034d6 W16 102bc8 1014 sub_work
B 0034e4 W16 101388 4018 sub_work
B 0034e6 W16 102bca 4018 sub_work
B 0034f4 W16 10138a 001c sub_work
B 0034f6 W16 102bcc 001c sub_work
B 003504 W16 10138c 6020 sub_work
B 003506 W16 102bce 6020 sub_work
B 003514 W16 10138e 4024 sub_work
B 003516 W16 102bd0 4024 sub_work
B 003524 W16 101390 2028 sub_work
B 003526 W16 102bd2 2028 sub_work
B 003534 W16 101392 102b sub_work
B 003536 W16 102bd4 102b sub_work
B 003544 W16 101394 002f sub_work
B 003546 W16 102bd6 002f sub_work
B 003554 W16 101396 7033 sub_work
B 003556 W16 102bd8 7033 sub_work
B 003564 W16 101398 7037 sub_work
B 003566 W16 102bda 7037 sub_work
B 003574 W16 10139a 603b sub_work
B 003576 W16 102bdc 603b sub_work
B 003584 W16 10139c 603f sub_work
B 003586 W16 102bde 603f sub_work
B 003594 W16 10139e 5043 sub_work
B 003596 W16 102be0 5043 sub_work
B 0035a4 W16 1013a0 5047 sub_work
B 0035a6 W16 102be2 5047 sub_work
B 0035b4 W16 1013a2 404b sub_work
B 0035b6 W16 102be4 404b sub_work
B 0035c4 W16 1013a4 404f sub_work
B 0035c6 W16 102be6 404f sub_work
B 0035d4 W16 1013a6 4053 sub_work
B 0035d6 W16 102be8 4053 sub_work
B 0035e4 W16 1013a8 4056 sub_work
B 0035e6 W16 102bea 4056 sub_work
B 0035f4 W16 1013aa 305a sub_work
B 0035f6 W16 102bec 305a sub_work
B 003604 W16 1013ac 305e sub_work
B 003606 W16 102bee 305e sub_work
B 003614 W16 1013ae 3062 sub_work
B 003616 W16 102bf0 3062 sub_work
B 003624 W16 1013b0 3066 sub_work
B 003626 W16 102bf2 3066 sub_work
B 003634 W16 1013b2 306a sub_work
B 003636 W16 102bf4 306a sub_work
B 003644 W16 1013b4 206e sub_work
B 003646 W16 102bf6 206e sub_work
B 003654 W16 1013b6 2072 sub_work
B 003656 W16 102bf8 2072 sub_work
B 003664 W16 1013b8 2076 sub_work
B 003666 W16 102bfa 2076 sub_work
B 003674 W16 1013ba 207a sub_work
B 003676 W16 102bfc 207a sub_work
B 003684 W16 1013bc 207e sub_work
B 003686 W16 102bfe 207e sub_work
B 003694 W16 1013be 2081 sub_work
B 003696 W16 102c00 2081 sub_work
B 0036a4 W16 1013c0 2085 sub_work
B 0036a6 W16 102c02 2085 sub_work
B 0036b4 W16 1013c2 2089 sub_work
B 0036b6 W16 102c04 2089 sub_work
B 0036c4 W16 1013c4 208d sub_work
B 0036c6 W16 102c06 208d sub_work
B 0036d4 W16 1013c6 1091 sub_work
B 0036d6 W16 102c08 1091 sub_work
B 0036e4 W16 1013c8 1095 sub_work
B 0036e6 W16 102c0a 1095 sub_work
B 0036f4 W16 1013ca 1099 sub_work
B 0036f6 W16 102c0c 1099 sub_work
B 003704 W16 1013cc 109d sub_work
B 003706 W16 102c0e 109d sub_work
B 003714 W16 1013ce 10a1 sub_work
B 003716 W16 102c10 10a1 sub_work
B 003724 W16 1013d0 10a5 sub_work
B 003726 W16 102c12 10a5 sub_work
B 003734 W16 1013d2 10a8 sub_work
B 003736 W16 102c14 10a8 sub_work
B 003744 W16 1013d4 10ac sub_work
B 003746 W16 102c16 10ac sub_work
B 003754 W16 1013d6 10b0 sub_work
B 003756 W16 102c18 10b0 sub_work
B 003764 W16 1013d8 10b4 sub_work
B 003766 W16 102c1a 10b4 sub_work
B 003774 W16 1013da 10b8 sub_work
B 003776 W16 102c1c 10b8 sub_work
B 003784 W16 1013dc 10bc sub_work
B 003786 W16 102c1e 10bc sub_work
B 003794 W16 1013de 10c0 sub_work
B 003796 W16 102c20 10c0 sub_work
B 0037a4 W16 1013e0 10c4 sub_work
B 0037a6 W16 102c22 10c4 sub_work
B 0037b4 W16 1013e2 10c8 sub_work
B 0037b6 W16 102c24 10c8 sub_work
B 0037c4 W16 1013e4 10cc sub_work
B 0037c6 W16 102c26 10cc sub_work
B 0037d4 W16 1013e6 10d0 sub_work
B 0037d6 W16 102c28 10d0 sub_work
B 0037e4 W16 1013e8 00d3 sub_work
B 0037e6 W16 102c2a 00d3 sub_work
B 0037f4 W16 1013ea 00d7 sub_work
B 0037f6 W16 102c2c 00d7 sub_work
B 003804 W16 1013ec 00db sub_work
B 003806 W16 102c2e 00db sub_work
B 003814 W16 1013ee 00df sub_work
B 003816 W16 102c30 00df sub_work
B 003824 W16 1013f0 00e3 sub_work
B 003826 W16 102c32 00e3 sub_work
B 003834 W16 1013f2 00e7 sub_work
B 003836 W16 102c34 00e7 sub_work
B 003844 W16 1013f4 00eb sub_work
B 003846 W16 102c36 00eb sub_work
B 003854 W16 1013f6 00ef sub_work
B 003856 W16 102c38 00ef sub_work
B 003864 W16 1013f8 00f3 sub_work
B 003866 W16 102c3a 00f3 sub_work
B 003874 W16 1013fa 00f7 sub_work
B 003876 W16 102c3c 00f7 sub_work
B 003884 W16 1013fc 00fb sub_work
B 003886 W16 102c3e 00fb sub_work
B 003894 W16 1013fe 00fe sub_work
B 003896 W16 102c40 00fe sub_work
B 0038a4 W16 101400 0102 sub_work
B 0038a6 W16 102c42 0102 sub_work
B 0038b4 W16 101402 0106 sub_work
B 0038b6 W16 102c44 0106 sub_work
B 0038c4 W16 101404 010a sub_work
B 0038c6 W16 102c46 010a sub_work
B 0038d4 W16 101406 010e sub_work
B 0038d6 W16 102c48 010e sub_work
B 0038e4 W16 101408 0112 sub_work
B 0038e6 W16 102c4a 0112 sub_work
B 0038f4 W16 10140a 0116 sub_work
B 0038f6 W16 102c4c 0116 sub_work
B 003904 W16 10140c 011a sub_work
B 003906 W16 102c4e 011a sub_work
B 003914 W16 10140e 011e sub_work
B 003916 W16 102c50 011e sub_work
B 003924 W16 101410 0122 sub_work
B 003926 W16 102c52 0122 sub_work
B 003934 W16 101412 0126 sub_work
B 003936 W16 102c54 0126 sub_work
B 003944 W16 101414 0129 sub_work
B 003946 W16 102c56 0129 sub_work
B 003954 W16 101416 012d sub_work
B 003956 W16 102c58 012d sub_work
B 003964 W16 101418 0131 sub_work
B 003966 W16 102c5a 0131 sub_work
B 003974 W16 10141a 0135 sub_work
B 003976 W16 102c5c 0135 sub_work
B 003984 W16 10141c 0139 sub_work
B 003986 W16 102c5e 0139 sub_work
B 003994 W16 10141e 013d sub_work
B 003996 W16 102c60 013d sub_work
B 0039a4 W16 101420 0141 sub_work
B 0039a6 W16 102c62 0141 sub_work
B 0039b4 W16 101422 0145 sub_work
B 0039b6 W16 102c64 0145 sub_work
B 0039c4 W16 101424 0149 sub_work
B 0039c6 W16 102c66 0149 sub_work
B 0039d4 W16 101426 014d sub_work
B 0039d6 W16 102c68 014d sub_work
B 0039e4 W16 101428 0150 sub_work
B 0039e6 W16 102c6a 0150 sub_work
B 0039f4 W16 10142a 0154 sub_work
B 0039f6 W16 102c6c 0154 sub_work
B 003a04 W16 10142c 0158 sub_work
B 003a06 W16 102c6e 0158 sub_work
B 003a14 W16 10142e 015c sub_work
B 003a16 W16 102c70 015c sub_work
B 003a24 W16 101430 0160 sub_work
B 003a26 W16 102c72 0160 sub_work
B 003a34 W16 101432 0164 sub_work
B 003a36 W16 102c74 0164 sub_work
B 003a44 W16 101434 0168 sub_work
B 003a46 W16 102c76 0168 sub_work
B 003a54 W16 101436 016c sub_work
B 003a56 W16 102c78 016c sub_work
B 003a64 W16 101438 0170 sub_work
B 003a66 W16 102c7a 0170 sub_work
B 003a74 W16 10143a 0174 sub_work
B 003a76 W16 102c7c 0174 sub_work
B 003a84 W16 10143c 0178 sub_work
B 003a86 W16 102c7e 0178 sub_work
B 003a94 W16 10143e 017b sub_work
B 003a96 W16 102c80 017b sub_work
B 003aa4 W16 101440 017f sub_work
B 003aa6 W16 102c82 017f sub_work
B 003ab4 W16 101442 0183 sub_work
B 003ab6 W16 102c84 0183 sub_work
B 003ac4 W16 101444 0187 sub_work
B 003ac6 W16 102c86 0187 sub_work
B 003ad4 W16 101446 018b sub_work
B 003ad6 W16 102c88 018b sub_work
B 003ae4 W16 101448 018f sub_work
B 003ae6 W16 102c8a 018f sub_work
B 003af4 W16 10144a 0193 sub_work
B 003af6 W16 102c8c 0193 sub_work
B 003b04 W16 10144c 0197 sub_work
B 003b06 W16 102c8e 0197 sub_work
B 003b14 W16 10144e 019b sub_work
B 003b16 W16 102c90 019b sub_work
B 003b24 W16 101450 019f sub_work
B 003b26 W16 102c92 019f sub_work
B 003b34 W16 101452 01a3 sub_work
B 003b36 W16 102c94 01a3 sub_work
B 003b38 R32 1007f4 000033a2 sub_work
B 0033a2 W32 1007f4 000033a6 sub_work
B 0033d4 R32 102c9e 00000000 sub_work
B 0033da R32 102ca2 00000000 sub_work
B 0033e0 W32 1007f0 000033e4 sub_work
B 003410 R8 1021c8 00 sub_work
B 003410 R8 1021d0 00 sub_work
B 003410 R8 1021d8 00 sub_work
B 003410 R8 1021e0 00 sub_work
B 003410 R8 1021e8 00 sub_work
B 003410 R8 1021f0 00 sub_work
B 003410 R8 1021f8 00 sub_work
B 003410 R8 102200 00 sub_work
B 003424 R32 1007f0 000033e4 sub_work
B 0033e4 R16 10227a 0000 sub_work
B 0033ec R32 1007f4 000033a6 sub_work
B 0033a6 W32 1007f4 000033aa sub_work
B 0033b6 R32 102cae 00000000 sub_work
B 0033bc R32 102cb2 00000000 sub_work
B 0033c2 W32 1007f0 000033c6 sub_work
B 003482 R32 1007f0 000033c6 sub_work
B 0033c6 R32 1007f4 000033aa sub_work
B 0033aa W32 1007f4 000033ae sub_work
B 003b70 R16 102ce2 0000 sub_work
B 003b78 W16 102cf8 0000 sub_work
B 003b7e R32 1007f4 000033ae sub_work
B 0033ae R32 1007f8 00000806 sub_work
B 000806 W32 1007f8 0000080c sub_work
B 003c70 W32 1007f4 00003c74 sub_work
B 003c7a R16 102ce0 0000 sub_work
B 003c82 R8 10080b 8b sub_work
B 003cda R16 10227a 0000 sub_work
B 003ce2 R32 1007f4 00003c74 sub_work
B 003c74 W32 1007f4 00003c78 sub_work
B 004120 R16 102ce2 0000 sub_work
B 004128 R32 1007f4 00003c78 sub_work
B 003c78 R32 1007f8 0000080c sub_work
B 00080c W32 1007f8 00000812 sub_work
B 004188 W32 102c98 00108020 sub_work
B 0041aa R16 101a5c 0001 sub_work
B 0041b0 R16 102ce2 0000 sub_work
B 0041b8 W32 1007f4 000041bc sub_work
B 00422a W32 101a5e 008007f8 sub_work
B 004234 R16 102cfc 0000 sub_work
B 004244 R16 100af2 0000 sub_work
B 00424e R16 100a22 0000 sub_work
B 004446 R32 101a5e 008007f8 sub_work
B 004450 R16 101618 800c sub_work
B 004450 W16 8004f0 800c road
B 004454 R16 101548 8008 sub_work
B 004454 W16 8004f2 8008 road
B 004456 R16 1011e2 034c sub_work
B 004460 W16 8004f4 8b4c road
B 004462 R16 101384 2010 sub_work
B 004462 W16 8004f6 2010 road
B 004244 R16 100af4 0000 sub_work
B 00424e R16 100a24 0000 sub_work
B 004446 R32 101a5e 008007f8 sub_work
B 004450 R16 10161a 8010 sub_work
B 004450 W16 8004f8 8010 road
B 004454 R16 10154a 800b sub_work
B 004454 W16 8004fa 800b road
B 004456 R16 1011e4 034e sub_work
B 004460 W16 8004fc 8b4e road
B 004462 R16 101386 1014 sub_work
B 004462 W16 8004fe 1014 road
B 004244 R16 100af6 0000 sub_work
B 00424e R16 100a26 0000 sub_work
B 004446 R32 101a5e 008007f8 sub_work
B 004450 R16 10161c 8014 sub_work
B 004450 W16 800500 8014 road
B 004454 R16 10154c 800d sub_work
B 004454 W16 800502 800d road
B 004456 R16 1011e6 0350 sub_work
B 004460 W16 800504 8b50 road
B 004462 R16 101388 4018 sub_work
B 004462 W16 800506 4018 road
B 004244 R16 100af8 0000 sub_work
B 00424e R16 100a28 0000 sub_work
B 004446 R32 101a5e 008007f8 sub_work
B 004450 R16 10161e 8018 sub_work
B 004450 W16 800508 8018 road
B 004454 R16 10154e 8010 sub_work
B 004454 W16 80050a 8010 road
B 004456 R16 1011e8 0352 sub_work
B 004460 W16 80050c 8b52 road
B 004462 R16 10138a 001c sub_work
B 004462 W16 80050e 001c road
B 004244 R16 100afa 0000 sub_work
B 00424e R16 100a2a 0000 sub_work
B 004446 R32 101a5e 008007f8 sub_work
B 004450 R16 101620 801b sub_work
B 004450 W16 800510 801b road
B 004454 R16 101550 8012 sub_work
B 004454 W16 800512 8012 road
B 004456 R16 1011ea 0354 sub_work
B 004460 W16 800514 8b54 road
B 004462 R16 10138c 6020 sub_work
B 004462 W16 800516 6020 road
B 004244 R16 100afc 0000 sub_work
B 00424e R16 100a2c 0000 sub_work
B 004446 R32 101a5e 008007f8 sub_work
B 004450 R16 101622 801f sub_work
B 004450 W16 800518 801f road
B 004454 R16 101552 8015 sub_work
B 004454 W16 80051a 8015 road
B 004456 R16 1011ec 0356 sub_work
B 004460 W16 80051c 8b56 road
B 004462 R16 10138e 4024 sub_work
B 004462 W16 80051e 4024 road
B 004244 R16 100afe 0000 sub_work
B 00424e R16 100a2e 0000 sub_work
B 004446 R32 101a5e 008007f8 sub_work
B 004450 R16 101624 8023 sub_work
B 004450 W16 800520 8023 road
B 004454 R16 101554 8018 sub_work
B 004454 W16 800522 8018 road
B 004456 R16 1011ee 0358 sub_work
B 004460 W16 800524 8b58 road
B 004462 R16 101390 2028 sub_work
B 004462 W16 800526 2028 road
B 004244 R16 100b00 0000 sub_work
B 00424e R16 100a30 0000 sub_work
B 004446 R32 101a5e 008007f8 sub_work
B 004450 R16 101626 8027 sub_work
B 004450 W16 800528 8027 road
B 004454 R16 101556 801a sub_work
B 004454 W16 80052a 801a road
B 004456 R16 1011f0 035a sub_work
B 004460 W16 80052c 8b5a road
B 004462 R16 101392 102b sub_work
B 004462 W16 80052e 102b road
B 004244 R16 100b02 0000 sub_work
B 00424e R16 100a32 0000 sub_work
B 004446 R32 101a5e 008007f8 sub_work
B 004450 R16 101628 802b sub_work
B 004450 W16 800530 802b road
B 004454 R16 101558 801d sub_work
B 004454 W16 800532 801d road
B 004456 R16 1011f2 035c sub_work
B 004460 W16 800534 8b5c road
B 004462 R16 101394 002f sub_work
B 004462 W16 800536 002f road
B 004244 R16 100b04 0000 sub_work
B 00424e R16 100a34 0000 sub_work
B 004446 R32 101a5e 008007f8 sub_work
B 004450 R16 10162a 802f sub_work
B 004450 W16 800538 802f road
B 004454 R16 10155a 801f sub_work
B 004454 W16 80053a 801f road
B 004456 R16 1011f4 035e sub_work
B 004460 W16 80053c 8b5e road
B 004462 R16 101396 7033 sub_work
B 004462 W16 80053e 7033 road
B 004244 R16 100b06 0000 sub_work
B 00424e R16 100a36 0000 sub_work
B 004446 R32 101a5e 008007f8 sub_work
B 004450 R16 10162c 8033 sub_work
B 004450 W16 800540 8033 road
B 004454 R16 10155c 8022 sub_work
B 004454 W16 800542 8022 road
B 004456 R16 1011f6 0360 sub_work
B 004460 W16 800544 8b60 road
B 004462 R16 101398 7037 sub_work
B 004462 W16 800546 7037 road
B 004244 R16 100b08 0000 sub_work
B 00424e R16 100a38 0000 sub_work
B 004446 R32 101a5e 008007f8 sub_work
B 004450 R16 10162e 8037 sub_work
B 004450 W16 800548 8037 road
B 004454 R16 10155e 8024 sub_work
B 004454 W16 80054a 8024 road
B 004456 R16 1011f8 0362 sub_work
B 004460 W16 80054c 8b62 road
B 004462 R16 10139a 603b sub_work
B 004462 W16 80054e 603b road
B 004244 R16 100b0a 0000 sub_work
B 00424e R16 100a3a 0000 sub_work
B 004446 R32 101a5e 008007f8 sub_work
B 004450 R16 101630 803a sub_work
B 004450 W16 800550 803a road
B 004454 R16 101560 8027 sub_work
B 004454 W16 800552 8027 road
B 004456 R16 1011fa 0364 sub_work
B 004460 W16 800554 8b64 road
B 004462 R16 10139c 603f sub_work
B 004462 W16 800556 603f road
B 004244 R16 100b0c 0000 sub_work
B 00424e R16 100a3c 0000 sub_work
B 004446 R32 101a5e 008007f8 sub_work
B 004450 R16 101632 803e sub_work
B 004450 W16 800558 803e road
B 004454 R16 101562 802a sub_work
B 004454 W16 80055a 802a road
B 004456 R16 1011fc 0366 sub_work
B 004460 W16 80055c 8b66 road
B 004462 R16 10139e 5043 sub_work
B 004462 W16 80055e 5043 road
B 004244 R16 100b0e 0000 sub_work
B 00424e R16 100a3e 0000 sub_work
B 004446 R32 101a5e 008007f8 sub_work
B 004450 R16 101634 8042 sub_work
B 004450 W16 800560 8042 road
B 004454 R16 101564 802c sub_work
B 004454 W16 800562 802c road
B 004456 R16 1011fe 0368 sub_work
B 004460 W16 800564 8b68 road
B 004462 R16 1013a0 5047 sub_work
B 004462 W16 800566 5047 road
B 004244 R16 100b10 0000 sub_work
B 00424e R16 100a40 0000 sub_work
B 004446 R32 101a5e 008007f8 sub_work
B 004450 R16 101636 8046 sub_work
B 004450 W16 800568 8046 road
B 004454 R16 101566 802f sub_work
B 004454 W16 80056a 802f road
B 004456 R16 101200 036a sub_work
B 004460 W16 80056c 8b6a road
B 004462 R16 1013a2 404b sub_work
B 004462 W16 80056e 404b road
B 004244 R16 100b12 0000 sub_work
B 00424e R16 100a42 0000 sub_work
B 004446 R32 101a5e 008007f8 sub_work
B 004450 R16 101638 804a sub_work
B 004450 W16 800570 804a road
B 004454 R16 101568 8031 sub_work
B 004454 W16 800572 8031 road
B 004456 R16 101202 036b sub_work
B 004460 W16 800574 8b6b road
B 004462 R16 1013a4 404f sub_work
B 004462 W16 800576 404f road
B 004244 R16 100b14 0000 sub_work
B 00424e R16 100a44 0000 sub_work
B 004446 R32 101a5e 008007f8 sub_work
B 004450 R16 10163a 804e sub_work
B 004450 W16 800578 804e road
B 004454 R16 10156a 8034 sub_work
B 004454 W16 80057a 8034 road
B 004456 R16 101204 036d sub_work
B 004460 W16 80057c 8b6d road
B 004462 R16 1013a6 4053 sub_work
B 004462 W16 80057e 4053 road
B 004244 R16 100b16 0000 sub_work
B 00424e R16 100a46 0000 sub_work
B 004446 R32 101a5e 008007f8 sub_work
B 004450 R16 10163c 8052 sub_work
B 004450 W16 800580 8052 road
B 004454 R16 10156c 8037 sub_work
B 004454 W16 800582 8037 road
B 004456 R16 101206 036f sub_work
B 004460 W16 800584 8b6f road
B 004462 R16 1013a8 4056 sub_work
B 004462 W16 800586 4056 road
B 004244 R16 100b18 0000 sub_work
B 00424e R16 100a48 0000 sub_work
B 004446 R32 101a5e 008007f8 sub_work
B 004450 R16 10163e 8056 sub_work
B 004450 W16 800588 8056 road
B 004454 R16 10156e 8039 sub_work
B 004454 W16 80058a 8039 road
B 004456 R16 101208 0371 sub_work
B 004460 W16 80058c 8b71 road
B 004462 R16 1013aa 305a sub_work
B 004462 W16 80058e 305a road
B 004244 R16 100b1a 0000 sub_work
B 00424e R16 100a4a 0000 sub_work
B 004446 R32 101a5e 008007f8 sub_work
B 004450 R16 101640 805a sub_work
B 004450 W16 800590 805a road
B 004454 R16 101570 803c sub_work
B 004454 W16 800592 803c road
B 004456 R16 10120a 0373 sub_work
B 004460 W16 800594 8b73 road
B 004462 R16 1013ac 305e sub_work
B 004462 W16 800596 305e road
B 004244 R16 100b1c 0000 sub_work
B 00424e R16 100a4c 0000 sub_work
B 004446 R32 101a5e 008007f8 sub_work
B 004450 R16 101642 805d sub_work
B 004450 W16 800598 805d road
B 004454 R16 101572 803e sub_work
B 004454 W16 80059a 803e road
B 004456 R16 10120c 0375 sub_work
B 004460 W16 80059c 8b75 road
B 004462 R16 1013ae 3062 sub_work
B 004462 W16 80059e 3062 road
B 004244 R16 100b1e 0000 sub_work
B 00424e R16 100a4e 0000 sub_work
B 004446 R32 101a5e 008007f8 sub_work
B 004450 R16 101644 8061 sub_work
B 004450 W16 8005a0 8061 road
B 004454 R16 101574 8041 sub_work
B 004454 W16 8005a2 8041 road
B 004456 R16 10120e 0377 sub_work
B 004460 W16 8005a4 8b77 road
B 004462 R16 1013b0 3066 sub_work
B 004462 W16 8005a6 3066 road
B 004244 R16 100b20 0000 sub_work
B 00424e R16 100a50 0000 sub_work
B 004446 R32 101a5e 008007f8 sub_work
B 004450 R16 101646 8065 sub_work
B 004450 W16 8005a8 8065 road
B 004454 R16 101576 8043 sub_work
B 004454 W16 8005aa 8043 road
B 004456 R16 101210 0379 sub_work
B 004460 W16 8005ac 8b79 road
B 004462 R16 1013b2 306a sub_work
B 004462 W16 8005ae 306a road
B 004244 R16 100b22 0000 sub_work
B 00424e R16 100a52 0000 sub_work
B 004446 R32 101a5e 008007f8 sub_work
B 004450 R16 101648 8069 sub_work
B 004450 W16 8005b0 8069 road
B 004454 R16 101578 8046 sub_work
B 004454 W16 8005b2 8046 road
B 004456 R16 101212 037b sub_work
B 004460 W16 8005b4 8b7b road
B 004462 R16 1013b4 206e sub_work
B 004462 W16 8005b6 206e road
B 004244 R16 100b24 0000 sub_work
B 00424e R16 100a54 0000 sub_work
B 004446 R32 101a5e 008007f8 sub_work
A 009c74 R8 10b2c8 00 shared
A 009d12 R32 100420 00000000 work_low
A 009c74 R8 10b308 00 shared
A 009d12 R32 100420 00000000 work_low
A 009c74 R8 10b348 00 shared
A 009d12 R32 100420 00000000 work_low
A 009c74 R8 10b388 00 shared
A 009d12 R32 100420 00000000 work_low
A 009c74 R8 10b3c8 00 shared
A 009d12 R32 100420 00000000 work_low
A 009c74 R8 10b408 00 shared
A 009d12 R32 100420 00000000 work_low
A 009c74 R8 10b448 00 shared
A 009d12 R32 100420 00000000 work_low
A 009c74 R8 10b488 00 shared
A 009d12 R32 100420 00000000 work_low
A 009c74 R8 10b4c8 00 shared
A 009d12 R32 100420 00000000 work_low
A 009c74 R8 10b508 00 shared
A 009d12 R32 100420 00000000 work_low
A 009c74 R8 10b548 00 shared
A 009d12 R32 100420 00000000 work_low
A 009c74 R8 10b588 00 shared
A 009d12 R32 100420 00000000 work_low
A 009c74 R8 10b5c8 00 shared
A 009d12 R32 100420 00000000 work_low
A 009c74 R8 10b608 00 shared
A 009d12 R32 100420 00000000 work_low
A 009c74 R8 10b648 00 shared
A 009d12 R32 100420 00000000 work_low
A 009c74 R8 10b688 00 shared
A 009d12 R32 100420 00000000 work_low
A 009c74 R8 10b6c8 00 shared
A 009d12 R32 100420 00000000 work_low
A 009c74 R8 10b708 00 shared
A 009d12 R32 100420 00000000 work_low
A 009c74 R8 10b748 00 shared
A 009d12 R32 100420 00000000 work_low
A 009c74 R8 10b788 00 shared
A 009d12 R32 100420 00000000 work_low
A 009c74 R8 10b7c8 00 shared
A 009d12 R32 100420 00000000 work_low
A 009c74 R8 10b808 00 shared
A 009d12 R32 100420 00000000 work_low
A 009c74 R8 10b848 00 shared
A 009d12 R32 100420 00000000 work_low
A 009c74 R8 10b888 00 shared
A 009d12 R32 100420 00000000 work_low
A 009c74 R8 10b8c8 00 shared
A 009d12 R32 100420 00000000 work_low
A 009c74 R8 10b908 00 shared
A 009d12 R32 100420 00000000 work_low
A 009c74 R8 10b948 00 shared
A 009d12 R32 100420 00000000 work_low
A 009c74 R8 10b988 00 shared
A 009d12 R32 100420 00000000 work_low
A 009c74 R8 10b9c8 00 shared
A 009d12 R32 100420 00000000 work_low
A 009c74 R8 10ba08 00 shared
A 009d12 R32 100420 00000000 work_low
A 009c74 R8 10ba48 00 shared
A 009d12 R32 100420 00000000 work_low
A 009c74 R8 10ba88 00 shared
A 009d12 R32 100420 00000000 work_low
A 009c74 R8 10bac8 00 shared
A 009d12 R32 100420 00000000 work_low
A 009c74 R8 10bb08 00 shared
A 009d12 R32 100420 00000000 work_low
A 009c74 R8 10bb48 00 shared
A 009d12 R32 100420 00000000 work_low
A 009c74 R8 10bb88 00 shared
A 009d12 R32 100420 00000000 work_low
A 009c74 R8 10bbc8 00 shared
A 009d12 R32 100420 00000000 work_low
A 009c74 R8 10bc08 00 shared
A 009d12 R32 100420 00000000 work_low
A 009c74 R8 10bc48 00 shared
A 009d12 R32 100420 00000000 work_low
A 009c74 R8 10bc88 00 shared
A 009d12 R32 100420 00000000 work_low
A 009c74 R8 10bcc8 00 shared
A 009d12 R32 100420 00000000 work_low
A 009c74 R8 10bd08 00 shared
A 009d12 R32 100420 00000000 work_low
A 009c74 R8 10bd48 00 shared
A 009d12 R32 100420 00000000 work_low
A 009c74 R8 10bd88 00 shared
A 009d12 R32 100420 00000000 work_low
A 009c74 R8 10bdc8 00 shared
A 009d12 R32 100420 00000000 work_low
A 009d22 R16 108002 078b shared
A 009d30 R32 102df4 00009bee work_low
A 009bee R32 102df8 00007e3e work_low
A 007e3e W32 102df8 00007e42 work_low
A 007cac R16 10a046 0000 shared
A 007cb8 R16 100484 0000 work_low
A 007cea R16 10a050 0000 shared
A 007da0 R8 10040f 00 work_low
A 007da8 W32 102df4 00007dac work_low
A 008dae R16 100124 0003 work_low
A 008dbc R32 102df4 00007dac work_low
A 007dac W32 102df4 00007db0 work_low
A 00aa20 R16 108002 078b shared
A 00aa54 R32 102df4 00007db0 work_low
A 007db0 W8 10a208 00 shared
A 007db6 W32 10a200 ffffffff shared
A 007dbe R32 102df8 00007e42 work_low
A 007e42 W32 102df8 00007e46 work_low
A 007e74 W32 102df4 00007e76 work_low
A 007e7c R16 10a050 0000 shared
A 007ec0 R16 10018e 0000 work_low
A 007ec4 R8 10a009 00 shared
A 007f18 W16 10018e 0000 work_low
A 007f1c R8 10a009 00 shared
A 007f9c R32 102df4 00007e76 work_low
A 007e76 W32 102df4 00007e7a work_low
A 007ff4 R8 10a009 00 shared
A 007ff4 W8 10a009 00 shared
A 007ffe R16 10a01a 0000 shared
A 008002 R32 10a000 00000000 shared
A 008010 R16 10a018 0000 shared
A 0080a0 R8 10a009 00 shared
A 0080a0 W8 10a009 00 shared
A 0080a6 R8 10a002 00 shared
A 0080ac R16 10a01a 0000 shared
A 0080b0 R8 109002 00 shared
A 00811c R8 10a009 00 shared
A 00811c W8 10a009 00 shared
A 008122 R32 102df4 00007e7a work_low
A 007e7a R32 102df8 00007e46 work_low
A 007e46 W32 102df8 00007e4a work_low
A 008ef0 R8 10a009 00 shared
A 008f66 R16 10800e 0000 shared
A 008f9c W16 1001b0 0000 work_low
A 008fa0 R32 102df8 00007e4a work_low
A 007e4a W32 102df8 00007e4e work_low
A 0094e4 R8 10a009 00 shared
A 0094ec R8 10018e 00 work_low
A 0094f4 R32 108004 fffff875 shared
A 009504 W32 102df4 00009508 work_low
A 0096e0 W32 102df0 000096e4 work_low
A 009708 R8 100218 00 work_low
A 009718 R16 10a058 0000 shared
A 009738 R16 10a110 0100 shared
A 00973e R16 10a052 0000 shared
A 009750 R16 10a052 0000 shared
A 00976a W16 10a116 00e0 shared
A 00976e R32 102df0 000096e4 work_low
A 0096ea R8 10a648 03 shared
A 009706 R32 102df4 00009508 work_low
A 00950a R8 10a108 00 shared
A 00950a R8 10a148 00 shared
A 00950a R8 10a188 00 shared
A 00950a R8 10a1c8 00 shared
A 00953a R32 102df8 00007e4e work_low
A 007e4e W32 102df8 00007e52 work_low
A 004ef0 R16 108002 078b shared
A 004f02 R16 10a0a8 2800 shared
A 004f02 W16 10a0a8 2800 shared
A 004f08 R16 10a092 0003 shared
A 004f0c R16 1002c0 0000 work_low
A 004f10 R16 10a096 0100 shared
A 004f22 W16 10a092 0006 shared
A 004f26 R16 10a094 0000 shared
A 004f2e R16 1002b2 0000 work_low
A 004f38 R16 1002c2 0000 work_low
A 004f3c R16 1002b2 0000 work_low
A 004f4e W16 10a094 0000 shared
A 004f52 W32 102df4 00004f56 work_low
A 007ff4 R8 10a089 00 shared
A 007ff4 W8 10a089 00 shared
A 007ffe R16 10a09a 0100 shared
A 008002 R32 10a080 00040083 shared
A 008010 R16 10a098 0100 shared
A 0080a0 R8 10a089 00 shared
A 0080a0 W8 10a089 00 shared
A 0080a6 R8 10a082 00 shared
A 0080ac R16 10a09a 0100 shared
A 0080b0 R8 109102 00 shared
A 00811c R8 10a089 00 shared
A 00811c W8 10a089 00 shared
A 008122 R32 102df4 00004f56 work_low
A 004f56 W32 102df4 00004f5a work_low
A 008128 R16 10a09a 0100 shared
A 00812c W32 102df0 0000812e work_low
A 00814e R8 109103 7e shared
A 008168 R32 102df0 0000812e work_low
A 00812e W32 10a09c 74708b90 shared
A 008132 R32 102df4 00004f5a work_low
A 004f5a R16 10a094 0000 shared
A 004f5e R32 10a080 00040083 shared
A 004f60 R32 10a040 00000080 shared
A 004f7a R16 10a092 0006 shared
A 004fe8 R32 102df8 00007e52 work_low
A 007e52 R16 1001d0 0000 work_low
A 007e60 R16 101710 0000 work_low
A 007e64 R16 101712 0002 work_low
A 007e6e R32 102dfc 00004868 work_low
A 004868 W32 102dfc 0000486a work_low
A 00488a R32 10a040 00000080 shared
A 004890 R8 10a109 00 shared
A 004898 R32 10a100 ffffffff shared
A 004890 R8 10a149 00 shared
A 004898 R32 10a140 00000000 shared
A 004890 R8 10a189 00 shared
A 004898 R32 10a180 00000000 shared
A 004890 R8 10a1c9 00 shared
A 004898 R32 10a1c0 00000000 shared
A 0048d0 R32 102dfc 0000486a work_low
A 00486a W32 102dfc 0000486e work_low
A 001c34 W32 102df8 00001c38 work_low
A 002166 R8 100400 00 work_low
A 00216a W32 102df4 0000216c work_low
A 0021a4 W32 102df0 000021a6 work_low
A 0021a8 W32 c06100 00000000 tilemap
A 0021aa W32 c06104 00000000 tilemap
A 0021ac W32 c06108 00000000 tilemap
A 0021ae W32 c0610c 00000000 tilemap
A 0021a8 W32 c06110 00000000 tilemap
A 0021aa W32 c06114 00000000 tilemap
A 0021ac W32 c06118 00000000 tilemap
A 0021ae W32 c0611c 00000000 tilemap
A 0021a8 W32 c06120 00000000 tilemap
A 0021aa W32 c06124 00000000 tilemap
A 0021ac W32 c06128 00000000 tilemap
A 0021ae W32 c0612c 00000000 tilemap
A 0021a8 W32 c06130 00000000 tilemap
A 0021aa W32 c06134 00000000 tilemap
A 0021ac W32 c06138 00000000 tilemap
A 0021ae W32 c0613c 00000000 tilemap
A 0021b4 R32 102df0 000021a6 work_low
A 0021a6 R32 102df4 0000216c work_low
A 00216c R8 100401 00 work_low
A 002172 W32 102df4 00002174 work_low
A 0021a4 W32 102df0 000021a6 work_low
A 0021a8 W32 c06140 00000000 tilemap
A 0021aa W32 c06144 00000000 tilemap
A 0021ac W32 c06148 00000000 tilemap
A 0021ae W32 c0614c 00000000 tilemap
A 0021a8 W32 c06150 00000000 tilemap
A 0021aa W32 c06154 00000000 tilemap
A 0021ac W32 c06158 00000000 tilemap
A 0021ae W32 c0615c 00000000 tilemap
A 0021a8 W32 c06160 00000000 tilemap
A 0021aa W32 c06164 00000000 tilemap
A 0021ac W32 c06168 00000000 tilemap
A 0021ae W32 c0616c 00000000 tilemap
A 0021a8 W32 c06170 00000000 tilemap
A 0021aa W32 c06174 00000000 tilemap
A 0021ac W32 c06178 00000000 tilemap
A 0021ae W32 c0617c 00000000 tilemap
A 0021b4 R32 102df0 000021a6 work_low
A 0021a6 R32 102df4 00002174 work_low
A 002174 R8 100401 00 work_low
A 002184 W32 c06180 003f005f tilemap
A 002186 W32 c06184 0f601060 tilemap
A 002188 W32 c06188 10601060 tilemap
A 00218a W32 c0618c 20400000 tilemap
A 002184 W32 c06190 00f808f4 tilemap
A 002186 W32 c06194 f20c020c tilemap
A 002188 W32 c06198 020c020c tilemap
A 00218a W32 c0619c 02040200 tilemap
A 002184 W32 c061a0 00400060 tilemap
A 002186 W32 c061a4 10601060 tilemap
A 002188 W32 c061a8 1060205f tilemap
A 00218a W32 c061ac 003f1f00 tilemap
A 002184 W32 c061b0 0004020c tilemap
A 002186 W32 c061b4 020c020c tilemap
A 002188 W32 c061b8 020c02f4 tilemap
A 00218a W32 c061bc 02f8fc00 tilemap
A 002190 R32 102df8 00001c38 work_low
A 001c3c R8 10040f 00 work_low
A 001c72 R16 100212 0000 work_low
A 001c7a R32 102dfc 0000486e work_low
A 00486e W32 102dfc 00004872 work_low
A 005852 R32 10a080 00040083 shared
A 005856 R32 10a040 00000080 shared
A 00585a R16 108002 078b shared
A 0058bc R16 1002de 0280 work_low
A 005906 R16 1002e0 0007 work_low
A 005938 R32 102dfc 00004872 work_low
A 004872 W32 102dfc 00004876 work_low
A 005636 R8 1002e6 00 work_low
A 005640 W8 1002e6 04 work_low
A 0056c4 R8 1002e7 00 work_low
A 0056c8 R32 10a080 00040083 shared
A 0056cc R32 10a040 00000080 shared
A 0056fc R8 1002e7 00 work_low
A 005726 R32 102dfc 00004876 work_low
A 004876 W32 102dfc 0000487a work_low
A 0026b8 R32 100500 00000000 work_low
A 0026b8 R32 100504 00000000 work_low
A 0026b8 R32 100508 00000000 work_low
A 0026b8 R32 10050c 00000000 work_low
A 0026b8 R32 100510 00000000 work_low
A 0026b8 R32 100514 00000000 work_low
A 0026b8 R32 100518 00000000 work_low
A 0026b8 R32 10051c 00000000 work_low
A 0026b8 R32 100520 00000000 work_low
A 0026b8 R32 100524 00000000 work_low
A 0026b8 R32 100528 00000000 work_low
A 0026b8 R32 10052c 00000000 work_low
A 0026b8 R32 100530 00000000 work_low
A 0026b8 R32 100534 00000000 work_low
A 0026b8 R32 100538 00000000 work_low
A 0026b8 R32 10053c 00000000 work_low
A 00272e R32 102dfc 0000487a work_low
A 00487a W32 102dfc 0000487e work_low
A 001a5e R16 1002d2 0000 work_low
A 001abc R32 102dfc 0000487e work_low
A 004880 W32 102dfc 00004884 work_low
A 00108a W16 102dfa 484e work_low
A 00108a W16 102df8 00c0 work_low
A 00108a W16 102df6 8000 work_low
A 00108a W16 102df4 0010 work_low
A 00108a W16 102df2 0300 work_low
A 00108a W16 102df0 0010 work_low
A 00108a W16 102dee a080 work_low
A 00108a W16 102dec 0010 work_low
A 00108a W16 102dea 3e9a work_low
A 00108a W16 102de8 0003 work_low
A 00108a W16 102de6 61c0 work_low
A 00108a W16 102de4 00c0 work_low
A 00108a W16 102de2 0540 work_low
A 00108a W16 102de0 0010 work_low
A 00108a W16 102dde ffff work_low
A 00108a W16 102ddc 0000 work_low
A 00108a W16 102dda 8b90 work_low
A 00108a W16 102dd8 7470 work_low
A 00108a W16 102dd6 04a0 work_low
A 00108a W16 102dd4 04a0 work_low
A 00108a W16 102dd2 017e work_low
A 00108a W16 102dd0 0000 work_low
A 00108a W16 102dce 0002 work_low
A 00108a W16 102dcc 0000 work_low
A 00108a W16 102dca 0007 work_low
A 00108a W16 102dc8 0000 work_low
A 00108a W16 102dc6 0001 work_low
A 00108a W16 102dc4 0000 work_low
A 00108a W16 102dc2 0000 work_low
A 00108a W16 102dc0 0000 work_low
A 001092 R16 100100 0050 work_low
A 001096 W16 100050 0001 work_low
A 001098 W32 100052 00102dc0 work_low
A 00109c R32 102dfc 00004884 work_low
A 00109c W32 100056 00004884 work_low
A 001056 R32 100102 00103eba work_low
A 00105a R16 100100 0050 work_low
A 001034 W16 100100 0060 work_low
A 00103c R16 100060 0001 work_low
A 001042 R16 100060 0001 work_low
A 001042 W16 100060 0000 work_low
A 001048 W32 100102 00103eba work_low
A 00104c R32 100062 00102ec0 work_low
A 001050 R32 102ec0 00000000 work_low
A 001050 R32 102ec4 00000001 work_low
A 001050 R32 102ec8 0000ffff work_low
A 001050 R32 102ecc 00000000 work_low
A 001050 R32 102ed0 00000000 work_low
A 001050 R32 102ed4 04a00242 work_low
A 001050 R32 102ed8 747086f0 work_low
A 001050 R32 102edc 0000a000 work_low
A 001050 R32 102ee0 00c08000 work_low
A 001050 R32 102ee4 0000fda2 work_low
A 001050 R32 102ee8 0002bd14 work_low
A 001050 R32 102eec 00100264 work_low
A 001050 R32 102ef0 0000d0a2 work_low
A 001050 R32 102ef4 00108000 work_low
A 001050 R32 102ef8 00c08000 work_low
A 001054 R32 102efc 0000603c work_low
A 00600e R8 10a009 00 shared
A 006032 W32 102efc 00006036 work_low
A 006106 R16 1002f0 0000 work_low
A 00610c R8 10a009 00 shared
A 006122 W32 102ef8 00006126 work_low
A 00617a R32 10028c 00000000 work_low
A 006182 R32 10027c 00000000 work_low
A 00618c R16 10a002 0000 shared
A 006198 R32 10026c 00000000 work_low
A 00619e R32 10025c 00000000 work_low
A 00619e W32 10025c 00000000 work_low
A 0061a0 W32 10026c 00000000 work_low
A 0061a4 R32 102ef8 00006126 work_low
A 006136 W32 102ef8 0000613a work_low
A 0061a6 R16 10025c 0000 work_low
A 0061c0 R32 102ef8 0000613a work_low
A 006144 W32 102ef8 00006148 work_low
A 00617a R32 100290 00000000 work_low
A 006182 R32 100280 00000000 work_low
A 00618c R16 10a002 0000 shared
A 006198 R32 100270 00000000 work_low
A 00619e R32 100260 00000000 work_low
A 00619e W32 100260 00000000 work_low
A 0061a0 W32 100270 00000000 work_low
A 0061a4 R32 102ef8 00006148 work_low
A 00614e R16 10029c 0003 work_low
A 00616c W32 102ef8 0000616e work_low
A 0061a6 R16 100260 0000 work_low
A 0061c0 R32 102ef8 0000616e work_low
A 006172 W32 102ef8 00006174 work_low
A 00617a R32 100294 00000000 work_low
A 006182 R32 100284 00000000 work_low
A 00618c R16 10a002 0000 shared
A 006198 R32 100274 00000000 work_low
A 00619e R32 100264 00000000 work_low
A 00619e W32 100264 00000000 work_low
A 0061a0 W32 100274 00000000 work_low
A 0061a4 R32 102ef8 00006174 work_low
A 006174 W32 102ef8 00006178 work_low
A 006262 R16 100264 0000 work_low
A 006280 R32 102ef8 00006178 work_low
A 006178 R32 102efc 00006036 work_low
A 006038 W32 102efc 0000603c work_low
A 00108a W16 102efa 8000 work_low
A 00108a W16 102ef8 00c0 work_low
A 00108a W16 102ef6 8000 work_low
A 00108a W16 102ef4 0010 work_low
A 00108a W16 102ef2 d0a2 work_low
A 00108a W16 102ef0 0000 work_low
A 00108a W16 102eee 0264 work_low
A 00108a W16 102eec 0010 work_low
A 00108a W16 102eea bd14 work_low
A 00108a W16 102ee8 0002 work_low
A 00108a W16 102ee6 fda2 work_low
A 00108a W16 102ee4 0000 work_low
A 00108a W16 102ee2 8000 work_low
A 00108a W16 102ee0 00c0 work_low
A 00108a W16 102ede a000 work_low
A 00108a W16 102edc 0000 work_low
A 00108a W16 102eda 86f0 work_low
A 00108a W16 102ed8 7470 work_low
A 00108a W16 102ed6 0242 work_low
A 00108a W16 102ed4 04a0 work_low
A 00108a W16 102ed2 0000 work_low
A 00108a W16 102ed0 0000 work_low
A 00108a W16 102ece 0000 work_low
A 00108a W16 102ecc 0000 work_low
A 00108a W16 102eca ffff work_low
A 00108a W16 102ec8 0000 work_low
A 00108a W16 102ec6 0001 work_low
A 00108a W16 102ec4 0000 work_low
A 00108a W16 102ec2 0000 work_low
A 00108a W16 102ec0 0000 work_low
A 001092 R16 100100 0060 work_low
A 001096 W16 100060 0001 work_low
A 001098 W32 100062 00102ec0 work_low
A 00109c R32 102efc 0000603c work_low
A 00109c W32 100066 0000603c work_low
A 001056 R32 100102 00103eba work_low
A 00105a R16 100100 0060 work_low
A 001034 W16 100100 0070 work_low
A 00103c R16 100070 0001 work_low
A 001042 R16 100070 0001 work_low
A 001042 W16 100070 0000 work_low
A 001048 W32 100102 00103eba work_low
A 00104c R32 100072 00102fc0 work_low
A 001050 R32 102fc0 00040003 work_low
A 001050 R32 102fc4 00000001 work_low
A 001050 R32 102fc8 00000000 work_low
A 001050 R32 102fcc 00048000 work_low
A 001050 R32 102fd0 0000007e work_low
A 001050 R32 102fd4 04a004a0 work_low
A 001050 R32 102fd8 74708b90 work_low
A 001050 R32 102fdc 0000a000 work_low
A 001050 R32 102fe0 0000507c work_low
A 001050 R32 102fe4 0010a100 work_low
A 001050 R32 102fe8 00109000 work_low
A 001050 R32 102fec 0010a080 work_low
A 001050 R32 102ff0 0002db52 work_low
A 001050 R32 102ff4 00108000 work_low
A 001050 R32 102ff8 000092ca work_low
A 001054 R32 102ffc 00004a40 work_low
A 004a18 W32 102ffc 00004a1c work_low
A 004e64 W16 1002c4 ffff work_low
A 004e70 R16 10a084 8000 shared
A 004e74 R16 10a104 8690 shared
A 004e82 R32 10a080 00040083 shared
A 004e86 R32 10a100 ffffffff shared
A 004e70 R16 10a084 8000 shared
A 004e74 R16 10a144 0000 shared
A 004e70 R16 10a084 8000 shared
A 004e74 R16 10a184 0000 shared
A 004e70 R16 10a084 8000 shared
A 004e74 R16 10a1c4 0000 shared
A 004eb6 R32 102ffc 00004a1c work_low
A 004a1c R8 108007 75 shared
A 004a24 R16 1002b8 ffff work_low
A 004a2a W32 102ffc 00004a2e work_low
A 004bf6 R16 10a052 0000 shared
A 004c06 R16 1002f2 0000 work_low
A 004c1e R16 10012c 0000 work_low
A 004c28 W16 1002f2 0000 work_low
A 004c2c W16 10a092 0000 shared
A 004c30 W16 1002b2 0000 work_low
A 004c34 R32 102ffc 00004a2e work_low
A 004a38 W32 102ffc 00004a3a work_low
A 004a48 R16 10a09a 0100 shared
A 004a4c R8 100218 00 work_low
A 004a54 R16 1002c6 0000 work_low
A 004a5a R16 1002c4 ffff work_low
A 004a62 R8 109100 00 shared
A 004ade W32 10a240 ffffffff shared
A 004ae6 W16 10a248 0000 shared
A 004aea R8 10a0bd 00 shared
A 004af2 R16 100218 0000 work_low
A 004af8 R8 10a248 00 shared
A 004b14 R16 1002c6 0000 work_low
A 004b42 R16 100246 0000 work_low
A 004b54 R8 10a0bc 00 shared
A 004b66 R16 1002b6 014a work_low
A 004b6a W16 10a08a 014a shared
A 004b6e R16 1002b8 ffff work_low
A 004b74 R32 10a040 00000080 shared
A 004b78 R32 1002fc 0012a800 work_low
B 004450 R16 10164a 806d sub_work
B 004450 W16 8005b8 806d road
B 004454 R16 10157a 8049 sub_work
B 004454 W16 8005ba 8049 road
B 004456 R16 101214 037d sub_work
B 004460 W16 8005bc 8b7d road
B 004462 R16 1013b6 2072 sub_work
B 004462 W16 8005be 2072 road
B 004244 R16 100b26 0000 sub_work
B 00424e R16 100a56 0000 sub_work
B 004446 R32 101a5e 008007f8 sub_work
B 004450 R16 10164c 8071 sub_work
B 004450 W16 8005c0 8071 road
B 004454 R16 10157c 804b sub_work
B 004454 W16 8005c2 804b road
B 004456 R16 101216 037f sub_work
B 004460 W16 8005c4 8b7f road
B 004462 R16 1013b8 2076 sub_work
B 004462 W16 8005c6 2076 road
B 004244 R16 100b28 0000 sub_work
B 00424e R16 100a58 0000 sub_work
B 004446 R32 101a5e 008007f8 sub_work
B 004450 R16 10164e 8075 sub_work
B 004450 W16 8005c8 8075 road
B 004454 R16 10157e 804e sub_work
B 004454 W16 8005ca 804e road
B 004456 R16 101218 0381 sub_work
B 004460 W16 8005cc 8b81 road
B 004462 R16 1013ba 207a sub_work
B 004462 W16 8005ce 207a road
B 004244 R16 100b2a 0000 sub_work
B 00424e R16 100a5a 0000 sub_work
B 004446 R32 101a5e 008007f8 sub_work
B 004450 R16 101650 8079 sub_work
B 004450 W16 8005d0 8079 road
B 004454 R16 101580 8050 sub_work
B 004454 W16 8005d2 8050 road
B 004456 R16 10121a 0383 sub_work
B 004460 W16 8005d4 8b83 road
B 004462 R16 1013bc 207e sub_work
B 004462 W16 8005d6 207e road
B 004244 R16 100b2c 0000 sub_work
B 00424e R16 100a5c 0000 sub_work
B 004446 R32 101a5e 008007f8 sub_work
B 004450 R16 101652 807c sub_work
B 004450 W16 8005d8 807c road
B 004454 R16 101582 8053 sub_work
B 004454 W16 8005da 8053 road
B 004456 R16 10121c 0385 sub_work
B 004460 W16 8005dc 8b85 road
B 004462 R16 1013be 2081 sub_work
B 004462 W16 8005de 2081 road
B 004244 R16 100b2e 0000 sub_work
B 00424e R16 100a5e 0000 sub_work
B 004446 R32 101a5e 008007f8 sub_work
B 004450 R16 101654 8080 sub_work
B 004450 W16 8005e0 8080 road
B 004454 R16 101584 8056 sub_work
B 004454 W16 8005e2 8056 road
B 004456 R16 10121e 0387 sub_work
B 004460 W16 8005e4 8b87 road
B 004462 R16 1013c0 2085 sub_work
B 004462 W16 8005e6 2085 road
B 004244 R16 100b30 0000 sub_work
B 00424e R16 100a60 0000 sub_work
B 004446 R32 101a5e 008007f8 sub_work
B 004450 R16 101656 8084 sub_work
B 004450 W16 8005e8 8084 road
B 004454 R16 101586 8058 sub_work
B 004454 W16 8005ea 8058 road
B 004456 R16 101220 0389 sub_work
B 004460 W16 8005ec 8b89 road
B 004462 R16 1013c2 2089 sub_work
B 004462 W16 8005ee 2089 road
B 004244 R16 100b32 0000 sub_work
B 00424e R16 100a62 0000 sub_work
B 004446 R32 101a5e 008007f8 sub_work
B 004450 R16 101658 8088 sub_work
B 004450 W16 8005f0 8088 road
B 004454 R16 101588 805b sub_work
B 004454 W16 8005f2 805b road
B 004456 R16 101222 038b sub_work
B 004460 W16 8005f4 8b8b road
B 004462 R16 1013c4 208d sub_work
B 004462 W16 8005f6 208d road
B 004244 R16 100b34 0000 sub_work
B 00424e R16 100a64 0000 sub_work
B 004446 R32 101a5e 008007f8 sub_work
B 004450 R16 10165a 808c sub_work
B 004450 W16 8005f8 808c road
B 004454 R16 10158a 805d sub_work
B 004454 W16 8005fa 805d road
B 004456 R16 101224 038d sub_work
B 004460 W16 8005fc 8b8d road
B 004462 R16 1013c6 1091 sub_work
B 004462 W16 8005fe 1091 road
B 004244 R16 100b36 0000 sub_work
B 00424e R16 100a66 0000 sub_work
B 004446 R32 101a5e 008007f8 sub_work
B 004450 R16 10165c 8090 sub_work
B 004450 W16 800600 8090 road
B 004454 R16 10158c 8060 sub_work
B 004454 W16 800602 8060 road
B 004456 R16 101226 038e sub_work
B 004460 W16 800604 8b8e road
B 004462 R16 1013c8 1095 sub_work
B 004462 W16 800606 1095 road
B 004244 R16 100b38 0000 sub_work
B 00424e R16 100a68 0000 sub_work
B 004446 R32 101a5e 008007f8 sub_work
B 004450 R16 10165e 8094 sub_work
B 004450 W16 800608 8094 road
B 004454 R16 10158e 8062 sub_work
B 004454 W16 80060a 8062 road
B 004456 R16 101228 0390 sub_work
B 004460 W16 80060c 8b90 road
B 004462 R16 1013ca 1099 sub_work
B 004462 W16 80060e 1099 road
B 004244 R16 100b3a 0000 sub_work
B 00424e R16 100a6a 0000 sub_work
B 004446 R32 101a5e 008007f8 sub_work
B 004450 R16 101660 8098 sub_work
B 004450 W16 800610 8098 road
B 004454 R16 101590 8065 sub_work
B 004454 W16 800612 8065 road
B 004456 R16 10122a 0392 sub_work
B 004460 W16 800614 8b92 road
B 004462 R16 1013cc 109d sub_work
B 004462 W16 800616 109d road
B 004244 R16 100b3c 0000 sub_work
B 00424e R16 100a6c 0000 sub_work
B 004446 R32 101a5e 008007f8 sub_work
B 004450 R16 101662 809b sub_work
B 004450 W16 800618 809b road
B 004454 R16 101592 8068 sub_work
B 004454 W16 80061a 8068 road
B 004456 R16 10122c 0394 sub_work
B 004460 W16 80061c 8b94 road
B 004462 R16 1013ce 10a1 sub_work
B 004462 W16 80061e 10a1 road
B 004244 R16 100b3e 0000 sub_work
B 00424e R16 100a6e 0000 sub_work
B 004446 R32 101a5e 008007f8 sub_work
B 004450 R16 101664 809f sub_work
B 004450 W16 800620 809f road
B 004454 R16 101594 806a sub_work
B 004454 W16 800622 806a road
B 004456 R16 10122e 0396 sub_work
B 004460 W16 800624 8b96 road
B 004462 R16 1013d0 10a5 sub_work
B 004462 W16 800626 10a5 road
B 004244 R16 100b40 0000 sub_work
B 00424e R16 100a70 0000 sub_work
B 004446 R32 101a5e 008007f8 sub_work
B 004450 R16 101666 80a3 sub_work
B 004450 W16 800628 80a3 road
B 004454 R16 101596 806d sub_work
B 004454 W16 80062a 806d road
B 004456 R16 101230 0398 sub_work
B 004460 W16 80062c 8b98 road
B 004462 R16 1013d2 10a8 sub_work
B 004462 W16 80062e 10a8 road
B 004244 R16 100b42 0000 sub_work
B 00424e R16 100a72 0000 sub_work
B 004446 R32 101a5e 008007f8 sub_work
B 004450 R16 101668 80a7 sub_work
B 004450 W16 800630 80a7 road
B 004454 R16 101598 806f sub_work
B 004454 W16 800632 806f road
B 004456 R16 101232 039a sub_work
B 004460 W16 800634 8b9a road
B 004462 R16 1013d4 10ac sub_work
B 004462 W16 800636 10ac road
B 004244 R16 100b44 0000 sub_work
B 00424e R16 100a74 0000 sub_work
B 004446 R32 101a5e 008007f8 sub_work
B 004450 R16 10166a 80ab sub_work
B 004450 W16 800638 80ab road
B 004454 R16 10159a 8072 sub_work
B 004454 W16 80063a 8072 road
B 004456 R16 101234 039c sub_work
B 004460 W16 80063c 8b9c road
B 004462 R16 1013d6 10b0 sub_work
B 004462 W16 80063e 10b0 road
B 004244 R16 100b46 0000 sub_work
B 00424e R16 100a76 0000 sub_work
B 004446 R32 101a5e 008007f8 sub_work
B 004450 R16 10166c 80af sub_work
B 004450 W16 800640 80af road
B 004454 R16 10159c 8075 sub_work
B 004454 W16 800642 8075 road
B 004456 R16 101236 039e sub_work
B 004460 W16 800644 8b9e road
B 004462 R16 1013d8 10b4 sub_work
B 004462 W16 800646 10b4 road
B 004244 R16 100b48 0000 sub_work
B 00424e R16 100a78 0000 sub_work
B 004446 R32 101a5e 008007f8 sub_work
B 004450 R16 10166e 80b3 sub_work
B 004450 W16 800648 80b3 road
B 004454 R16 10159e 8077 sub_work
B 004454 W16 80064a 8077 road
B 004456 R16 101238 03a0 sub_work
B 004460 W16 80064c 8ba0 road
B 004462 R16 1013da 10b8 sub_work
B 004462 W16 80064e 10b8 road
B 004244 R16 100b4a 0000 sub_work
B 00424e R16 100a7a 0000 sub_work
B 004446 R32 101a5e 008007f8 sub_work
B 004450 R16 101670 80b6 sub_work
B 004450 W16 800650 80b6 road
B 004454 R16 1015a0 807a sub_work
B 004454 W16 800652 807a road
B 004456 R16 10123a 03a2 sub_work
B 004460 W16 800654 8ba2 road
B 004462 R16 1013dc 10bc sub_work
B 004462 W16 800656 10bc road
B 004244 R16 100b4c 0000 sub_work
B 00424e R16 100a7c 0000 sub_work
B 004446 R32 101a5e 008007f8 sub_work
B 004450 R16 101672 80ba sub_work
B 004450 W16 800658 80ba road
B 004454 R16 1015a2 807c sub_work
B 004454 W16 80065a 807c road
B 004456 R16 10123c 03a4 sub_work
B 004460 W16 80065c 8ba4 road
B 004462 R16 1013de 10c0 sub_work
B 004462 W16 80065e 10c0 road
B 004244 R16 100b4e 0000 sub_work
B 00424e R16 100a7e 0000 sub_work
B 004446 R32 101a5e 008007f8 sub_work
B 004450 R16 101674 80be sub_work
B 004450 W16 800660 80be road
B 004454 R16 1015a4 807f sub_work
B 004454 W16 800662 807f road
B 004456 R16 10123e 03a6 sub_work
B 004460 W16 800664 8ba6 road
B 004462 R16 1013e0 10c4 sub_work
B 004462 W16 800666 10c4 road
B 004244 R16 100b50 0000 sub_work
B 00424e R16 100a80 0000 sub_work
B 004446 R32 101a5e 008007f8 sub_work
B 004450 R16 101676 80c2 sub_work
B 004450 W16 800668 80c2 road
B 004454 R16 1015a6 8081 sub_work
B 004454 W16 80066a 8081 road
B 004456 R16 101240 03a8 sub_work
B 004460 W16 80066c 8ba8 road
B 004462 R16 1013e2 10c8 sub_work
B 004462 W16 80066e 10c8 road
B 004244 R16 100b52 0000 sub_work
B 00424e R16 100a82 0000 sub_work
B 004446 R32 101a5e 008007f8 sub_work
B 004450 R16 101678 80c6 sub_work
B 004450 W16 800670 80c6 road
B 004454 R16 1015a8 8084 sub_work
B 004454 W16 800672 8084 road
B 004456 R16 101242 03aa sub_work
B 004460 W16 800674 8baa road
B 004462 R16 1013e4 10cc sub_work
B 004462 W16 800676 10cc road
B 004244 R16 100b54 0000 sub_work
B 00424e R16 100a84 0000 sub_work
B 004446 R32 101a5e 008007f8 sub_work
B 004450 R16 10167a 80ca sub_work
B 004450 W16 800678 80ca road
B 004454 R16 1015aa 8087 sub_work
B 004454 W16 80067a 8087 road
B 004456 R16 101244 03ac sub_work
B 004460 W16 80067c 8bac road
B 004462 R16 1013e6 10d0 sub_work
B 004462 W16 80067e 10d0 road
B 004244 R16 100b56 0000 sub_work
B 00424e R16 100a86 0000 sub_work
B 004446 R32 101a5e 008007f8 sub_work
B 004450 R16 10167c 80ce sub_work
B 004450 W16 800680 80ce road
B 004454 R16 1015ac 8089 sub_work
B 004454 W16 800682 8089 road
B 004456 R16 101246 03ae sub_work
B 004460 W16 800684 8bae road
B 004462 R16 1013e8 00d3 sub_work
B 004462 W16 800686 00d3 road
B 004244 R16 100b58 0000 sub_work
B 00424e R16 100a88 0000 sub_work
B 004446 R32 101a5e 008007f8 sub_work
B 004450 R16 10167e 80d2 sub_work
B 004450 W16 800688 80d2 road
B 004454 R16 1015ae 808c sub_work
B 004454 W16 80068a 808c road
B 004456 R16 101248 03af sub_work
B 004460 W16 80068c 8baf road
B 004462 R16 1013ea 00d7 sub_work
B 004462 W16 80068e 00d7 road
B 004244 R16 100b5a 0000 sub_work
B 00424e R16 100a8a 0000 sub_work
B 004446 R32 101a5e 008007f8 sub_work
B 004450 R16 101680 80d5 sub_work
B 004450 W16 800690 80d5 road
B 004454 R16 1015b0 808e sub_work
B 004454 W16 800692 808e road
B 004456 R16 10124a 03b1 sub_work
B 004460 W16 800694 8bb1 road
B 004462 R16 1013ec 00db sub_work
B 004462 W16 800696 00db road
B 004244 R16 100b5c 0000 sub_work
B 00424e R16 100a8c 0000 sub_work
B 004446 R32 101a5e 008007f8 sub_work
B 004450 R16 101682 80d9 sub_work
B 004450 W16 800698 80d9 road
B 004454 R16 1015b2 8091 sub_work
B 004454 W16 80069a 8091 road
B 004456 R16 10124c 03b3 sub_work
B 004460 W16 80069c 8bb3 road
B 004462 R16 1013ee 00df sub_work
B 004462 W16 80069e 00df road
B 004244 R16 100b5e 0000 sub_work
B 00424e R16 100a8e 0000 sub_work
B 004446 R32 101a5e 008007f8 sub_work
B 004450 R16 101684 80dd sub_work
B 004450 W16 8006a0 80dd road
B 004454 R16 1015b4 8093 sub_work
B 004454 W16 8006a2 8093 road
B 004456 R16 10124e 03b5 sub_work
B 004460 W16 8006a4 8bb5 road
B 004462 R16 1013f0 00e3 sub_work
B 004462 W16 8006a6 00e3 road
B 004244 R16 100b60 0000 sub_work
B 00424e R16 100a90 0000 sub_work
B 004446 R32 101a5e 008007f8 sub_work
B 004450 R16 101686 80e1 sub_work
B 004450 W16 8006a8 80e1 road
B 004454 R16 1015b6 8096 sub_work
B 004454 W16 8006aa 8096 road
B 004456 R16 101250 03b7 sub_work
B 004460 W16 8006ac 8bb7 road
B 004462 R16 1013f2 00e7 sub_work
B 004462 W16 8006ae 00e7 road
B 004244 R16 100b62 0000 sub_work
B 00424e R16 100a92 0000 sub_work
B 004446 R32 101a5e 008007f8 sub_work
B 004450 R16 101688 80e5 sub_work
B 004450 W16 8006b0 80e5 road
B 004454 R16 1015b8 8099 sub_work
B 004454 W16 8006b2 8099 road
B 004456 R16 101252 03b9 sub_work
B 004460 W16 8006b4 8bb9 road
B 004462 R16 1013f4 00eb sub_work
B 004462 W16 8006b6 00eb road
B 004244 R16 100b64 0000 sub_work
B 00424e R16 100a94 0000 sub_work
B 004446 R32 101a5e 008007f8 sub_work
B 004450 R16 10168a 80e9 sub_work
B 004450 W16 8006b8 80e9 road
B 004454 R16 1015ba 809b sub_work
B 004454 W16 8006ba 809b road
B 004456 R16 101254 03bb sub_work
B 004460 W16 8006bc 8bbb road
B 004462 R16 1013f6 00ef sub_work
B 004462 W16 8006be 00ef road
B 004244 R16 100b66 0000 sub_work
B 00424e R16 100a96 0000 sub_work
B 004446 R32 101a5e 008007f8 sub_work
B 004450 R16 10168c 80ed sub_work
B 004450 W16 8006c0 80ed road
B 004454 R16 1015bc 809e sub_work
B 004454 W16 8006c2 809e road
B 004456 R16 101256 03bd sub_work
B 004460 W16 8006c4 8bbd road
B 004462 R16 1013f8 00f3 sub_work
B 004462 W16 8006c6 00f3 road
B 004244 R16 100b68 0000 sub_work
B 00424e R16 100a98 0000 sub_work
B 004446 R32 101a5e 008007f8 sub_work
B 004450 R16 10168e 80f1 sub_work
B 004450 W16 8006c8 80f1 road
B 004454 R16 1015be 80a0 sub_work
B 004454 W16 8006ca 80a0 road
B 004456 R16 101258 03bf sub_work
B 004460 W16 8006cc 8bbf road
B 004462 R16 1013fa 00f7 sub_work
B 004462 W16 8006ce 00f7 road
B 004244 R16 100b6a 0000 sub_work
B 00424e R16 100a9a 0000 sub_work
B 004446 R32 101a5e 008007f8 sub_work
B 004450 R16 101690 80f4 sub_work
B 004450 W16 8006d0 80f4 road
B 004454 R16 1015c0 80a3 sub_work
B 004454 W16 8006d2 80a3 road
B 004456 R16 10125a 03c1 sub_work
B 004460 W16 8006d4 8bc1 road
B 004462 R16 1013fc 00fb sub_work
B 004462 W16 8006d6 00fb road
B 004244 R16 100b6c 0000 sub_work
B 00424e R16 100a9c 0000 sub_work
B 004446 R32 101a5e 008007f8 sub_work
B 004450 R16 101692 80f8 sub_work
B 004450 W16 8006d8 80f8 road
B 004454 R16 1015c2 80a6 sub_work
B 004454 W16 8006da 80a6 road
B 004456 R16 10125c 03c3 sub_work
B 004460 W16 8006dc 8bc3 road
B 004462 R16 1013fe 00fe sub_work
B 004462 W16 8006de 00fe road
B 004244 R16 100b6e 0000 sub_work
B 00424e R16 100a9e 0000 sub_work
B 004446 R32 101a5e 008007f8 sub_work
B 004450 R16 101694 80fc sub_work
B 004450 W16 8006e0 80fc road
B 004454 R16 1015c4 80a8 sub_work
B 004454 W16 8006e2 80a8 road
B 004456 R16 10125e 03c5 sub_work
B 004460 W16 8006e4 8bc5 road
B 004462 R16 101400 0102 sub_work
B 004462 W16 8006e6 0102 road
B 004244 R16 100b70 0000 sub_work
B 00424e R16 100aa0 0000 sub_work
B 004446 R32 101a5e 008007f8 sub_work
B 004450 R16 101696 8100 sub_work
B 004450 W16 8006e8 8100 road
B 004454 R16 1015c6 80ab sub_work
B 004454 W16 8006ea 80ab road
B 004456 R16 101260 03c7 sub_work
B 004460 W16 8006ec 8bc7 road
B 004462 R16 101402 0106 sub_work
B 004462 W16 8006ee 0106 road
B 004244 R16 100b72 0000 sub_work
B 00424e R16 100aa2 0000 sub_work
B 004446 R32 101a5e 008007f8 sub_work
B 004450 R16 101698 8104 sub_work
B 004450 W16 8006f0 8104 road
B 004454 R16 1015c8 80ad sub_work
B 004454 W16 8006f2 80ad road
B 004456 R16 101262 03c9 sub_work
B 004460 W16 8006f4 8bc9 road
B 004462 R16 101404 010a sub_work
B 004462 W16 8006f6 010a road
B 004244 R16 100b74 0000 sub_work
B 00424e R16 100aa4 0000 sub_work
B 004446 R32 101a5e 008007f8 sub_work
B 004450 R16 10169a 8108 sub_work
B 004450 W16 8006f8 8108 road
B 004454 R16 1015ca 80b0 sub_work
B 004454 W16 8006fa 80b0 road
B 004456 R16 101264 03cb sub_work
B 004460 W16 8006fc 8bcb road
B 004462 R16 101406 010e sub_work
B 004462 W16 8006fe 010e road
B 004244 R16 100b76 0000 sub_work
B 00424e R16 100aa6 0000 sub_work
B 004446 R32 101a5e 008007f8 sub_work
B 004450 R16 10169c 810c sub_work
B 004450 W16 800700 810c road
B 004454 R16 1015cc 80b2 sub_work
B 004454 W16 800702 80b2 road
B 004456 R16 101266 03cd sub_work
B 004460 W16 800704 8bcd road
B 004462 R16 101408 0112 sub_work
B 004462 W16 800706 0112 road
B 004244 R16 100b78 0000 sub_work
B 00424e R16 100aa8 0000 sub_work
B 004446 R32 101a5e 008007f8 sub_work
B 004450 R16 10169e 8110 sub_work
B 004450 W16 800708 8110 road
B 004454 R16 1015ce 80b5 sub_work
B 004454 W16 80070a 80b5 road
B 004456 R16 101268 03cf sub_work
B 004460 W16 80070c 8bcf road
B 004462 R16 10140a 0116 sub_work
B 004462 W16 80070e 0116 road
B 004244 R16 100b7a 0000 sub_work
B 00424e R16 100aaa 0000 sub_work
B 004446 R32 101a5e 008007f8 sub_work
B 004450 R16 1016a0 8113 sub_work
B 004450 W16 800710 8113 road
B 004454 R16 1015d0 80b8 sub_work
B 004454 W16 800712 80b8 road
B 004456 R16 10126a 03d1 sub_work
B 004460 W16 800714 8bd1 road
B 004462 R16 10140c 011a sub_work
B 004462 W16 800716 011a road
B 004244 R16 100b7c 0000 sub_work
B 00424e R16 100aac 0000 sub_work
B 004446 R32 101a5e 008007f8 sub_work
B 004450 R16 1016a2 8117 sub_work
B 004450 W16 800718 8117 road
B 004454 R16 1015d2 80ba sub_work
B 004454 W16 80071a 80ba road
B 004456 R16 10126c 03d2 sub_work
B 004460 W16 80071c 8bd2 road
B 004462 R16 10140e 011e sub_work
B 004462 W16 80071e 011e road
B 004244 R16 100b7e 0000 sub_work
B 00424e R16 100aae 0000 sub_work
B 004446 R32 101a5e 008007f8 sub_work
B 004450 R16 1016a4 811b sub_work
B 004450 W16 800720 811b road
B 004454 R16 1015d4 80bd sub_work
B 004454 W16 800722 80bd road
B 004456 R16 10126e 03d4 sub_work
B 004460 W16 800724 8bd4 road
B 004462 R16 101410 0122 sub_work
B 004462 W16 800726 0122 road
B 004244 R16 100b80 0000 sub_work
B 00424e R16 100ab0 0000 sub_work
B 004446 R32 101a5e 008007f8 sub_work
B 004450 R16 1016a6 811f sub_work
B 004450 W16 800728 811f road
B 004454 R16 1015d6 80bf sub_work
B 004454 W16 80072a 80bf road
B 004456 R16 101270 03d6 sub_work
B 004460 W16 80072c 8bd6 road
B 004462 R16 101412 0126 sub_work
B 004462 W16 80072e 0126 road
B 004244 R16 100b82 0000 sub_work
B 00424e R16 100ab2 0000 sub_work
B 004446 R32 101a5e 008007f8 sub_work
B 004450 R16 1016a8 8123 sub_work
B 004450 W16 800730 8123 road
B 004454 R16 1015d8 80c2 sub_work
B 004454 W16 800732 80c2 road
B 004456 R16 101272 03d8 sub_work
B 004460 W16 800734 8bd8 road
B 004462 R16 101414 0129 sub_work
B 004462 W16 800736 0129 road
B 004244 R16 100b84 0000 sub_work
B 00424e R16 100ab4 0000 sub_work
B 004446 R32 101a5e 008007f8 sub_work
B 004450 R16 1016aa 8127 sub_work
B 004450 W16 800738 8127 road
B 004454 R16 1015da 80c5 sub_work
B 004454 W16 80073a 80c5 road
B 004456 R16 101274 03da sub_work
B 004460 W16 80073c 8bda road
B 004462 R16 101416 012d sub_work
B 004462 W16 80073e 012d road
B 004244 R16 100b86 0000 sub_work
B 00424e R16 100ab6 0000 sub_work
B 004446 R32 101a5e 008007f8 sub_work
B 004450 R16 1016ac 812b sub_work
B 004450 W16 800740 812b road
B 004454 R16 1015dc 80c7 sub_work
B 004454 W16 800742 80c7 road
B 004456 R16 101276 03dc sub_work
B 004460 W16 800744 8bdc road
B 004462 R16 101418 0131 sub_work
B 004462 W16 800746 0131 road
B 004244 R16 100b88 0000 sub_work
B 00424e R16 100ab8 0000 sub_work
B 004446 R32 101a5e 008007f8 sub_work
B 004450 R16 1016ae 812f sub_work
B 004450 W16 800748 812f road
B 004454 R16 1015de 80ca sub_work
B 004454 W16 80074a 80ca road
B 004456 R16 101278 03de sub_work
B 004460 W16 80074c 8bde road
B 004462 R16 10141a 0135 sub_work
B 004462 W16 80074e 0135 road
B 004244 R16 100b8a 0000 sub_work
B 00424e R16 100aba 0000 sub_work
B 004446 R32 101a5e 008007f8 sub_work
B 004450 R16 1016b0 8132 sub_work
B 004450 W16 800750 8132 road
B 004454 R16 1015e0 80cc sub_work
B 004454 W16 800752 80cc road
B 004456 R16 10127a 03e0 sub_work
B 004460 W16 800754 8be0 road
B 004462 R16 10141c 0139 sub_work
B 004462 W16 800756 0139 road
B 004244 R16 100b8c 0000 sub_work
B 00424e R16 100abc 0000 sub_work
B 004446 R32 101a5e 008007f8 sub_work
B 004450 R16 1016b2 8136 sub_work
B 004450 W16 800758 8136 road
B 004454 R16 1015e2 80cf sub_work
B 004454 W16 80075a 80cf road
B 004456 R16 10127c 03e2 sub_work
B 004460 W16 80075c 8be2 road
B 004462 R16 10141e 013d sub_work
B 004462 W16 80075e 013d road
B 004244 R16 100b8e 0000 sub_work
B 00424e R16 100abe 0000 sub_work
B 004446 R32 101a5e 008007f8 sub_work
B 004450 R16 1016b4 813a sub_work
B 004450 W16 800760 813a road
B 004454 R16 1015e4 80d1 sub_work
B 004454 W16 800762 80d1 road
B 004456 R16 10127e 03e4 sub_work
B 004460 W16 800764 8be4 road
B 004462 R16 101420 0141 sub_work
B 004462 W16 800766 0141 road
B 004244 R16 100b90 0000 sub_work
B 00424e R16 100ac0 0000 sub_work
B 004446 R32 101a5e 008007f8 sub_work
B 004450 R16 1016b6 813e sub_work
B 004450 W16 800768 813e road
B 004454 R16 1015e6 80d4 sub_work
B 004454 W16 80076a 80d4 road
B 004456 R16 101280 03e6 sub_work
B 004460 W16 80076c 8be6 road
B 004462 R16 101422 0145 sub_work
B 004462 W16 80076e 0145 road
B 004244 R16 100b92 0000 sub_work
B 00424e R16 100ac2 0000 sub_work
B 004446 R32 101a5e 008007f8 sub_work
B 004450 R16 1016b8 8142 sub_work
B 004450 W16 800770 8142 road
B 004454 R16 1015e8 80d7 sub_work
B 004454 W16 800772 80d7 road
B 004456 R16 101282 03e8 sub_work
B 004460 W16 800774 8be8 road
B 004462 R16 101424 0149 sub_work
B 004462 W16 800776 0149 road
B 004244 R16 100b94 0000 sub_work
B 00424e R16 100ac4 0000 sub_work
B 004446 R32 101a5e 008007f8 sub_work
B 004450 R16 1016ba 8146 sub_work
B 004450 W16 800778 8146 road
B 004454 R16 1015ea 80d9 sub_work
B 004454 W16 80077a 80d9 road
B 004456 R16 101284 03ea sub_work
B 004460 W16 80077c 8bea road
B 004462 R16 101426 014d sub_work
B 004462 W16 80077e 014d road
B 004244 R16 100b96 0000 sub_work
B 00424e R16 100ac6 0000 sub_work
B 004446 R32 101a5e 008007f8 sub_work
B 004450 R16 1016bc 814a sub_work
B 004450 W16 800780 814a road
B 004454 R16 1015ec 80dc sub_work
B 004454 W16 800782 80dc road
B 004456 R16 101286 03ec sub_work
B 004460 W16 800784 8bec road
B 004462 R16 101428 0150 sub_work
B 004462 W16 800786 0150 road
B 004244 R16 100b98 0000 sub_work
B 00424e R16 100ac8 0000 sub_work
B 004446 R32 101a5e 008007f8 sub_work
B 004450 R16 1016be 814e sub_work
B 004450 W16 800788 814e road
B 004454 R16 1015ee 80de sub_work
B 004454 W16 80078a 80de road
B 004456 R16 101288 03ee sub_work
B 004460 W16 80078c 8bee road
B 004462 R16 10142a 0154 sub_work
B 004462 W16 80078e 0154 road
B 004244 R16 100b9a 0000 sub_work
B 00424e R16 100aca 0000 sub_work
B 004446 R32 101a5e 008007f8 sub_work
B 004450 R16 1016c0 8151 sub_work
B 004450 W16 800790 8151 road
B 004454 R16 1015f0 80e1 sub_work
B 004454 W16 800792 80e1 road
B 004456 R16 10128a 03f0 sub_work
B 004460 W16 800794 8bf0 road
B 004462 R16 10142c 0158 sub_work
B 004462 W16 800796 0158 road
B 004244 R16 100b9c 0000 sub_work
B 00424e R16 100acc 0000 sub_work
B 004446 R32 101a5e 008007f8 sub_work
B 004450 R16 1016c2 8155 sub_work
B 004450 W16 800798 8155 road
A 004b82 R16 1002d2 0000 work_low
A 004b88 R32 10a080 00040083 shared
A 004b8a R32 10a040 00000080 shared
A 004bdc R8 10040f 00 work_low
A 004be4 R16 1002ae 000e work_low
A 004bf4 R32 102ffc 00004a3a work_low
A 004a3c W32 102ffc 00004a40 work_low
A 00108a W16 102ffa 92ca work_low
A 00108a W16 102ff8 0000 work_low
A 00108a W16 102ff6 8000 work_low
A 00108a W16 102ff4 0010 work_low
A 00108a W16 102ff2 db52 work_low
A 00108a W16 102ff0 0002 work_low
A 00108a W16 102fee a080 work_low
A 00108a W16 102fec 0010 work_low
A 00108a W16 102fea 9000 work_low
A 00108a W16 102fe8 0010 work_low
A 00108a W16 102fe6 a100 work_low
A 00108a W16 102fe4 0010 work_low
A 00108a W16 102fe2 507c work_low
A 00108a W16 102fe0 0000 work_low
A 00108a W16 102fde a000 work_low
A 00108a W16 102fdc 0000 work_low
A 00108a W16 102fda 8b90 work_low
A 00108a W16 102fd8 7470 work_low
A 00108a W16 102fd6 04a0 work_low
A 00108a W16 102fd4 04a0 work_low
A 00108a W16 102fd2 007e work_low
A 00108a W16 102fd0 0000 work_low
A 00108a W16 102fce 8000 work_low
A 00108a W16 102fcc 0004 work_low
A 00108a W16 102fca 0000 work_low
A 00108a W16 102fc8 0000 work_low
A 00108a W16 102fc6 0001 work_low
A 00108a W16 102fc4 0000 work_low
A 00108a W16 102fc2 0003 work_low
A 00108a W16 102fc0 0004 work_low
A 001092 R16 100100 0070 work_low
A 001096 W16 100070 0001 work_low
A 001098 W32 100072 00102fc0 work_low
A 00109c R32 102ffc 00004a40 work_low
A 00109c W32 100076 00004a40 work_low
A 001056 R32 100102 00103eba work_low
A 00105a R16 100100 0070 work_low
A 001034 W16 100100 0080 work_low
A 00103c R16 100080 0000 work_low
A 00105a R16 100100 0080 work_low
A 001034 W16 100100 0090 work_low
A 00103c R16 100090 0000 work_low
A 00105a R16 100100 0090 work_low
A 001034 W16 100100 00a0 work_low
A 00103c R16 1000a0 0000 work_low
A 00105a R16 100100 00a0 work_low
A 001034 W16 100100 00b0 work_low
A 00103c R16 1000b0 0000 work_low
A 00105a R16 100100 00b0 work_low
A 001034 W16 100100 00c0 work_low
A 00103c R16 1000c0 0000 work_low
A 00105a R16 100100 00c0 work_low
A 001034 W16 100100 00d0 work_low
A 00103c R16 1000d0 0000 work_low
A 00105a R16 100100 00d0 work_low
A 001034 W16 100100 00e0 work_low
A 00103c R16 1000e0 0000 work_low
A 00105a R16 100100 00e0 work_low
A 001034 W16 100100 00f0 work_low
A 00103c R16 1000f0 0001 work_low
A 001042 R16 1000f0 0001 work_low
A 001042 W16 1000f0 0000 work_low
A 001048 W32 100102 00103eba work_low
A 00104c R32 1000f2 001037c0 work_low
A 001050 R32 1037c0 0000003c work_low
A 001050 R32 1037c4 00000001 work_low
A 001050 R32 1037c8 0000ffff work_low
A 001050 R32 1037cc aa55a5a5 work_low
A 001050 R32 1037d0 00003007 work_low
A 001050 R32 1037d4 00000000 work_low
A 001050 R32 1037d8 00000000 work_low
A 001050 R32 1037dc 00000005 work_low
A 001050 R32 1037e0 00c00ed2 work_low
A 001050 R32 1037e4 001037fc work_low
A 001050 R32 1037e8 00a00000 work_low
A 001050 R32 1037ec 00a00002 work_low
A 001050 R32 1037f0 00000000 work_low
A 001050 R32 1037f4 00108000 work_low
A 001050 R32 1037f8 00c00000 work_low
A 001054 R32 1037fc 00001442 work_low
A 0013fa R16 10011e 0000 work_low
A 00141a R16 100122 0000 work_low
A 00143e W32 1037fc 00001442 work_low
A 00108a W16 1037fa 0000 work_low
A 00108a W16 1037f8 00c0 work_low
A 00108a W16 1037f6 8000 work_low
A 00108a W16 1037f4 0010 work_low
A 00108a W16 1037f2 0000 work_low
A 00108a W16 1037f0 0000 work_low
A 00108a W16 1037ee 0002 work_low
A 00108a W16 1037ec 00a0 work_low
A 00108a W16 1037ea 0000 work_low
A 00108a W16 1037e8 00a0 work_low
A 00108a W16 1037e6 37fc work_low
A 00108a W16 1037e4 0010 work_low
A 00108a W16 1037e2 0ed2 work_low
A 00108a W16 1037e0 00c0 work_low
A 00108a W16 1037de 0005 work_low
A 00108a W16 1037dc 0000 work_low
A 00108a W16 1037da 0000 work_low
A 00108a W16 1037d8 0000 work_low
A 00108a W16 1037d6 0000 work_low
A 00108a W16 1037d4 0000 work_low
A 00108a W16 1037d2 3007 work_low
A 00108a W16 1037d0 0000 work_low
A 00108a W16 1037ce a5a5 work_low
A 00108a W16 1037cc aa55 work_low
A 00108a W16 1037ca ffff work_low
A 00108a W16 1037c8 0000 work_low
A 00108a W16 1037c6 0001 work_low
A 00108a W16 1037c4 0000 work_low
A 00108a W16 1037c2 003c work_low
A 00108a W16 1037c0 0000 work_low
A 001092 R16 100100 00f0 work_low
A 001096 W16 1000f0 0001 work_low
A 001098 W32 1000f2 001037c0 work_low
A 00109c R32 1037fc 00001442 work_low
A 00109c W32 1000f6 00001442 work_low
A 001056 R32 100102 00103eba work_low
A 00105a R16 100100 00f0 work_low
A 001068 R32 103eba 000002dc work_low
A 0002e4 W8 10171c 00 work_low
A 0002e8 R8 1001f4 00 work_low
A 0002ee W8 1001f4 ff work_low
A 0002f4 W32 103eba 000002fa work_low
A 040096 R16 108092 0000 shared
A 04009e R16 10801a ffff shared
A 0400ae R8 101803 91 work_low
A 0400c8 R32 103eba 000002fa work_low
A 0002fa W8 1001f4 00 work_low
A 0002fe R32 103ebe 0000ffaa work_low
A 0002fe R32 103ec2 0000ffff work_low
A 0002fe R32 103ec6 00000000 work_low
A 0002fe R32 103eca aa55ffff work_low
A 0002fe R32 103ece ffffffff work_low
A 0002fe R32 103ed2 a5a5aa55 work_low
A 0002fe R32 103ed6 a5a5ba55 work_low
A 0002fe R32 103eda 0010bf00 work_low
A 0002fe R32 103ede 00100608 work_low
A 0002fe R32 103ee2 0002002f work_low
A 0002fe R32 103ee6 00040ab6 work_low
A 0002fe R32 103eea 00101960 work_low
A 0002fe R32 103eee 00000000 work_low
A 0002fe R32 103ef2 00108000 work_low
A 0002fe R32 103ef6 00c00000 work_low
A 000302 R16 103efa 2000 work_low
A 000302 R32 103efc 00000252 work_low
B 004454 R16 1015f2 80e4 sub_work
B 004454 W16 80079a 80e4 road
B 004456 R16 10128c 03f2 sub_work
B 004460 W16 80079c 8bf2 road
B 004462 R16 10142e 015c sub_work
B 004462 W16 80079e 015c road
B 004244 R16 100b9e 0000 sub_work
B 00424e R16 100ace 0000 sub_work
B 004446 R32 101a5e 008007f8 sub_work
B 004450 R16 1016c4 8159 sub_work
B 004450 W16 8007a0 8159 road
B 004454 R16 1015f4 80e6 sub_work
B 004454 W16 8007a2 80e6 road
B 004456 R16 10128e 03f4 sub_work
B 004460 W16 8007a4 8bf4 road
B 004462 R16 101430 0160 sub_work
B 004462 W16 8007a6 0160 road
B 004244 R16 100ba0 0000 sub_work
B 00424e R16 100ad0 0000 sub_work
B 004446 R32 101a5e 008007f8 sub_work
B 004450 R16 1016c6 815d sub_work
B 004450 W16 8007a8 815d road
B 004454 R16 1015f6 80e9 sub_work
B 004454 W16 8007aa 80e9 road
B 004456 R16 101290 03f5 sub_work
B 004460 W16 8007ac 8bf5 road
B 004462 R16 101432 0164 sub_work
B 004462 W16 8007ae 0164 road
B 004244 R16 100ba2 0000 sub_work
B 00424e R16 100ad2 0000 sub_work
B 004446 R32 101a5e 008007f8 sub_work
B 004450 R16 1016c8 8161 sub_work
B 004450 W16 8007b0 8161 road
B 004454 R16 1015f8 80eb sub_work
B 004454 W16 8007b2 80eb road
B 004456 R16 101292 03f7 sub_work
B 004460 W16 8007b4 8bf7 road
B 004462 R16 101434 0168 sub_work
B 004462 W16 8007b6 0168 road
B 004244 R16 100ba4 0000 sub_work
B 00424e R16 100ad4 0000 sub_work
B 004446 R32 101a5e 008007f8 sub_work
B 004450 R16 1016ca 8165 sub_work
B 004450 W16 8007b8 8165 road
B 004454 R16 1015fa 80ee sub_work
B 004454 W16 8007ba 80ee road
B 004456 R16 101294 03f9 sub_work
B 004460 W16 8007bc 8bf9 road
B 004462 R16 101436 016c sub_work
B 004462 W16 8007be 016c road
B 004244 R16 100ba6 0000 sub_work
B 00424e R16 100ad6 0000 sub_work
B 004446 R32 101a5e 008007f8 sub_work
B 004450 R16 1016cc 8169 sub_work
B 004450 W16 8007c0 8169 road
B 004454 R16 1015fc 80f0 sub_work
B 004454 W16 8007c2 80f0 road
B 004456 R16 101296 03fb sub_work
B 004460 W16 8007c4 8bfb road
B 004462 R16 101438 0170 sub_work
B 004462 W16 8007c6 0170 road
B 004244 R16 100ba8 0000 sub_work
B 00424e R16 100ad8 0000 sub_work
B 004446 R32 101a5e 008007f8 sub_work
B 004450 R16 1016ce 816d sub_work
B 004450 W16 8007c8 816d road
B 004454 R16 1015fe 80f3 sub_work
B 004454 W16 8007ca 80f3 road
B 004456 R16 101298 03fd sub_work
B 004460 W16 8007cc 8bfd road
B 004462 R16 10143a 0174 sub_work
B 004462 W16 8007ce 0174 road
B 004244 R16 100baa 0000 sub_work
B 00424e R16 100ada 0000 sub_work
B 004446 R32 101a5e 008007f8 sub_work
B 004450 R16 1016d0 8170 sub_work
B 004450 W16 8007d0 8170 road
B 004454 R16 101600 80f6 sub_work
B 004454 W16 8007d2 80f6 road
B 004456 R16 10129a 03ff sub_work
B 004460 W16 8007d4 8bff road
B 004462 R16 10143c 0178 sub_work
B 004462 W16 8007d6 0178 road
B 004244 R16 100bac 0000 sub_work
B 00424e R16 100adc 0000 sub_work
B 004446 R32 101a5e 008007f8 sub_work
B 004450 R16 1016d2 8174 sub_work
B 004450 W16 8007d8 8174 road
B 004454 R16 101602 80f8 sub_work
B 004454 W16 8007da 80f8 road
B 004456 R16 10129c 0401 sub_work
B 004460 W16 8007dc 8c01 road
B 004462 R16 10143e 017b sub_work
B 004462 W16 8007de 017b road
B 004244 R16 100bae 0000 sub_work
B 00424e R16 100ade 0000 sub_work
B 004446 R32 101a5e 008007f8 sub_work
B 004450 R16 1016d4 8178 sub_work
B 004450 W16 8007e0 8178 road
B 004454 R16 101604 80fb sub_work
B 004454 W16 8007e2 80fb road
B 004456 R16 10129e 0403 sub_work
B 004460 W16 8007e4 8c03 road
B 004462 R16 101440 017f sub_work
B 004462 W16 8007e6 017f road
B 004244 R16 100bb0 0000 sub_work
B 00424e R16 100ae0 0000 sub_work
B 004446 R32 101a5e 008007f8 sub_work
B 004450 R16 1016d6 817c sub_work
B 004450 W16 8007e8 817c road
B 004454 R16 101606 80fd sub_work
B 004454 W16 8007ea 80fd road
B 004456 R16 1012a0 0405 sub_work
B 004460 W16 8007ec 8c05 road
B 004462 R16 101442 0183 sub_work
B 004462 W16 8007ee 0183 road
B 004244 R16 100bb2 0000 sub_work
B 00424e R16 100ae2 0000 sub_work
B 004446 R32 101a5e 008007f8 sub_work
B 004450 R16 1016d8 8180 sub_work
B 004450 W16 8007f0 8180 road
B 004454 R16 101608 8100 sub_work
B 004454 W16 8007f2 8100 road
B 004456 R16 1012a2 0407 sub_work
B 004460 W16 8007f4 8c07 road
B 004462 R16 101444 0187 sub_work
B 004462 W16 8007f6 0187 road
B 004244 R16 100bb4 0000 sub_work
B 00424e R16 100ae4 0000 sub_work
B 004446 R32 101a5e 008007f8 sub_work
B 004244 R16 100bb6 0000 sub_work
B 00424e R16 100ae6 0000 sub_work
B 004446 R32 101a5e 008007f8 sub_work
B 004244 R16 100bb8 0000 sub_work
B 00424e R16 100ae8 0000 sub_work
B 004446 R32 101a5e 008007f8 sub_work
B 004244 R16 100bba 0000 sub_work
B 00424e R16 100aea 0000 sub_work
B 004446 R32 101a5e 008007f8 sub_work
B 004244 R16 100bbc 0000 sub_work
B 00424e R16 100aec 0000 sub_work
B 004446 R32 101a5e 008007f8 sub_work
B 004244 R16 100bbe 0000 sub_work
B 00424e R16 100aee 0000 sub_work
B 004446 R32 101a5e 008007f8 sub_work
B 004244 R16 100bc0 0000 sub_work
B 00424e R16 100af0 0000 sub_work
B 004446 R32 101a5e 008007f8 sub_work
B 00447c W32 1007f0 00004480 sub_work
B 00495a R32 102c98 00108020 sub_work
B 004960 W16 108020 009e shared
B 004972 R16 1021be 009e sub_work
B 004974 W16 1021be 009e sub_work
B 004992 R32 1007f0 00004480 sub_work
B 004480 R32 1007f4 000041bc sub_work
B 0041c2 R16 101a5c 0001 sub_work
B 0041c2 W16 101a5c 0000 sub_work
B 0041ca R16 102ba8 0000 sub_work
B 004214 R32 1007f8 00000812 sub_work
B 000812 R16 102cec 0000 sub_work
B 000812 W16 102cfc 0000 sub_work
B 00081c R16 102626 0000 sub_work
B 00081c W16 10801c 0000 shared
B 000826 R16 102ba4 0000 sub_work
B 000826 W16 108086 0000 shared
B 000830 R16 102ba6 0000 sub_work
B 000830 W16 108088 0000 shared
B 00083a R16 102c9c 0000 sub_work
B 00083a W16 108090 0000 shared
B 000852 W16 10803e 0000 shared
B 000858 R16 102ba8 0000 sub_work
B 000858 W16 10800e 0000 shared
B 000862 R16 10227a 0000 sub_work
B 000862 W16 108080 0000 shared
B 000870 R16 101a5c 0000 sub_work
B 00087a R16 102ba8 0000 sub_work
B 00088e W16 101a58 0000 sub_work
B 000894 W16 101a5a ffff sub_work
B 00089c R8 10080b 8b sub_work
B 0008ac R32 1007fc 0000050e sub_work
B 00050e R8 100802 80 sub_work
B 0004d8 R16 100804 0000 sub_work
B 0004d8 R16 100804 0000 sub_work
B 0004d8 R16 100804 0000 sub_work
B 0004d8 R16 100804 0000 sub_work
B 0004d8 R16 100804 0000 sub_work
B 0004d8 R16 100804 0000 sub_work
B 0004d8 R16 100804 0000 sub_work
B 0004d8 R16 100804 0000 sub_work
B 0004d8 R16 100804 0000 sub_work
B 0004d8 R16 100804 0000 sub_work
B 0004d8 R16 100804 0000 sub_work
B 0004d8 R16 100804 0000 sub_work
B 0004d8 R16 100804 0000 sub_work
B 0004d8 R16 100804 0000 sub_work
B 0004d8 R16 100804 0000 sub_work
B 0004d8 R16 100804 0000 sub_work
B 0004d8 R16 100804 0000 sub_work
B 0004d8 R16 100804 0000 sub_work
B 0004d8 R16 100804 0000 sub_work
B 0004d8 R16 100804 0000 sub_work
B 0004d8 R16 100804 0000 sub_work
B 0004d8 R16 100804 0000 sub_work
B 0004d8 R16 100804 0000 sub_work
B 0004d8 R16 100804 0000 sub_work
B 0004d8 R16 100804 0000 sub_work
B 0004d8 R16 100804 0000 sub_work
B 0004d8 R16 100804 0000 sub_work
B 0004d8 R16 100804 0000 sub_work
B 0004d8 R16 100804 0000 sub_work
B 0004d8 R16 100804 0000 sub_work
B 0004d8 R16 100804 0000 sub_work
B 0004d8 R16 100804 0000 sub_work
B 0004d8 R16 100804 0000 sub_work
B 0004d8 R16 100804 0000 sub_work
B 0004d8 R16 100804 0000 sub_work
B 0004d8 R16 100804 0000 sub_work
B 0004d8 R16 100804 0000 sub_work
B 0004d8 R16 100804 0000 sub_work
B 0004d8 R16 100804 0000 sub_work
B 0004d8 R16 100804 0000 sub_work
B 0004d8 R16 100804 0000 sub_work
B 0004d8 R16 100804 0000 sub_work
B 0004d8 R16 100804 0000 sub_work
B 0004d8 R16 100804 0000 sub_work
B 0004d8 R16 100804 0000 sub_work
B 0004d8 R16 100804 0000 sub_work
B 0004d8 R16 100804 0000 sub_work
B 0004d8 R16 100804 0000 sub_work
B 0004d8 R16 100804 0000 sub_work
B 0004d8 R16 100804 0000 sub_work
B 0004d8 R16 100804 0000 sub_work
B 0004d8 R16 100804 0000 sub_work
B 0004d8 R16 100804 0000 sub_work
B 0004d8 R16 100804 0000 sub_work
B 0004d8 R16 100804 0000 sub_work
B 0004d8 R16 100804 0000 sub_work
B 0004d8 R16 100804 0000 sub_work
B 0004d8 R16 100804 0000 sub_work
B 0004d8 R16 100804 0000 sub_work
B 0004d8 R16 100804 0000 sub_work
B 0004d8 R16 100804 0000 sub_work
B 0004d8 R16 100804 0000 sub_work
B 0004d8 R16 100804 0000 sub_work
B 0004d8 R16 100804 0000 sub_work
B 0004d8 R16 100804 0000 sub_work
B 0004d8 R16 100804 0000 sub_work
B 0004d8 R16 100804 0000 sub_work
B 0004d8 R16 100804 0000 sub_work
B 0004d8 R16 100804 0000 sub_work
B 0004d8 R16 100804 0000 sub_work
B 0004d8 R16 100804 0000 sub_work
B 0004d8 R16 100804 0000 sub_work
B 0004d8 R16 100804 0000 sub_work
B 0004d8 R16 100804 0000 sub_work
B 0004d8 R16 100804 0000 sub_work
B 0004d8 R16 100804 0000 sub_work
B 0004d8 R16 100804 0000 sub_work
B 0004d8 R16 100804 0000 sub_work
B 0004d8 R16 100804 0000 sub_work
B 0004d8 R16 100804 0000 sub_work
B 0004d8 R16 100804 0000 sub_work
B 0004d8 R16 100804 0000 sub_work
B 0004d8 R16 100804 0000 sub_work
B 0004d8 R16 100804 0000 sub_work
B 0004d8 R16 100804 0000 sub_work
B 0004d8 R16 100804 0000 sub_work
B 0004d8 R16 100804 0000 sub_work
B 0004d8 R16 100804 0000 sub_work
B 0004d8 R16 100804 0000 sub_work
B 0004d8 R16 100804 0000 sub_work
B 0004d8 R16 100804 0000 sub_work
B 0004d8 R16 100804 0000 sub_work
B 0004d8 R16 100804 0000 sub_work
B 0004d8 R16 100804 0000 sub_work
B 0004d8 R16 100804 0000 sub_work
B 0004d8 R16 100804 0000 sub_work
B 0004d8 R16 100804 0000 sub_work
B 0004d8 R16 100804 0000 sub_work
B 0004d8 R16 100804 0000 sub_work
B 0004d8 R16 100804 0000 sub_work
B 0004d8 R16 100804 0000 sub_work
B 0004d8 R16 100804 0000 sub_work
B 0004d8 R16 100804 0000 sub_work
B 0004d8 R16 100804 0000 sub_work
B 0004d8 R16 100804 0000 sub_work
B 0004d8 R16 100804 0000 sub_work
B 0004d8 R16 100804 0000 sub_work
B 0004d8 R16 100804 0000 sub_work
B 0004d8 R16 100804 0000 sub_work
B 0004d8 R16 100804 0000 sub_work
B 0004d8 R16 100804 0000 sub_work
B 0004d8 R16 100804 0000 sub_work
B 0004d8 R16 100804 0000 sub_work
B 0004d8 R16 100804 0000 sub_work
B 0004d8 R16 100804 0000 sub_work
B 0004d8 R16 100804 0000 sub_work
B 0004d8 R16 100804 0000 sub_work
B 0004d8 R16 100804 0000 sub_work
B 0004d8 R16 100804 0000 sub_work
B 0004d8 R16 100804 0000 sub_work
B 0004d8 R16 100804 0000 sub_work
B 0004d8 R16 100804 0000 sub_work
B 0004d8 R16 100804 0000 sub_work
B 0004d8 R16 100804 0000 sub_work
B 0004d8 R16 100804 0000 sub_work
B 0004d8 R16 100804 0000 sub_work
B 0004d8 R16 100804 0000 sub_work
B 0004d8 R16 100804 0000 sub_work
B 0004d8 R16 100804 0000 sub_work
B 0004d8 R16 100804 0000 sub_work
B 0004d8 R16 100804 0000 sub_work
B 0004d8 R16 100804 0000 sub_work
B 0004d8 R16 100804 0000 sub_work
B 0004d8 R16 100804 0000 sub_work
B 0004d8 R16 100804 0000 sub_work
B 0004d8 R16 100804 0000 sub_work
B 0004d8 R16 100804 0000 sub_work
B 0004d8 R16 100804 0000 sub_work
B 0004d8 R16 100804 0000 sub_work
B 0004d8 R16 100804 0000 sub_work
B 0004d8 R16 100804 0000 sub_work
B 0004d8 R16 100804 0000 sub_work
B 0004d8 R16 100804 0000 sub_work
B 0004d8 R16 100804 0000 sub_work
B 0004d8 R16 100804 0000 sub_work
B 0004d8 R16 100804 0000 sub_work
B 0004d8 R16 100804 0000 sub_work
B 0004d8 R16 100804 0000 sub_work
B 0004d8 R16 100804 0000 sub_work
B 0004d8 R16 100804 0000 sub_work
B 0004d8 R16 100804 0000 sub_work
B 0004d8 R16 100804 0000 sub_work
B 0004d8 R16 100804 0000 sub_work
B 0004d8 R16 100804 0000 sub_work
B 0004d8 R16 100804 0000 sub_work
B 0004d8 R16 100804 0000 sub_work
B 0004d8 R16 100804 0000 sub_work
B 0004d8 R16 100804 0000 sub_work
B 0004d8 R16 100804 0000 sub_work
B 0004d8 R16 100804 0000 sub_work
B 0004d8 R16 100804 0000 sub_work
B 0004d8 R16 100804 0000 sub_work
B 0004d8 R16 100804 0000 sub_work
B 0004d8 R16 100804 0000 sub_work
B 0004d8 R16 100804 0000 sub_work
B 0004d8 R16 100804 0000 sub_work
B 0004d8 R16 100804 0000 sub_work
B 0004d8 R16 100804 0000 sub_work
B 0004d8 R16 100804 0000 sub_work
B 0004d8 R16 100804 0000 sub_work
B 0004d8 R16 100804 0000 sub_work
B 0004d8 R16 100804 0000 sub_work
B 0004d8 R16 100804 0000 sub_work
B 0004d8 R16 100804 0000 sub_work
B 0004d8 R16 100804 0000 sub_work
B 0004d8 R16 100804 0000 sub_work
B 0004d8 R16 100804 0000 sub_work
B 0004d8 R16 100804 0000 sub_work
B 0004d8 R16 100804 0000 sub_work
B 0004d8 R16 100804 0000 sub_work
B 0004d8 R16 100804 0000 sub_work
B 0004d8 R16 100804 0000 sub_work
B 0004d8 R16 100804 0000 sub_work
B 0004d8 R16 100804 0000 sub_work
B 0004d8 R16 100804 0000 sub_work
B 0004d8 R16 100804 0000 sub_work
B 0004d8 R16 100804 0000 sub_work
B 0004d8 R16 100804 0000 sub_work
B 0004d8 R16 100804 0000 sub_work
B 0004d8 R16 100804 0000 sub_work
B 0004d8 R16 100804 0000 sub_work
B 0004d8 R16 100804 0000 sub_work
B 0004d8 R16 100804 0000 sub_work
B 0004d8 R16 100804 0000 sub_work
B 0004d8 R16 100804 0000 sub_work
B 0004d8 R16 100804 0000 sub_work
B 0004d8 R16 100804 0000 sub_work
B 0004d8 R16 100804 0000 sub_work
B 0004d8 R16 100804 0000 sub_work
B 0004d8 R16 100804 0000 sub_work
B 0004d8 R16 100804 0000 sub_work
B 0004d8 R16 100804 0000 sub_work
B 0004d8 R16 100804 0000 sub_work
B 0004d8 R16 100804 0000 sub_work
B 0004d8 R16 100804 0000 sub_work
B 0004d8 R16 100804 0000 sub_work
B 0004d8 R16 100804 0000 sub_work
B 0004d8 R16 100804 0000 sub_work
B 0004d8 R16 100804 0000 sub_work
B 0004d8 R16 100804 0000 sub_work
B 0004d8 R16 100804 0000 sub_work
B 0004d8 R16 100804 0000 sub_work
B 0004d8 R16 100804 0000 sub_work
B 0004d8 R16 100804 0000 sub_work
B 0004d8 R16 100804 0000 sub_work
B 0004d8 R16 100804 0000 sub_work
B 0004d8 R16 100804 0000 sub_work
B 0004d8 R16 100804 0000 sub_work
B 0004d8 R16 100804 0000 sub_work
B 0004d8 R16 100804 0000 sub_work
B 0004d8 R16 100804 0000 sub_work
B 0004d8 R16 100804 0000 sub_work
B 0004d8 R16 100804 0000 sub_work
B 0004d8 R16 100804 0000 sub_work
B 0004d8 R16 100804 0000 sub_work
B 0004d8 R16 100804 0000 sub_work
B 0004d8 R16 100804 0000 sub_work
B 0004d8 R16 100804 0000 sub_work
B 0004d8 R16 100804 0000 sub_work
B 0004d8 R16 100804 0000 sub_work
B 0004d8 R16 100804 0000 sub_work
B 0004d8 R16 100804 0000 sub_work
B 0004d8 R16 100804 0000 sub_work
B 0004d8 R16 100804 0000 sub_work
B 0004d8 R16 100804 0000 sub_work
B 0004d8 R16 100804 0000 sub_work
B 0004d8 R16 100804 0000 sub_work
B 0004d8 R16 100804 0000 sub_work
B 0004d8 R16 100804 0000 sub_work
B 0004d8 R16 100804 0000 sub_work
B 0004d8 R16 100804 0000 sub_work
B 0004d8 R16 100804 0000 sub_work
B 0004d8 R16 100804 0000 sub_work
B 0004d8 R16 100804 0000 sub_work
B 0004d8 R16 100804 0000 sub_work
B 0004d8 R16 100804 0000 sub_work
B 0004d8 R16 100804 0000 sub_work
B 0004d8 R16 100804 0000 sub_work
B 0004d8 R16 100804 0000 sub_work
B 0004d8 R16 100804 0000 sub_work
B 0004d8 R16 100804 0000 sub_work
B 0004d8 R16 100804 0000 sub_work
B 0004d8 R16 100804 0000 sub_work
B 0004d8 R16 100804 0000 sub_work
B 0004d8 R16 100804 0000 sub_work
B 0004d8 R16 100804 0000 sub_work
B 0004d8 R16 100804 0000 sub_work
B 0004d8 R16 100804 0000 sub_work
B 0004d8 R16 100804 0000 sub_work
B 0004d8 R16 100804 0000 sub_work
B 0004d8 R16 100804 0000 sub_work
B 0004d8 R16 100804 0000 sub_work
B 0004d8 R16 100804 0000 sub_work
B 0004d8 R16 100804 0000 sub_work
B 0004d8 R16 100804 0000 sub_work
B 0004d8 R16 100804 0000 sub_work
B 0004d8 R16 100804 0000 sub_work
B 0004d8 R16 100804 0000 sub_work
B 0004d8 R16 100804 0000 sub_work
B 0004d8 R16 100804 0000 sub_work
B 0004d8 R16 100804 0000 sub_work
B 0004d8 R16 100804 0000 sub_work
B 0004d8 R16 100804 0000 sub_work
B 0004d8 R16 100804 0000 sub_work
B 0004d8 R16 100804 0000 sub_work
B 0004d8 R16 100804 0000 sub_work
B 0004d8 R16 100804 0000 sub_work
B 0004d8 R16 100804 0000 sub_work
B 0004d8 R16 100804 0000 sub_work
B 0004d8 R16 100804 0000 sub_work
B 0004d8 R16 100804 0000 sub_work
B 0004d8 R16 100804 0000 sub_work
B 0004d8 R16 100804 0000 sub_work
B 0004d8 R16 100804 0000 sub_work
B 0004d8 R16 100804 0000 sub_work
B 0004d8 R16 100804 0000 sub_work
B 0004d8 R16 100804 0000 sub_work
B 0004d8 R16 100804 0000 sub_work
B 0004d8 R16 100804 0000 sub_work
B 0004d8 R16 100804 0000 sub_work
B 0004d8 R16 100804 0000 sub_work
B 0004d8 R16 100804 0000 sub_work
B 0004d8 R16 100804 0000 sub_work
B 0004d8 R16 100804 0000 sub_work
B 0004d8 R16 100804 0000 sub_work
B 0004d8 R16 100804 0000 sub_work
B 0004d8 R16 100804 0000 sub_work
B 0004d8 R16 100804 0000 sub_work
B 0004d8 R16 100804 0000 sub_work
B 0004d8 R16 100804 0000 sub_work
B 0004d8 R16 100804 0000 sub_work
B 0004d8 R16 100804 0000 sub_work
B 0004d8 R16 100804 0000 sub_work
B 0004d8 R16 100804 0000 sub_work
B 0004d8 R16 100804 0000 sub_work
B 0004d8 R16 100804 0000 sub_work
B 0004d8 R16 100804 0000 sub_work
B 0004d8 R16 100804 0000 sub_work
B 0004d8 R16 100804 0000 sub_work
B 0004d8 R16 100804 0000 sub_work
B 0004d8 R16 100804 0000 sub_work
B 0004d8 R16 100804 0000 sub_work
B 0004d8 R16 100804 0000 sub_work
B 0004d8 R16 100804 0000 sub_work
B 0004d8 R16 100804 0000 sub_work
B 0004d8 R16 100804 0000 sub_work
B 0004d8 R16 100804 0000 sub_work
B 0004d8 R16 100804 0000 sub_work
B 0004d8 R16 100804 0000 sub_work
B 0004d8 R16 100804 0000 sub_work
B 0004d8 R16 100804 0000 sub_work
B 0004d8 R16 100804 0000 sub_work
B 0004d8 R16 100804 0000 sub_work
B 0004d8 R16 100804 0000 sub_work
B 0004d8 R16 100804 0000 sub_work
B 0004d8 R16 100804 0000 sub_work
B 0004d8 R16 100804 0000 sub_work
B 0004d8 R16 100804 0000 sub_work
B 0004d8 R16 100804 0000 sub_work
B 0004d8 R16 100804 0000 sub_work
B 0004d8 R16 100804 0000 sub_work
B 0004d8 R16 100804 0000 sub_work
B 0004d8 R16 100804 0000 sub_work
B 0004d8 R16 100804 0000 sub_work
B 0004d8 R16 100804 0000 sub_work
B 0004d8 R16 100804 0000 sub_work
B 0004d8 R16 100804 0000 sub_work
B 0004d8 R16 100804 0000 sub_work
B 0004d8 R16 100804 0000 sub_work
B 0004d8 R16 100804 0000 sub_work
B 0004d8 R16 100804 0000 sub_work
B 0004d8 R16 100804 0000 sub_work
B 0004d8 R16 100804 0000 sub_work
B 0004d8 R16 100804 0000 sub_work
B 0004d8 R16 100804 0000 sub_work
B 0004d8 R16 100804 0000 sub_work
B 0004d8 R16 100804 0000 sub_work
B 0004d8 R16 100804 0000 sub_work
B 0004d8 R16 100804 0000 sub_work
B 0004d8 R16 100804 0000 sub_work
B 0004d8 R16 100804 0000 sub_work
B 0004d8 R16 100804 0000 sub_work
B 0004d8 R16 100804 0000 sub_work
B 0004d8 R16 100804 0000 sub_work
B 0004d8 R16 100804 0000 sub_work
B 0004d8 R16 100804 0000 sub_work
B 0004d8 R16 100804 0000 sub_work
B 0004d8 R16 100804 0000 sub_work
B 0004d8 R16 100804 0000 sub_work
B 0004d8 R16 100804 0000 sub_work
B 0004d8 R16 100804 0000 sub_work
B 0004d8 R16 100804 0000 sub_work
B 0004d8 R16 100804 0000 sub_work
B 0004d8 R16 100804 0000 sub_work
B 0004d8 R16 100804 0000 sub_work
B 0004d8 R16 100804 0000 sub_work
B 0004d8 R16 100804 0000 sub_work
B 0004d8 R16 100804 0000 sub_work
B 0004d8 R16 100804 0000 sub_work
B 0004d8 R16 100804 0000 sub_work
B 0004d8 R16 100804 0000 sub_work
B 0004d8 R16 100804 0000 sub_work
B 0004d8 R16 100804 0000 sub_work
B 0004d8 R16 100804 0000 sub_work
B 0004d8 R16 100804 0000 sub_work
B 0004d8 R16 100804 0000 sub_work
B 0004d8 R16 100804 0000 sub_work
B 0004d8 R16 100804 0000 sub_work
B 0004d8 R16 100804 0000 sub_work
B 0004d8 R16 100804 0000 sub_work
B 0004d8 R16 100804 0000 sub_work
B 0004d8 R16 100804 0000 sub_work
B 0004d8 R16 100804 0000 sub_work
B 0004d8 R16 100804 0000 sub_work
B 0004d8 R16 100804 0000 sub_work
B 0004d8 R16 100804 0000 sub_work
B 0004d8 R16 100804 0000 sub_work
B 0004d8 R16 100804 0000 sub_work
B 0004d8 R16 100804 0000 sub_work
B 0004d8 R16 100804 0000 sub_work
B 0004d8 R16 100804 0000 sub_work
B 0004d8 R16 100804 0000 sub_work
B 0004d8 R16 100804 0000 sub_work
B 0004d8 R16 100804 0000 sub_work
B 0004d8 R16 100804 0000 sub_work
B 0004d8 R16 100804 0000 sub_work
B 0004d8 R16 100804 0000 sub_work
B 0004d8 R16 100804 0000 sub_work
B 0004d8 R16 100804 0000 sub_work
B 0004d8 R16 100804 0000 sub_work
B 0004d8 R16 100804 0000 sub_work
B 0004d8 R16 100804 0000 sub_work
B 0004d8 R16 100804 0000 sub_work
B 0004d8 R16 100804 0000 sub_work
B 0004d8 R16 100804 0000 sub_work
B 0004d8 R16 100804 0000 sub_work
B 0004d8 R16 100804 0000 sub_work
B 0004d8 R16 100804 0000 sub_work
B 0004d8 R16 100804 0000 sub_work
B 0004d8 R16 100804 0000 sub_work
B 0004d8 R16 100804 0000 sub_work
B 0004d8 R16 100804 0000 sub_work
B 0004d8 R16 100804 0000 sub_work
B 0004d8 R16 100804 0000 sub_work
B 0004d8 R16 100804 0000 sub_work
B 0004d8 R16 100804 0000 sub_work
B 0004d8 R16 100804 0000 sub_work
B 0004d8 R16 100804 0000 sub_work
B 0004d8 R16 100804 0000 sub_work
B 0004d8 R16 100804 0000 sub_work
B 0004d8 R16 100804 0000 sub_work
B 0004d8 R16 100804 0000 sub_work
B 0004d8 R16 100804 0000 sub_work
B 0004d8 R16 100804 0000 sub_work
B 0004d8 R16 100804 0000 sub_work
B 0004d8 R16 100804 0000 sub_work
B 0004d8 R16 100804 0000 sub_work
B 0004d8 R16 100804 0000 sub_work
B 0004d8 R16 100804 0000 sub_work
B 0004d8 R16 100804 0000 sub_work
B 0004d8 R16 100804 0000 sub_work
B 0004d8 R16 100804 0000 sub_work
B 0004d8 R16 100804 0000 sub_work
B 0004d8 R16 100804 0000 sub_work
B 0004d8 R16 100804 0000 sub_work
B 0004d8 R16 100804 0000 sub_work
B 0004d8 R16 100804 0000 sub_work
B 0004d8 R16 100804 0000 sub_work
B 0004d8 R16 100804 0000 sub_work
B 0004d8 R16 100804 0000 sub_work
B 0004d8 R16 100804 0000 sub_work
B 0004d8 R16 100804 0000 sub_work
B 0004d8 R16 100804 0000 sub_work
B 0004d8 R16 100804 0000 sub_work
B 0004d8 R16 100804 0000 sub_work
B 0004d8 R16 100804 0000 sub_work
B 0004d8 R16 100804 0000 sub_work
B 0004d8 R16 100804 0000 sub_work
B 0004d8 R16 100804 0000 sub_work
B 0004d8 R16 100804 0000 sub_work
B 0004d8 R16 100804 0000 sub_work
B 0004d8 R16 100804 0000 sub_work
B 0004d8 R16 100804 0000 sub_work
B 0004d8 R16 100804 0000 sub_work
B 0004d8 R16 100804 0000 sub_work
B 0004d8 R16 100804 0000 sub_work
B 0004d8 R16 100804 0000 sub_work
B 0004d8 R16 100804 0000 sub_work
B 0004d8 R16 100804 0000 sub_work
B 0004d8 R16 100804 0000 sub_work
B 0004d8 R16 100804 0000 sub_work
B 0004d8 R16 100804 0000 sub_work
B 0004d8 R16 100804 0000 sub_work
B 0004d8 R16 100804 0000 sub_work
B 0004d8 R16 100804 0000 sub_work
B 0004d8 R16 100804 0000 sub_work
B 0004d8 R16 100804 0000 sub_work
B 0004d8 R16 100804 0000 sub_work
B 0004d8 R16 100804 0000 sub_work
B 0004d8 R16 100804 0000 sub_work
B 0004d8 R16 100804 0000 sub_work
B 0004d8 R16 100804 0000 sub_work
B 0004d8 R16 100804 0000 sub_work
B 0004d8 R16 100804 0000 sub_work
B 0004d8 R16 100804 0000 sub_work
B 0004d8 R16 100804 0000 sub_work
B 0004d8 R16 100804 0000 sub_work
B 0004d8 R16 100804 0000 sub_work
B 0004d8 R16 100804 0000 sub_work
B 0004d8 R16 100804 0000 sub_work
B 0004d8 R16 100804 0000 sub_work
B 0004d8 R16 100804 0000 sub_work
B 0004d8 R16 100804 0000 sub_work
B 0004d8 R16 100804 0000 sub_work
B 0004d8 R16 100804 0000 sub_work
B 0004d8 R16 100804 0000 sub_work
B 0004d8 R16 100804 0000 sub_work
B 0004d8 R16 100804 0000 sub_work
B 0004d8 R16 100804 0000 sub_work
B 0004d8 R16 100804 0000 sub_work
B 0004d8 R16 100804 0000 sub_work
B 0004d8 R16 100804 0000 sub_work
B 0004d8 R16 100804 0000 sub_work
B 0004d8 R16 100804 0000 sub_work
B 0004d8 R16 100804 0000 sub_work
B 0004d8 R16 100804 0000 sub_work
B 0004d8 R16 100804 0000 sub_work
B 0004d8 R16 100804 0000 sub_work
B 0004d8 R16 100804 0000 sub_work
B 0004d8 R16 100804 0000 sub_work
B 0004d8 R16 100804 0000 sub_work
B 0004d8 R16 100804 0000 sub_work
B 0004d8 R16 100804 0000 sub_work
B 0004d8 R16 100804 0000 sub_work
B 0004d8 R16 100804 0000 sub_work
B 0004d8 R16 100804 0000 sub_work
B 0004d8 R16 100804 0000 sub_work
B 0004d8 R16 100804 0000 sub_work
B 0004d8 R16 100804 0000 sub_work
B 0004d8 R16 100804 0000 sub_work
B 0004d8 R16 100804 0000 sub_work
B 0004d8 R16 100804 0000 sub_work
B 0004d8 R16 100804 0000 sub_work
B 0004d8 R16 100804 0000 sub_work
B 0004d8 R16 100804 0000 sub_work
B 0004d8 R16 100804 0000 sub_work
B 0004d8 R16 100804 0000 sub_work
B 0004d8 R16 100804 0000 sub_work
B 0004d8 R16 100804 0000 sub_work
B 0004d8 R16 100804 0000 sub_work
B 0004d8 R16 100804 0000 sub_work
B 0004d8 R16 100804 0000 sub_work
B 0004d8 R16 100804 0000 sub_work
B 0004d8 R16 100804 0000 sub_work
B 0004d8 R16 100804 0000 sub_work
B 0004d8 R16 100804 0000 sub_work
B 0004d8 R16 100804 0000 sub_work
B 0004d8 R16 100804 0000 sub_work
B 0004d8 R16 100804 0000 sub_work
B 0004d8 R16 100804 0000 sub_work
B 0004d8 R16 100804 0000 sub_work
B 0004d8 R16 100804 0000 sub_work
B 0004d8 R16 100804 0000 sub_work
B 0004d8 R16 100804 0000 sub_work
B 0004d8 R16 100804 0000 sub_work
B 0004d8 R16 100804 0000 sub_work
B 0004d8 R16 100804 0000 sub_work
B 0004d8 R16 100804 0000 sub_work
B 0004d8 R16 100804 0000 sub_work
B 0004d8 R16 100804 0000 sub_work
B 0004d8 R16 100804 0000 sub_work
B 0004d8 R16 100804 0000 sub_work
B 0004d8 R16 100804 0000 sub_work
B 0004d8 R16 100804 0000 sub_work
B 0004d8 R16 100804 0000 sub_work
B 0004d8 R16 100804 0000 sub_work
B 0004d8 R16 100804 0000 sub_work
B 0004d8 R16 100804 0000 sub_work
B 0004d8 R16 100804 0000 sub_work
B 0004d8 R16 100804 0000 sub_work
B 0004d8 R16 100804 0000 sub_work
B 0004d8 R16 100804 0000 sub_work
B 0004d8 R16 100804 0000 sub_work
B 0004d8 R16 100804 0000 sub_work
B 0004d8 R16 100804 0000 sub_work
B 0004d8 R16 100804 0000 sub_work
B 0004d8 R16 100804 0000 sub_work
B 0004d8 R16 100804 0000 sub_work
B 0004d8 R16 100804 0000 sub_work
B 0004d8 R16 100804 0000 sub_work
B 0004d8 R16 100804 0000 sub_work
B 0004d8 R16 100804 0000 sub_work
B 0004d8 R16 100804 0000 sub_work
B 0004d8 R16 100804 0000 sub_work
B 0004d8 R16 100804 0000 sub_work
B 0004d8 R16 100804 0000 sub_work
B 0004d8 R16 100804 0000 sub_work
B 0004d8 R16 100804 0000 sub_work
B 0004d8 R16 100804 0000 sub_work
B 0004d8 R16 100804 0000 sub_work
B 0004d8 R16 100804 0000 sub_work
B 0004d8 R16 100804 0000 sub_work
B 0004d8 R16 100804 0000 sub_work
B 0004d8 R16 100804 0000 sub_work
B 0004d8 R16 100804 0000 sub_work
B 0004d8 R16 100804 0000 sub_work
B 0004d8 R16 100804 0000 sub_work
B 0004d8 R16 100804 0000 sub_work
B 0004d8 R16 100804 0000 sub_work
B 0004d8 R16 100804 0000 sub_work
B 0004d8 R16 100804 0000 sub_work
B 0004d8 R16 100804 0000 sub_work
B 0004d8 R16 100804 0000 sub_work
B 0004d8 R16 100804 0000 sub_work
B 0004d8 R16 100804 0000 sub_work
B 0004d8 R16 100804 0000 sub_work
B 0004d8 R16 100804 0000 sub_work
B 0004d8 R16 100804 0000 sub_work
B 0004d8 R16 100804 0000 sub_work
B 0004d8 R16 100804 0000 sub_work
B 0004d8 R16 100804 0000 sub_work
B 0004d8 R16 100804 0000 sub_work
B 0004d8 R16 100804 0000 sub_work
B 0004d8 R16 100804 0000 sub_work
B 0004d8 R16 100804 0000 sub_work
B 0004d8 R16 100804 0000 sub_work
B 0004d8 R16 100804 0000 sub_work
B 0004d8 R16 100804 0000 sub_work
B 0004d8 R16 100804 0000 sub_work
B 0004d8 R16 100804 0000 sub_work
B 0004d8 R16 100804 0000 sub_work
B 0004d8 R16 100804 0000 sub_work
B 0004d8 R16 100804 0000 sub_work
B 0004d8 R16 100804 0000 sub_work
B 0004d8 R16 100804 0000 sub_work
B 0004d8 R16 100804 0000 sub_work
B 0004d8 R16 100804 0000 sub_work
B 0004d8 R16 100804 0000 sub_work
B 0004d8 R16 100804 0000 sub_work
B 0004d8 R16 100804 0000 sub_work
B 0004d8 R16 100804 0000 sub_work
B 0004d8 R16 100804 0000 sub_work
B 0004d8 R16 100804 0000 sub_work
B 0004d8 R16 100804 0000 sub_work
B 0004d8 R16 100804 0000 sub_work
B 0004d8 R16 100804 0000 sub_work
B 0004d8 R16 100804 0000 sub_work
B 0004d8 R16 100804 0000 sub_work
B 0004d8 R16 100804 0000 sub_work
B 0004d8 R16 100804 0000 sub_work
B 0004d8 R16 100804 0000 sub_work
B 0004d8 R16 100804 0000 sub_work
B 0004d8 R16 100804 0000 sub_work
B 0004d8 R16 100804 0000 sub_work
B 0004d8 R16 100804 0000 sub_work
B 0004d8 R16 100804 0000 sub_work
B 0004d8 R16 100804 0000 sub_work
B 0004d8 R16 100804 0000 sub_work
B 0004d8 R16 100804 0000 sub_work
B 0004d8 R16 100804 0000 sub_work
B 0004d8 R16 100804 0000 sub_work
B 0004d8 R16 100804 0000 sub_work
B 0004d8 R16 100804 0000 sub_work
B 0004d8 R16 100804 0000 sub_work
B 0004d8 R16 100804 0000 sub_work
B 0004d8 R16 100804 0000 sub_work
B 0004d8 R16 100804 0000 sub_work
B 0004d8 R16 100804 0000 sub_work
B 0004d8 R16 100804 0000 sub_work
B 0004d8 R16 100804 0000 sub_work
B 0004d8 R16 100804 0000 sub_work
B 0004d8 R16 100804 0000 sub_work
B 0004d8 R16 100804 0000 sub_work
B 0004d8 R16 100804 0000 sub_work
B 0004d8 R16 100804 0000 sub_work
B 0004d8 R16 100804 0000 sub_work
B 0004d8 R16 100804 0000 sub_work
B 0004d8 R16 100804 0000 sub_work
B 0004d8 R16 100804 0000 sub_work
B 0004d8 R16 100804 0000 sub_work
B 0004d8 R16 100804 0000 sub_work
B 0004d8 R16 100804 0000 sub_work
B 0004d8 R16 100804 0000 sub_work
B 0004d8 R16 100804 0000 sub_work
B 0004d8 R16 100804 0000 sub_work
B 0004d8 R16 100804 0000 sub_work
B 0004d8 R16 100804 0000 sub_work
B 0004d8 R16 100804 0000 sub_work
B 0004d8 R16 100804 0000 sub_work
B 0004d8 R16 100804 0000 sub_work
B 0004d8 R16 100804 0000 sub_work
B 0004d8 R16 100804 0000 sub_work
B 0004d8 R16 100804 0000 sub_work
B 0004d8 R16 100804 0000 sub_work
B 0004d8 R16 100804 0000 sub_work
B 0004d8 R16 100804 0000 sub_work
B 0004d8 R16 100804 0000 sub_work
B 0004d8 R16 100804 0000 sub_work
B 0004d8 R16 100804 0000 sub_work
B 0004d8 R16 100804 0000 sub_work
B 0004d8 R16 100804 0000 sub_work
B 0004d8 R16 100804 0000 sub_work
B 0004d8 R16 100804 0000 sub_work
B 0004d8 R16 100804 0000 sub_work
B 0004d8 R16 100804 0000 sub_work
B 0004d8 R16 100804 0000 sub_work
B 0004d8 R16 100804 0000 sub_work
B 0004d8 R16 100804 0000 sub_work
B 0004d8 R16 100804 0000 sub_work
B 0004d8 R16 100804 0000 sub_work
B 0004d8 R16 100804 0000 sub_work
B 0004d8 R16 100804 0000 sub_work
B 0004d8 R16 100804 0000 sub_work
B 0004d8 R16 100804 0000 sub_work
B 0004d8 R16 100804 0000 sub_work
B 0004d8 R16 100804 0000 sub_work
B 0004d8 R16 100804 0000 sub_work
B 0004d8 R16 100804 0000 sub_work
B 0004d8 R16 100804 0000 sub_work
B 0004d8 R16 100804 0000 sub_work
B 0004d8 R16 100804 0000 sub_work
B 0004d8 R16 100804 0000 sub_work
B 0004d8 R16 100804 0000 sub_work
B 0004d8 R16 100804 0000 sub_work
B 0004d8 R16 100804 0000 sub_work
B 0004d8 R16 100804 0000 sub_work
B 0004d8 R16 100804 0000 sub_work
B 0004d8 R16 100804 0000 sub_work
B 0004d8 R16 100804 0000 sub_work
B 0004d8 R16 100804 0000 sub_work
B 0004d8 R16 100804 0000 sub_work
B 0004d8 R16 100804 0000 sub_work
B 0004d8 R16 100804 0000 sub_work
B 0004d8 R16 100804 0000 sub_work
B 0004d8 R16 100804 0000 sub_work
B 0004d8 R16 100804 0000 sub_work
B 0004d8 R16 100804 0000 sub_work
B 0004d8 R16 100804 0000 sub_work
B 0004d8 R16 100804 0000 sub_work
B 0004d8 R16 100804 0000 sub_work
B 0004d8 R16 100804 0000 sub_work
B 0004d8 R16 100804 0000 sub_work
B 0004d8 R16 100804 0000 sub_work
B 0004d8 R16 100804 0000 sub_work
B 0004d8 R16 100804 0000 sub_work
B 0004d8 R16 100804 0000 sub_work
B 0004d8 R16 100804 0000 sub_work
B 0004d8 R16 100804 0000 sub_work
B 0004d8 R16 100804 0000 sub_work
B 0004d8 R16 100804 0000 sub_work
B 0004d8 R16 100804 0000 sub_work
B 0004d8 R16 100804 0000 sub_work
B 0004d8 R16 100804 0000 sub_work
B 0004d8 R16 100804 0000 sub_work
B 0004d8 R16 100804 0000 sub_work
B 0004d8 R16 100804 0000 sub_work
B 0004d8 R16 100804 0000 sub_work
B 0004d8 R16 100804 0000 sub_work
B 0004d8 R16 100804 0000 sub_work
B 0004d8 R16 100804 0000 sub_work
B 0004d8 R16 100804 0000 sub_work
B 0004d8 R16 100804 0000 sub_work
B 0004d8 R16 100804 0000 sub_work
B 0004d8 R16 100804 0000 sub_work
B 0004d8 R16 100804 0000 sub_work
B 0004d8 R16 100804 0000 sub_work
B 0004d8 R16 100804 0000 sub_work
B 0004d8 R16 100804 0000 sub_work
B 0004d8 R16 100804 0000 sub_work
B 0004d8 R16 100804 0000 sub_work
B 0004d8 R16 100804 0000 sub_work
B 0004d8 R16 100804 0000 sub_work
B 0004d8 R16 100804 0000 sub_work
B 0004d8 R16 100804 0000 sub_work
B 0004d8 R16 100804 0000 sub_work
B 0004d8 R16 100804 0000 sub_work
B 0004d8 R16 100804 0000 sub_work
B 0004d8 R16 100804 0000 sub_work
B 0004d8 R16 100804 0000 sub_work
B 0004d8 R16 100804 0000 sub_work
B 0004d8 R16 100804 0000 sub_work
B 0004d8 R16 100804 0000 sub_work
B 0004d8 R16 100804 0000 sub_work
B 0004d8 R16 100804 0000 sub_work
B 0004d8 R16 100804 0000 sub_work
B 0004d8 R16 100804 0000 sub_work
B 0004d8 R16 100804 0000 sub_work
B 0004d8 R16 100804 0000 sub_work
B 0004d8 R16 100804 0000 sub_work
B 0004d8 R16 100804 0000 sub_work
B 0004d8 R16 100804 0000 sub_work
B 0004d8 R16 100804 0000 sub_work
B 0004d8 R16 100804 0000 sub_work
B 0004d8 R16 100804 0000 sub_work
B 0004d8 R16 100804 0000 sub_work
B 0004d8 R16 100804 0000 sub_work
B 0004d8 R16 100804 0000 sub_work
B 0004d8 R16 100804 0000 sub_work
B 0004d8 R16 100804 0000 sub_work
B 0004d8 R16 100804 0000 sub_work
B 0004d8 R16 100804 0000 sub_work
B 0004d8 R16 100804 0000 sub_work
B 0004d8 R16 100804 0000 sub_work
B 0004d8 R16 100804 0000 sub_work
B 0004d8 R16 100804 0000 sub_work
B 0004d8 R16 100804 0000 sub_work
B 0004d8 R16 100804 0000 sub_work
B 0004d8 R16 100804 0000 sub_work
B 0004d8 R16 100804 0000 sub_work
B 0004d8 R16 100804 0000 sub_work
B 0004d8 R16 100804 0000 sub_work
B 0004d8 R16 100804 0000 sub_work
B 0004d8 R16 100804 0000 sub_work
B 0004d8 R16 100804 0000 sub_work
B 0004d8 R16 100804 0000 sub_work
B 0004d8 R16 100804 0000 sub_work
B 0004d8 R16 100804 0000 sub_work
B 0004d8 R16 100804 0000 sub_work
B 0004d8 R16 100804 0000 sub_work
B 0004d8 R16 100804 0000 sub_work
B 0004d8 R16 100804 0000 sub_work
B 0004d8 R16 100804 0000 sub_work
B 0004d8 R16 100804 0000 sub_work
B 0004d8 R16 100804 0000 sub_work
B 0004d8 R16 100804 0000 sub_work
B 0004d8 R16 100804 0000 sub_work
B 0004d8 R16 100804 0000 sub_work
B 0004d8 R16 100804 0000 sub_work
B 0004d8 R16 100804 0000 sub_work
B 0004d8 R16 100804 0000 sub_work
B 0004d8 R16 100804 0000 sub_work
B 0004d8 R16 100804 0000 sub_work
B 0004d8 R16 100804 0000 sub_work
B 0004d8 R16 100804 0000 sub_work
B 0004d8 R16 100804 0000 sub_work
B 0004d8 R16 100804 0000 sub_work
B 0004d8 R16 100804 0000 sub_work
B 0004d8 R16 100804 0000 sub_work
B 0004d8 R16 100804 0000 sub_work
B 0004d8 R16 100804 0000 sub_work
B 0004d8 R16 100804 0000 sub_work
B 0004d8 R16 100804 0000 sub_work
B 0004d8 R16 100804 0000 sub_work
B 0004d8 R16 100804 0000 sub_work
B 0004d8 R16 100804 0000 sub_work
B 0004d8 R16 100804 0000 sub_work
B 0004d8 R16 100804 0000 sub_work
B 0004d8 R16 100804 0000 sub_work
B 0004d8 R16 100804 0000 sub_work
B 0004d8 R16 100804 0000 sub_work
B 0004d8 R16 100804 0000 sub_work
B 0004d8 R16 100804 0000 sub_work
B 0004d8 R16 100804 0000 sub_work
B 0004d8 R16 100804 0000 sub_work
B 0004d8 R16 100804 0000 sub_work
B 0004d8 R16 100804 0000 sub_work
B 0004d8 R16 100804 0000 sub_work
B 0004d8 R16 100804 0000 sub_work
B 0004d8 R16 100804 0000 sub_work
B 0004d8 R16 100804 0000 sub_work
B 0004d8 R16 100804 0000 sub_work
B 0004d8 R16 100804 0000 sub_work
B 0004d8 R16 100804 0000 sub_work
B 0004d8 R16 100804 0000 sub_work
B 0004d8 R16 100804 0000 sub_work
B 0004d8 R16 100804 0000 sub_work
B 0004d8 R16 100804 0000 sub_work
B 0004d8 R16 100804 0000 sub_work
B 0004d8 R16 100804 0000 sub_work
B 0004d8 R16 100804 0000 sub_work
B 0004d8 R16 100804 0000 sub_work
B 0004d8 R16 100804 0000 sub_work
B 0004d8 R16 100804 0000 sub_work
B 0004d8 R16 100804 0000 sub_work
B 0004d8 R16 100804 0000 sub_work
B 0004d8 R16 100804 0000 sub_work
B 0004d8 R16 100804 0000 sub_work
B 0004d8 R16 100804 0000 sub_work
B 0004d8 R16 100804 0000 sub_work
B 0004d8 R16 100804 0000 sub_work
B 0004d8 R16 100804 0000 sub_work
B 0004d8 R16 100804 0000 sub_work
B 0004d8 R16 100804 0000 sub_work
B 0004d8 R16 100804 0000 sub_work
B 0004d8 R16 100804 0000 sub_work
B 0004d8 R16 100804 0000 sub_work
B 0004d8 R16 100804 0000 sub_work
B 0004d8 R16 100804 0000 sub_work
B 0004d8 R16 100804 0000 sub_work
B 0004d8 R16 100804 0000 sub_work
B 0004d8 R16 100804 0000 sub_work
B 0004d8 R16 100804 0000 sub_work
B 0004d8 R16 100804 0000 sub_work
B 0004d8 R16 100804 0000 sub_work
B 0004d8 R16 100804 0000 sub_work
B 0004d8 R16 100804 0000 sub_work
B 0004d8 R16 100804 0000 sub_work
B 0004d8 R16 100804 0000 sub_work
B 0004d8 R16 100804 0000 sub_work
B 0004d8 R16 100804 0000 sub_work
B 0004d8 R16 100804 0000 sub_work
B 0004d8 R16 100804 0000 sub_work
B 0004d8 R16 100804 0000 sub_work
B 0004d8 R16 100804 0000 sub_work
B 0004d8 R16 100804 0000 sub_work
B 0004d8 R16 100804 0000 sub_work
B 0004d8 R16 100804 0000 sub_work
B 0004d8 R16 100804 0000 sub_work
B 0004d8 R16 100804 0000 sub_work
B 0004d8 R16 100804 0000 sub_work
B 0004d8 R16 100804 0000 sub_work
B 0004d8 R16 100804 0000 sub_work
B 0004d8 R16 100804 0000 sub_work
B 0004d8 R16 100804 0000 sub_work
B 0004d8 R16 100804 0000 sub_work
B 0004d8 R16 100804 0000 sub_work
B 0004d8 R16 100804 0000 sub_work
B 0004d8 R16 100804 0000 sub_work
B 0004d8 R16 100804 0000 sub_work
B 0004d8 R16 100804 0000 sub_work
B 0004d8 R16 100804 0000 sub_work
B 0004d8 R16 100804 0000 sub_work
B 0004d8 R16 100804 0000 sub_work
B 0004d8 R16 100804 0000 sub_work
B 0004d8 R16 100804 0000 sub_work
B 0004d8 R16 100804 0000 sub_work
B 0004d8 R16 100804 0000 sub_work
B 0004d8 R16 100804 0000 sub_work
B 0004d8 R16 100804 0000 sub_work
B 0004d8 R16 100804 0000 sub_work
B 0004d8 R16 100804 0000 sub_work
B 0004d8 R16 100804 0000 sub_work
B 0004d8 R16 100804 0000 sub_work
B 0004d8 R16 100804 0000 sub_work
B 0004d8 R16 100804 0000 sub_work
B 0004d8 R16 100804 0000 sub_work
B 0004d8 R16 100804 0000 sub_work
B 0004d8 R16 100804 0000 sub_work
B 0004d8 R16 100804 0000 sub_work
B 0004d8 R16 100804 0000 sub_work
B 0004d8 R16 100804 0000 sub_work
B 0004d8 R16 100804 0000 sub_work
B 0004d8 R16 100804 0000 sub_work
B 0004d8 R16 100804 0000 sub_work
B 0004d8 R16 100804 0000 sub_work
B 0004d8 R16 100804 0000 sub_work
B 0004d8 R16 100804 0000 sub_work
B 0004d8 R16 100804 0000 sub_work
B 0004d8 R16 100804 0000 sub_work
B 0004d8 R16 100804 0000 sub_work
B 0004d8 R16 100804 0000 sub_work
B 0004d8 R16 100804 0000 sub_work
B 0004d8 R16 100804 0000 sub_work
B 0004d8 R16 100804 0000 sub_work
B 0004d8 R16 100804 0000 sub_work
B 0004d8 R16 100804 0000 sub_work
B 0004d8 R16 100804 0000 sub_work
B 0004d8 R16 100804 0000 sub_work
B 0004d8 R16 100804 0000 sub_work
B 0004d8 R16 100804 0000 sub_work
B 0004d8 R16 100804 0000 sub_work
B 0004d8 R16 100804 0000 sub_work
B 0004d8 R16 100804 0000 sub_work
B 0004d8 R16 100804 0000 sub_work
B 0004d8 R16 100804 0000 sub_work
B 0004d8 R16 100804 0000 sub_work
B 0004d8 R16 100804 0000 sub_work
B 0004d8 R16 100804 0000 sub_work
B 0004d8 R16 100804 0000 sub_work
B 0004d8 R16 100804 0000 sub_work
B 0004d8 R16 100804 0000 sub_work
B 0004d8 R16 100804 0000 sub_work
B 0004d8 R16 100804 0000 sub_work
B 0004d8 R16 100804 0000 sub_work
B 0004d8 R16 100804 0000 sub_work
B 0004d8 R16 100804 0000 sub_work
B 0004d8 R16 100804 0000 sub_work
B 0004d8 R16 100804 0000 sub_work
B 0004d8 R16 100804 0000 sub_work
B 0004d8 R16 100804 0000 sub_work
B 0004d8 R16 100804 0000 sub_work
B 0004d8 R16 100804 0000 sub_work
B 0004d8 R16 100804 0000 sub_work
B 0004d8 R16 100804 0000 sub_work
B 0004d8 R16 100804 0000 sub_work
B 0004d8 R16 100804 0000 sub_work
B 0004d8 R16 100804 0000 sub_work
B 0004d8 R16 100804 0000 sub_work
B 0004d8 R16 100804 0000 sub_work
B 0004d8 R16 100804 0000 sub_work
B 0004d8 R16 100804 0000 sub_work
B 0004d8 R16 100804 0000 sub_work
B 0004d8 R16 100804 0000 sub_work
B 0004d8 R16 100804 0000 sub_work
B 0004d8 R16 100804 0000 sub_work
B 0004d8 R16 100804 0000 sub_work
B 0004d8 R16 100804 0000 sub_work
B 0004d8 R16 100804 0000 sub_work
B 0004d8 R16 100804 0000 sub_work
B 0004d8 R16 100804 0000 sub_work
B 0004d8 R16 100804 0000 sub_work
B 0004d8 R16 100804 0000 sub_work
B 0004d8 R16 100804 0000 sub_work
B 0004d8 R16 100804 0000 sub_work
B 0004d8 R16 100804 0000 sub_work
B 0004d8 R16 100804 0000 sub_work
B 0004d8 R16 100804 0000 sub_work
B 0004d8 R16 100804 0000 sub_work
B 0004d8 R16 100804 0000 sub_work
B 0004d8 R16 100804 0000 sub_work
B 0004d8 R16 100804 0000 sub_work
B 0004d8 R16 100804 0000 sub_work
B 0004d8 R16 100804 0000 sub_work
B 0004d8 R16 100804 0000 sub_work
B 0004d8 R16 100804 0000 sub_work
B 0004d8 R16 100804 0000 sub_work
B 0004d8 R16 100804 0000 sub_work
B 0004d8 R16 100804 0000 sub_work
B 0004d8 R16 100804 0000 sub_work
B 0004d8 R16 100804 0000 sub_work
B 0004d8 R16 100804 0000 sub_work
B 0004d8 R16 100804 0000 sub_work
B 0004d8 R16 100804 0000 sub_work
B 0004d8 R16 100804 0000 sub_work
B 0004d8 R16 100804 0000 sub_work
B 0004d8 R16 100804 0000 sub_work
B 0004d8 R16 100804 0000 sub_work
B 0004d8 R16 100804 0000 sub_work
B 0004d8 R16 100804 0000 sub_work
B 0004d8 R16 100804 0000 sub_work
B 0004d8 R16 100804 0000 sub_work
B 0004d8 R16 100804 0000 sub_work
B 0004d8 R16 100804 0000 sub_work
B 0004d8 R16 100804 0000 sub_work
B 0004d8 R16 100804 0000 sub_work
B 0004d8 R16 100804 0000 sub_work
B 0004d8 R16 100804 0000 sub_work
B 0004d8 R16 100804 0000 sub_work
B 0004d8 R16 100804 0000 sub_work
B 0004d8 R16 100804 0000 sub_work
B 0004d8 R16 100804 0000 sub_work
B 0004d8 R16 100804 0000 sub_work
B 0004d8 R16 100804 0000 sub_work
B 0004d8 R16 100804 0000 sub_work
B 0004d8 R16 100804 0000 sub_work
B 0004d8 R16 100804 0000 sub_work
B 0004d8 R16 100804 0000 sub_work
B 0004d8 R16 100804 0000 sub_work
B 0004d8 R16 100804 0000 sub_work
B 0004d8 R16 100804 0000 sub_work
B 0004d8 R16 100804 0000 sub_work
B 0004d8 R16 100804 0000 sub_work
B 0004d8 R16 100804 0000 sub_work
B 0004d8 R16 100804 0000 sub_work
B 0004d8 R16 100804 0000 sub_work
B 0004d8 R16 100804 0000 sub_work
B 0004d8 R16 100804 0000 sub_work
B 0004d8 R16 100804 0000 sub_work
B 0004d8 R16 100804 0000 sub_work
B 0004d8 R16 100804 0000 sub_work
B 0004d8 R16 100804 0000 sub_work
B 0004d8 R16 100804 0000 sub_work
B 0004d8 R16 100804 0000 sub_work
B 0004d8 R16 100804 0000 sub_work
B 0004d8 R16 100804 0000 sub_work
B 0004d8 R16 100804 0000 sub_work
B 0004d8 R16 100804 0000 sub_work
B 0004d8 R16 100804 0000 sub_work
B 0004d8 R16 100804 0000 sub_work
B 0004d8 R16 100804 0000 sub_work
B 0004d8 R16 100804 0000 sub_work
B 0004d8 R16 100804 0000 sub_work
B 0004d8 R16 100804 0000 sub_work
B 0004d8 R16 100804 0000 sub_work
B 0004d8 R16 100804 0000 sub_work
B 0004d8 R16 100804 0000 sub_work
B 0004d8 R16 100804 0000 sub_work
B 0004d8 R16 100804 0000 sub_work
B 0004d8 R16 100804 0000 sub_work
B 0004d8 R16 100804 0000 sub_work
B 0004d8 R16 100804 0000 sub_work
B 0004d8 R16 100804 0000 sub_work
B 0004d8 R16 100804 0000 sub_work
B 0004d8 R16 100804 0000 sub_work
B 0004d8 R16 100804 0000 sub_work
B 0004d8 R16 100804 0000 sub_work
B 0004d8 R16 100804 0000 sub_work
B 0004d8 R16 100804 0000 sub_work
B 0004d8 R16 100804 0000 sub_work
B 0004d8 R16 100804 0000 sub_work
B 0004d8 R16 100804 0000 sub_work
B 0004d8 R16 100804 0000 sub_work
B 0004d8 R16 100804 0000 sub_work
B 0004d8 R16 100804 0000 sub_work
B 0004d8 R16 100804 0000 sub_work
B 0004d8 R16 100804 0000 sub_work
B 0004d8 R16 100804 0000 sub_work
B 0004d8 R16 100804 0000 sub_work
B 0004d8 R16 100804 0000 sub_work
B 0004d8 R16 100804 0000 sub_work
B 0004d8 R16 100804 0000 sub_work
B 0004d8 R16 100804 0000 sub_work
B 0004d8 R16 100804 0000 sub_work
B 0004d8 R16 100804 0000 sub_work
B 0004d8 R16 100804 0000 sub_work
B 0004d8 R16 100804 0000 sub_work
B 0004d8 R16 100804 0000 sub_work
B 0004d8 R16 100804 0000 sub_work
B 0004d8 R16 100804 0000 sub_work
B 0004d8 R16 100804 0000 sub_work
B 0004d8 R16 100804 0000 sub_work
B 0004d8 R16 100804 0000 sub_work
B 0004d8 R16 100804 0000 sub_work
B 0004d8 R16 100804 0000 sub_work
B 0004d8 R16 100804 0000 sub_work
B 0004d8 R16 100804 0000 sub_work
B 0004d8 R16 100804 0000 sub_work
B 0004d8 R16 100804 0000 sub_work
B 0004d8 R16 100804 0000 sub_work
B 0004d8 R16 100804 0000 sub_work
B 0004d8 R16 100804 0000 sub_work
B 0004d8 R16 100804 0000 sub_work
B 0004d8 R16 100804 0000 sub_work
B 0004d8 R16 100804 0000 sub_work
B 0004d8 R16 100804 0000 sub_work
B 0004d8 R16 100804 0000 sub_work
B 0004d8 R16 100804 0000 sub_work
B 0004d8 R16 100804 0000 sub_work
B 0004d8 R16 100804 0000 sub_work
B 0004d8 R16 100804 0000 sub_work
B 0004d8 R16 100804 0000 sub_work
B 0004d8 R16 100804 0000 sub_work
B 0004d8 R16 100804 0000 sub_work
B 0004d8 R16 100804 0000 sub_work
B 0004d8 R16 100804 0000 sub_work
B 0004d8 R16 100804 0000 sub_work
B 0004d8 R16 100804 0000 sub_work
B 0004d8 R16 100804 0000 sub_work
B 0004d8 R16 100804 0000 sub_work
B 0004d8 R16 100804 0000 sub_work
B 0004d8 R16 100804 0000 sub_work
B 0004d8 R16 100804 0000 sub_work
B 0004d8 R16 100804 0000 sub_work
B 0004d8 R16 100804 0000 sub_work
B 0004d8 R16 100804 0000 sub_work
B 0004d8 R16 100804 0000 sub_work
B 0004d8 R16 100804 0000 sub_work
B 0004d8 R16 100804 0000 sub_work
B 0004d8 R16 100804 0000 sub_work
B 0004d8 R16 100804 0000 sub_work
B 0004d8 R16 100804 0000 sub_work
B 0004d8 R16 100804 0000 sub_work
B 0004d8 R16 100804 0000 sub_work
B 0004d8 R16 100804 0000 sub_work
B 0004d8 R16 100804 0000 sub_work
B 0004d8 R16 100804 0000 sub_work
B 0004d8 R16 100804 0000 sub_work
B 0004d8 R16 100804 0000 sub_work
B 0004d8 R16 100804 0000 sub_work
B 0004d8 R16 100804 0000 sub_work
B 0004d8 R16 100804 0000 sub_work
B 0004d8 R16 100804 0000 sub_work
B 0004d8 R16 100804 0000 sub_work
B 0004d8 R16 100804 0000 sub_work
B 0004d8 R16 100804 0000 sub_work
B 0004d8 R16 100804 0000 sub_work
B 0004d8 R16 100804 0000 sub_work
B 0004d8 R16 100804 0000 sub_work
B 0004d8 R16 100804 0000 sub_work
B 0004d8 R16 100804 0000 sub_work
B 0004d8 R16 100804 0000 sub_work
B 0004d8 R16 100804 0000 sub_work
B 0004d8 R16 100804 0000 sub_work
B 0004d8 R16 100804 0000 sub_work
B 0004d8 R16 100804 0000 sub_work
B 0004d8 R16 100804 0000 sub_work
B 0004d8 R16 100804 0000 sub_work
B 0004d8 R16 100804 0000 sub_work
B 0004d8 R16 100804 0000 sub_work
B 0004d8 R16 100804 0000 sub_work
B 0004d8 R16 100804 0000 sub_work
B 0004d8 R16 100804 0000 sub_work
B 0004d8 R16 100804 0000 sub_work
B 0004d8 R16 100804 0000 sub_work
B 0004d8 R16 100804 0000 sub_work
B 0004d8 R16 100804 0000 sub_work
B 0004d8 R16 100804 0000 sub_work
B 0004d8 R16 100804 0000 sub_work
B 0004d8 R16 100804 0000 sub_work
B 0004d8 R16 100804 0000 sub_work
B 0004d8 R16 100804 0000 sub_work
B 0004d8 R16 100804 0000 sub_work
B 0004d8 R16 100804 0000 sub_work
B 0004d8 R16 100804 0000 sub_work
B 0004d8 R16 100804 0000 sub_work
B 0004d8 R16 100804 0000 sub_work
B 0004d8 R16 100804 0000 sub_work
B 0004d8 R16 100804 0000 sub_work
B 0004d8 R16 100804 0000 sub_work
B 0004d8 R16 100804 0000 sub_work
B 0004d8 R16 100804 0000 sub_work
B 0004d8 R16 100804 0000 sub_work
B 0004d8 R16 100804 0000 sub_work
B 0004d8 R16 100804 0000 sub_work
B 0004d8 R16 100804 0000 sub_work
B 0004d8 R16 100804 0000 sub_work
B 0004d8 R16 100804 0000 sub_work
B 0004d8 R16 100804 0000 sub_work
B 0004d8 R16 100804 0000 sub_work
B 0004d8 R16 100804 0000 sub_work
B 0004d8 R16 100804 0000 sub_work
B 0004d8 R16 100804 0000 sub_work
B 0004d8 R16 100804 0000 sub_work
B 0004d8 R16 100804 0000 sub_work
B 0004d8 R16 100804 0000 sub_work
B 0004d8 R16 100804 0000 sub_work
B 0004d8 R16 100804 0000 sub_work
B 0004d8 R16 100804 0000 sub_work
B 0004d8 R16 100804 0000 sub_work
B 0004d8 R16 100804 0000 sub_work
B 0004d8 R16 100804 0000 sub_work
B 0004d8 R16 100804 0000 sub_work
B 0004d8 R16 100804 0000 sub_work
B 0004d8 R16 100804 0000 sub_work
B 0004d8 R16 100804 0000 sub_work
B 0004d8 R16 100804 0000 sub_work
B 0004d8 R16 100804 0000 sub_work
B 0004d8 R16 100804 0000 sub_work
B 0004d8 R16 100804 0000 sub_work
B 0004d8 R16 100804 0000 sub_work
B 0004d8 R16 100804 0000 sub_work
B 0004d8 R16 100804 0000 sub_work
B 0004d8 R16 100804 0000 sub_work
B 0004d8 R16 100804 0000 sub_work
B 0004d8 R16 100804 0000 sub_work
B 0004d8 R16 100804 0000 sub_work
B 0004d8 R16 100804 0000 sub_work
B 0004d8 R16 100804 0000 sub_work
B 0004d8 R16 100804 0000 sub_work
B 0004d8 R16 100804 0000 sub_work
B 0004d8 R16 100804 0000 sub_work
B 0004d8 R16 100804 0000 sub_work
B 0004d8 R16 100804 0000 sub_work
B 0004d8 R16 100804 0000 sub_work
B 0004d8 R16 100804 0000 sub_work
B 0004d8 R16 100804 0000 sub_work
B 0004d8 R16 100804 0000 sub_work
B 0004d8 R16 100804 0000 sub_work
B 0004d8 R16 100804 0000 sub_work
B 0004d8 R16 100804 0000 sub_work
B 0004d8 R16 100804 0000 sub_work
B 0004d8 R16 100804 0000 sub_work
B 0004d8 R16 100804 0000 sub_work
B 0004d8 R16 100804 0000 sub_work
B 0004d8 R16 100804 0000 sub_work
B 0004d8 R16 100804 0000 sub_work
B 0004d8 R16 100804 0000 sub_work
B 0004d8 R16 100804 0000 sub_work
B 0004d8 R16 100804 0000 sub_work
B 0004d8 R16 100804 0000 sub_work
B 0004d8 R16 100804 0000 sub_work
B 0004d8 R16 100804 0000 sub_work
B 0004d8 R16 100804 0000 sub_work
B 0004d8 R16 100804 0000 sub_work
B 0004d8 R16 100804 0000 sub_work
B 0004d8 R16 100804 0000 sub_work
B 0004d8 R16 100804 0000 sub_work
B 0004d8 R16 100804 0000 sub_work
B 0004d8 R16 100804 0000 sub_work
B 0004d8 R16 100804 0000 sub_work
B 0004d8 R16 100804 0000 sub_work
B 0004d8 R16 100804 0000 sub_work
B 0004d8 R16 100804 0000 sub_work
B 0004d8 R16 100804 0000 sub_work
B 0004d8 R16 100804 0000 sub_work
B 0004d8 R16 100804 0000 sub_work
B 0004d8 R16 100804 0000 sub_work
B 0004d8 R16 100804 0000 sub_work
B 0004d8 R16 100804 0000 sub_work
B 0004d8 R16 100804 0000 sub_work
B 0004d8 R16 100804 0000 sub_work
B 0004d8 R16 100804 0000 sub_work
B 0004d8 R16 100804 0000 sub_work
B 0004d8 R16 100804 0000 sub_work
B 0004d8 R16 100804 0000 sub_work
B 0004d8 R16 100804 0000 sub_work
B 0004d8 R16 100804 0000 sub_work
B 0004d8 R16 100804 0000 sub_work
B 0004d8 R16 100804 0000 sub_work
B 0004d8 R16 100804 0000 sub_work
B 0004d8 R16 100804 0000 sub_work
B 0004d8 R16 100804 0000 sub_work
B 0004d8 R16 100804 0000 sub_work
B 0004d8 R16 100804 0000 sub_work
B 0004d8 R16 100804 0000 sub_work
B 0004d8 R16 100804 0000 sub_work
B 0004d8 R16 100804 0000 sub_work
B 0004d8 R16 100804 0000 sub_work
B 0004d8 R16 100804 0000 sub_work
B 0004d8 R16 100804 0000 sub_work
B 0004d8 R16 100804 0000 sub_work
B 0004d8 R16 100804 0000 sub_work
B 0004d8 R16 100804 0000 sub_work
B 0004d8 R16 100804 0000 sub_work
B 0004d8 R16 100804 0000 sub_work
B 0004d8 R16 100804 0000 sub_work
B 0004d8 R16 100804 0000 sub_work
B 0004d8 R16 100804 0000 sub_work
B 0004d8 R16 100804 0000 sub_work
B 0004d8 R16 100804 0000 sub_work
B 0004d8 R16 100804 0000 sub_work
B 0004d8 R16 100804 0000 sub_work
B 0004d8 R16 100804 0000 sub_work
B 0004d8 R16 100804 0000 sub_work
B 0004d8 R16 100804 0000 sub_work
B 0004d8 R16 100804 0000 sub_work
B 0004d8 R16 100804 0000 sub_work
B 0004d8 R16 100804 0000 sub_work
B 0004d8 R16 100804 0000 sub_work
B 0004d8 R16 100804 0000 sub_work
B 0004d8 R16 100804 0000 sub_work
B 0004d8 R16 100804 0000 sub_work
B 0004d8 R16 100804 0000 sub_work
B 0004d8 R16 100804 0000 sub_work
B 0004d8 R16 100804 0000 sub_work
B 0004d8 R16 100804 0000 sub_work
B 0004d8 R16 100804 0000 sub_work
B 0004d8 R16 100804 0000 sub_work
B 0004d8 R16 100804 0000 sub_work
B 0004d8 R16 100804 0000 sub_work
B 0004d8 R16 100804 0000 sub_work
B 0004d8 R16 100804 0000 sub_work
B 0004d8 R16 100804 0000 sub_work
B 0004d8 R16 100804 0000 sub_work
B 0004d8 R16 100804 0000 sub_work
B 0004d8 R16 100804 0000 sub_work
B 0004d8 R16 100804 0000 sub_work
B 0004d8 R16 100804 0000 sub_work
B 0004d8 R16 100804 0000 sub_work
B 0004d8 R16 100804 0000 sub_work
B 0004d8 R16 100804 0000 sub_work
B 0004d8 R16 100804 0000 sub_work
B 0004d8 R16 100804 0000 sub_work
B 0004d8 R16 100804 0000 sub_work
B 0004d8 R16 100804 0000 sub_work
B 0004d8 R16 100804 0000 sub_work
B 0004d8 R16 100804 0000 sub_work
B 0004d8 R16 100804 0000 sub_work
B 0004d8 R16 100804 0000 sub_work
B 0004d8 R16 100804 0000 sub_work
B 0004d8 R16 100804 0000 sub_work
B 0004d8 R16 100804 0000 sub_work
B 0004d8 R16 100804 0000 sub_work
B 0004d8 R16 100804 0000 sub_work
B 0004d8 R16 100804 0000 sub_work
B 0004d8 R16 100804 0000 sub_work
B 0004d8 R16 100804 0000 sub_work
B 0004d8 R16 100804 0000 sub_work
B 0004d8 R16 100804 0000 sub_work
B 0004d8 R16 100804 0000 sub_work
B 0004d8 R16 100804 0000 sub_work
B 0004d8 R16 100804 0000 sub_work
B 0004d8 R16 100804 0000 sub_work
B 0004d8 R16 100804 0000 sub_work
B 0004d8 R16 100804 0000 sub_work
B 0004d8 R16 100804 0000 sub_work
B 0004d8 R16 100804 0000 sub_work
B 0004d8 R16 100804 0000 sub_work
B 0004d8 R16 100804 0000 sub_work
B 0004d8 R16 100804 0000 sub_work
B 0004d8 R16 100804 0000 sub_work
B 0004d8 R16 100804 0000 sub_work
B 0004d8 R16 100804 0000 sub_work
B 0004d8 R16 100804 0000 sub_work
B 0004d8 R16 100804 0000 sub_work
B 0004d8 R16 100804 0000 sub_work
B 0004d8 R16 100804 0000 sub_work
B 0004d8 R16 100804 0000 sub_work
B 0004d8 R16 100804 0000 sub_work
B 0004d8 R16 100804 0000 sub_work
B 0004d8 R16 100804 0000 sub_work
B 0004d8 R16 100804 0000 sub_work
B 0004d8 R16 100804 0000 sub_work
B 0004d8 R16 100804 0000 sub_work
B 0004d8 R16 100804 0000 sub_work
B 0004d8 R16 100804 0000 sub_work
B 0004d8 R16 100804 0000 sub_work
B 0004d8 R16 100804 0000 sub_work
B 0004d8 R16 100804 0000 sub_work
B 0004d8 R16 100804 0000 sub_work
B 0004d8 R16 100804 0000 sub_work
B 0004d8 R16 100804 0000 sub_work
B 0004d8 R16 100804 0000 sub_work
B 0004d8 R16 100804 0000 sub_work
B 0004d8 R16 100804 0000 sub_work
B 0004d8 R16 100804 0000 sub_work
B 0004d8 R16 100804 0000 sub_work
B 0004d8 R16 100804 0000 sub_work
B 0004d8 R16 100804 0000 sub_work
B 0004d8 R16 100804 0000 sub_work
B 0004d8 R16 100804 0000 sub_work
B 0004d8 R16 100804 0000 sub_work
B 0004d8 R16 100804 0000 sub_work
B 0004d8 R16 100804 0000 sub_work
B 0004d8 R16 100804 0000 sub_work
B 0004d8 R16 100804 0000 sub_work
B 0004d8 R16 100804 0000 sub_work
B 0004d8 R16 100804 0000 sub_work
B 0004d8 R16 100804 0000 sub_work
B 0004d8 R16 100804 0000 sub_work
B 0004d8 R16 100804 0000 sub_work
B 0004d8 R16 100804 0000 sub_work
B 0004d8 R16 100804 0000 sub_work
B 0004d8 R16 100804 0000 sub_work
B 0004d8 R16 100804 0000 sub_work
B 0004d8 R16 100804 0000 sub_work
B 0004d8 R16 100804 0000 sub_work
B 0004d8 R16 100804 0000 sub_work
B 0004d8 R16 100804 0000 sub_work
B 0004d8 R16 100804 0000 sub_work
B 0004d8 R16 100804 0000 sub_work
B 0004d8 R16 100804 0000 sub_work
B 0004d8 R16 100804 0000 sub_work
B 0004d8 R16 100804 0000 sub_work
B 0004d8 R16 100804 0000 sub_work
B 0004d8 R16 100804 0000 sub_work
B 0004d8 R16 100804 0000 sub_work
B 0004d8 R16 100804 0000 sub_work
B 0004d8 R16 100804 0000 sub_work
B 0004d8 R16 100804 0000 sub_work
B 0004d8 R16 100804 0000 sub_work
B 0004d8 R16 100804 0000 sub_work
B 0004d8 R16 100804 0000 sub_work
B 0004d8 R16 100804 0000 sub_work
B 0004d8 R16 100804 0000 sub_work
B 0004d8 R16 100804 0000 sub_work
B 0004d8 R16 100804 0000 sub_work
B 0004d8 R16 100804 0000 sub_work
B 0004d8 R16 100804 0000 sub_work
B 0004d8 R16 100804 0000 sub_work
B 0004d8 R16 100804 0000 sub_work
B 0004d8 R16 100804 0000 sub_work
B 0004d8 R16 100804 0000 sub_work
B 0004d8 R16 100804 0000 sub_work
B 0004d8 R16 100804 0000 sub_work
B 0004d8 R16 100804 0000 sub_work
B 0004d8 R16 100804 0000 sub_work
B 0004d8 R16 100804 0000 sub_work
B 0004d8 R16 100804 0000 sub_work
B 0004d8 R16 100804 0000 sub_work
B 0004d8 R16 100804 0000 sub_work
B 0004d8 R16 100804 0000 sub_work
B 0004d8 R16 100804 0000 sub_work
B 0004d8 R16 100804 0000 sub_work
B 0004d8 R16 100804 0000 sub_work
B 0004d8 R16 100804 0000 sub_work
B 0004d8 R16 100804 0000 sub_work
B 0004d8 R16 100804 0000 sub_work
B 0004d8 R16 100804 0000 sub_work
B 0004d8 R16 100804 0000 sub_work
B 0004d8 R16 100804 0000 sub_work
B 0004d8 R16 100804 0000 sub_work
B 0004d8 R16 100804 0000 sub_work
B 0004d8 R16 100804 0000 sub_work
B 0004d8 R16 100804 0000 sub_work
B 0004d8 R16 100804 0000 sub_work
B 0004d8 R16 100804 0000 sub_work
B 0004d8 R16 100804 0000 sub_work
B 0004d8 R16 100804 0000 sub_work
B 0004d8 R16 100804 0000 sub_work
B 0004d8 R16 100804 0000 sub_work
B 0004d8 R16 100804 0000 sub_work
B 0004d8 R16 100804 0000 sub_work
B 0004d8 R16 100804 0000 sub_work
B 0004d8 R16 100804 0000 sub_work
B 0004d8 R16 100804 0000 sub_work
B 0004d8 R16 100804 0000 sub_work
B 0004d8 R16 100804 0000 sub_work
B 0004d8 R16 100804 0000 sub_work
B 0004d8 R16 100804 0000 sub_work
B 0004d8 R16 100804 0000 sub_work
B 0004d8 R16 100804 0000 sub_work
B 0004d8 R16 100804 0000 sub_work
B 0004d8 R16 100804 0000 sub_work
B 0004d8 R16 100804 0000 sub_work
B 0004d8 R16 100804 0000 sub_work
B 0004d8 R16 100804 0000 sub_work
B 0004d8 R16 100804 0000 sub_work
B 0004d8 R16 100804 0000 sub_work
B 0004d8 R16 100804 0000 sub_work
B 0004d8 R16 100804 0000 sub_work
B 0004d8 R16 100804 0000 sub_work
B 0004d8 R16 100804 0000 sub_work
B 0004d8 R16 100804 0000 sub_work
B 0004d8 R16 100804 0000 sub_work
B 0004d8 R16 100804 0000 sub_work
B 0004d8 R16 100804 0000 sub_work
B 0004d8 R16 100804 0000 sub_work
B 0004d8 R16 100804 0000 sub_work
B 0004d8 R16 100804 0000 sub_work
B 0004d8 R16 100804 0000 sub_work
B 0004d8 R16 100804 0000 sub_work
B 0004d8 R16 100804 0000 sub_work
B 0004d8 R16 100804 0000 sub_work
B 0004d8 R16 100804 0000 sub_work
B 0004d8 R16 100804 0000 sub_work
B 0004d8 R16 100804 0000 sub_work
B 0004d8 R16 100804 0000 sub_work
B 0004d8 R16 100804 0000 sub_work
B 0004d8 R16 100804 0000 sub_work
B 0004d8 R16 100804 0000 sub_work
B 0004d8 R16 100804 0000 sub_work
B 0004d8 R16 100804 0000 sub_work
B 0004d8 R16 100804 0000 sub_work
B 0004d8 R16 100804 0000 sub_work
B 0004d8 R16 100804 0000 sub_work
B 0004d8 R16 100804 0000 sub_work
B 0004d8 R16 100804 0000 sub_work
B 0004d8 R16 100804 0000 sub_work
B 0004d8 R16 100804 0000 sub_work
B 0004d8 R16 100804 0000 sub_work
B 0004d8 R16 100804 0000 sub_work
B 0004d8 R16 100804 0000 sub_work
B 0004d8 R16 100804 0000 sub_work
B 0004d8 R16 100804 0000 sub_work
B 0004d8 R16 100804 0000 sub_work
B 0004d8 R16 100804 0000 sub_work
B 0004d8 R16 100804 0000 sub_work
B 0004d8 R16 100804 0000 sub_work
B 0004d8 R16 100804 0000 sub_work
B 0004d8 R16 100804 0000 sub_work
B 0004d8 R16 100804 0000 sub_work
B 0004d8 R16 100804 0000 sub_work
B 0004d8 R16 100804 0000 sub_work
B 0004d8 R16 100804 0000 sub_work
B 0004d8 R16 100804 0000 sub_work
B 0004d8 R16 100804 0000 sub_work
B 0004d8 R16 100804 0000 sub_work
B 0004d8 R16 100804 0000 sub_work
B 0004d8 R16 100804 0000 sub_work
B 0004d8 R16 100804 0000 sub_work
B 0004d8 R16 100804 0000 sub_work
B 0004d8 R16 100804 0000 sub_work
B 0004d8 R16 100804 0000 sub_work
B 0004d8 R16 100804 0000 sub_work
B 0004d8 R16 100804 0000 sub_work
B 0004d8 R16 100804 0000 sub_work
B 0004d8 R16 100804 0000 sub_work
B 0004d8 R16 100804 0000 sub_work
B 0004d8 R16 100804 0000 sub_work
B 0004d8 R16 100804 0000 sub_work
B 0004d8 R16 100804 0000 sub_work
B 0004d8 R16 100804 0000 sub_work
B 0004d8 R16 100804 0000 sub_work
B 0004d8 R16 100804 0000 sub_work
B 0004d8 R16 100804 0000 sub_work
B 0004d8 R16 100804 0000 sub_work
B 0004d8 R16 100804 0000 sub_work
B 0004d8 R16 100804 0000 sub_work
B 0004d8 R16 100804 0000 sub_work
B 0004d8 R16 100804 0000 sub_work
B 0004d8 R16 100804 0000 sub_work
B 0004d8 R16 100804 0000 sub_work
B 0004d8 R16 100804 0000 sub_work
B 0004d8 R16 100804 0000 sub_work
B 0004d8 R16 100804 0000 sub_work
B 0004d8 R16 100804 0000 sub_work
B 0004d8 R16 100804 0000 sub_work
B 0004d8 R16 100804 0000 sub_work
B 0004d8 R16 100804 0000 sub_work
B 0004d8 R16 100804 0000 sub_work
B 0004d8 R16 100804 0000 sub_work
B 0004d8 R16 100804 0000 sub_work
B 0004d8 R16 100804 0000 sub_work
B 0004d8 R16 100804 0000 sub_work
B 0004d8 R16 100804 0000 sub_work
B 0004d8 R16 100804 0000 sub_work
B 0004d8 R16 100804 0000 sub_work
B 0004d8 R16 100804 0000 sub_work
B 0004d8 R16 100804 0000 sub_work
B 0004d8 R16 100804 0000 sub_work
B 0004d8 R16 100804 0000 sub_work
B 0004d8 R16 100804 0000 sub_work
B 0004d8 R16 100804 0000 sub_work
B 0004d8 R16 100804 0000 sub_work
B 0004d8 R16 100804 0000 sub_work
B 0004d8 R16 100804 0000 sub_work
B 0004d8 R16 100804 0000 sub_work
B 0004d8 R16 100804 0000 sub_work
B 0004d8 R16 100804 0000 sub_work
B 0004d8 R16 100804 0000 sub_work
B 0004d8 R16 100804 0000 sub_work
B 0004d8 R16 100804 0000 sub_work
B 0004d8 R16 100804 0000 sub_work
B 0004d8 R16 100804 0000 sub_work
B 0004d8 R16 100804 0000 sub_work
B 0004d8 R16 100804 0000 sub_work
B 0004d8 R16 100804 0000 sub_work
B 0004d8 R16 100804 0000 sub_work
B 0004d8 R16 100804 0000 sub_work
B 0004d8 R16 100804 0000 sub_work
B 0004d8 R16 100804 0000 sub_work
B 0004d8 R16 100804 0000 sub_work
B 0004d8 R16 100804 0000 sub_work
B 0004d8 R16 100804 0000 sub_work
B 0004d8 R16 100804 0000 sub_work
B 0004d8 R16 100804 0000 sub_work
B 0004d8 R16 100804 0000 sub_work
B 0004d8 R16 100804 0000 sub_work
B 0004d8 R16 100804 0000 sub_work
B 0004d8 R16 100804 0000 sub_work
B 0004d8 R16 100804 0000 sub_work
B 0004d8 R16 100804 0000 sub_work
B 0004d8 R16 100804 0000 sub_work
B 0004d8 R16 100804 0000 sub_work
B 0004d8 R16 100804 0000 sub_work
B 0004d8 R16 100804 0000 sub_work
B 0004d8 R16 100804 0000 sub_work
B 0004d8 R16 100804 0000 sub_work
B 0004d8 R16 100804 0000 sub_work
B 0004d8 R16 100804 0000 sub_work
B 0004d8 R16 100804 0000 sub_work
B 0004d8 R16 100804 0000 sub_work
B 0004d8 R16 100804 0000 sub_work
B 0004d8 R16 100804 0000 sub_work
B 0004d8 R16 100804 0000 sub_work
B 0004d8 R16 100804 0000 sub_work
B 0004d8 R16 100804 0000 sub_work
B 0004d8 R16 100804 0000 sub_work
B 0004d8 R16 100804 0000 sub_work
B 0004d8 R16 100804 0000 sub_work
B 0004d8 R16 100804 0000 sub_work
B 0004d8 R16 100804 0000 sub_work
B 0004d8 R16 100804 0000 sub_work
B 0004d8 R16 100804 0000 sub_work
B 0004d8 R16 100804 0000 sub_work
B 0004d8 R16 100804 0000 sub_work
B 0004d8 R16 100804 0000 sub_work
B 0004d8 R16 100804 0000 sub_work
B 0004d8 R16 100804 0000 sub_work
B 0004d8 R16 100804 0000 sub_work
B 0004d8 R16 100804 0000 sub_work
B 0004d8 R16 100804 0000 sub_work
B 0004d8 R16 100804 0000 sub_work
B 0004d8 R16 100804 0000 sub_work
B 0004d8 R16 100804 0000 sub_work
B 0004d8 R16 100804 0000 sub_work
B 0004d8 R16 100804 0000 sub_work
B 0004d8 R16 100804 0000 sub_work
B 0004d8 R16 100804 0000 sub_work
B 0004d8 R16 100804 0000 sub_work
B 0004d8 R16 100804 0000 sub_work
B 0004d8 R16 100804 0000 sub_work
B 0004d8 R16 100804 0000 sub_work
B 0004d8 R16 100804 0000 sub_work
B 0004d8 R16 100804 0000 sub_work
B 0004d8 R16 100804 0000 sub_work
B 0004d8 R16 100804 0000 sub_work
B 0004d8 R16 100804 0000 sub_work
B 0004d8 R16 100804 0000 sub_work
B 0004d8 R16 100804 0000 sub_work
B 0004d8 R16 100804 0000 sub_work
B 0004d8 R16 100804 0000 sub_work
B 0004d8 R16 100804 0000 sub_work
B 0004d8 R16 100804 0000 sub_work
B 0004d8 R16 100804 0000 sub_work
B 0004d8 R16 100804 0000 sub_work
B 0004d8 R16 100804 0000 sub_work
B 0004d8 R16 100804 0000 sub_work
B 0004d8 R16 100804 0000 sub_work
B 0004d8 R16 100804 0000 sub_work
B 0004d8 R16 100804 0000 sub_work
B 0004d8 R16 100804 0000 sub_work
B 0004d8 R16 100804 0000 sub_work
B 0004d8 R16 100804 0000 sub_work
B 0004d8 R16 100804 0000 sub_work
B 0004d8 R16 100804 0000 sub_work
B 0004d8 R16 100804 0000 sub_work
B 0004d8 R16 100804 0000 sub_work
B 0004d8 R16 100804 0000 sub_work
B 0004d8 R16 100804 0000 sub_work
B 0004d8 R16 100804 0000 sub_work
B 0004d8 R16 100804 0000 sub_work
B 0004d8 R16 100804 0000 sub_work
B 0004d8 R16 100804 0000 sub_work
B 0004d8 R16 100804 0000 sub_work
B 0004d8 R16 100804 0000 sub_work
B 0004d8 R16 100804 0000 sub_work
B 0004d8 R16 100804 0000 sub_work
B 0004d8 R16 100804 0000 sub_work
B 0004d8 R16 100804 0000 sub_work
B 0004d8 R16 100804 0000 sub_work
B 0004d8 R16 100804 0000 sub_work
B 0004d8 R16 100804 0000 sub_work
B 0004d8 R16 100804 0000 sub_work
B 0004d8 R16 100804 0000 sub_work
B 0004d8 R16 100804 0000 sub_work
B 0004d8 R16 100804 0000 sub_work
B 0004d8 R16 100804 0000 sub_work
B 0004d8 R16 100804 0000 sub_work
B 0004d8 R16 100804 0000 sub_work
B 0004d8 R16 100804 0000 sub_work
B 0004d8 R16 100804 0000 sub_work
B 0004d8 R16 100804 0000 sub_work
B 0004d8 R16 100804 0000 sub_work
B 0004d8 R16 100804 0000 sub_work
B 0004d8 R16 100804 0000 sub_work
B 0004d8 R16 100804 0000 sub_work
B 0004d8 R16 100804 0000 sub_work
B 0004d8 R16 100804 0000 sub_work
B 0004d8 R16 100804 0000 sub_work
B 0004d8 R16 100804 0000 sub_work
B 0004d8 R16 100804 0000 sub_work
B 0004d8 R16 100804 0000 sub_work
B 0004d8 R16 100804 0000 sub_work
B 0004d8 R16 100804 0000 sub_work
B 0004d8 R16 100804 0000 sub_work
B 0004d8 R16 100804 0000 sub_work
B 0004d8 R16 100804 0000 sub_work
B 0004d8 R16 100804 0000 sub_work
B 0004d8 R16 100804 0000 sub_work
B 0004d8 R16 100804 0000 sub_work
B 0004d8 R16 100804 0000 sub_work
B 0004d8 R16 100804 0000 sub_work
B 0004d8 R16 100804 0000 sub_work
B 0004d8 R16 100804 0000 sub_work
B 0004d8 R16 100804 0000 sub_work
B 0004d8 R16 100804 0000 sub_work
B 0004d8 R16 100804 0000 sub_work
B 0004d8 R16 100804 0000 sub_work
B 0004d8 R16 100804 0000 sub_work
B 0004d8 R16 100804 0000 sub_work
B 0004d8 R16 100804 0000 sub_work
B 0004d8 R16 100804 0000 sub_work
B 0004d8 R16 100804 0000 sub_work
B 0004d8 R16 100804 0000 sub_work
B 0004d8 R16 100804 0000 sub_work
B 0004d8 R16 100804 0000 sub_work
B 0004d8 R16 100804 0000 sub_work
B 0004d8 R16 100804 0000 sub_work
B 0004d8 R16 100804 0000 sub_work
B 0004d8 R16 100804 0000 sub_work
B 0004d8 R16 100804 0000 sub_work
B 0004d8 R16 100804 0000 sub_work
B 0004d8 R16 100804 0000 sub_work
B 0004d8 R16 100804 0000 sub_work
B 0004d8 R16 100804 0000 sub_work
B 0004d8 R16 100804 0000 sub_work
B 0004d8 R16 100804 0000 sub_work
B 0004d8 R16 100804 0000 sub_work
B 0004d8 R16 100804 0000 sub_work
B 0004d8 R16 100804 0000 sub_work
B 0004d8 R16 100804 0000 sub_work
B 0004d8 R16 100804 0000 sub_work
B 0004d8 R16 100804 0000 sub_work
B 0004d8 R16 100804 0000 sub_work
B 0004d8 R16 100804 0000 sub_work
B 0004d8 R16 100804 0000 sub_work
B 0004d8 R16 100804 0000 sub_work
B 0004d8 R16 100804 0000 sub_work
B 0004d8 R16 100804 0000 sub_work
B 0004d8 R16 100804 0000 sub_work
B 0004d8 R16 100804 0000 sub_work
B 0004d8 R16 100804 0000 sub_work
B 0004d8 R16 100804 0000 sub_work
B 0004d8 R16 100804 0000 sub_work
B 0004d8 R16 100804 0000 sub_work
B 0004d8 R16 100804 0000 sub_work
B 0004d8 R16 100804 0000 sub_work
B 0004d8 R16 100804 0000 sub_work
B 0004d8 R16 100804 0000 sub_work
B 0004d8 R16 100804 0000 sub_work
B 0004d8 R16 100804 0000 sub_work
B 0004d8 R16 100804 0000 sub_work
B 0004d8 R16 100804 0000 sub_work
B 0004d8 R16 100804 0000 sub_work
B 0004d8 R16 100804 0000 sub_work
B 0004d8 R16 100804 0000 sub_work
B 0004d8 R16 100804 0000 sub_work
B 0004d8 R16 100804 0000 sub_work
B 0004d8 R16 100804 0000 sub_work
B 0004d8 R16 100804 0000 sub_work
B 0004d8 R16 100804 0000 sub_work
B 0004d8 R16 100804 0000 sub_work
B 0004d8 R16 100804 0000 sub_work
B 0004d8 R16 100804 0000 sub_work
B 0004d8 R16 100804 0000 sub_work
B 0004d8 R16 100804 0000 sub_work
B 0004d8 R16 100804 0000 sub_work
B 0004d8 R16 100804 0000 sub_work
B 0004d8 R16 100804 0000 sub_work
B 0004d8 R16 100804 0000 sub_work
B 0004d8 R16 100804 0000 sub_work
B 0004d8 R16 100804 0000 sub_work
B 0004d8 R16 100804 0000 sub_work
B 0004d8 R16 100804 0000 sub_work
B 0004d8 R16 100804 0000 sub_work
B 0004d8 R16 100804 0000 sub_work
B 0004d8 R16 100804 0000 sub_work
B 0004d8 R16 100804 0000 sub_work
B 0004d8 R16 100804 0000 sub_work
B 0004d8 R16 100804 0000 sub_work
B 0004d8 R16 100804 0000 sub_work
B 0004d8 R16 100804 0000 sub_work
B 0004d8 R16 100804 0000 sub_work
B 0004d8 R16 100804 0000 sub_work
B 0004d8 R16 100804 0000 sub_work
B 0004d8 R16 100804 0000 sub_work
B 0004d8 R16 100804 0000 sub_work
B 0004d8 R16 100804 0000 sub_work
B 0004d8 R16 100804 0000 sub_work
B 0004d8 R16 100804 0000 sub_work
B 0004d8 R16 100804 0000 sub_work
B 0004d8 R16 100804 0000 sub_work
B 0004d8 R16 100804 0000 sub_work
B 0004d8 R16 100804 0000 sub_work
B 0004d8 R16 100804 0000 sub_work
B 0004d8 R16 100804 0000 sub_work
B 0004d8 R16 100804 0000 sub_work
B 0004d8 R16 100804 0000 sub_work
B 0004d8 R16 100804 0000 sub_work
B 0004d8 R16 100804 0000 sub_work
B 0004d8 R16 100804 0000 sub_work
B 0004d8 R16 100804 0000 sub_work
B 0004d8 R16 100804 0000 sub_work
B 0004d8 R16 100804 0000 sub_work
B 0004d8 R16 100804 0000 sub_work
B 0004d8 R16 100804 0000 sub_work
B 0004d8 R16 100804 0000 sub_work
B 0004d8 R16 100804 0000 sub_work
B 0004d8 R16 100804 0000 sub_work
B 0004d8 R16 100804 0000 sub_work
B 0004d8 R16 100804 0000 sub_work
B 0004d8 R16 100804 0000 sub_work
B 0004d8 R16 100804 0000 sub_work
B 0004d8 R16 100804 0000 sub_work
B 0004d8 R16 100804 0000 sub_work
B 0004d8 R16 100804 0000 sub_work
B 0004d8 R16 100804 0000 sub_work
B 0004d8 R16 100804 0000 sub_work
B 0004d8 R16 100804 0000 sub_work
B 0004d8 R16 100804 0000 sub_work
B 0004d8 R16 100804 0000 sub_work
B 0004d8 R16 100804 0000 sub_work
B 0004d8 R16 100804 0000 sub_work
B 0004d8 R16 100804 0000 sub_work
B 0004d8 R16 100804 0000 sub_work
B 0004d8 R16 100804 0000 sub_work
B 0004d8 R16 100804 0000 sub_work
B 0004d8 R16 100804 0000 sub_work
B 0004d8 R16 100804 0000 sub_work
B 0004d8 R16 100804 0000 sub_work
B 0004d8 R16 100804 0000 sub_work
B 0004d8 R16 100804 0000 sub_work
B 0004d8 R16 100804 0000 sub_work
B 0004d8 R16 100804 0000 sub_work
B 0004d8 R16 100804 0000 sub_work
B 0004d8 R16 100804 0000 sub_work
B 0004d8 R16 100804 0000 sub_work
B 0004d8 R16 100804 0000 sub_work
B 0004d8 R16 100804 0000 sub_work
B 0004d8 R16 100804 0000 sub_work
B 0004d8 R16 100804 0000 sub_work
B 0004d8 R16 100804 0000 sub_work
B 0004d8 R16 100804 0000 sub_work
B 0004d8 R16 100804 0000 sub_work
B 0004d8 R16 100804 0000 sub_work
B 0004d8 R16 100804 0000 sub_work
B 0004d8 R16 100804 0000 sub_work
B 0004d8 R16 100804 0000 sub_work
B 0004d8 R16 100804 0000 sub_work
B 0004d8 R16 100804 0000 sub_work
B 0004d8 R16 100804 0000 sub_work
B 0004d8 R16 100804 0000 sub_work
B 0004d8 R16 100804 0000 sub_work
B 0004d8 R16 100804 0000 sub_work
B 0004d8 R16 100804 0000 sub_work
B 0004d8 R16 100804 0000 sub_work
B 0004d8 R16 100804 0000 sub_work
B 0004d8 R16 100804 0000 sub_work
B 0004d8 R16 100804 0000 sub_work
B 0004d8 R16 100804 0000 sub_work
B 0004d8 R16 100804 0000 sub_work
B 0004d8 R16 100804 0000 sub_work
B 0004d8 R16 100804 0000 sub_work
B 0004d8 R16 100804 0000 sub_work
B 0004d8 R16 100804 0000 sub_work
B 0004d8 R16 100804 0000 sub_work
B 0004d8 R16 100804 0000 sub_work
B 0004d8 R16 100804 0000 sub_work
B 0004d8 R16 100804 0000 sub_work
B 0004d8 R16 100804 0000 sub_work
B 0004d8 R16 100804 0000 sub_work
B 0004d8 R16 100804 0000 sub_work
B 0004d8 R16 100804 0000 sub_work
B 0004d8 R16 100804 0000 sub_work
B 0004d8 R16 100804 0000 sub_work
B 0004d8 R16 100804 0000 sub_work
B 0004d8 R16 100804 0000 sub_work
B 0004d8 R16 100804 0000 sub_work
B 0004d8 R16 100804 0000 sub_work
B 0004d8 R16 100804 0000 sub_work
B 0004d8 R16 100804 0000 sub_work
B 0004d8 R16 100804 0000 sub_work
B 0004d8 R16 100804 0000 sub_work
B 0004d8 R16 100804 0000 sub_work
B 0004d8 R16 100804 0000 sub_work
B 0004d8 R16 100804 0000 sub_work
B 0004d8 R16 100804 0000 sub_work
B 0004d8 R16 100804 0000 sub_work
B 0004d8 R16 100804 0000 sub_work
B 0004d8 R16 100804 0000 sub_work
B 0004d8 R16 100804 0000 sub_work
B 0004d8 R16 100804 0000 sub_work
B 0004d8 R16 100804 0000 sub_work
B 0004d8 R16 100804 0000 sub_work
B 0004d8 R16 100804 0000 sub_work
B 0004d8 R16 100804 0000 sub_work
B 0004d8 R16 100804 0000 sub_work
B 0004d8 R16 100804 0000 sub_work
B 0004d8 R16 100804 0000 sub_work
B 0004d8 R16 100804 0000 sub_work
B 0004d8 R16 100804 0000 sub_work
B 0004d8 R16 100804 0000 sub_work
B 0004d8 R16 100804 0000 sub_work
B 0004d8 R16 100804 0000 sub_work
B 0004d8 R16 100804 0000 sub_work
B 0004d8 R16 100804 0000 sub_work
B 0004d8 R16 100804 0000 sub_work
B 0004d8 R16 100804 0000 sub_work
B 0004d8 R16 100804 0000 sub_work
B 0004d8 R16 100804 0000 sub_work
B 0004d8 R16 100804 0000 sub_work
B 0004d8 R16 100804 0000 sub_work
B 0004d8 R16 100804 0000 sub_work
B 0004d8 R16 100804 0000 sub_work
B 0004d8 R16 100804 0000 sub_work
B 0004d8 R16 100804 0000 sub_work
B 0004d8 R16 100804 0000 sub_work
B 0004d8 R16 100804 0000 sub_work
B 0004d8 R16 100804 0000 sub_work
B 0004d8 R16 100804 0000 sub_work
B 0004d8 R16 100804 0000 sub_work
B 0004d8 R16 100804 0000 sub_work
B 0004d8 R16 100804 0000 sub_work
B 0004d8 R16 100804 0000 sub_work
B 0004d8 R16 100804 0000 sub_work
B 0004d8 R16 100804 0000 sub_work
B 0004d8 R16 100804 0000 sub_work
B 0004d8 R16 100804 0000 sub_work
B 0004d8 R16 100804 0000 sub_work
B 0004d8 R16 100804 0000 sub_work
B 0004d8 R16 100804 0000 sub_work
B 0004d8 R16 100804 0000 sub_work
B 0004d8 R16 100804 0000 sub_work
B 0004d8 R16 100804 0000 sub_work
B 0004d8 R16 100804 0000 sub_work
B 0004d8 R16 100804 0000 sub_work
B 0004d8 R16 100804 0000 sub_work
B 0004d8 R16 100804 0000 sub_work
B 0004d8 R16 100804 0000 sub_work
B 0004d8 R16 100804 0000 sub_work
B 0004d8 R16 100804 0000 sub_work
B 0004d8 R16 100804 0000 sub_work
B 0004d8 R16 100804 0000 sub_work
B 0004d8 R16 100804 0000 sub_work
B 0004d8 R16 100804 0000 sub_work
B 0004d8 R16 100804 0000 sub_work
B 0004d8 R16 100804 0000 sub_work
B 0004d8 R16 100804 0000 sub_work
B 0004d8 R16 100804 0000 sub_work
B 0004d8 R16 100804 0000 sub_work
B 0004d8 R16 100804 0000 sub_work
B 0004d8 R16 100804 0000 sub_work
B 0004d8 R16 100804 0000 sub_work
B 0004d8 R16 100804 0000 sub_work
B 0004d8 R16 100804 0000 sub_work
B 0004d8 R16 100804 0000 sub_work
B 0004d8 R16 100804 0000 sub_work
B 0004d8 R16 100804 0000 sub_work
B 0004d8 R16 100804 0000 sub_work
B 0004d8 R16 100804 0000 sub_work
B 0004d8 R16 100804 0000 sub_work
B 0004d8 R16 100804 0000 sub_work
B 0004d8 R16 100804 0000 sub_work
B 0004d8 R16 100804 0000 sub_work
B 0004d8 R16 100804 0000 sub_work
B 0004d8 R16 100804 0000 sub_work
B 0004d8 R16 100804 0000 sub_work
B 0004d8 R16 100804 0000 sub_work
B 0004d8 R16 100804 0000 sub_work
B 0004d8 R16 100804 0000 sub_work
B 0004d8 R16 100804 0000 sub_work
B 0004d8 R16 100804 0000 sub_work
B 0004d8 R16 100804 0000 sub_work
B 0004d8 R16 100804 0000 sub_work
B 0004d8 R16 100804 0000 sub_work
B 0004d8 R16 100804 0000 sub_work
B 0004d8 R16 100804 0000 sub_work
B 0004d8 R16 100804 0000 sub_work
B 0004d8 R16 100804 0000 sub_work
B 0004d8 R16 100804 0000 sub_work
B 0004d8 R16 100804 0000 sub_work
B 0004d8 R16 100804 0000 sub_work
B 0004d8 R16 100804 0000 sub_work
B 0004d8 R16 100804 0000 sub_work
B 0004d8 R16 100804 0000 sub_work
B 0004d8 R16 100804 0000 sub_work
B 0004d8 R16 100804 0000 sub_work
B 0004d8 R16 100804 0000 sub_work
B 0004d8 R16 100804 0000 sub_work
B 0004d8 R16 100804 0000 sub_work
B 0004d8 R16 100804 0000 sub_work
B 0004d8 R16 100804 0000 sub_work
B 0004d8 R16 100804 0000 sub_work
B 0004d8 R16 100804 0000 sub_work
B 0004d8 R16 100804 0000 sub_work
B 0004d8 R16 100804 0000 sub_work
B 0004d8 R16 100804 0000 sub_work
B 0004d8 R16 100804 0000 sub_work
B 0004d8 R16 100804 0000 sub_work
B 0004d8 R16 100804 0000 sub_work
B 0004d8 R16 100804 0000 sub_work
B 0004d8 R16 100804 0000 sub_work
B 0004d8 R16 100804 0000 sub_work
B 0004d8 R16 100804 0000 sub_work
B 0004d8 R16 100804 0000 sub_work
B 0004d8 R16 100804 0000 sub_work
B 0004d8 R16 100804 0000 sub_work
B 0004d8 R16 100804 0000 sub_work
B 0004d8 R16 100804 0000 sub_work
B 0004d8 R16 100804 0000 sub_work
B 0004d8 R16 100804 0000 sub_work
B 0004d8 R16 100804 0000 sub_work
B 0004d8 R16 100804 0000 sub_work
B 0004d8 R16 100804 0000 sub_work
B 0004d8 R16 100804 0000 sub_work
B 0004d8 R16 100804 0000 sub_work
B 0004d8 R16 100804 0000 sub_work
B 0004d8 R16 100804 0000 sub_work
B 0004d8 R16 100804 0000 sub_work
B 0004d8 R16 100804 0000 sub_work
B 0004d8 R16 100804 0000 sub_work
B 0004d8 R16 100804 0000 sub_work
B 0004d8 R16 100804 0000 sub_work
B 0004d8 R16 100804 0000 sub_work
B 0004d8 R16 100804 0000 sub_work
B 0004d8 R16 100804 0000 sub_work
B 0004d8 R16 100804 0000 sub_work
B 0004d8 R16 100804 0000 sub_work
B 0004d8 R16 100804 0000 sub_work
B 0004d8 R16 100804 0000 sub_work
B 0004d8 R16 100804 0000 sub_work
B 0004d8 R16 100804 0000 sub_work
B 0004d8 R16 100804 0000 sub_work
B 0004d8 R16 100804 0000 sub_work
B 0004d8 R16 100804 0000 sub_work
B 0004d8 R16 100804 0000 sub_work
B 0004d8 R16 100804 0000 sub_work
B 0004d8 R16 100804 0000 sub_work
B 0004d8 R16 100804 0000 sub_work
B 0004d8 R16 100804 0000 sub_work
B 0004d8 R16 100804 0000 sub_work
B 0004d8 R16 100804 0000 sub_work
B 0004d8 R16 100804 0000 sub_work
B 0004d8 R16 100804 0000 sub_work
B 0004d8 R16 100804 0000 sub_work
B 0004d8 R16 100804 0000 sub_work
B 0004d8 R16 100804 0000 sub_work
B 0004d8 R16 100804 0000 sub_work
B 0004d8 R16 100804 0000 sub_work
B 0004d8 R16 100804 0000 sub_work
B 0004d8 R16 100804 0000 sub_work
B 0004d8 R16 100804 0000 sub_work
B 0004d8 R16 100804 0000 sub_work
B 0004d8 R16 100804 0000 sub_work
B 0004d8 R16 100804 0000 sub_work
B 0004d8 R16 100804 0000 sub_work
B 0004d8 R16 100804 0000 sub_work
B 0004d8 R16 100804 0000 sub_work
B 0004d8 R16 100804 0000 sub_work
B 0004d8 R16 100804 0000 sub_work
B 0004d8 R16 100804 0000 sub_work
B 0004d8 R16 100804 0000 sub_work
B 0004d8 R16 100804 0000 sub_work
B 0004d8 R16 100804 0000 sub_work
B 0004d8 R16 100804 0000 sub_work
B 0004d8 R16 100804 0000 sub_work
B 0004d8 R16 100804 0000 sub_work
B 0004d8 R16 100804 0000 sub_work
B 0004d8 R16 100804 0000 sub_work
B 0004d8 R16 100804 0000 sub_work
B 0004d8 R16 100804 0000 sub_work
B 0004d8 R16 100804 0000 sub_work
B 0004d8 R16 100804 0000 sub_work
B 0004d8 R16 100804 0000 sub_work
B 0004d8 R16 100804 0000 sub_work
B 0004d8 R16 100804 0000 sub_work
B 0004d8 R16 100804 0000 sub_work
B 0004d8 R16 100804 0000 sub_work
B 0004d8 R16 100804 0000 sub_work
B 0004d8 R16 100804 0000 sub_work
B 0004d8 R16 100804 0000 sub_work
B 0004d8 R16 100804 0000 sub_work
B 0004d8 R16 100804 0000 sub_work
B 0004d8 R16 100804 0000 sub_work
B 0004d8 R16 100804 0000 sub_work
B 0004d8 R16 100804 0000 sub_work
B 0004d8 R16 100804 0000 sub_work
B 0004d8 R16 100804 0000 sub_work
B 0004d8 R16 100804 0000 sub_work
B 0004d8 R16 100804 0000 sub_work
B 0004d8 R16 100804 0000 sub_work
B 0004d8 R16 100804 0000 sub_work
B 0004d8 R16 100804 0000 sub_work
B 0004d8 R16 100804 0000 sub_work
B 0004d8 R16 100804 0000 sub_work
B 0004d8 R16 100804 0000 sub_work
B 0004d8 R16 100804 0000 sub_work
B 0004d8 R16 100804 0000 sub_work
B 0004d8 R16 100804 0000 sub_work
B 0004d8 R16 100804 0000 sub_work
B 0004d8 R16 100804 0000 sub_work
B 0004d8 R16 100804 0000 sub_work
B 0004d8 R16 100804 0000 sub_work
B 0004d8 R16 100804 0000 sub_work
B 0004d8 R16 100804 0000 sub_work
B 0004d8 R16 100804 0000 sub_work
B 0004d8 R16 100804 0000 sub_work
B 0004d8 R16 100804 0000 sub_work
B 0004d8 R16 100804 0000 sub_work
B 0004d8 R16 100804 0000 sub_work
B 0004d8 R16 100804 0000 sub_work
B 0004d8 R16 100804 0000 sub_work
B 0004d8 R16 100804 0000 sub_work
B 0004d8 R16 100804 0000 sub_work
B 0004d8 R16 100804 0000 sub_work
B 0004d8 R16 100804 0000 sub_work
B 0004d8 R16 100804 0000 sub_work
B 0004d8 R16 100804 0000 sub_work
B 0004d8 R16 100804 0000 sub_work
B 0004d8 R16 100804 0000 sub_work
B 0004d8 R16 100804 0000 sub_work
B 0004d8 R16 100804 0000 sub_work
B 0004d8 R16 100804 0000 sub_work
B 0004d8 R16 100804 0000 sub_work
B 0004d8 R16 100804 0000 sub_work
B 0004d8 R16 100804 0000 sub_work
B 0004d8 R16 100804 0000 sub_work
B 0004d8 R16 100804 0000 sub_work
B 0004d8 R16 100804 0000 sub_work
B 0004d8 R16 100804 0000 sub_work
B 0004d8 R16 100804 0000 sub_work
B 0004d8 R16 100804 0000 sub_work
B 0004d8 R16 100804 0000 sub_work
B 0004d8 R16 100804 0000 sub_work
B 0004d8 R16 100804 0000 sub_work
B 0004d8 R16 100804 0000 sub_work
B 0004d8 R16 100804 0000 sub_work
B 0004d8 R16 100804 0000 sub_work
B 0004d8 R16 100804 0000 sub_work
B 0004d8 R16 100804 0000 sub_work
B 0004d8 R16 100804 0000 sub_work
B 0004d8 R16 100804 0000 sub_work
B 0004d8 R16 100804 0000 sub_work
B 0004d8 R16 100804 0000 sub_work
B 0004d8 R16 100804 0000 sub_work
B 0004d8 R16 100804 0000 sub_work
B 0004d8 R16 100804 0000 sub_work
B 0004d8 R16 100804 0000 sub_work
B 0004d8 R16 100804 0000 sub_work
B 0004d8 R16 100804 0000 sub_work
B 0004d8 R16 100804 0000 sub_work
B 0004d8 R16 100804 0000 sub_work
B 0004d8 R16 100804 0000 sub_work
B 0004d8 R16 100804 0000 sub_work
B 0004d8 R16 100804 0000 sub_work
B 0004d8 R16 100804 0000 sub_work
B 0004d8 R16 100804 0000 sub_work
B 0004d8 R16 100804 0000 sub_work
B 0004d8 R16 100804 0000 sub_work
B 0004d8 R16 100804 0000 sub_work
B 0004d8 R16 100804 0000 sub_work
B 0004d8 R16 100804 0000 sub_work
B 0004d8 R16 100804 0000 sub_work
B 0004d8 R16 100804 0000 sub_work
B 0004d8 R16 100804 0000 sub_work
B 0004d8 R16 100804 0000 sub_work
B 0004d8 R16 100804 0000 sub_work
B 0004d8 R16 100804 0000 sub_work
B 0004d8 R16 100804 0000 sub_work
B 0004d8 R16 100804 0000 sub_work
B 0004d8 R16 100804 0000 sub_work
B 0004d8 R16 100804 0000 sub_work
B 0004d8 R16 100804 0000 sub_work
B 0004d8 R16 100804 0000 sub_work
B 0004d8 R16 100804 0000 sub_work
B 0004d8 R16 100804 0000 sub_work
B 0004d8 R16 100804 0000 sub_work
B 0004d8 R16 100804 0000 sub_work
B 0004d8 R16 100804 0000 sub_work
B 0004d8 R16 100804 0000 sub_work
B 0004d8 R16 100804 0000 sub_work
B 0004d8 R16 100804 0000 sub_work
B 0004d8 R16 100804 0000 sub_work
B 0004d8 R16 100804 0000 sub_work
B 0004d8 R16 100804 0000 sub_work
B 0004d8 R16 100804 0000 sub_work
B 0004d8 R16 100804 0000 sub_work
B 0004d8 R16 100804 0000 sub_work
B 0004d8 R16 100804 0000 sub_work
B 0004d8 R16 100804 0000 sub_work
B 0004d8 R16 100804 0000 sub_work
B 0004d8 R16 100804 0000 sub_work
B 0004d8 R16 100804 0000 sub_work
B 0004d8 R16 100804 0000 sub_work
B 0004d8 R16 100804 0000 sub_work
B 0004d8 R16 100804 0000 sub_work
B 0004d8 R16 100804 0000 sub_work
B 0004d8 R16 100804 0000 sub_work
B 0004d8 R16 100804 0000 sub_work
B 0004d8 R16 100804 0000 sub_work
B 0004d8 R16 100804 0000 sub_work
B 0004d8 R16 100804 0000 sub_work
B 0004d8 R16 100804 0000 sub_work
B 0004d8 R16 100804 0000 sub_work
B 0004d8 R16 100804 0000 sub_work
B 0004d8 R16 100804 0000 sub_work
B 0004d8 R16 100804 0000 sub_work
B 0004d8 R16 100804 0000 sub_work
B 0004d8 R16 100804 0000 sub_work
B 0004d8 R16 100804 0000 sub_work
B 0004d8 R16 100804 0000 sub_work
B 0004d8 R16 100804 0000 sub_work
B 0004d8 R16 100804 0000 sub_work
B 0004d8 R16 100804 0000 sub_work
B 0004d8 R16 100804 0000 sub_work
B 0004d8 R16 100804 0000 sub_work
B 0004d8 R16 100804 0000 sub_work
B 0004d8 R16 100804 0000 sub_work
B 0004d8 R16 100804 0000 sub_work
B 0004d8 R16 100804 0000 sub_work
B 0004d8 R16 100804 0000 sub_work
B 0004d8 R16 100804 0000 sub_work
B 0004d8 R16 100804 0000 sub_work
B 0004d8 R16 100804 0000 sub_work
B 0004d8 R16 100804 0000 sub_work
B 0004d8 R16 100804 0000 sub_work
B 0004d8 R16 100804 0000 sub_work
B 0004d8 R16 100804 0000 sub_work
B 0004d8 R16 100804 0000 sub_work
B 0004d8 R16 100804 0000 sub_work
B 0004d8 R16 100804 0000 sub_work
B 0004d8 R16 100804 0000 sub_work
B 0004d8 R16 100804 0000 sub_work
B 0004d8 R16 100804 0000 sub_work
B 0004d8 R16 100804 0000 sub_work
B 0004d8 R16 100804 0000 sub_work
B 0004d8 R16 100804 0000 sub_work
B 0004d8 R16 100804 0000 sub_work
B 0004d8 R16 100804 0000 sub_work
B 0004d8 R16 100804 0000 sub_work
B 0004d8 R16 100804 0000 sub_work
B 0004d8 R16 100804 0000 sub_work
B 0004d8 R16 100804 0000 sub_work
B 0004d8 R16 100804 0000 sub_work
B 0004d8 R16 100804 0000 sub_work
B 0004d8 R16 100804 0000 sub_work
B 0004d8 R16 100804 0000 sub_work
B 0004d8 R16 100804 0000 sub_work
B 0004d8 R16 100804 0000 sub_work
B 0004d8 R16 100804 0000 sub_work
B 0004d8 R16 100804 0000 sub_work
B 0004d8 R16 100804 0000 sub_work
B 0004d8 R16 100804 0000 sub_work
B 0004d8 R16 100804 0000 sub_work
B 0004d8 R16 100804 0000 sub_work
B 0004d8 R16 100804 0000 sub_work
B 0004d8 R16 100804 0000 sub_work
B 0004d8 R16 100804 0000 sub_work
B 0004d8 R16 100804 0000 sub_work
B 0004d8 R16 100804 0000 sub_work
B 0004d8 R16 100804 0000 sub_work
B 0004d8 R16 100804 0000 sub_work
B 0004d8 R16 100804 0000 sub_work
B 0004d8 R16 100804 0000 sub_work
B 0004d8 R16 100804 0000 sub_work
B 0004d8 R16 100804 0000 sub_work
B 0004d8 R16 100804 0000 sub_work
B 0004d8 R16 100804 0000 sub_work
B 0004d8 R16 100804 0000 sub_work
B 0004d8 R16 100804 0000 sub_work
B 0004d8 R16 100804 0000 sub_work
B 0004d8 R16 100804 0000 sub_work
B 0004d8 R16 100804 0000 sub_work
B 0004d8 R16 100804 0000 sub_work
B 0004d8 R16 100804 0000 sub_work
B 0004d8 R16 100804 0000 sub_work
B 0004d8 R16 100804 0000 sub_work
B 0004d8 R16 100804 0000 sub_work
B 0004d8 R16 100804 0000 sub_work
B 0004d8 R16 100804 0000 sub_work
B 0004d8 R16 100804 0000 sub_work
B 0004d8 R16 100804 0000 sub_work
B 0004d8 R16 100804 0000 sub_work
B 0004d8 R16 100804 0000 sub_work
B 0004d8 R16 100804 0000 sub_work
B 0004d8 R16 100804 0000 sub_work
B 0004d8 R16 100804 0000 sub_work
B 0004d8 R16 100804 0000 sub_work
B 0004d8 R16 100804 0000 sub_work
B 0004d8 R16 100804 0000 sub_work
B 0004d8 R16 100804 0000 sub_work
B 0004d8 R16 100804 0000 sub_work
B 0004d8 R16 100804 0000 sub_work
B 0004d8 R16 100804 0000 sub_work
B 0004d8 R16 100804 0000 sub_work
B 0004d8 R16 100804 0000 sub_work
B 0004d8 R16 100804 0000 sub_work
B 0004d8 R16 100804 0000 sub_work
B 0004d8 R16 100804 0000 sub_work
B 0004d8 R16 100804 0000 sub_work
B 0004d8 R16 100804 0000 sub_work
B 0004d8 R16 100804 0000 sub_work
B 0004d8 R16 100804 0000 sub_work
B 0004d8 R16 100804 0000 sub_work
B 0004d8 R16 100804 0000 sub_work
B 0004d8 R16 100804 0000 sub_work
B 0004d8 R16 100804 0000 sub_work
B 0004d8 R16 100804 0000 sub_work
B 0004d8 R16 100804 0000 sub_work
B 0004d8 R16 100804 0000 sub_work
B 0004d8 R16 100804 0000 sub_work
B 0004d8 R16 100804 0000 sub_work
B 0004d8 R16 100804 0000 sub_work
B 0004d8 R16 100804 0000 sub_work
B 0004d8 R16 100804 0000 sub_work
B 0004d8 R16 100804 0000 sub_work
B 0004d8 R16 100804 0000 sub_work
B 0004d8 R16 100804 0000 sub_work
B 0004d8 R16 100804 0000 sub_work
B 0004d8 R16 100804 0000 sub_work
B 0004d8 R16 100804 0000 sub_work
B 0004d8 R16 100804 0000 sub_work
B 0004d8 R16 100804 0000 sub_work
B 0004d8 R16 100804 0000 sub_work
B 0004d8 R16 100804 0000 sub_work
B 0004d8 R16 100804 0000 sub_work
B 0004d8 R16 100804 0000 sub_work
B 0004d8 R16 100804 0000 sub_work
B 0004d8 R16 100804 0000 sub_work
B 0004d8 R16 100804 0000 sub_work
B 0004d8 R16 100804 0000 sub_work
B 0004d8 R16 100804 0000 sub_work
B 0004d8 R16 100804 0000 sub_work
B 0004d8 R16 100804 0000 sub_work
B 0004d8 R16 100804 0000 sub_work
B 0004d8 R16 100804 0000 sub_work
B 0004d8 R16 100804 0000 sub_work
B 0004d8 R16 100804 0000 sub_work
B 0004d8 R16 100804 0000 sub_work
B 0004d8 R16 100804 0000 sub_work
B 0004d8 R16 100804 0000 sub_work
B 0004d8 R16 100804 0000 sub_work
B 0004d8 R16 100804 0000 sub_work
B 0004d8 R16 100804 0000 sub_work
B 0004d8 R16 100804 0000 sub_work
B 0004d8 R16 100804 0000 sub_work
B 0004d8 R16 100804 0000 sub_work
B 0004d8 R16 100804 0000 sub_work
B 0004d8 R16 100804 0000 sub_work
B 0004d8 R16 100804 0000 sub_work
B 0004d8 R16 100804 0000 sub_work
B 0004d8 R16 100804 0000 sub_work
B 0004d8 R16 100804 0000 sub_work
B 0004d8 R16 100804 0000 sub_work
B 0004d8 R16 100804 0000 sub_work
B 0004d8 R16 100804 0000 sub_work
B 0004d8 R16 100804 0000 sub_work
B 0004d8 R16 100804 0000 sub_work
B 0004d8 R16 100804 0000 sub_work
B 0004d8 R16 100804 0000 sub_work
B 0004d8 R16 100804 0000 sub_work
B 0004d8 R16 100804 0000 sub_work
B 0004d8 R16 100804 0000 sub_work
B 0004d8 R16 100804 0000 sub_work
B 0004d8 R16 100804 0000 sub_work
B 0004d8 R16 100804 0000 sub_work
B 0004d8 R16 100804 0000 sub_work
B 0004d8 R16 100804 0000 sub_work
B 0004d8 R16 100804 0000 sub_work
B 0004d8 R16 100804 0000 sub_work
B 0004d8 R16 100804 0000 sub_work
B 0004d8 R16 100804 0000 sub_work
B 0004d8 R16 100804 0000 sub_work
B 0004d8 R16 100804 0000 sub_work
B 0004d8 R16 100804 0000 sub_work
B 0004d8 R16 100804 0000 sub_work
B 0004d8 R16 100804 0000 sub_work
B 0004d8 R16 100804 0000 sub_work
B 0004d8 R16 100804 0000 sub_work
B 0004d8 R16 100804 0000 sub_work
B 0004d8 R16 100804 0000 sub_work
B 0004d8 R16 100804 0000 sub_work
B 0004d8 R16 100804 0000 sub_work
B 0004d8 R16 100804 0000 sub_work
B 0004d8 R16 100804 0000 sub_work
B 0004d8 R16 100804 0000 sub_work
B 0004d8 R16 100804 0000 sub_work
B 0004d8 R16 100804 0000 sub_work
B 0004d8 R16 100804 0000 sub_work
B 0004d8 R16 100804 0000 sub_work
B 0004d8 R16 100804 0000 sub_work
B 0004d8 R16 100804 0000 sub_work
B 0004d8 R16 100804 0000 sub_work
B 0004d8 R16 100804 0000 sub_work
B 0004d8 R16 100804 0000 sub_work
B 0004d8 R16 100804 0000 sub_work
B 0004d8 R16 100804 0000 sub_work
B 0004d8 R16 100804 0000 sub_work
B 0004d8 R16 100804 0000 sub_work
B 0004d8 R16 100804 0000 sub_work
B 0004d8 R16 100804 0000 sub_work
B 0004d8 R16 100804 0000 sub_work
B 0004d8 R16 100804 0000 sub_work
B 0004d8 R16 100804 0000 sub_work
B 0004d8 R16 100804 0000 sub_work
B 0004d8 R16 100804 0000 sub_work
B 0004d8 R16 100804 0000 sub_work
B 0004d8 R16 100804 0000 sub_work
B 0004d8 R16 100804 0000 sub_work
B 0004d8 R16 100804 0000 sub_work
B 0004d8 R16 100804 0000 sub_work
B 0004d8 R16 100804 0000 sub_work
B 0004d8 R16 100804 0000 sub_work
B 0004d8 R16 100804 0000 sub_work
B 0004d8 R16 100804 0000 sub_work
B 0004d8 R16 100804 0000 sub_work
B 0004d8 R16 100804 0000 sub_work
B 0004d8 R16 100804 0000 sub_work
B 0004d8 R16 100804 0000 sub_work
B 0004d8 R16 100804 0000 sub_work
B 0004d8 R16 100804 0000 sub_work
B 0004d8 R16 100804 0000 sub_work
B 0004d8 R16 100804 0000 sub_work
B 0004d8 R16 100804 0000 sub_work
B 0004d8 R16 100804 0000 sub_work
B 0004d8 R16 100804 0000 sub_work
B 0004d8 R16 100804 0000 sub_work
B 0004d8 R16 100804 0000 sub_work
B 0004d8 R16 100804 0000 sub_work
B 0004d8 R16 100804 0000 sub_work
B 0004d8 R16 100804 0000 sub_work
B 0004d8 R16 100804 0000 sub_work
B 0004d8 R16 100804 0000 sub_work
B 0004d8 R16 100804 0000 sub_work
B 0004d8 R16 100804 0000 sub_work
B 0004d8 R16 100804 0000 sub_work
B 0004d8 R16 100804 0000 sub_work
B 0004d8 R16 100804 0000 sub_work
B 0004d8 R16 100804 0000 sub_work
B 0004d8 R16 100804 0000 sub_work
B 0004d8 R16 100804 0000 sub_work
B 0004d8 R16 100804 0000 sub_work
B 0004d8 R16 100804 0000 sub_work
B 0004d8 R16 100804 0000 sub_work
B 0004d8 R16 100804 0000 sub_work
B 0004d8 R16 100804 0000 sub_work
B 0004d8 R16 100804 0000 sub_work
B 0004d8 R16 100804 0000 sub_work
B 0004d8 R16 100804 0000 sub_work
B 0004d8 R16 100804 0000 sub_work
B 0004d8 R16 100804 0000 sub_work
B 0004d8 R16 100804 0000 sub_work
B 0004d8 R16 100804 0000 sub_work
B 0004d8 R16 100804 0000 sub_work
B 0004d8 R16 100804 0000 sub_work
B 0004d8 R16 100804 0000 sub_work
B 0004d8 R16 100804 0000 sub_work
B 0004d8 R16 100804 0000 sub_work
B 0004d8 R16 100804 0000 sub_work
B 0004d8 R16 100804 0000 sub_work
B 0004d8 R16 100804 0000 sub_work
B 0004d8 R16 100804 0000 sub_work
B 0004d8 R16 100804 0000 sub_work
B 0004d8 R16 100804 0000 sub_work
B 0004d8 R16 100804 0000 sub_work
B 0004d8 R16 100804 0000 sub_work
B 0004d8 R16 100804 0000 sub_work
B 0004d8 R16 100804 0000 sub_work
B 0004d8 R16 100804 0000 sub_work
B 0004d8 R16 100804 0000 sub_work
B 0004d8 R16 100804 0000 sub_work
B 0004d8 R16 100804 0000 sub_work
B 0004d8 R16 100804 0000 sub_work
B 0004d8 R16 100804 0000 sub_work
B 0004d8 R16 100804 0000 sub_work
B 0004d8 R16 100804 0000 sub_work
B 0004d8 R16 100804 0000 sub_work
B 0004d8 R16 100804 0000 sub_work
B 0004d8 R16 100804 0000 sub_work
B 0004d8 R16 100804 0000 sub_work
B 0004d8 R16 100804 0000 sub_work
B 0004d8 R16 100804 0000 sub_work
B 0004d8 R16 100804 0000 sub_work
B 0004d8 R16 100804 0000 sub_work
B 0004d8 R16 100804 0000 sub_work
B 0004d8 R16 100804 0000 sub_work
B 0004d8 R16 100804 0000 sub_work
B 0004d8 R16 100804 0000 sub_work
B 0004d8 R16 100804 0000 sub_work
B 0004d8 R16 100804 0000 sub_work
B 0004d8 R16 100804 0000 sub_work
B 0004d8 R16 100804 0000 sub_work
B 0004d8 R16 100804 0000 sub_work
B 0004d8 R16 100804 0000 sub_work
B 0004d8 R16 100804 0000 sub_work
B 0004d8 R16 100804 0000 sub_work
B 0004d8 R16 100804 0000 sub_work
B 0004d8 R16 100804 0000 sub_work
B 0004d8 R16 100804 0000 sub_work
B 0004d8 R16 100804 0000 sub_work
B 0004d8 R16 100804 0000 sub_work
B 0004d8 R16 100804 0000 sub_work
B 0004d8 R16 100804 0000 sub_work
B 0004d8 R16 100804 0000 sub_work
B 0004d8 R16 100804 0000 sub_work
B 0004d8 R16 100804 0000 sub_work
B 0004d8 R16 100804 0000 sub_work
B 0004d8 R16 100804 0000 sub_work
B 0004d8 R16 100804 0000 sub_work
B 0004d8 R16 100804 0000 sub_work
B 0004d8 R16 100804 0000 sub_work
B 0004d8 R16 100804 0000 sub_work
B 0004d8 R16 100804 0000 sub_work
B 0004d8 R16 100804 0000 sub_work
B 0004d8 R16 100804 0000 sub_work
B 0004d8 R16 100804 0000 sub_work
B 0004d8 R16 100804 0000 sub_work
B 0004d8 R16 100804 0000 sub_work
B 0004d8 R16 100804 0000 sub_work
B 0004d8 R16 100804 0000 sub_work
B 0004d8 R16 100804 0000 sub_work
B 0004d8 R16 100804 0000 sub_work
B 0004d8 R16 100804 0000 sub_work
B 0004d8 R16 100804 0000 sub_work
B 0004d8 R16 100804 0000 sub_work
B 0004d8 R16 100804 0000 sub_work
B 0004d8 R16 100804 0000 sub_work
B 0004d8 R16 100804 0000 sub_work
B 0004d8 R16 100804 0000 sub_work
B 0004d8 R16 100804 0000 sub_work
B 0004d8 R16 100804 0000 sub_work
B 0004d8 R16 100804 0000 sub_work
B 0004d8 R16 100804 0000 sub_work
B 0004d8 R16 100804 0000 sub_work
B 0004d8 R16 100804 0000 sub_work
B 0004d8 R16 100804 0000 sub_work
B 0004d8 R16 100804 0000 sub_work
B 0004d8 R16 100804 0000 sub_work
B 0004d8 R16 100804 0000 sub_work
B 0004d8 R16 100804 0000 sub_work
B 0004d8 R16 100804 0000 sub_work
B 0004d8 R16 100804 0000 sub_work
B 0004d8 R16 100804 0000 sub_work
B 0004d8 R16 100804 0000 sub_work
B 0004d8 R16 100804 0000 sub_work
B 0004d8 R16 100804 0000 sub_work
B 0004d8 R16 100804 0000 sub_work
B 0004d8 R16 100804 0000 sub_work
B 0004d8 R16 100804 0000 sub_work
B 0004d8 R16 100804 0000 sub_work
B 0004d8 R16 100804 0000 sub_work
B 0004d8 R16 100804 0000 sub_work
B 0004d8 R16 100804 0000 sub_work
B 0004d8 R16 100804 0000 sub_work
B 0004d8 R16 100804 0000 sub_work
B 0004d8 R16 100804 0000 sub_work
B 0004d8 R16 100804 0000 sub_work
B 0004d8 R16 100804 0000 sub_work
B 0004d8 R16 100804 0000 sub_work
B 0004d8 R16 100804 0000 sub_work
B 0004d8 R16 100804 0000 sub_work
B 0004d8 R16 100804 0000 sub_work
B 0004d8 R16 100804 0000 sub_work
B 0004d8 R16 100804 0000 sub_work
B 0004d8 R16 100804 0000 sub_work
B 0004d8 R16 100804 0000 sub_work
B 0004d8 R16 100804 0000 sub_work
B 0004d8 R16 100804 0000 sub_work
B 0004d8 R16 100804 0000 sub_work
B 0004d8 R16 100804 0000 sub_work
B 0004d8 R16 100804 0000 sub_work
B 0004d8 R16 100804 0000 sub_work
B 0004d8 R16 100804 0000 sub_work
B 0004d8 R16 100804 0000 sub_work
B 0004d8 R16 100804 0000 sub_work
B 0004d8 R16 100804 0000 sub_work
B 0004d8 R16 100804 0000 sub_work
B 0004d8 R16 100804 0000 sub_work
B 0004d8 R16 100804 0000 sub_work
B 0004d8 R16 100804 0000 sub_work
B 0004d8 R16 100804 0000 sub_work
B 0004d8 R16 100804 0000 sub_work
B 0004d8 R16 100804 0000 sub_work
B 0004d8 R16 100804 0000 sub_work
B 0004d8 R16 100804 0000 sub_work
B 0004d8 R16 100804 0000 sub_work
B 0004d8 R16 100804 0000 sub_work
B 0004d8 R16 100804 0000 sub_work
B 0004d8 R16 100804 0000 sub_work
B 0004d8 R16 100804 0000 sub_work
B 0004d8 R16 100804 0000 sub_work
B 0004d8 R16 100804 0000 sub_work
B 0004d8 R16 100804 0000 sub_work
B 0004d8 R16 100804 0000 sub_work
B 0004d8 R16 100804 0000 sub_work
B 0004d8 R16 100804 0000 sub_work
B 0004d8 R16 100804 0000 sub_work
B 0004d8 R16 100804 0000 sub_work
B 0004d8 R16 100804 0000 sub_work
B 0004d8 R16 100804 0000 sub_work
B 0004d8 R16 100804 0000 sub_work
B 0004d8 R16 100804 0000 sub_work
B 0004d8 R16 100804 0000 sub_work
B 0004d8 R16 100804 0000 sub_work
B 0004d8 R16 100804 0000 sub_work
B 0004d8 R16 100804 0000 sub_work
B 0004d8 R16 100804 0000 sub_work
B 0004d8 R16 100804 0000 sub_work
B 0004d8 R16 100804 0000 sub_work
B 0004d8 R16 100804 0000 sub_work
B 0004d8 R16 100804 0000 sub_work
B 0004d8 R16 100804 0000 sub_work
B 0004d8 R16 100804 0000 sub_work
B 0004d8 R16 100804 0000 sub_work
B 0004d8 R16 100804 0000 sub_work
B 0004d8 R16 100804 0000 sub_work
B 0004d8 R16 100804 0000 sub_work
B 0004d8 R16 100804 0000 sub_work
B 0004d8 R16 100804 0000 sub_work
B 0004d8 R16 100804 0000 sub_work
B 0004d8 R16 100804 0000 sub_work
B 0004d8 R16 100804 0000 sub_work
B 0004d8 R16 100804 0000 sub_work
B 0004d8 R16 100804 0000 sub_work
B 0004d8 R16 100804 0000 sub_work
B 0004d8 R16 100804 0000 sub_work
B 0004d8 R16 100804 0000 sub_work
B 0004d8 R16 100804 0000 sub_work
B 0004d8 R16 100804 0000 sub_work
B 0004d8 R16 100804 0000 sub_work
B 0004d8 R16 100804 0000 sub_work
B 0004d8 R16 100804 0000 sub_work
B 0004d8 R16 100804 0000 sub_work
B 0004d8 R16 100804 0000 sub_work
B 0004d8 R16 100804 0000 sub_work
B 0004d8 R16 100804 0000 sub_work
B 0004d8 R16 100804 0000 sub_work
B 0004d8 R16 100804 0000 sub_work
B 0004d8 R16 100804 0000 sub_work
B 0004d8 R16 100804 0000 sub_work
B 0004d8 R16 100804 0000 sub_work
B 0004d8 R16 100804 0000 sub_work
B 0004d8 R16 100804 0000 sub_work
B 0004d8 R16 100804 0000 sub_work
B 0004d8 R16 100804 0000 sub_work
B 0004d8 R16 100804 0000 sub_work
B 0004d8 R16 100804 0000 sub_work
B 0004d8 R16 100804 0000 sub_work
B 0004d8 R16 100804 0000 sub_work
B 0004d8 R16 100804 0000 sub_work
B 0004d8 R16 100804 0000 sub_work
B 0004d8 R16 100804 0000 sub_work
B 0004d8 R16 100804 0000 sub_work
B 0004d8 R16 100804 0000 sub_work
B 0004d8 R16 100804 0000 sub_work
B 0004d8 R16 100804 0000 sub_work
B 0004d8 R16 100804 0000 sub_work
B 0004d8 R16 100804 0000 sub_work
B 0004d8 R16 100804 0000 sub_work
B 0004d8 R16 100804 0000 sub_work
B 0004d8 R16 100804 0000 sub_work
B 0004d8 R16 100804 0000 sub_work
B 0004d8 R16 100804 0000 sub_work
B 0004d8 R16 100804 0000 sub_work
B 0004d8 R16 100804 0000 sub_work
B 0004d8 R16 100804 0000 sub_work
B 0004d8 R16 100804 0000 sub_work
B 0004d8 R16 100804 0000 sub_work
B 0004d8 R16 100804 0000 sub_work
B 0004d8 R16 100804 0000 sub_work
B 0004d8 R16 100804 0000 sub_work
B 0004d8 R16 100804 0000 sub_work
B 0004d8 R16 100804 0000 sub_work
B 0004d8 R16 100804 0000 sub_work
B 0004d8 R16 100804 0000 sub_work
B 0004d8 R16 100804 0000 sub_work
B 0004d8 R16 100804 0000 sub_work
B 0004d8 R16 100804 0000 sub_work
B 0004d8 R16 100804 0000 sub_work
B 0004d8 R16 100804 0000 sub_work
B 0004d8 R16 100804 0000 sub_work
B 0004d8 R16 100804 0000 sub_work
B 0004d8 R16 100804 0000 sub_work
B 0004d8 R16 100804 0000 sub_work
B 0004d8 R16 100804 0000 sub_work
B 0004d8 R16 100804 0000 sub_work
B 0004d8 R16 100804 0000 sub_work
B 0004d8 R16 100804 0000 sub_work
B 0004d8 R16 100804 0000 sub_work
B 0004d8 R16 100804 0000 sub_work
B 0004d8 R16 100804 0000 sub_work
B 0004d8 R16 100804 0000 sub_work
B 0004d8 R16 100804 0000 sub_work
B 0004d8 R16 100804 0000 sub_work
B 0004d8 R16 100804 0000 sub_work
B 0004d8 R16 100804 0000 sub_work
B 0004d8 R16 100804 0000 sub_work
B 0004d8 R16 100804 0000 sub_work
B 0004d8 R16 100804 0000 sub_work
B 0004d8 R16 100804 0000 sub_work
B 0004d8 R16 100804 0000 sub_work
B 0004d8 R16 100804 0000 sub_work
B 0004d8 R16 100804 0000 sub_work
B 0004d8 R16 100804 0000 sub_work
B 0004d8 R16 100804 0000 sub_work
B 0004d8 R16 100804 0000 sub_work
B 0004d8 R16 100804 0000 sub_work
B 0004d8 R16 100804 0000 sub_work
B 0004d8 R16 100804 0000 sub_work
B 0004d8 R16 100804 0000 sub_work
B 0004d8 R16 100804 0000 sub_work
B 0004d8 R16 100804 0000 sub_work
B 0004d8 R16 100804 0000 sub_work
B 0004d8 R16 100804 0000 sub_work
B 0004d8 R16 100804 0000 sub_work
B 0004d8 R16 100804 0000 sub_work
B 0004d8 R16 100804 0000 sub_work
B 0004d8 R16 100804 0000 sub_work
B 0004d8 R16 100804 0000 sub_work
B 0004d8 R16 100804 0000 sub_work
B 0004d8 R16 100804 0000 sub_work
B 0004d8 R16 100804 0000 sub_work
B 0004d8 R16 100804 0000 sub_work
B 0004d8 R16 100804 0000 sub_work
B 0004d8 R16 100804 0000 sub_work
B 0004d8 R16 100804 0000 sub_work
B 0004d8 R16 100804 0000 sub_work
B 0004d8 R16 100804 0000 sub_work
B 0004d8 R16 100804 0000 sub_work
B 0004d8 R16 100804 0000 sub_work
B 0004d8 R16 100804 0000 sub_work
B 0004d8 R16 100804 0000 sub_work
B 0004d8 R16 100804 0000 sub_work
B 0004d8 R16 100804 0000 sub_work
B 0004d8 R16 100804 0000 sub_work
B 0004d8 R16 100804 0000 sub_work
B 0004d8 R16 100804 0000 sub_work
B 0004d8 R16 100804 0000 sub_work
B 0004d8 R16 100804 0000 sub_work
B 0004d8 R16 100804 0000 sub_work
B 0004d8 R16 100804 0000 sub_work
B 0004d8 R16 100804 0000 sub_work
B 0004d8 R16 100804 0000 sub_work
B 0004d8 R16 100804 0000 sub_work
B 0004d8 R16 100804 0000 sub_work
B 0004d8 R16 100804 0000 sub_work
B 0004d8 R16 100804 0000 sub_work
B 0004d8 R16 100804 0000 sub_work
B 0004d8 R16 100804 0000 sub_work
B 0004d8 R16 100804 0000 sub_work
B 0004d8 R16 100804 0000 sub_work
B 0004d8 R16 100804 0000 sub_work
B 0004d8 R16 100804 0000 sub_work
B 0004d8 R16 100804 0000 sub_work
B 0004d8 R16 100804 0000 sub_work
B 0004d8 R16 100804 0000 sub_work
B 0004d8 R16 100804 0000 sub_work
B 0004d8 R16 100804 0000 sub_work
B 0004d8 R16 100804 0000 sub_work
B 0004d8 R16 100804 0000 sub_work
B 0004d8 R16 100804 0000 sub_work
B 0004d8 R16 100804 0000 sub_work
B 0004d8 R16 100804 0000 sub_work
B 0004d8 R16 100804 0000 sub_work
B 0004d8 R16 100804 0000 sub_work
B 0004d8 R16 100804 0000 sub_work
B 0004d8 R16 100804 0000 sub_work
B 0004d8 R16 100804 0000 sub_work
B 0004d8 R16 100804 0000 sub_work
B 0004d8 R16 100804 0000 sub_work
B 0004d8 R16 100804 0000 sub_work
B 0004d8 R16 100804 0000 sub_work
B 0004d8 R16 100804 0000 sub_work
B 0004d8 R16 100804 0000 sub_work
B 0004d8 R16 100804 0000 sub_work
B 0004d8 R16 100804 0000 sub_work
B 0004d8 R16 100804 0000 sub_work
B 0004d8 R16 100804 0000 sub_work
B 0004d8 R16 100804 0000 sub_work
B 0004d8 R16 100804 0000 sub_work
B 0004d8 R16 100804 0000 sub_work
B 0004d8 R16 100804 0000 sub_work
B 0004d8 R16 100804 0000 sub_work
B 0004d8 R16 100804 0000 sub_work
B 0004d8 R16 100804 0000 sub_work
B 0004d8 R16 100804 0000 sub_work
B 0004d8 R16 100804 0000 sub_work
B 0004d8 R16 100804 0000 sub_work
B 0004d8 R16 100804 0000 sub_work
B 0004d8 R16 100804 0000 sub_work
B 0004d8 R16 100804 0000 sub_work
B 0004d8 R16 100804 0000 sub_work
B 0004d8 R16 100804 0000 sub_work
B 0004d8 R16 100804 0000 sub_work
B 0004d8 R16 100804 0000 sub_work
B 0004d8 R16 100804 0000 sub_work
B 0004d8 R16 100804 0000 sub_work
B 0004d8 R16 100804 0000 sub_work
B 0004d8 R16 100804 0000 sub_work
B 0004d8 R16 100804 0000 sub_work
B 0004d8 R16 100804 0000 sub_work
B 0004d8 R16 100804 0000 sub_work
B 0004d8 R16 100804 0000 sub_work
B 0004d8 R16 100804 0000 sub_work
B 0004d8 R16 100804 0000 sub_work
B 0004d8 R16 100804 0000 sub_work
B 0004d8 R16 100804 0000 sub_work
B 0004d8 R16 100804 0000 sub_work
B 0004d8 R16 100804 0000 sub_work
B 0004d8 R16 100804 0000 sub_work
B 0004d8 R16 100804 0000 sub_work
B 0004d8 R16 100804 0000 sub_work
B 0004d8 R16 100804 0000 sub_work
B 0004d8 R16 100804 0000 sub_work
B 0004d8 R16 100804 0000 sub_work
B 0004d8 R16 100804 0000 sub_work
B 0004d8 R16 100804 0000 sub_work
B 0004d8 R16 100804 0000 sub_work
B 0004d8 R16 100804 0000 sub_work
B 0004d8 R16 100804 0000 sub_work
B 0004d8 R16 100804 0000 sub_work
B 0004d8 R16 100804 0000 sub_work
B 0004d8 R16 100804 0000 sub_work
B 0004d8 R16 100804 0000 sub_work
B 0004d8 R16 100804 0000 sub_work
B 0004d8 R16 100804 0000 sub_work
B 0004d8 R16 100804 0000 sub_work
B 0004d8 R16 100804 0000 sub_work
B 0004d8 R16 100804 0000 sub_work
B 0004d8 R16 100804 0000 sub_work
B 0004d8 R16 100804 0000 sub_work
B 0004d8 R16 100804 0000 sub_work
B 0004d8 R16 100804 0000 sub_work
B 0004d8 R16 100804 0000 sub_work
B 0004d8 R16 100804 0000 sub_work
B 0004d8 R16 100804 0000 sub_work
B 0004d8 R16 100804 0000 sub_work
B 0004d8 R16 100804 0000 sub_work
B 0004d8 R16 100804 0000 sub_work
B 0004d8 R16 100804 0000 sub_work
B 0004d8 R16 100804 0000 sub_work
B 0004d8 R16 100804 0000 sub_work
B 0004d8 R16 100804 0000 sub_work
B 0004d8 R16 100804 0000 sub_work
B 0004d8 R16 100804 0000 sub_work
B 0004d8 R16 100804 0000 sub_work
B 0004d8 R16 100804 0000 sub_work
B 0004d8 R16 100804 0000 sub_work
B 0004d8 R16 100804 0000 sub_work
B 0004d8 R16 100804 0000 sub_work
B 0004d8 R16 100804 0000 sub_work
B 0004d8 R16 100804 0000 sub_work
B 0004d8 R16 100804 0000 sub_work
B 0004d8 R16 100804 0000 sub_work
B 0004d8 R16 100804 0000 sub_work
B 0004d8 R16 100804 0000 sub_work
B 0004d8 R16 100804 0000 sub_work
B 0004d8 R16 100804 0000 sub_work
B 0004d8 R16 100804 0000 sub_work
B 0004d8 R16 100804 0000 sub_work
B 0004d8 R16 100804 0000 sub_work
B 0004d8 R16 100804 0000 sub_work
B 0004d8 R16 100804 0000 sub_work
B 0004d8 R16 100804 0000 sub_work
B 0004d8 R16 100804 0000 sub_work
B 0004d8 R16 100804 0000 sub_work
B 0004d8 R16 100804 0000 sub_work
B 0004d8 R16 100804 0000 sub_work
B 0004d8 R16 100804 0000 sub_work
B 0004d8 R16 100804 0000 sub_work
B 0004d8 R16 100804 0000 sub_work
B 0004d8 R16 100804 0000 sub_work
B 0004d8 R16 100804 0000 sub_work
B 0004d8 R16 100804 0000 sub_work
B 0004d8 R16 100804 0000 sub_work
B 0004d8 R16 100804 0000 sub_work
B 0004d8 R16 100804 0000 sub_work
B 0004d8 R16 100804 0000 sub_work
B 0004d8 R16 100804 0000 sub_work
B 0004d8 R16 100804 0000 sub_work
B 0004d8 R16 100804 0000 sub_work
B 0004d8 R16 100804 0000 sub_work
B 0004d8 R16 100804 0000 sub_work
B 0004d8 R16 100804 0000 sub_work
B 0004d8 R16 100804 0000 sub_work
B 0004d8 R16 100804 0000 sub_work
B 0004d8 R16 100804 0000 sub_work
B 0004d8 R16 100804 0000 sub_work
B 0004d8 R16 100804 0000 sub_work
B 0004d8 R16 100804 0000 sub_work
B 0004d8 R16 100804 0000 sub_work
B 0004d8 R16 100804 0000 sub_work
B 0004d8 R16 100804 0000 sub_work
B 0004d8 R16 100804 0000 sub_work
B 0004d8 R16 100804 0000 sub_work
B 0004d8 R16 100804 0000 sub_work
B 0004d8 R16 100804 0000 sub_work
B 0004d8 R16 100804 0000 sub_work
B 0004d8 R16 100804 0000 sub_work
B 0004d8 R16 100804 0000 sub_work
B 0004d8 R16 100804 0000 sub_work
B 0004d8 R16 100804 0000 sub_work
B 0004d8 R16 100804 0000 sub_work
B 0004d8 R16 100804 0000 sub_work
B 0004d8 R16 100804 0000 sub_work
B 0004d8 R16 100804 0000 sub_work
B 0004d8 R16 100804 0000 sub_work
B 0004d8 R16 100804 0000 sub_work
B 0004d8 R16 100804 0000 sub_work
B 0004d8 R16 100804 0000 sub_work
B 0004d8 R16 100804 0000 sub_work
B 0004d8 R16 100804 0000 sub_work
B 0004d8 R16 100804 0000 sub_work
B 0004d8 R16 100804 0000 sub_work
B 0004d8 R16 100804 0000 sub_work
B 0004d8 R16 100804 0000 sub_work
B 0004d8 R16 100804 0000 sub_work
B 0004d8 R16 100804 0000 sub_work
B 0004d8 R16 100804 0000 sub_work
B 0004d8 R16 100804 0000 sub_work
B 0004d8 R16 100804 0000 sub_work
B 0004d8 R16 100804 0000 sub_work
B 0004d8 R16 100804 0000 sub_work
B 0004d8 R16 100804 0000 sub_work
B 0004d8 R16 100804 0000 sub_work
B 0004d8 R16 100804 0000 sub_work
B 0004d8 R16 100804 0000 sub_work
B 0004d8 R16 100804 0000 sub_work
B 0004d8 R16 100804 0000 sub_work
B 0004d8 R16 100804 0000 sub_work
B 0004d8 R16 100804 0000 sub_work
B 0004d8 R16 100804 0000 sub_work
B 0004d8 R16 100804 0000 sub_work
B 0004d8 R16 100804 0000 sub_work
B 0004d8 R16 100804 0000 sub_work
B 0004d8 R16 100804 0000 sub_work
B 0004d8 R16 100804 0000 sub_work
B 0004d8 R16 100804 0000 sub_work
B 0004d8 R16 100804 0000 sub_work
B 0004d8 R16 100804 0000 sub_work
B 0004d8 R16 100804 0000 sub_work
B 0004d8 R16 100804 0000 sub_work
B 0004d8 R16 100804 0000 sub_work
B 0004d8 R16 100804 0000 sub_work
B 0004d8 R16 100804 0000 sub_work
B 0004d8 R16 100804 0000 sub_work
B 0004d8 R16 100804 0000 sub_work
B 0004d8 R16 100804 0000 sub_work
B 0004d8 R16 100804 0000 sub_work
B 0004d8 R16 100804 0000 sub_work
B 0004d8 R16 100804 0000 sub_work
B 0004d8 R16 100804 0000 sub_work
B 0004d8 R16 100804 0000 sub_work
B 0004d8 R16 100804 0000 sub_work
B 0004d8 R16 100804 0000 sub_work
B 0004d8 R16 100804 0000 sub_work
B 0004d8 R16 100804 0000 sub_work
B 0004d8 R16 100804 0000 sub_work
B 0004d8 R16 100804 0000 sub_work
B 0004d8 R16 100804 0000 sub_work
B 0004d8 R16 100804 0000 sub_work
B 0004d8 R16 100804 0000 sub_work
B 0004d8 R16 100804 0000 sub_work
B 0004d8 R16 100804 0000 sub_work
B 0004d8 R16 100804 0000 sub_work
B 0004d8 R16 100804 0000 sub_work
B 0004d8 R16 100804 0000 sub_work
B 0004d8 R16 100804 0000 sub_work
B 0004d8 R16 100804 0000 sub_work
B 0004d8 R16 100804 0000 sub_work
B 0004d8 R16 100804 0000 sub_work
B 0004d8 R16 100804 0000 sub_work
B 0004d8 R16 100804 0000 sub_work
B 0004d8 R16 100804 0000 sub_work
B 0004d8 R16 100804 0000 sub_work
B 0004d8 R16 100804 0000 sub_work
B 0004d8 R16 100804 0000 sub_work
B 0004d8 R16 100804 0000 sub_work
B 0004d8 R16 100804 0000 sub_work
B 0004d8 R16 100804 0000 sub_work
B 0004d8 R16 100804 0000 sub_work
B 0004d8 R16 100804 0000 sub_work
B 0004d8 R16 100804 0000 sub_work
B 0004d8 R16 100804 0000 sub_work
B 0004d8 R16 100804 0000 sub_work
B 0004d8 R16 100804 0000 sub_work
B 0004d8 R16 100804 0000 sub_work
B 0004d8 R16 100804 0000 sub_work
B 0004d8 R16 100804 0000 sub_work
B 0004d8 R16 100804 0000 sub_work
B 0004d8 R16 100804 0000 sub_work
B 0004d8 R16 100804 0000 sub_work
B 0004d8 R16 100804 0000 sub_work
B 0004d8 R16 100804 0000 sub_work
B 0004d8 R16 100804 0000 sub_work
B 0004d8 R16 100804 0000 sub_work
B 0004d8 R16 100804 0000 sub_work
B 0004d8 R16 100804 0000 sub_work
B 0004d8 R16 100804 0000 sub_work
B 0004d8 R16 100804 0000 sub_work
B 0004d8 R16 100804 0000 sub_work
B 0004d8 R16 100804 0000 sub_work
B 0004d8 R16 100804 0000 sub_work
B 0004d8 R16 100804 0000 sub_work
B 0004d8 R16 100804 0000 sub_work
B 0004d8 R16 100804 0000 sub_work
B 0004d8 R16 100804 0000 sub_work
B 0004d8 R16 100804 0000 sub_work
B 0004d8 R16 100804 0000 sub_work
B 0004d8 R16 100804 0000 sub_work
B 0004d8 R16 100804 0000 sub_work
B 0004d8 R16 100804 0000 sub_work
B 0004d8 R16 100804 0000 sub_work
B 0004d8 R16 100804 0000 sub_work
B 0004d8 R16 100804 0000 sub_work
B 0004d8 R16 100804 0000 sub_work
B 0004d8 R16 100804 0000 sub_work
B 0004d8 R16 100804 0000 sub_work
B 0004d8 R16 100804 0000 sub_work
B 0004d8 R16 100804 0000 sub_work
B 0004d8 R16 100804 0000 sub_work
B 0004d8 R16 100804 0000 sub_work
B 0004d8 R16 100804 0000 sub_work
B 0004d8 R16 100804 0000 sub_work
B 0004d8 R16 100804 0000 sub_work
B 0004d8 R16 100804 0000 sub_work
B 0004d8 R16 100804 0000 sub_work
B 0004d8 R16 100804 0000 sub_work
B 0004d8 R16 100804 0000 sub_work
B 0004d8 R16 100804 0000 sub_work
B 0004d8 R16 100804 0000 sub_work
B 0004d8 R16 100804 0000 sub_work
B 0004d8 R16 100804 0000 sub_work
B 0004d8 R16 100804 0000 sub_work
B 0004d8 R16 100804 0000 sub_work
B 0004d8 R16 100804 0000 sub_work
B 0004d8 R16 100804 0000 sub_work
B 0004d8 R16 100804 0000 sub_work
B 0004d8 R16 100804 0000 sub_work
B 0004d8 R16 100804 0000 sub_work
B 0004d8 R16 100804 0000 sub_work
B 0004d8 R16 100804 0000 sub_work
B 0004d8 R16 100804 0000 sub_work
B 0004d8 R16 100804 0000 sub_work
B 0004d8 R16 100804 0000 sub_work
B 0004d8 R16 100804 0000 sub_work
B 0004d8 R16 100804 0000 sub_work
B 0004d8 R16 100804 0000 sub_work
B 0004d8 R16 100804 0000 sub_work
B 0004d8 R16 100804 0000 sub_work
B 0004d8 R16 100804 0000 sub_work
B 0004d8 R16 100804 0000 sub_work
B 0004d8 R16 100804 0000 sub_work
B 0004d8 R16 100804 0000 sub_work
B 0004d8 R16 100804 0000 sub_work
B 0004d8 R16 100804 0000 sub_work
B 0004d8 R16 100804 0000 sub_work
B 0004d8 R16 100804 0000 sub_work
B 0004d8 R16 100804 0000 sub_work
B 0004d8 R16 100804 0000 sub_work
B 0004d8 R16 100804 0000 sub_work
B 0004d8 R16 100804 0000 sub_work
B 0004d8 R16 100804 0000 sub_work
B 0004d8 R16 100804 0000 sub_work
B 0004d8 R16 100804 0000 sub_work
B 0004d8 R16 100804 0000 sub_work
B 0004d8 R16 100804 0000 sub_work
B 0004d8 R16 100804 0000 sub_work
B 0004d8 R16 100804 0000 sub_work
B 0004d8 R16 100804 0000 sub_work
B 0004d8 R16 100804 0000 sub_work
B 0004d8 R16 100804 0000 sub_work
B 0004d8 R16 100804 0000 sub_work
B 0004d8 R16 100804 0000 sub_work
B 0004d8 R16 100804 0000 sub_work
B 0004d8 R16 100804 0000 sub_work
B 0004d8 R16 100804 0000 sub_work
B 0004d8 R16 100804 0000 sub_work
B 0004d8 R16 100804 0000 sub_work
B 0004d8 R16 100804 0000 sub_work
B 0004d8 R16 100804 0000 sub_work
B 0004d8 R16 100804 0000 sub_work
B 0004d8 R16 100804 0000 sub_work
B 0004d8 R16 100804 0000 sub_work
B 0004d8 R16 100804 0000 sub_work
B 0004d8 R16 100804 0000 sub_work
B 0004d8 R16 100804 0000 sub_work
B 0004d8 R16 100804 0000 sub_work
B 0004d8 R16 100804 0000 sub_work
B 0004d8 R16 100804 0000 sub_work
B 0004d8 R16 100804 0000 sub_work
B 0004d8 R16 100804 0000 sub_work
B 0004d8 R16 100804 0000 sub_work
B 0004d8 R16 100804 0000 sub_work
B 0004d8 R16 100804 0000 sub_work
B 0004d8 R16 100804 0000 sub_work
B 0004d8 R16 100804 0000 sub_work
B 0004d8 R16 100804 0000 sub_work
B 0004d8 R16 100804 0000 sub_work
B 0004d8 R16 100804 0000 sub_work
B 0004d8 R16 100804 0000 sub_work
B 0004d8 R16 100804 0000 sub_work
B 0004d8 R16 100804 0000 sub_work
B 0004d8 R16 100804 0000 sub_work
B 0004d8 R16 100804 0000 sub_work
B 0004d8 R16 100804 0000 sub_work
B 0004d8 R16 100804 0000 sub_work
B 0004d8 R16 100804 0000 sub_work
B 0004d8 R16 100804 0000 sub_work
B 0004d8 R16 100804 0000 sub_work
B 0004d8 R16 100804 0000 sub_work
B 0004d8 R16 100804 0000 sub_work
B 0004d8 R16 100804 0000 sub_work
B 0004d8 R16 100804 0000 sub_work
B 0004d8 R16 100804 0000 sub_work
B 0004d8 R16 100804 0000 sub_work
B 0004d8 R16 100804 0000 sub_work
B 0004d8 R16 100804 0000 sub_work
B 0004d8 R16 100804 0000 sub_work
B 0004d8 R16 100804 0000 sub_work
B 0004d8 R16 100804 0000 sub_work
B 0004d8 R16 100804 0000 sub_work
B 0004d8 R16 100804 0000 sub_work
B 0004d8 R16 100804 0000 sub_work
B 0004d8 R16 100804 0000 sub_work
B 0004d8 R16 100804 0000 sub_work
B 0004d8 R16 100804 0000 sub_work
B 0004d8 R16 100804 0000 sub_work
B 0004d8 R16 100804 0000 sub_work
B 0004d8 R16 100804 0000 sub_work
B 0004d8 R16 100804 0000 sub_work
B 0004d8 R16 100804 0000 sub_work
B 0004d8 R16 100804 0000 sub_work
B 0004d8 R16 100804 0000 sub_work
B 0004d8 R16 100804 0000 sub_work
B 0004d8 R16 100804 0000 sub_work
B 0004d8 R16 100804 0000 sub_work
B 0004d8 R16 100804 0000 sub_work
B 0004d8 R16 100804 0000 sub_work
B 0004d8 R16 100804 0000 sub_work
B 0004d8 R16 100804 0000 sub_work
B 0004d8 R16 100804 0000 sub_work
B 0004d8 R16 100804 0000 sub_work
B 0004d8 R16 100804 0000 sub_work
B 0004d8 R16 100804 0000 sub_work
B 0004d8 R16 100804 0000 sub_work
B 0004d8 R16 100804 0000 sub_work
B 0004d8 R16 100804 0000 sub_work
B 0004d8 R16 100804 0000 sub_work
B 0004d8 R16 100804 0000 sub_work
B 0004d8 R16 100804 0000 sub_work
B 0004d8 R16 100804 0000 sub_work
B 0004d8 R16 100804 0000 sub_work
B 0004d8 R16 100804 0000 sub_work
B 0004d8 R16 100804 0000 sub_work
B 0004d8 R16 100804 0000 sub_work
B 0004d8 R16 100804 0000 sub_work
B 0004d8 R16 100804 0000 sub_work
B 0004d8 R16 100804 0000 sub_work
B 0004d8 R16 100804 0000 sub_work
B 0004d8 R16 100804 0000 sub_work
B 0004d8 R16 100804 0000 sub_work
B 0004d8 R16 100804 0000 sub_work
B 0004d8 R16 100804 0000 sub_work
B 0004d8 R16 100804 0000 sub_work
B 0004d8 R16 100804 0000 sub_work
B 0004d8 R16 100804 0000 sub_work
B 0004d8 R16 100804 0000 sub_work
B 0004d8 R16 100804 0000 sub_work
B 0004d8 R16 100804 0000 sub_work
B 0004d8 R16 100804 0000 sub_work
B 0004d8 R16 100804 0000 sub_work
B 0004d8 R16 100804 0000 sub_work
B 0004d8 R16 100804 0000 sub_work
B 0004d8 R16 100804 0000 sub_work
B 0004d8 R16 100804 0000 sub_work
B 0004d8 R16 100804 0000 sub_work
B 0004d8 R16 100804 0000 sub_work
B 0004d8 R16 100804 0000 sub_work
B 0004d8 R16 100804 0000 sub_work
B 0004d8 R16 100804 0000 sub_work
B 0004d8 R16 100804 0000 sub_work
B 0004d8 R16 100804 0000 sub_work
B 0004d8 R16 100804 0000 sub_work
B 0004d8 R16 100804 0000 sub_work
B 0004d8 R16 100804 0000 sub_work
B 0004d8 R16 100804 0000 sub_work
B 0004d8 R16 100804 0000 sub_work
B 0004d8 R16 100804 0000 sub_work
B 0004d8 R16 100804 0000 sub_work
B 0004d8 R16 100804 0000 sub_work
B 0004d8 R16 100804 0000 sub_work
B 0004d8 R16 100804 0000 sub_work
B 0004d8 R16 100804 0000 sub_work
B 0004d8 R16 100804 0000 sub_work
B 0004d8 R16 100804 0000 sub_work
B 0004d8 R16 100804 0000 sub_work
B 0004d8 R16 100804 0000 sub_work
B 0004d8 R16 100804 0000 sub_work
B 0004d8 R16 100804 0000 sub_work
B 0004d8 R16 100804 0000 sub_work
B 0004d8 R16 100804 0000 sub_work
B 0004d8 R16 100804 0000 sub_work
B 0004d8 R16 100804 0000 sub_work
B 0004d8 R16 100804 0000 sub_work
B 0004d8 R16 100804 0000 sub_work
B 0004d8 R16 100804 0000 sub_work
B 0004d8 R16 100804 0000 sub_work
B 0004d8 R16 100804 0000 sub_work
B 0004d8 R16 100804 0000 sub_work
B 0004d8 R16 100804 0000 sub_work
B 0004d8 R16 100804 0000 sub_work
B 0004d8 R16 100804 0000 sub_work
B 0004d8 R16 100804 0000 sub_work
B 0004d8 R16 100804 0000 sub_work
B 0004d8 R16 100804 0000 sub_work
B 0004d8 R16 100804 0000 sub_work
B 0004d8 R16 100804 0000 sub_work
B 0004d8 R16 100804 0000 sub_work
B 0004d8 R16 100804 0000 sub_work
B 0004d8 R16 100804 0000 sub_work
B 0004d8 R16 100804 0000 sub_work
B 0004d8 R16 100804 0000 sub_work
B 0004d8 R16 100804 0000 sub_work
B 0004d8 R16 100804 0000 sub_work
B 0004d8 R16 100804 0000 sub_work
B 0004d8 R16 100804 0000 sub_work
B 0004d8 R16 100804 0000 sub_work
B 0004d8 R16 100804 0000 sub_work
B 0004d8 R16 100804 0000 sub_work
B 0004d8 R16 100804 0000 sub_work
B 0004d8 R16 100804 0000 sub_work
B 0004d8 R16 100804 0000 sub_work
B 0004d8 R16 100804 0000 sub_work
B 0004d8 R16 100804 0000 sub_work
B 0004d8 R16 100804 0000 sub_work
B 0004d8 R16 100804 0000 sub_work
B 0004d8 R16 100804 0000 sub_work
B 0004d8 R16 100804 0000 sub_work
B 0004d8 R16 100804 0000 sub_work
B 0004d8 R16 100804 0000 sub_work
B 0004d8 R16 100804 0000 sub_work
B 0004d8 R16 100804 0000 sub_work
B 0004d8 R16 100804 0000 sub_work
B 0004d8 R16 100804 0000 sub_work
B 0004d8 R16 100804 0000 sub_work
B 0004d8 R16 100804 0000 sub_work
B 0004d8 R16 100804 0000 sub_work
B 0004d8 R16 100804 0000 sub_work
B 0004d8 R16 100804 0000 sub_work
B 0004d8 R16 100804 0000 sub_work
B 0004d8 R16 100804 0000 sub_work
B 0004d8 R16 100804 0000 sub_work
B 0004d8 R16 100804 0000 sub_work
B 0004d8 R16 100804 0000 sub_work
B 0004d8 R16 100804 0000 sub_work
B 0004d8 R16 100804 0000 sub_work
B 0004d8 R16 100804 0000 sub_work
B 0004d8 R16 100804 0000 sub_work
B 0004d8 R16 100804 0000 sub_work
B 0004d8 R16 100804 0000 sub_work
B 0004d8 R16 100804 0000 sub_work
B 0004d8 R16 100804 0000 sub_work
B 0004d8 R16 100804 0000 sub_work
B 0004d8 R16 100804 0000 sub_work
B 0004d8 R16 100804 0000 sub_work
B 0004d8 R16 100804 0000 sub_work
B 0004d8 R16 100804 0000 sub_work
B 0004d8 R16 100804 0000 sub_work
B 0004d8 R16 100804 0000 sub_work
B 0004d8 R16 100804 0000 sub_work
B 0004d8 R16 100804 0000 sub_work
B 0004d8 R16 100804 0000 sub_work
B 0004d8 R16 100804 0000 sub_work
B 0004d8 R16 100804 0000 sub_work
B 0004d8 R16 100804 0000 sub_work
B 0004d8 R16 100804 0000 sub_work
B 0004d8 R16 100804 0000 sub_work
B 0004d8 R16 100804 0000 sub_work
B 0004d8 R16 100804 0000 sub_work
B 0004d8 R16 100804 0000 sub_work
B 0004d8 R16 100804 0000 sub_work
B 0004d8 R16 100804 0000 sub_work
B 0004d8 R16 100804 0000 sub_work
B 0004d8 R16 100804 0000 sub_work
B 0004d8 R16 100804 0000 sub_work
B 0004d8 R16 100804 0000 sub_work
B 0004d8 R16 100804 0000 sub_work
B 0004d8 R16 100804 0000 sub_work
B 0004d8 R16 100804 0000 sub_work
B 0004d8 R16 100804 0000 sub_work
B 0004d8 R16 100804 0000 sub_work
B 0004d8 R16 100804 0000 sub_work
B 0004d8 R16 100804 0000 sub_work
B 0004d8 R16 100804 0000 sub_work
B 0004d8 R16 100804 0000 sub_work
B 0004d8 R16 100804 0000 sub_work
B 0004d8 R16 100804 0000 sub_work
B 0004d8 R16 100804 0000 sub_work
B 0004d8 R16 100804 0000 sub_work
B 0004d8 R16 100804 0000 sub_work
B 0004d8 R16 100804 0000 sub_work
B 0004d8 R16 100804 0000 sub_work
B 0004d8 R16 100804 0000 sub_work
B 0004d8 R16 100804 0000 sub_work
B 0004d8 R16 100804 0000 sub_work
B 0004d8 R16 100804 0000 sub_work
B 0004d8 R16 100804 0000 sub_work
B 0004d8 R16 100804 0000 sub_work
B 0004d8 R16 100804 0000 sub_work
B 0004d8 R16 100804 0000 sub_work
B 0004d8 R16 100804 0000 sub_work
B 0004d8 R16 100804 0000 sub_work
B 0004d8 R16 100804 0000 sub_work
B 0004d8 R16 100804 0000 sub_work
B 0004d8 R16 100804 0000 sub_work
B 0004d8 R16 100804 0000 sub_work
B 0004d8 R16 100804 0000 sub_work
B 0004d8 R16 100804 0000 sub_work
B 0004d8 R16 100804 0000 sub_work
B 0004d8 R16 100804 0000 sub_work
B 0004d8 R16 100804 0000 sub_work
B 0004d8 R16 100804 0000 sub_work
B 0004d8 R16 100804 0000 sub_work
B 0004d8 R16 100804 0000 sub_work
B 0004d8 R16 100804 0000 sub_work
B 0004d8 R16 100804 0000 sub_work
B 0004d8 R16 100804 0000 sub_work
B 0004d8 R16 100804 0000 sub_work
B 0004d8 R16 100804 0000 sub_work
B 0004d8 R16 100804 0000 sub_work
B 0004d8 R16 100804 0000 sub_work
B 0004d8 R16 100804 0000 sub_work
B 0004d8 R16 100804 0000 sub_work
B 0004d8 R16 100804 0000 sub_work
B 0004d8 R16 100804 0000 sub_work
B 0004d8 R16 100804 0000 sub_work
B 0004d8 R16 100804 0000 sub_work
B 0004d8 R16 100804 0000 sub_work
B 0004d8 R16 100804 0000 sub_work
B 0004d8 R16 100804 0000 sub_work
B 0004d8 R16 100804 0000 sub_work
B 0004d8 R16 100804 0000 sub_work
B 0004d8 R16 100804 0000 sub_work
B 0004d8 R16 100804 0000 sub_work
B 0004d8 R16 100804 0000 sub_work
B 0004d8 R16 100804 0000 sub_work
B 0004d8 R16 100804 0000 sub_work
B 0004d8 R16 100804 0000 sub_work
B 0004d8 R16 100804 0000 sub_work
B 0004d8 R16 100804 0000 sub_work
B 0004d8 R16 100804 0000 sub_work
B 0004d8 R16 100804 0000 sub_work
B 0004d8 R16 100804 0000 sub_work
B 0004d8 R16 100804 0000 sub_work
B 0004d8 R16 100804 0000 sub_work
B 0004d8 R16 100804 0000 sub_work
B 0004d8 R16 100804 0000 sub_work
B 0004d8 R16 100804 0000 sub_work
B 0004d8 R16 100804 0000 sub_work
B 0004d8 R16 100804 0000 sub_work
B 0004d8 R16 100804 0000 sub_work
B 0004d8 R16 100804 0000 sub_work
B 0004d8 R16 100804 0000 sub_work
B 0004d8 R16 100804 0000 sub_work
B 0004d8 R16 100804 0000 sub_work
B 0004d8 R16 100804 0000 sub_work
B 0004d8 R16 100804 0000 sub_work
B 0004d8 R16 100804 0000 sub_work
B 0004d8 R16 100804 0000 sub_work
B 0004d8 R16 100804 0000 sub_work
B 0004d8 R16 100804 0000 sub_work
B 0004d8 R16 100804 0000 sub_work
B 0004d8 R16 100804 0000 sub_work
B 0004d8 R16 100804 0000 sub_work
B 0004d8 R16 100804 0000 sub_work
B 0004d8 R16 100804 0000 sub_work
B 0004d8 R16 100804 0000 sub_work
B 0004d8 R16 100804 0000 sub_work
B 0004d8 R16 100804 0000 sub_work
B 0004d8 R16 100804 0000 sub_work
B 0004d8 R16 100804 0000 sub_work
B 0004d8 R16 100804 0000 sub_work
B 0004d8 R16 100804 0000 sub_work
B 0004d8 R16 100804 0000 sub_work
B 0004d8 R16 100804 0000 sub_work
B 0004d8 R16 100804 0000 sub_work
B 0004d8 R16 100804 0000 sub_work
B 0004d8 R16 100804 0000 sub_work
B 0004d8 R16 100804 0000 sub_work
B 0004d8 R16 100804 0000 sub_work
B 0004d8 R16 100804 0000 sub_work
B 0004d8 R16 100804 0000 sub_work
B 0004d8 R16 100804 0000 sub_work
B 0004d8 R16 100804 0000 sub_work
B 0004d8 R16 100804 0000 sub_work
B 0004d8 R16 100804 0000 sub_work
B 0004d8 R16 100804 0000 sub_work
B 0004d8 R16 100804 0000 sub_work
B 0004d8 R16 100804 0000 sub_work
B 0004d8 R16 100804 0000 sub_work
B 0004d8 R16 100804 0000 sub_work
B 0004d8 R16 100804 0000 sub_work
B 0004d8 R16 100804 0000 sub_work
B 0004d8 R16 100804 0000 sub_work
B 0004d8 R16 100804 0000 sub_work
B 0004d8 R16 100804 0000 sub_work
B 0004d8 R16 100804 0000 sub_work
B 0004d8 R16 100804 0000 sub_work
B 0004d8 R16 100804 0000 sub_work
B 0004d8 R16 100804 0000 sub_work
B 0004d8 R16 100804 0000 sub_work
B 0004d8 R16 100804 0000 sub_work
B 0004d8 R16 100804 0000 sub_work
B 0004d8 R16 100804 0000 sub_work
B 0004d8 R16 100804 0000 sub_work
B 0004d8 R16 100804 0000 sub_work
B 0004d8 R16 100804 0000 sub_work
B 0004d8 R16 100804 0000 sub_work
B 0004d8 R16 100804 0000 sub_work
B 0004d8 R16 100804 0000 sub_work
B 0004d8 R16 100804 0000 sub_work
B 0004d8 R16 100804 0000 sub_work
B 0004d8 R16 100804 0000 sub_work
B 0004d8 R16 100804 0000 sub_work
B 0004d8 R16 100804 0000 sub_work
B 0004d8 R16 100804 0000 sub_work
B 0004d8 R16 100804 0000 sub_work
B 0004d8 R16 100804 0000 sub_work
B 0004d8 R16 100804 0000 sub_work
B 0004d8 R16 100804 0000 sub_work
B 0004d8 R16 100804 0000 sub_work
B 0004d8 R16 100804 0000 sub_work
B 0004d8 R16 100804 0000 sub_work
B 0004d8 R16 100804 0000 sub_work
B 0004d8 R16 100804 0000 sub_work
B 0004d8 R16 100804 0000 sub_work
B 0004d8 R16 100804 0000 sub_work
B 0004d8 R16 100804 0000 sub_work
B 0004d8 R16 100804 0000 sub_work
B 0004d8 R16 100804 0000 sub_work
B 0004d8 R16 100804 0000 sub_work
B 0004d8 R16 100804 0000 sub_work
B 0004d8 R16 100804 0000 sub_work
B 0004d8 R16 100804 0000 sub_work
B 0004d8 R16 100804 0000 sub_work
B 0004d8 R16 100804 0000 sub_work
B 0004d8 R16 100804 0000 sub_work
B 0004d8 R16 100804 0000 sub_work
B 0004d8 R16 100804 0000 sub_work
B 0004d8 R16 100804 0000 sub_work
B 0004d8 R16 100804 0000 sub_work
B 0004d8 R16 100804 0000 sub_work
B 0004d8 R16 100804 0000 sub_work
B 0004d8 R16 100804 0000 sub_work
B 0004d8 R16 100804 0000 sub_work
B 0004d8 R16 100804 0000 sub_work
B 0004d8 R16 100804 0000 sub_work
B 0004d8 R16 100804 0000 sub_work
B 0004d8 R16 100804 0000 sub_work
B 0004d8 R16 100804 0000 sub_work
B 0004d8 R16 100804 0000 sub_work
B 0004d8 R16 100804 0000 sub_work
B 0004d8 R16 100804 0000 sub_work
B 0004d8 R16 100804 0000 sub_work
B 0004d8 R16 100804 0000 sub_work
B 0004d8 R16 100804 0000 sub_work
B 0004d8 R16 100804 0000 sub_work
B 0004d8 R16 100804 0000 sub_work
B 0004d8 R16 100804 0000 sub_work
B 0004d8 R16 100804 0000 sub_work
B 0004d8 R16 100804 0000 sub_work
B 0004d8 R16 100804 0000 sub_work
B 0004d8 R16 100804 0000 sub_work
B 0004d8 R16 100804 0000 sub_work
B 0004d8 R16 100804 0000 sub_work
B 0004d8 R16 100804 0000 sub_work
B 0004d8 R16 100804 0000 sub_work
B 0004d8 R16 100804 0000 sub_work
B 0004d8 R16 100804 0000 sub_work
B 0004d8 R16 100804 0000 sub_work
B 0004d8 R16 100804 0000 sub_work
B 0004d8 R16 100804 0000 sub_work
B 0004d8 R16 100804 0000 sub_work
B 0004d8 R16 100804 0000 sub_work
B 0004d8 R16 100804 0000 sub_work
B 0004d8 R16 100804 0000 sub_work
B 0004d8 R16 100804 0000 sub_work
B 0004d8 R16 100804 0000 sub_work
B 0004d8 R16 100804 0000 sub_work
B 0004d8 R16 100804 0000 sub_work
B 0004d8 R16 100804 0000 sub_work
B 0004d8 R16 100804 0000 sub_work
B 0004d8 R16 100804 0000 sub_work
B 0004d8 R16 100804 0000 sub_work
B 0004d8 R16 100804 0000 sub_work
B 0004d8 R16 100804 0000 sub_work
B 0004d8 R16 100804 0000 sub_work
B 0004d8 R16 100804 0000 sub_work
B 0004d8 R16 100804 0000 sub_work
B 0004d8 R16 100804 0000 sub_work
B 0004d8 R16 100804 0000 sub_work
B 0004d8 R16 100804 0000 sub_work
B 0004d8 R16 100804 0000 sub_work
B 0004d8 R16 100804 0000 sub_work
B 0004d8 R16 100804 0000 sub_work
B 0004d8 R16 100804 0000 sub_work
B 0004d8 R16 100804 0000 sub_work
B 0004d8 R16 100804 0000 sub_work
B 0004d8 R16 100804 0000 sub_work
B 0004d8 R16 100804 0000 sub_work
B 0004d8 R16 100804 0000 sub_work
B 0004d8 R16 100804 0000 sub_work
B 0004d8 R16 100804 0000 sub_work
B 0004d8 R16 100804 0000 sub_work
B 0004d8 R16 100804 0000 sub_work
B 0004d8 R16 100804 0000 sub_work
B 0004d8 R16 100804 0000 sub_work
B 0004d8 R16 100804 0000 sub_work
B 0004d8 R16 100804 0000 sub_work
B 0004d8 R16 100804 0000 sub_work
B 0004d8 R16 100804 0000 sub_work
B 0004d8 R16 100804 0000 sub_work
B 0004d8 R16 100804 0000 sub_work
B 0004d8 R16 100804 0000 sub_work
B 0004d8 R16 100804 0000 sub_work
B 0004d8 R16 100804 0000 sub_work
B 0004d8 R16 100804 0000 sub_work
B 0004d8 R16 100804 0000 sub_work
B 0004d8 R16 100804 0000 sub_work
B 0004d8 R16 100804 0000 sub_work
B 0004d8 R16 100804 0000 sub_work
B 0004d8 R16 100804 0000 sub_work
B 0004d8 R16 100804 0000 sub_work
B 0004d8 R16 100804 0000 sub_work
B 0004d8 R16 100804 0000 sub_work
B 0004d8 R16 100804 0000 sub_work
B 0004d8 R16 100804 0000 sub_work
B 0004d8 R16 100804 0000 sub_work
B 0004d8 R16 100804 0000 sub_work
B 0004d8 R16 100804 0000 sub_work
B 0004d8 R16 100804 0000 sub_work
B 0004d8 R16 100804 0000 sub_work
B 0004d8 R16 100804 0000 sub_work
B 0004d8 R16 100804 0000 sub_work
B 0004d8 R16 100804 0000 sub_work
B 0004d8 R16 100804 0000 sub_work
B 0004d8 R16 100804 0000 sub_work
B 0004d8 R16 100804 0000 sub_work
B 0004d8 R16 100804 0000 sub_work
B 0004d8 R16 100804 0000 sub_work
B 0004d8 R16 100804 0000 sub_work
B 0004d8 R16 100804 0000 sub_work
B 0004d8 R16 100804 0000 sub_work
B 0004d8 R16 100804 0000 sub_work
B 0004d8 R16 100804 0000 sub_work
B 0004d8 R16 100804 0000 sub_work
B 0004d8 R16 100804 0000 sub_work
B 0004d8 R16 100804 0000 sub_work
B 0004d8 R16 100804 0000 sub_work
B 0004d8 R16 100804 0000 sub_work
B 0004d8 R16 100804 0000 sub_work
B 0004d8 R16 100804 0000 sub_work
B 0004d8 R16 100804 0000 sub_work
B 0004d8 R16 100804 0000 sub_work
B 0004d8 R16 100804 0000 sub_work
B 0004d8 R16 100804 0000 sub_work
B 0004d8 R16 100804 0000 sub_work
B 0004d8 R16 100804 0000 sub_work
B 0004d8 R16 100804 0000 sub_work
B 0004d8 R16 100804 0000 sub_work
B 0004d8 R16 100804 0000 sub_work
B 0004d8 R16 100804 0000 sub_work
B 0004d8 R16 100804 0000 sub_work
B 0004d8 R16 100804 0000 sub_work
B 0004d8 R16 100804 0000 sub_work
B 0004d8 R16 100804 0000 sub_work
B 0004d8 R16 100804 0000 sub_work
B 0004d8 R16 100804 0000 sub_work
B 0004d8 R16 100804 0000 sub_work
B 0004d8 R16 100804 0000 sub_work
B 0004d8 R16 100804 0000 sub_work
B 0004d8 R16 100804 0000 sub_work
B 0004d8 R16 100804 0000 sub_work
B 0004d8 R16 100804 0000 sub_work
B 0004d8 R16 100804 0000 sub_work
B 0004d8 R16 100804 0000 sub_work
B 0004d8 R16 100804 0000 sub_work
B 0004d8 R16 100804 0000 sub_work
B 0004d8 R16 100804 0000 sub_work
B 0004d8 R16 100804 0000 sub_work
B 0004d8 R16 100804 0000 sub_work
B 0004d8 R16 100804 0000 sub_work
B 0004d8 R16 100804 0000 sub_work
B 0004d8 R16 100804 0000 sub_work
B 0004d8 R16 100804 0000 sub_work
B 0004d8 R16 100804 0000 sub_work
B 0004d8 R16 100804 0000 sub_work
B 0004d8 R16 100804 0000 sub_work
B 0004d8 R16 100804 0000 sub_work
B 0004d8 R16 100804 0000 sub_work
B 0004d8 R16 100804 0000 sub_work
B 0004d8 R16 100804 0000 sub_work
B 0004d8 R16 100804 0000 sub_work
B 0004d8 R16 100804 0000 sub_work
B 0004d8 R16 100804 0000 sub_work
B 0004d8 R16 100804 0000 sub_work
B 0004d8 R16 100804 0000 sub_work
B 0004d8 R16 100804 0000 sub_work
B 0004d8 R16 100804 0000 sub_work
B 0004d8 R16 100804 0000 sub_work
B 0004d8 R16 100804 0000 sub_work
B 0004d8 R16 100804 0000 sub_work
B 0004d8 R16 100804 0000 sub_work
B 0004d8 R16 100804 0000 sub_work
B 0004d8 R16 100804 0000 sub_work
B 0004d8 R16 100804 0000 sub_work
B 0004d8 R16 100804 0000 sub_work
B 0004d8 R16 100804 0000 sub_work
B 0004d8 R16 100804 0000 sub_work
B 0004d8 R16 100804 0000 sub_work
B 0004d8 R16 100804 0000 sub_work
B 0004d8 R16 100804 0000 sub_work
B 0004d8 R16 100804 0000 sub_work
B 0004d8 R16 100804 0000 sub_work
B 0004d8 R16 100804 0000 sub_work
B 0004d8 R16 100804 0000 sub_work
B 0004d8 R16 100804 0000 sub_work
B 0004d8 R16 100804 0000 sub_work
B 0004d8 R16 100804 0000 sub_work
B 0004d8 R16 100804 0000 sub_work
B 0004d8 R16 100804 0000 sub_work
B 0004d8 R16 100804 0000 sub_work
B 0004d8 R16 100804 0000 sub_work
B 0004d8 R16 100804 0000 sub_work
B 0004d8 R16 100804 0000 sub_work
B 0004d8 R16 100804 0000 sub_work
B 0004d8 R16 100804 0000 sub_work
B 0004d8 R16 100804 0000 sub_work
B 0004d8 R16 100804 0000 sub_work
B 0004d8 R16 100804 0000 sub_work
B 0004d8 R16 100804 0000 sub_work
B 0004d8 R16 100804 0000 sub_work
B 0004d8 R16 100804 0000 sub_work
B 0004d8 R16 100804 0000 sub_work
B 0004d8 R16 100804 0000 sub_work
B 0004d8 R16 100804 0000 sub_work
B 0004d8 R16 100804 0000 sub_work
B 0004d8 R16 100804 0000 sub_work
B 0004d8 R16 100804 0000 sub_work
B 0004d8 R16 100804 0000 sub_work
B 0004d8 R16 100804 0000 sub_work
B 0004d8 R16 100804 0000 sub_work
B 0004d8 R16 100804 0000 sub_work
B 0004d8 R16 100804 0000 sub_work
B 0004d8 R16 100804 0000 sub_work
B 0004d8 R16 100804 0000 sub_work
B 0004d8 R16 100804 0000 sub_work
B 0004d8 R16 100804 0000 sub_work
B 0004d8 R16 100804 0000 sub_work
B 0004d8 R16 100804 0000 sub_work
B 0004d8 R16 100804 0000 sub_work
B 0004d8 R16 100804 0000 sub_work
B 0004d8 R16 100804 0000 sub_work
B 0004d8 R16 100804 0000 sub_work
B 0004d8 R16 100804 0000 sub_work
B 0004d8 R16 100804 0000 sub_work
B 0004d8 R16 100804 0000 sub_work
B 0004d8 R16 100804 0000 sub_work
B 0004d8 R16 100804 0000 sub_work
B 0004d8 R16 100804 0000 sub_work
B 0004d8 R16 100804 0000 sub_work
B 0004d8 R16 100804 0000 sub_work
B 0004d8 R16 100804 0000 sub_work
B 0004d8 R16 100804 0000 sub_work
B 0004d8 R16 100804 0000 sub_work
B 0004d8 R16 100804 0000 sub_work
B 0004d8 R16 100804 0000 sub_work
B 0004d8 R16 100804 0000 sub_work
B 0004d8 R16 100804 0000 sub_work
B 0004d8 R16 100804 0000 sub_work
B 0004d8 R16 100804 0000 sub_work
B 0004d8 R16 100804 0000 sub_work
B 0004d8 R16 100804 0000 sub_work
B 0004d8 R16 100804 0000 sub_work
B 0004d8 R16 100804 0000 sub_work
B 0004d8 R16 100804 0000 sub_work
B 0004d8 R16 100804 0000 sub_work
B 0004d8 R16 100804 0000 sub_work
B 0004d8 R16 100804 0000 sub_work
B 0004d8 R16 100804 0000 sub_work
B 0004d8 R16 100804 0000 sub_work
B 0004d8 R16 100804 0000 sub_work
B 0004d8 R16 100804 0000 sub_work
B 0004d8 R16 100804 0000 sub_work
B 0004d8 R16 100804 0000 sub_work
B 0004d8 R16 100804 0000 sub_work
B 0004d8 R16 100804 0000 sub_work
B 0004d8 R16 100804 0000 sub_work
B 0004d8 R16 100804 0000 sub_work
B 0004d8 R16 100804 0000 sub_work
B 0004d8 R16 100804 0000 sub_work
B 0004d8 R16 100804 0000 sub_work
B 0004d8 R16 100804 0000 sub_work
B 0004d8 R16 100804 0000 sub_work
B 0004d8 R16 100804 0000 sub_work
B 0004d8 R16 100804 0000 sub_work
B 0004d8 R16 100804 0000 sub_work
B 0004d8 R16 100804 0000 sub_work
B 0004d8 R16 100804 0000 sub_work
B 0004d8 R16 100804 0000 sub_work
B 0004d8 R16 100804 0000 sub_work
B 0004d8 R16 100804 0000 sub_work
B 0004d8 R16 100804 0000 sub_work
B 0004d8 R16 100804 0000 sub_work
B 0004d8 R16 100804 0000 sub_work
B 0004d8 R16 100804 0000 sub_work
B 0004d8 R16 100804 0000 sub_work
B 0004d8 R16 100804 0000 sub_work
B 0004d8 R16 100804 0000 sub_work
B 0004d8 R16 100804 0000 sub_work
B 0004d8 R16 100804 0000 sub_work
B 0004d8 R16 100804 0000 sub_work
B 0004d8 R16 100804 0000 sub_work
B 0004d8 R16 100804 0000 sub_work
B 0004d8 R16 100804 0000 sub_work
B 0004d8 R16 100804 0000 sub_work
B 0004d8 R16 100804 0000 sub_work
B 0004d8 R16 100804 0000 sub_work
B 0004d8 R16 100804 0000 sub_work
B 0004d8 R16 100804 0000 sub_work
B 0004d8 R16 100804 0000 sub_work
B 0004d8 R16 100804 0000 sub_work
B 0004d8 R16 100804 0000 sub_work
B 0004d8 R16 100804 0000 sub_work
B 0004d8 R16 100804 0000 sub_work
B 0004d8 R16 100804 0000 sub_work
B 0004d8 R16 100804 0000 sub_work
B 0004d8 R16 100804 0000 sub_work
B 0004d8 R16 100804 0000 sub_work
B 0004d8 R16 100804 0000 sub_work
B 0004d8 R16 100804 0000 sub_work
B 0004d8 R16 100804 0000 sub_work
B 0004d8 R16 100804 0000 sub_work
B 0004d8 R16 100804 0000 sub_work
B 0004d8 R16 100804 0000 sub_work
B 0004d8 R16 100804 0000 sub_work
B 0004d8 R16 100804 0000 sub_work
B 0004d8 R16 100804 0000 sub_work
B 0004d8 R16 100804 0000 sub_work
B 0004d8 R16 100804 0000 sub_work
B 0004d8 R16 100804 0000 sub_work
B 0004d8 R16 100804 0000 sub_work
B 0004d8 R16 100804 0000 sub_work
B 0004d8 R16 100804 0000 sub_work
B 0004d8 R16 100804 0000 sub_work
B 0004d8 R16 100804 0000 sub_work
B 0004d8 R16 100804 0000 sub_work
B 0004d8 R16 100804 0000 sub_work
B 0004d8 R16 100804 0000 sub_work
B 0004d8 R16 100804 0000 sub_work
B 0004d8 R16 100804 0000 sub_work
B 0004d8 R16 100804 0000 sub_work
B 0004d8 R16 100804 0000 sub_work
B 0004d8 R16 100804 0000 sub_work
B 0004d8 R16 100804 0000 sub_work
B 0004d8 R16 100804 0000 sub_work
B 0004d8 R16 100804 0000 sub_work
B 0004d8 R16 100804 0000 sub_work
B 0004d8 R16 100804 0000 sub_work
B 0004d8 R16 100804 0000 sub_work
B 0004d8 R16 100804 0000 sub_work
B 0004d8 R16 100804 0000 sub_work
B 0004d8 R16 100804 0000 sub_work
B 0004d8 R16 100804 0000 sub_work
B 0004d8 R16 100804 0000 sub_work
B 0004d8 R16 100804 0000 sub_work
B 0004d8 R16 100804 0000 sub_work
B 0004d8 R16 100804 0000 sub_work
B 0004d8 R16 100804 0000 sub_work
B 0004d8 R16 100804 0000 sub_work
B 0004d8 R16 100804 0000 sub_work
B 0004d8 R16 100804 0000 sub_work
B 0004d8 R16 100804 0000 sub_work
B 0004d8 R16 100804 0000 sub_work
B 0004d8 R16 100804 0000 sub_work
B 0004d8 R16 100804 0000 sub_work
B 0004d8 R16 100804 0000 sub_work
B 0004d8 R16 100804 0000 sub_work
B 0004d8 R16 100804 0000 sub_work
B 0004d8 R16 100804 0000 sub_work
B 0004d8 R16 100804 0000 sub_work
B 0004d8 R16 100804 0000 sub_work
B 0004d8 R16 100804 0000 sub_work
B 0004d8 R16 100804 0000 sub_work
B 0004d8 R16 100804 0000 sub_work
B 0004d8 R16 100804 0000 sub_work
B 0004d8 R16 100804 0000 sub_work
B 0004d8 R16 100804 0000 sub_work
B 0004d8 R16 100804 0000 sub_work
B 0004d8 R16 100804 0000 sub_work
B 0004d8 R16 100804 0000 sub_work
B 0004d8 R16 100804 0000 sub_work
B 0004d8 R16 100804 0000 sub_work
B 0004d8 R16 100804 0000 sub_work
B 0004d8 R16 100804 0000 sub_work
B 0004d8 R16 100804 0000 sub_work
B 0004d8 R16 100804 0000 sub_work
B 0004d8 R16 100804 0000 sub_work
B 0004d8 R16 100804 0000 sub_work
B 0004d8 R16 100804 0000 sub_work
B 0004d8 R16 100804 0000 sub_work
B 0004d8 R16 100804 0000 sub_work
B 0004d8 R16 100804 0000 sub_work
B 0004d8 R16 100804 0000 sub_work
B 0004d8 R16 100804 0000 sub_work
B 0004d8 R16 100804 0000 sub_work
B 0004d8 R16 100804 0000 sub_work
B 0004d8 R16 100804 0000 sub_work
B 0004d8 R16 100804 0000 sub_work
B 0004d8 R16 100804 0000 sub_work
B 0004d8 R16 100804 0000 sub_work
B 0004d8 R16 100804 0000 sub_work
B 0004d8 R16 100804 0000 sub_work
B 0004d8 R16 100804 0000 sub_work
B 0004d8 R16 100804 0000 sub_work
B 0004d8 R16 100804 0000 sub_work
B 0004d8 R16 100804 0000 sub_work
B 0004d8 R16 100804 0000 sub_work
B 0004d8 R16 100804 0000 sub_work
B 0004d8 R16 100804 0000 sub_work
B 0004d8 R16 100804 0000 sub_work
B 0004d8 R16 100804 0000 sub_work
B 0004d8 R16 100804 0000 sub_work
B 0004d8 R16 100804 0000 sub_work
B 0004d8 R16 100804 0000 sub_work
B 0004d8 R16 100804 0000 sub_work
B 0004d8 R16 100804 0000 sub_work
B 0004d8 R16 100804 0000 sub_work
B 0004d8 R16 100804 0000 sub_work
B 0004d8 R16 100804 0000 sub_work
B 0004d8 R16 100804 0000 sub_work
B 0004d8 R16 100804 0000 sub_work
B 0004d8 R16 100804 0000 sub_work
B 0004d8 R16 100804 0000 sub_work
B 0004d8 R16 100804 0000 sub_work
B 0004d8 R16 100804 0000 sub_work
B 0004d8 R16 100804 0000 sub_work
B 0004d8 R16 100804 0000 sub_work
B 0004d8 R16 100804 0000 sub_work
B 0004d8 R16 100804 0000 sub_work
B 0004d8 R16 100804 0000 sub_work
B 0004d8 R16 100804 0000 sub_work
B 0004d8 R16 100804 0000 sub_work
B 0004d8 R16 100804 0000 sub_work
B 0004d8 R16 100804 0000 sub_work
B 0004d8 R16 100804 0000 sub_work
B 0004d8 R16 100804 0000 sub_work
B 0004d8 R16 100804 0000 sub_work
B 0004d8 R16 100804 0000 sub_work
B 0004d8 R16 100804 0000 sub_work
B 0004d8 R16 100804 0000 sub_work
B 0004d8 R16 100804 0000 sub_work
B 0004d8 R16 100804 0000 sub_work
B 0004d8 R16 100804 0000 sub_work
B 0004d8 R16 100804 0000 sub_work
B 0004d8 R16 100804 0000 sub_work
B 0004d8 R16 100804 0000 sub_work
B 0004d8 R16 100804 0000 sub_work
B 0004d8 R16 100804 0000 sub_work
B 0004d8 R16 100804 0000 sub_work
B 0004d8 R16 100804 0000 sub_work
B 0004d8 R16 100804 0000 sub_work
B 0004d8 R16 100804 0000 sub_work
B 0004d8 R16 100804 0000 sub_work
B 0004d8 R16 100804 0000 sub_work
B 0004d8 R16 100804 0000 sub_work
B 0004d8 R16 100804 0000 sub_work
B 0004d8 R16 100804 0000 sub_work
B 0004d8 R16 100804 0000 sub_work
B 0004d8 R16 100804 0000 sub_work
B 0004d8 R16 100804 0000 sub_work
B 0004d8 R16 100804 0000 sub_work
B 0004d8 R16 100804 0000 sub_work
B 0004d8 R16 100804 0000 sub_work
B 0004d8 R16 100804 0000 sub_work
B 0004d8 R16 100804 0000 sub_work
B 0004d8 R16 100804 0000 sub_work
B 0004d8 R16 100804 0000 sub_work
B 0004d8 R16 100804 0000 sub_work
B 0004d8 R16 100804 0000 sub_work
B 0004d8 R16 100804 0000 sub_work
B 0004d8 R16 100804 0000 sub_work
B 0004d8 R16 100804 0000 sub_work
B 0004d8 R16 100804 0000 sub_work
B 0004d8 R16 100804 0000 sub_work
B 0004d8 R16 100804 0000 sub_work
B 0004d8 R16 100804 0000 sub_work
B 0004d8 R16 100804 0000 sub_work
B 0004d8 R16 100804 0000 sub_work
B 0004d8 R16 100804 0000 sub_work
B 0004d8 R16 100804 0000 sub_work
B 0004d8 R16 100804 0000 sub_work
B 0004d8 R16 100804 0000 sub_work
B 0004d8 R16 100804 0000 sub_work
B 0004d8 R16 100804 0000 sub_work
B 0004d8 R16 100804 0000 sub_work
B 0004d8 R16 100804 0000 sub_work
B 0004d8 R16 100804 0000 sub_work
B 0004d8 R16 100804 0000 sub_work
B 0004d8 R16 100804 0000 sub_work
B 0004d8 R16 100804 0000 sub_work
B 0004d8 R16 100804 0000 sub_work
B 0004d8 R16 100804 0000 sub_work
B 0004d8 R16 100804 0000 sub_work
B 0004d8 R16 100804 0000 sub_work
B 0004d8 R16 100804 0000 sub_work
B 0004d8 R16 100804 0000 sub_work
B 0004d8 R16 100804 0000 sub_work
B 0004d8 R16 100804 0000 sub_work
B 0004d8 R16 100804 0000 sub_work
B 0004d8 R16 100804 0000 sub_work
B 0004d8 R16 100804 0000 sub_work
B 0004d8 R16 100804 0000 sub_work
B 0004d8 R16 100804 0000 sub_work
B 0004d8 R16 100804 0000 sub_work
B 0004d8 R16 100804 0000 sub_work
B 0004d8 R16 100804 0000 sub_work
B 0004d8 R16 100804 0000 sub_work
B 0004d8 R16 100804 0000 sub_work
B 0004d8 R16 100804 0000 sub_work
B 0004d8 R16 100804 0000 sub_work
B 0004d8 R16 100804 0000 sub_work
B 0004d8 R16 100804 0000 sub_work
B 0004d8 R16 100804 0000 sub_work
B 0004d8 R16 100804 0000 sub_work
B 0004d8 R16 100804 0000 sub_work
B 0004d8 R16 100804 0000 sub_work
B 0004d8 R16 100804 0000 sub_work
B 0004d8 R16 100804 0000 sub_work
B 0004d8 R16 100804 0000 sub_work
B 0004d8 R16 100804 0000 sub_work
B 0004d8 R16 100804 0000 sub_work
B 0004d8 R16 100804 0000 sub_work
B 0004d8 R16 100804 0000 sub_work
B 0004d8 R16 100804 0000 sub_work
B 0004d8 R16 100804 0000 sub_work
B 0004d8 R16 100804 0000 sub_work
B 0004d8 R16 100804 0000 sub_work
B 0004d8 R16 100804 0000 sub_work
B 0004d8 R16 100804 0000 sub_work
B 0004d8 R16 100804 0000 sub_work
B 0004d8 R16 100804 0000 sub_work
B 0004d8 R16 100804 0000 sub_work
B 0004d8 R16 100804 0000 sub_work
B 0004d8 R16 100804 0000 sub_work
B 0004d8 R16 100804 0000 sub_work
B 0004d8 R16 100804 0000 sub_work
B 0004d8 R16 100804 0000 sub_work
B 0004d8 R16 100804 0000 sub_work
B 0004d8 R16 100804 0000 sub_work
B 0004d8 R16 100804 0000 sub_work
B 0004d8 R16 100804 0000 sub_work
B 0004d8 R16 100804 0000 sub_work
B 0004d8 R16 100804 0000 sub_work
B 0004d8 R16 100804 0000 sub_work
B 0004d8 R16 100804 0000 sub_work
B 0004d8 R16 100804 0000 sub_work
B 0004d8 R16 100804 0000 sub_work
B 0004d8 R16 100804 0000 sub_work
B 0004d8 R16 100804 0000 sub_work
B 0004d8 R16 100804 0000 sub_work
B 0004d8 R16 100804 0000 sub_work
B 0004d8 R16 100804 0000 sub_work
B 0004d8 R16 100804 0000 sub_work
B 0004d8 R16 100804 0000 sub_work
B 0004d8 R16 100804 0000 sub_work
B 0004d8 R16 100804 0000 sub_work
B 0004d8 R16 100804 0000 sub_work
B 0004d8 R16 100804 0000 sub_work
B 0004d8 R16 100804 0000 sub_work
B 0004d8 R16 100804 0000 sub_work
B 0004d8 R16 100804 0000 sub_work
B 0004d8 R16 100804 0000 sub_work
B 0004d8 R16 100804 0000 sub_work
B 0004d8 R16 100804 0000 sub_work
B 0004d8 R16 100804 0000 sub_work
B 0004d8 R16 100804 0000 sub_work
B 0004d8 R16 100804 0000 sub_work
B 0004d8 R16 100804 0000 sub_work
B 0004d8 R16 100804 0000 sub_work
B 0004d8 R16 100804 0000 sub_work
B 0004d8 R16 100804 0000 sub_work
B 0004d8 R16 100804 0000 sub_work
B 0004d8 R16 100804 0000 sub_work
B 0004d8 R16 100804 0000 sub_work
B 0004d8 R16 100804 0000 sub_work
B 0004d8 R16 100804 0000 sub_work
B 0004d8 R16 100804 0000 sub_work
B 0004d8 R16 100804 0000 sub_work
B 0004d8 R16 100804 0000 sub_work
B 0004d8 R16 100804 0000 sub_work
B 0004d8 R16 100804 0000 sub_work
B 0004d8 R16 100804 0000 sub_work
B 0004d8 R16 100804 0000 sub_work
B 0004d8 R16 100804 0000 sub_work
B 0004d8 R16 100804 0000 sub_work
B 0004d8 R16 100804 0000 sub_work
B 0004d8 R16 100804 0000 sub_work
B 0004d8 R16 100804 0000 sub_work
B 0004d8 R16 100804 0000 sub_work
B 0004d8 R16 100804 0000 sub_work
B 0004d8 R16 100804 0000 sub_work
B 0004d8 R16 100804 0000 sub_work
B 0004d8 R16 100804 0000 sub_work
B 0004d8 R16 100804 0000 sub_work
B 0004d8 R16 100804 0000 sub_work
B 0004d8 R16 100804 0000 sub_work
B 0004d8 R16 100804 0000 sub_work
B 0004d8 R16 100804 0000 sub_work
B 0004d8 R16 100804 0000 sub_work
B 0004d8 R16 100804 0000 sub_work
B 0004d8 R16 100804 0000 sub_work
B 0004d8 R16 100804 0000 sub_work
B 0004d8 R16 100804 0000 sub_work
B 0004d8 R16 100804 0000 sub_work
B 0004d8 R16 100804 0000 sub_work
B 0004d8 R16 100804 0000 sub_work
B 0004d8 R16 100804 0000 sub_work
B 0004d8 R16 100804 0000 sub_work
B 0004d8 R16 100804 0000 sub_work
B 0004d8 R16 100804 0000 sub_work
B 0004d8 R16 100804 0000 sub_work
B 0004d8 R16 100804 0000 sub_work
B 0004d8 R16 100804 0000 sub_work
B 0004d8 R16 100804 0000 sub_work
B 0004d8 R16 100804 0000 sub_work
B 0004d8 R16 100804 0000 sub_work
B 0004d8 R16 100804 0000 sub_work
B 0004d8 R16 100804 0000 sub_work
B 0004d8 R16 100804 0000 sub_work
B 0004d8 R16 100804 0000 sub_work
B 0004d8 R16 100804 0000 sub_work
B 0004d8 R16 100804 0000 sub_work
B 0004d8 R16 100804 0000 sub_work
B 0004d8 R16 100804 0000 sub_work
B 0004d8 R16 100804 0000 sub_work
B 0004d8 R16 100804 0000 sub_work
B 0004d8 R16 100804 0000 sub_work
B 0004d8 R16 100804 0000 sub_work
B 0004d8 R16 100804 0000 sub_work
B 0004d8 R16 100804 0000 sub_work
B 0004d8 R16 100804 0000 sub_work
B 0004d8 R16 100804 0000 sub_work
B 0004d8 R16 100804 0000 sub_work
B 0004d8 R16 100804 0000 sub_work
B 0004d8 R16 100804 0000 sub_work
B 0004d8 R16 100804 0000 sub_work
B 0004d8 R16 100804 0000 sub_work
B 0004d8 R16 100804 0000 sub_work
B 0004d8 R16 100804 0000 sub_work
B 0004d8 R16 100804 0000 sub_work
B 0004d8 R16 100804 0000 sub_work
B 0004d8 R16 100804 0000 sub_work
B 0004d8 R16 100804 0000 sub_work
B 0004d8 R16 100804 0000 sub_work
B 0004d8 R16 100804 0000 sub_work
B 0004d8 R16 100804 0000 sub_work
B 0004d8 R16 100804 0000 sub_work
B 0004d8 R16 100804 0000 sub_work
B 0004d8 R16 100804 0000 sub_work
B 0004d8 R16 100804 0000 sub_work
B 0004d8 R16 100804 0000 sub_work
B 0004d8 R16 100804 0000 sub_work
B 0004d8 R16 100804 0000 sub_work
B 0004d8 R16 100804 0000 sub_work
B 0004d8 R16 100804 0000 sub_work
B 0004d8 R16 100804 0000 sub_work
B 0004d8 R16 100804 0000 sub_work
B 0004d8 R16 100804 0000 sub_work
B 0004d8 R16 100804 0000 sub_work
B 0004d8 R16 100804 0000 sub_work
B 0004d8 R16 100804 0000 sub_work
B 0004d8 R16 100804 0000 sub_work
B 0004d8 R16 100804 0000 sub_work
B 0004d8 R16 100804 0000 sub_work
B 0004d8 R16 100804 0000 sub_work
B 0004d8 R16 100804 0000 sub_work
B 0004d8 R16 100804 0000 sub_work
B 0004d8 R16 100804 0000 sub_work
B 0004d8 R16 100804 0000 sub_work
B 0004d8 R16 100804 0000 sub_work
B 0004d8 R16 100804 0000 sub_work
B 0004d8 R16 100804 0000 sub_work
B 0004d8 R16 100804 0000 sub_work
B 0004d8 R16 100804 0000 sub_work
B 0004d8 R16 100804 0000 sub_work
B 0004d8 R16 100804 0000 sub_work
B 0004d8 R16 100804 0000 sub_work
B 0004d8 R16 100804 0000 sub_work
B 0004d8 R16 100804 0000 sub_work
B 0004d8 R16 100804 0000 sub_work
B 0004d8 R16 100804 0000 sub_work
B 0004d8 R16 100804 0000 sub_work
B 0004d8 R16 100804 0000 sub_work
B 0004d8 R16 100804 0000 sub_work
B 0004d8 R16 100804 0000 sub_work
B 0004d8 R16 100804 0000 sub_work
B 0004d8 R16 100804 0000 sub_work
B 0004d8 R16 100804 0000 sub_work
B 0004d8 R16 100804 0000 sub_work
B 0004d8 R16 100804 0000 sub_work
B 0004d8 R16 100804 0000 sub_work
B 0004d8 R16 100804 0000 sub_work
B 0004d8 R16 100804 0000 sub_work
B 0004d8 R16 100804 0000 sub_work
B 0004d8 R16 100804 0000 sub_work
B 0004d8 R16 100804 0000 sub_work
B 0004d8 R16 100804 0000 sub_work
B 0004d8 R16 100804 0000 sub_work
B 0004d8 R16 100804 0000 sub_work
B 0004d8 R16 100804 0000 sub_work
B 0004d8 R16 100804 0000 sub_work
B 0004d8 R16 100804 0000 sub_work
B 0004d8 R16 100804 0000 sub_work
B 0004d8 R16 100804 0000 sub_work
B 0004d8 R16 100804 0000 sub_work
B 0004d8 R16 100804 0000 sub_work
B 0004d8 R16 100804 0000 sub_work
B 0004d8 R16 100804 0000 sub_work
B 0004d8 R16 100804 0000 sub_work
B 0004d8 R16 100804 0000 sub_work
B 0004d8 R16 100804 0000 sub_work
B 0004d8 R16 100804 0000 sub_work
B 0004d8 R16 100804 0000 sub_work
B 0004d8 R16 100804 0000 sub_work
B 0004d8 R16 100804 0000 sub_work
B 0004d8 R16 100804 0000 sub_work
B 0004d8 R16 100804 0000 sub_work
B 0004d8 R16 100804 0000 sub_work
B 0004d8 R16 100804 0000 sub_work
B 0004d8 R16 100804 0000 sub_work
B 0004d8 R16 100804 0000 sub_work
B 0004d8 R16 100804 0000 sub_work
B 0004d8 R16 100804 0000 sub_work
B 0004d8 R16 100804 0000 sub_work
B 0004d8 R16 100804 0000 sub_work
B 0004d8 R16 100804 0000 sub_work
B 0004d8 R16 100804 0000 sub_work
B 0004d8 R16 100804 0000 sub_work
B 0004d8 R16 100804 0000 sub_work
B 0004d8 R16 100804 0000 sub_work
B 0004d8 R16 100804 0000 sub_work
B 0004d8 R16 100804 0000 sub_work
B 0004d8 R16 100804 0000 sub_work
B 0004d8 R16 100804 0000 sub_work
B 0004d8 R16 100804 0000 sub_work
B 0004d8 R16 100804 0000 sub_work
B 0004d8 R16 100804 0000 sub_work
B 0004d8 R16 100804 0000 sub_work
B 0004d8 R16 100804 0000 sub_work
B 0004d8 R16 100804 0000 sub_work
B 0004d8 R16 100804 0000 sub_work
B 0004d8 R16 100804 0000 sub_work
B 0004d8 R16 100804 0000 sub_work
B 0004d8 R16 100804 0000 sub_work
B 0004d8 R16 100804 0000 sub_work
B 0004d8 R16 100804 0000 sub_work
B 0004d8 R16 100804 0000 sub_work
B 0004d8 R16 100804 0000 sub_work
B 0004d8 R16 100804 0000 sub_work
B 0004d8 R16 100804 0000 sub_work
B 0004d8 R16 100804 0000 sub_work
B 0004d8 R16 100804 0000 sub_work
B 0004d8 R16 100804 0000 sub_work
B 0004d8 R16 100804 0000 sub_work
B 0004d8 R16 100804 0000 sub_work
B 0004d8 R16 100804 0000 sub_work
B 0004d8 R16 100804 0000 sub_work
B 0004d8 R16 100804 0000 sub_work
B 0004d8 R16 100804 0000 sub_work
B 0004d8 R16 100804 0000 sub_work
B 0004d8 R16 100804 0000 sub_work
B 0004d8 R16 100804 0000 sub_work
B 0004d8 R16 100804 0000 sub_work
B 0004d8 R16 100804 0000 sub_work
B 0004d8 R16 100804 0000 sub_work
B 0004d8 R16 100804 0000 sub_work
B 0004d8 R16 100804 0000 sub_work
B 0004d8 R16 100804 0000 sub_work
B 0004d8 R16 100804 0000 sub_work
B 0004d8 R16 100804 0000 sub_work
B 0004d8 R16 100804 0000 sub_work
B 0004d8 R16 100804 0000 sub_work
B 0004d8 R16 100804 0000 sub_work
B 0004d8 R16 100804 0000 sub_work
B 0004d8 R16 100804 0000 sub_work
B 0004d8 R16 100804 0000 sub_work
B 0004d8 R16 100804 0000 sub_work
B 0004d8 R16 100804 0000 sub_work
B 0004d8 R16 100804 0000 sub_work
B 0004d8 R16 100804 0000 sub_work
B 0004d8 R16 100804 0000 sub_work
B 0004d8 R16 100804 0000 sub_work
B 0004d8 R16 100804 0000 sub_work
B 0004d8 R16 100804 0000 sub_work
B 0004d8 R16 100804 0000 sub_work
B 0004d8 R16 100804 0000 sub_work
B 0004d8 R16 100804 0000 sub_work
B 0004d8 R16 100804 0000 sub_work
B 0004d8 R16 100804 0000 sub_work
B 0004d8 R16 100804 0000 sub_work
B 0004d8 R16 100804 0000 sub_work
B 0004d8 R16 100804 0000 sub_work
B 0004d8 R16 100804 0000 sub_work
B 0004d8 R16 100804 0000 sub_work
B 0004d8 R16 100804 0000 sub_work
B 0004d8 R16 100804 0000 sub_work
B 0004d8 R16 100804 0000 sub_work
B 0004d8 R16 100804 0000 sub_work
B 0004d8 R16 100804 0000 sub_work
B 0004d8 R16 100804 0000 sub_work
B 0004d8 R16 100804 0000 sub_work
B 0004d8 R16 100804 0000 sub_work
B 0004d8 R16 100804 0000 sub_work
B 0004d8 R16 100804 0000 sub_work
B 0004d8 R16 100804 0000 sub_work
B 0004d8 R16 100804 0000 sub_work
B 0004d8 R16 100804 0000 sub_work
B 0004d8 R16 100804 0000 sub_work
B 0004d8 R16 100804 0000 sub_work
B 0004d8 R16 100804 0000 sub_work
B 0004d8 R16 100804 0000 sub_work
B 0004d8 R16 100804 0000 sub_work
B 0004d8 R16 100804 0000 sub_work
B 0004d8 R16 100804 0000 sub_work
B 0004d8 R16 100804 0000 sub_work
B 0004d8 R16 100804 0000 sub_work
B 0004d8 R16 100804 0000 sub_work
B 0004d8 R16 100804 0000 sub_work
B 0004d8 R16 100804 0000 sub_work
B 0004d8 R16 100804 0000 sub_work
B 0004d8 R16 100804 0000 sub_work
B 0004d8 R16 100804 0000 sub_work
B 0004d8 R16 100804 0000 sub_work
B 0004d8 R16 100804 0000 sub_work
B 0004d8 R16 100804 0000 sub_work
B 0004d8 R16 100804 0000 sub_work
B 0004d8 R16 100804 0000 sub_work
B 0004d8 R16 100804 0000 sub_work
B 0004d8 R16 100804 0000 sub_work
B 0004d8 R16 100804 0000 sub_work
B 0004d8 R16 100804 0000 sub_work
B 0004d8 R16 100804 0000 sub_work
B 0004d8 R16 100804 0000 sub_work
B 0004d8 R16 100804 0000 sub_work
B 0004d8 R16 100804 0000 sub_work
B 0004d8 R16 100804 0000 sub_work
B 0004d8 R16 100804 0000 sub_work
B 0004d8 R16 100804 0000 sub_work
B 0004d8 R16 100804 0000 sub_work
B 0004d8 R16 100804 0000 sub_work
B 0004d8 R16 100804 0000 sub_work
B 0004d8 R16 100804 0000 sub_work
B 0004d8 R16 100804 0000 sub_work
B 0004d8 R16 100804 0000 sub_work
B 0004d8 R16 100804 0000 sub_work
B 0004d8 R16 100804 0000 sub_work
B 0004d8 R16 100804 0000 sub_work
B 0004d8 R16 100804 0000 sub_work
B 0004d8 R16 100804 0000 sub_work
B 0004d8 R16 100804 0000 sub_work
B 0004d8 R16 100804 0000 sub_work
B 0004d8 R16 100804 0000 sub_work
B 0004d8 R16 100804 0000 sub_work
B 0004d8 R16 100804 0000 sub_work
B 0004d8 R16 100804 0000 sub_work
B 0004d8 R16 100804 0000 sub_work
B 0004d8 R16 100804 0000 sub_work
B 0004d8 R16 100804 0000 sub_work
B 0004d8 R16 100804 0000 sub_work
B 0004d8 R16 100804 0000 sub_work
B 0004d8 R16 100804 0000 sub_work
B 0004d8 R16 100804 0000 sub_work
B 0004d8 R16 100804 0000 sub_work
B 0004d8 R16 100804 0000 sub_work
B 0004d8 R16 100804 0000 sub_work
B 0004d8 R16 100804 0000 sub_work
B 0004d8 R16 100804 0000 sub_work
B 0004d8 R16 100804 0000 sub_work
B 0004d8 R16 100804 0000 sub_work
B 0004d8 R16 100804 0000 sub_work
B 0004d8 R16 100804 0000 sub_work
B 0004d8 R16 100804 0000 sub_work
B 0004d8 R16 100804 0000 sub_work
B 0004d8 R16 100804 0000 sub_work
B 0004d8 R16 100804 0000 sub_work
B 0004d8 R16 100804 0000 sub_work
B 0004d8 R16 100804 0000 sub_work
B 0004d8 R16 100804 0000 sub_work
B 0004d8 R16 100804 0000 sub_work
B 0004d8 R16 100804 0000 sub_work
B 0004d8 R16 100804 0000 sub_work
B 0004d8 R16 100804 0000 sub_work
B 0004d8 R16 100804 0000 sub_work
B 0004d8 R16 100804 0000 sub_work
B 0004d8 R16 100804 0000 sub_work
B 0004d8 R16 100804 0000 sub_work
B 0004d8 R16 100804 0000 sub_work
B 0004d8 R16 100804 0000 sub_work
B 0004d8 R16 100804 0000 sub_work
B 0004d8 R16 100804 0000 sub_work
B 0004d8 R16 100804 0000 sub_work
B 0004d8 R16 100804 0000 sub_work
B 0004d8 R16 100804 0000 sub_work
B 0004d8 R16 100804 0000 sub_work
B 0004d8 R16 100804 0000 sub_work
B 0004d8 R16 100804 0000 sub_work
B 0004d8 R16 100804 0000 sub_work
B 0004d8 R16 100804 0000 sub_work
B 0004d8 R16 100804 0000 sub_work
B 0004d8 R16 100804 0000 sub_work
B 0004d8 R16 100804 0000 sub_work
B 0004d8 R16 100804 0000 sub_work
B 0004d8 R16 100804 0000 sub_work
B 0004d8 R16 100804 0000 sub_work
B 0004d8 R16 100804 0000 sub_work
B 0004d8 R16 100804 0000 sub_work
B 0004d8 R16 100804 0000 sub_work
B 0004d8 R16 100804 0000 sub_work
B 0004d8 R16 100804 0000 sub_work
B 0004d8 R16 100804 0000 sub_work
B 0004d8 R16 100804 0000 sub_work
B 0004d8 R16 100804 0000 sub_work
B 0004d8 R16 100804 0000 sub_work
B 0004d8 R16 100804 0000 sub_work
B 0004d8 R16 100804 0000 sub_work
B 0004d8 R16 100804 0000 sub_work
B 0004d8 R16 100804 0000 sub_work
B 0004d8 R16 100804 0000 sub_work
B 0004d8 R16 100804 0000 sub_work
B 0004d8 R16 100804 0000 sub_work
B 0004d8 R16 100804 0000 sub_work
B 0004d8 R16 100804 0000 sub_work
B 0004d8 R16 100804 0000 sub_work
B 0004d8 R16 100804 0000 sub_work
B 0004d8 R16 100804 0000 sub_work
B 0004d8 R16 100804 0000 sub_work
B 0004d8 R16 100804 0000 sub_work
B 0004d8 R16 100804 0000 sub_work
B 0004d8 R16 100804 0000 sub_work
B 0004d8 R16 100804 0000 sub_work
B 0004d8 R16 100804 0000 sub_work
B 0004d8 R16 100804 0000 sub_work
B 0004d8 R16 100804 0000 sub_work
B 0004d8 R16 100804 0000 sub_work
B 0004d8 R16 100804 0000 sub_work
B 0004d8 R16 100804 0000 sub_work
B 0004d8 R16 100804 0000 sub_work
B 0004d8 R16 100804 0000 sub_work
B 0004d8 R16 100804 0000 sub_work
B 0004d8 R16 100804 0000 sub_work
B 0004d8 R16 100804 0000 sub_work
B 0004d8 R16 100804 0000 sub_work
B 0004d8 R16 100804 0000 sub_work
B 0004d8 R16 100804 0000 sub_work
B 0004d8 R16 100804 0000 sub_work
B 0004d8 R16 100804 0000 sub_work
B 0004d8 R16 100804 0000 sub_work
B 0004d8 R16 100804 0000 sub_work
B 0004d8 R16 100804 0000 sub_work
B 0004d8 R16 100804 0000 sub_work
B 0004d8 R16 100804 0000 sub_work
B 0004d8 R16 100804 0000 sub_work
B 0004d8 R16 100804 0000 sub_work
B 0004d8 R16 100804 0000 sub_work
B 0004d8 R16 100804 0000 sub_work
B 0004d8 R16 100804 0000 sub_work
B 0004d8 R16 100804 0000 sub_work
B 0004d8 R16 100804 0000 sub_work
B 0004d8 R16 100804 0000 sub_work
B 0004d8 R16 100804 0000 sub_work
B 0004d8 R16 100804 0000 sub_work
B 0004d8 R16 100804 0000 sub_work
B 0004d8 R16 100804 0000 sub_work
B 0004d8 R16 100804 0000 sub_work
B 0004d8 R16 100804 0000 sub_work
B 0004d8 R16 100804 0000 sub_work
B 0004d8 R16 100804 0000 sub_work
B 0004d8 R16 100804 0000 sub_work
B 0004d8 R16 100804 0000 sub_work
B 0004d8 R16 100804 0000 sub_work
B 0004d8 R16 100804 0000 sub_work
B 0004d8 R16 100804 0000 sub_work
B 0004d8 R16 100804 0000 sub_work
B 0004d8 R16 100804 0000 sub_work
B 0004d8 R16 100804 0000 sub_work
B 0004d8 R16 100804 0000 sub_work
B 0004d8 R16 100804 0000 sub_work
B 0004d8 R16 100804 0000 sub_work
B 0004d8 R16 100804 0000 sub_work
B 0004d8 R16 100804 0000 sub_work
B 0004d8 R16 100804 0000 sub_work
B 0004d8 R16 100804 0000 sub_work
B 0004d8 R16 100804 0000 sub_work
B 0004d8 R16 100804 0000 sub_work
B 0004d8 R16 100804 0000 sub_work
B 0004d8 R16 100804 0000 sub_work
B 0004d8 R16 100804 0000 sub_work
B 0004d8 R16 100804 0000 sub_work
B 0004d8 R16 100804 0000 sub_work
B 0004d8 R16 100804 0000 sub_work
B 0004d8 R16 100804 0000 sub_work
B 0004d8 R16 100804 0000 sub_work
B 0004d8 R16 100804 0000 sub_work
B 0004d8 R16 100804 0000 sub_work
B 0004d8 R16 100804 0000 sub_work
B 0004d8 R16 100804 0000 sub_work
B 0004d8 R16 100804 0000 sub_work
B 0004d8 R16 100804 0000 sub_work
B 0004d8 R16 100804 0000 sub_work
B 0004d8 R16 100804 0000 sub_work
B 0004d8 R16 100804 0000 sub_work
B 0004d8 R16 100804 0000 sub_work
B 0004d8 R16 100804 0000 sub_work
B 0004d8 R16 100804 0000 sub_work
B 0004d8 R16 100804 0000 sub_work
B 0004d8 R16 100804 0000 sub_work
B 0004d8 R16 100804 0000 sub_work
B 0004d8 R16 100804 0000 sub_work
B 0004d8 R16 100804 0000 sub_work
B 0004d8 R16 100804 0000 sub_work
B 0004d8 R16 100804 0000 sub_work
B 0004d8 R16 100804 0000 sub_work
B 0004d8 R16 100804 0000 sub_work
B 0004d8 R16 100804 0000 sub_work
B 0004d8 R16 100804 0000 sub_work
B 0004d8 R16 100804 0000 sub_work
B 0004d8 R16 100804 0000 sub_work
B 0004d8 R16 100804 0000 sub_work
B 0004d8 R16 100804 0000 sub_work
B 0004d8 R16 100804 0000 sub_work
B 0004d8 R16 100804 0000 sub_work
B 0004d8 R16 100804 0000 sub_work
B 0004d8 R16 100804 0000 sub_work
B 0004d8 R16 100804 0000 sub_work
B 0004d8 R16 100804 0000 sub_work
B 0004d8 R16 100804 0000 sub_work
B 0004d8 R16 100804 0000 sub_work
B 0004d8 R16 100804 0000 sub_work
B 0004d8 R16 100804 0000 sub_work
B 0004d8 R16 100804 0000 sub_work
B 0004d8 R16 100804 0000 sub_work
B 0004d8 R16 100804 0000 sub_work
B 0004d8 R16 100804 0000 sub_work
B 0004d8 R16 100804 0000 sub_work
B 0004d8 R16 100804 0000 sub_work
B 0004d8 R16 100804 0000 sub_work
B 0004d8 R16 100804 0000 sub_work
B 0004d8 R16 100804 0000 sub_work
B 0004d8 R16 100804 0000 sub_work
B 0004d8 R16 100804 0000 sub_work
B 0004d8 R16 100804 0000 sub_work
B 0004d8 R16 100804 0000 sub_work
B 0004d8 R16 100804 0000 sub_work
B 0004d8 R16 100804 0000 sub_work
B 0004d8 R16 100804 0000 sub_work
B 0004d8 R16 100804 0000 sub_work
B 0004d8 R16 100804 0000 sub_work
B 0004d8 R16 100804 0000 sub_work
B 0004d8 R16 100804 0000 sub_work
B 0004d8 R16 100804 0000 sub_work
B 0004d8 R16 100804 0000 sub_work
B 0004d8 R16 100804 0000 sub_work
B 0004d8 R16 100804 0000 sub_work
B 0004d8 R16 100804 0000 sub_work
B 0004d8 R16 100804 0000 sub_work
B 0004d8 R16 100804 0000 sub_work
B 0004d8 R16 100804 0000 sub_work
B 0004d8 R16 100804 0000 sub_work
B 0004d8 R16 100804 0000 sub_work
B 0004d8 R16 100804 0000 sub_work
B 0004d8 R16 100804 0000 sub_work
B 0004d8 R16 100804 0000 sub_work
B 0004d8 R16 100804 0000 sub_work
B 0004d8 R16 100804 0000 sub_work
B 0004d8 R16 100804 0000 sub_work
B 0004d8 R16 100804 0000 sub_work
B 0004d8 R16 100804 0000 sub_work
B 0004d8 R16 100804 0000 sub_work
B 0004d8 R16 100804 0000 sub_work
B 0004d8 R16 100804 0000 sub_work
B 0004d8 R16 100804 0000 sub_work
B 0004d8 R16 100804 0000 sub_work
B 0004d8 R16 100804 0000 sub_work
B 0004d8 R16 100804 0000 sub_work
B 0004d8 R16 100804 0000 sub_work
B 0004d8 R16 100804 0000 sub_work
B 0004d8 R16 100804 0000 sub_work
B 0004d8 R16 100804 0000 sub_work
B 0004d8 R16 100804 0000 sub_work
B 0004d8 R16 100804 0000 sub_work
B 0004d8 R16 100804 0000 sub_work
B 0004d8 R16 100804 0000 sub_work
B 0004d8 R16 100804 0000 sub_work
B 0004d8 R16 100804 0000 sub_work
B 0004d8 R16 100804 0000 sub_work
B 0004d8 R16 100804 0000 sub_work
B 0004d8 R16 100804 0000 sub_work
B 0004d8 R16 100804 0000 sub_work
B 0004d8 R16 100804 0000 sub_work
B 0004d8 R16 100804 0000 sub_work
B 0004d8 R16 100804 0000 sub_work
B 0004d8 R16 100804 0000 sub_work
B 0004d8 R16 100804 0000 sub_work
B 0004d8 R16 100804 0000 sub_work
B 0004d8 R16 100804 0000 sub_work
B 0004d8 R16 100804 0000 sub_work
B 0004d8 R16 100804 0000 sub_work
B 0004d8 R16 100804 0000 sub_work
B 0004d8 R16 100804 0000 sub_work
B 0004d8 R16 100804 0000 sub_work
B 0004d8 R16 100804 0000 sub_work
B 0004d8 R16 100804 0000 sub_work
B 0004d8 R16 100804 0000 sub_work
B 0004d8 R16 100804 0000 sub_work
B 0004d8 R16 100804 0000 sub_work
B 0004d8 R16 100804 0000 sub_work
B 0004d8 R16 100804 0000 sub_work
B 0004d8 R16 100804 0000 sub_work
B 0004d8 R16 100804 0000 sub_work
B 0004d8 R16 100804 0000 sub_work
B 0004d8 R16 100804 0000 sub_work
B 0004d8 R16 100804 0000 sub_work
B 0004d8 R16 100804 0000 sub_work
B 0004d8 R16 100804 0000 sub_work
B 0004d8 R16 100804 0000 sub_work
B 0004d8 R16 100804 0000 sub_work
B 0004d8 R16 100804 0000 sub_work
B 0004d8 R16 100804 0000 sub_work
B 0004d8 R16 100804 0000 sub_work
B 0004d8 R16 100804 0000 sub_work
B 0004d8 R16 100804 0000 sub_work
B 0004d8 R16 100804 0000 sub_work
B 0004d8 R16 100804 0000 sub_work
B 0004d8 R16 100804 0000 sub_work
B 0004d8 R16 100804 0000 sub_work
B 0004d8 R16 100804 0000 sub_work
B 0004d8 R16 100804 0000 sub_work
B 0004d8 R16 100804 0000 sub_work
B 0004d8 R16 100804 0000 sub_work
B 0004d8 R16 100804 0000 sub_work
B 0004d8 R16 100804 0000 sub_work
B 0004d8 R16 100804 0000 sub_work
B 0004d8 R16 100804 0000 sub_work
B 0004d8 R16 100804 0000 sub_work
B 0004d8 R16 100804 0000 sub_work
B 0004d8 R16 100804 0000 sub_work
B 0004d8 R16 100804 0000 sub_work
B 0004d8 R16 100804 0000 sub_work
B 0004d8 R16 100804 0000 sub_work
B 0004d8 R16 100804 0000 sub_work
B 0004d8 R16 100804 0000 sub_work
B 0004d8 R16 100804 0000 sub_work
B 0004d8 R16 100804 0000 sub_work
B 0004d8 R16 100804 0000 sub_work
B 0004d8 R16 100804 0000 sub_work
B 0004d8 R16 100804 0000 sub_work
B 0004d8 R16 100804 0000 sub_work
B 0004d8 R16 100804 0000 sub_work
B 0004d8 R16 100804 0000 sub_work
B 0004d8 R16 100804 0000 sub_work
B 0004d8 R16 100804 0000 sub_work
B 0004d8 R16 100804 0000 sub_work
B 0004d8 R16 100804 0000 sub_work
B 0004d8 R16 100804 0000 sub_work
B 0004d8 R16 100804 0000 sub_work
B 0004d8 R16 100804 0000 sub_work
B 0004d8 R16 100804 0000 sub_work
B 0004d8 R16 100804 0000 sub_work
B 0004d8 R16 100804 0000 sub_work
B 0004d8 R16 100804 0000 sub_work
B 0004d8 R16 100804 0000 sub_work
B 0004d8 R16 100804 0000 sub_work
B 0004d8 R16 100804 0000 sub_work
B 0004d8 R16 100804 0000 sub_work
B 0004d8 R16 100804 0000 sub_work
B 0004d8 R16 100804 0000 sub_work
B 0004d8 R16 100804 0000 sub_work
B 0004d8 R16 100804 0000 sub_work
B 0004d8 R16 100804 0000 sub_work
B 0004d8 R16 100804 0000 sub_work
B 0004d8 R16 100804 0000 sub_work
B 0004d8 R16 100804 0000 sub_work
B 0004d8 R16 100804 0000 sub_work
B 0004d8 R16 100804 0000 sub_work
B 0004d8 R16 100804 0000 sub_work
B 0004d8 R16 100804 0000 sub_work
B 0004d8 R16 100804 0000 sub_work
B 0004d8 R16 100804 0000 sub_work
B 0004d8 R16 100804 0000 sub_work
B 0004d8 R16 100804 0000 sub_work
B 0004d8 R16 100804 0000 sub_work
B 0004d8 R16 100804 0000 sub_work
B 0004d8 R16 100804 0000 sub_work
B 0004d8 R16 100804 0000 sub_work
B 0004d8 R16 100804 0000 sub_work
B 0004d8 R16 100804 0000 sub_work
B 0004d8 R16 100804 0000 sub_work
B 0004d8 R16 100804 0000 sub_work
B 0004d8 R16 100804 0000 sub_work
B 0004d8 R16 100804 0000 sub_work
B 0004d8 R16 100804 0000 sub_work
B 0004d8 R16 100804 0000 sub_work
B 0004d8 R16 100804 0000 sub_work
B 0004d8 R16 100804 0000 sub_work
B 0004d8 R16 100804 0000 sub_work
B 0004d8 R16 100804 0000 sub_work
B 0004d8 R16 100804 0000 sub_work
B 0004d8 R16 100804 0000 sub_work
B 0004d8 R16 100804 0000 sub_work
B 0004d8 R16 100804 0000 sub_work
B 0004d8 R16 100804 0000 sub_work
B 0004d8 R16 100804 0000 sub_work
B 0004d8 R16 100804 0000 sub_work
B 0004d8 R16 100804 0000 sub_work
B 0004d8 R16 100804 0000 sub_work
B 0004d8 R16 100804 0000 sub_work
B 0004d8 R16 100804 0000 sub_work
B 0004d8 R16 100804 0000 sub_work
B 0004d8 R16 100804 0000 sub_work
B 0004d8 R16 100804 0000 sub_work
B 0004d8 R16 100804 0000 sub_work
B 0004d8 R16 100804 0000 sub_work
B 0004d8 R16 100804 0000 sub_work
B 0004d8 R16 100804 0000 sub_work
B 0004d8 R16 100804 0000 sub_work
B 0004d8 R16 100804 0000 sub_work
B 0004d8 R16 100804 0000 sub_work
B 0004d8 R16 100804 0000 sub_work
B 0004d8 R16 100804 0000 sub_work
B 0004d8 R16 100804 0000 sub_work
B 0004d8 R16 100804 0000 sub_work
B 0004d8 R16 100804 0000 sub_work
B 0004d8 R16 100804 0000 sub_work
B 0004d8 R16 100804 0000 sub_work
B 0004d8 R16 100804 0000 sub_work
B 0004d8 R16 100804 0000 sub_work
B 0004d8 R16 100804 0000 sub_work
B 0004d8 R16 100804 0000 sub_work
B 0004d8 R16 100804 0000 sub_work
B 0004d8 R16 100804 0000 sub_work
B 0004d8 R16 100804 0000 sub_work
B 0004d8 R16 100804 0000 sub_work
B 0004d8 R16 100804 0000 sub_work
B 0004d8 R16 100804 0000 sub_work
B 0004d8 R16 100804 0000 sub_work
B 0004d8 R16 100804 0000 sub_work
B 0004d8 R16 100804 0000 sub_work
B 0004d8 R16 100804 0000 sub_work
B 0004d8 R16 100804 0000 sub_work
B 0004d8 R16 100804 0000 sub_work
B 0004d8 R16 100804 0000 sub_work
B 0004d8 R16 100804 0000 sub_work
B 0004d8 R16 100804 0000 sub_work
B 0004d8 R16 100804 0000 sub_work
B 0004d8 R16 100804 0000 sub_work
B 0004d8 R16 100804 0000 sub_work
B 0004d8 R16 100804 0000 sub_work
B 0004d8 R16 100804 0000 sub_work
B 0004d8 R16 100804 0000 sub_work
B 0004d8 R16 100804 0000 sub_work
B 0004d8 R16 100804 0000 sub_work
B 0004d8 R16 100804 0000 sub_work
B 0004d8 R16 100804 0000 sub_work
B 0004d8 R16 100804 0000 sub_work
B 0004d8 R16 100804 0000 sub_work
B 0004d8 R16 100804 0000 sub_work
B 0004d8 R16 100804 0000 sub_work
B 0004d8 R16 100804 0000 sub_work
B 0004d8 R16 100804 0000 sub_work
B 0004d8 R16 100804 0000 sub_work
B 0004d8 R16 100804 0000 sub_work
B 0004d8 R16 100804 0000 sub_work
B 0004d8 R16 100804 0000 sub_work
B 0004d8 R16 100804 0000 sub_work
B 0004d8 R16 100804 0000 sub_work
B 0004d8 R16 100804 0000 sub_work
B 0004d8 R16 100804 0000 sub_work
B 0004d8 R16 100804 0000 sub_work
B 0004d8 R16 100804 0000 sub_work
B 0004d8 R16 100804 0000 sub_work
B 0004d8 R16 100804 0000 sub_work
B 0004d8 R16 100804 0000 sub_work
B 0004d8 R16 100804 0000 sub_work
B 0004d8 R16 100804 0000 sub_work
B 0004d8 R16 100804 0000 sub_work
B 0004d8 R16 100804 0000 sub_work
B 0004d8 R16 100804 0000 sub_work
B 0004d8 R16 100804 0000 sub_work
B 0004d8 R16 100804 0000 sub_work
B 0004d8 R16 100804 0000 sub_work
B 0004d8 R16 100804 0000 sub_work
B 0004d8 R16 100804 0000 sub_work
B 0004d8 R16 100804 0000 sub_work
B 0004d8 R16 100804 0000 sub_work
B 0004d8 R16 100804 0000 sub_work
B 0004d8 R16 100804 0000 sub_work
B 0004d8 R16 100804 0000 sub_work
B 0004d8 R16 100804 0000 sub_work
B 0004d8 R16 100804 0000 sub_work
B 0004d8 R16 100804 0000 sub_work
B 0004d8 R16 100804 0000 sub_work
B 0004d8 R16 100804 0000 sub_work
B 0004d8 R16 100804 0000 sub_work
B 0004d8 R16 100804 0000 sub_work
B 0004d8 R16 100804 0000 sub_work
B 0004d8 R16 100804 0000 sub_work
B 0004d8 R16 100804 0000 sub_work
B 0004d8 R16 100804 0000 sub_work
B 0004d8 R16 100804 0000 sub_work
B 0004d8 R16 100804 0000 sub_work
B 0004d8 R16 100804 0000 sub_work
B 0004d8 R16 100804 0000 sub_work
B 0004d8 R16 100804 0000 sub_work
B 0004d8 R16 100804 0000 sub_work
B 0004d8 R16 100804 0000 sub_work
B 0004d8 R16 100804 0000 sub_work
B 0004d8 R16 100804 0000 sub_work
B 0004d8 R16 100804 0000 sub_work
B 0004d8 R16 100804 0000 sub_work
B 0004d8 R16 100804 0000 sub_work
B 0004d8 R16 100804 0000 sub_work
B 0004d8 R16 100804 0000 sub_work
B 0004d8 R16 100804 0000 sub_work
B 0004d8 R16 100804 0000 sub_work
B 0004d8 R16 100804 0000 sub_work
B 0004d8 R16 100804 0000 sub_work
B 0004d8 R16 100804 0000 sub_work
B 0004d8 R16 100804 0000 sub_work
B 0004d8 R16 100804 0000 sub_work
B 0004d8 R16 100804 0000 sub_work
B 0004d8 R16 100804 0000 sub_work
B 0004d8 R16 100804 0000 sub_work
B 0004d8 R16 100804 0000 sub_work
B 0004d8 R16 100804 0000 sub_work
B 0004d8 R16 100804 0000 sub_work
B 0004d8 R16 100804 0000 sub_work
B 0004d8 R16 100804 0000 sub_work
B 0004d8 R16 100804 0000 sub_work
B 0004d8 R16 100804 0000 sub_work
B 0004d8 R16 100804 0000 sub_work
B 0004d8 R16 100804 0000 sub_work
B 0004d8 R16 100804 0000 sub_work
B 0004d8 R16 100804 0000 sub_work
B 0004d8 R16 100804 0000 sub_work
B 0004d8 R16 100804 0000 sub_work
B 0004d8 R16 100804 0000 sub_work
B 0004d8 R16 100804 0000 sub_work
B 0004d8 R16 100804 0000 sub_work
B 0004d8 R16 100804 0000 sub_work
B 0004d8 R16 100804 0000 sub_work
B 0004d8 R16 100804 0000 sub_work
B 0004d8 R16 100804 0000 sub_work
B 0004d8 R16 100804 0000 sub_work
B 0004d8 R16 100804 0000 sub_work
B 0004d8 R16 100804 0000 sub_work
B 0004d8 R16 100804 0000 sub_work
B 0004d8 R16 100804 0000 sub_work
B 0004d8 R16 100804 0000 sub_work
B 0004d8 R16 100804 0000 sub_work
B 0004d8 R16 100804 0000 sub_work
B 0004d8 R16 100804 0000 sub_work
B 0004d8 R16 100804 0000 sub_work
B 0004d8 R16 100804 0000 sub_work
B 0004d8 R16 100804 0000 sub_work
B 0004d8 R16 100804 0000 sub_work
B 0004d8 R16 100804 0000 sub_work
B 0004d8 R16 100804 0000 sub_work
B 0004d8 R16 100804 0000 sub_work
B 0004d8 R16 100804 0000 sub_work
B 0004d8 R16 100804 0000 sub_work
B 0004d8 R16 100804 0000 sub_work
B 0004d8 R16 100804 0000 sub_work
B 0004d8 R16 100804 0000 sub_work
B 0004d8 R16 100804 0000 sub_work
B 0004d8 R16 100804 0000 sub_work
B 0004d8 R16 100804 0000 sub_work
B 0004d8 R16 100804 0000 sub_work
B 0004d8 R16 100804 0000 sub_work
B 0004d8 R16 100804 0000 sub_work
B 0004d8 R16 100804 0000 sub_work
B 0004d8 R16 100804 0000 sub_work
B 0004d8 R16 100804 0000 sub_work
B 0004d8 R16 100804 0000 sub_work
B 0004d8 R16 100804 0000 sub_work
B 0004d8 R16 100804 0000 sub_work
B 0004d8 R16 100804 0000 sub_work
B 0004d8 R16 100804 0000 sub_work
B 0004d8 R16 100804 0000 sub_work
B 0004d8 R16 100804 0000 sub_work
B 0004d8 R16 100804 0000 sub_work
B 0004d8 R16 100804 0000 sub_work
B 0004d8 R16 100804 0000 sub_work
B 0004d8 R16 100804 0000 sub_work
B 0004d8 R16 100804 0000 sub_work
B 0004d8 R16 100804 0000 sub_work
B 0004d8 R16 100804 0000 sub_work
B 0004d8 R16 100804 0000 sub_work
B 0004d8 R16 100804 0000 sub_work
B 0004d8 R16 100804 0000 sub_work
B 0004d8 R16 100804 0000 sub_work
B 0004d8 R16 100804 0000 sub_work
B 0004d8 R16 100804 0000 sub_work
B 0004d8 R16 100804 0000 sub_work
B 0004d8 R16 100804 0000 sub_work
B 0004d8 R16 100804 0000 sub_work
B 0004d8 R16 100804 0000 sub_work
B 0004d8 R16 100804 0000 sub_work
B 0004d8 R16 100804 0000 sub_work
B 0004d8 R16 100804 0000 sub_work
B 0004d8 R16 100804 0000 sub_work
B 0004d8 R16 100804 0000 sub_work
B 0004d8 R16 100804 0000 sub_work
B 0004d8 R16 100804 0000 sub_work
B 0004d8 R16 100804 0000 sub_work
B 0004d8 R16 100804 0000 sub_work
B 0004d8 R16 100804 0000 sub_work
B 0004d8 R16 100804 0000 sub_work
B 0004d8 R16 100804 0000 sub_work
B 0004d8 R16 100804 0000 sub_work
B 0004d8 R16 100804 0000 sub_work
B 0004d8 R16 100804 0000 sub_work
B 0004d8 R16 100804 0000 sub_work
B 0004d8 R16 100804 0000 sub_work
B 0004d8 R16 100804 0000 sub_work
B 0004d8 R16 100804 0000 sub_work
B 0004d8 R16 100804 0000 sub_work
B 0004d8 R16 100804 0000 sub_work
B 0004d8 R16 100804 0000 sub_work
B 0004d8 R16 100804 0000 sub_work
B 0004d8 R16 100804 0000 sub_work
B 0004d8 R16 100804 0000 sub_work
B 0004d8 R16 100804 0000 sub_work
B 0004d8 R16 100804 0000 sub_work
B 0004d8 R16 100804 0000 sub_work
B 0004d8 R16 100804 0000 sub_work
B 0004d8 R16 100804 0000 sub_work
B 0004d8 R16 100804 0000 sub_work
B 0004d8 R16 100804 0000 sub_work
B 0004d8 R16 100804 0000 sub_work
B 0004d8 R16 100804 0000 sub_work
B 0004d8 R16 100804 0000 sub_work
B 0004d8 R16 100804 0000 sub_work
B 0004d8 R16 100804 0000 sub_work
B 0004d8 R16 100804 0000 sub_work
B 0004d8 R16 100804 0000 sub_work
B 0004d8 R16 100804 0000 sub_work
B 0004d8 R16 100804 0000 sub_work
B 0004d8 R16 100804 0000 sub_work
B 0004d8 R16 100804 0000 sub_work
B 0004d8 R16 100804 0000 sub_work
B 0004d8 R16 100804 0000 sub_work
B 0004d8 R16 100804 0000 sub_work
B 0004d8 R16 100804 0000 sub_work
B 0004d8 R16 100804 0000 sub_work
B 0004d8 R16 100804 0000 sub_work
B 0004d8 R16 100804 0000 sub_work
B 0004d8 R16 100804 0000 sub_work
B 0004d8 R16 100804 0000 sub_work
B 0004d8 R16 100804 0000 sub_work
B 0004d8 R16 100804 0000 sub_work
B 0004d8 R16 100804 0000 sub_work
B 0004d8 R16 100804 0000 sub_work
B 0004d8 R16 100804 0000 sub_work
B 0004d8 R16 100804 0000 sub_work
B 0004d8 R16 100804 0000 sub_work
B 0004d8 R16 100804 0000 sub_work
B 0004d8 R16 100804 0000 sub_work
B 0004d8 R16 100804 0000 sub_work
B 0004d8 R16 100804 0000 sub_work
B 0004d8 R16 100804 0000 sub_work
B 0004d8 R16 100804 0000 sub_work
B 0004d8 R16 100804 0000 sub_work
B 0004d8 R16 100804 0000 sub_work
B 0004d8 R16 100804 0000 sub_work
B 0004d8 R16 100804 0000 sub_work
B 0004d8 R16 100804 0000 sub_work
B 0004d8 R16 100804 0000 sub_work
B 0004d8 R16 100804 0000 sub_work
B 0004d8 R16 100804 0000 sub_work
B 0004d8 R16 100804 0000 sub_work
B 0004d8 R16 100804 0000 sub_work
B 0004d8 R16 100804 0000 sub_work
B 0004d8 R16 100804 0000 sub_work
B 0004d8 R16 100804 0000 sub_work
B 0004d8 R16 100804 0000 sub_work
B 0004d8 R16 100804 0000 sub_work
B 0004d8 R16 100804 0000 sub_work
B 0004d8 R16 100804 0000 sub_work
B 0004d8 R16 100804 0000 sub_work
B 0004d8 R16 100804 0000 sub_work
B 0004d8 R16 100804 0000 sub_work
B 0004d8 R16 100804 0000 sub_work
B 0004d8 R16 100804 0000 sub_work
B 0004d8 R16 100804 0000 sub_work
B 0004d8 R16 100804 0000 sub_work
B 0004d8 R16 100804 0000 sub_work
B 0004d8 R16 100804 0000 sub_work
B 0004d8 R16 100804 0000 sub_work
B 0004d8 R16 100804 0000 sub_work
B 0004d8 R16 100804 0000 sub_work
B 0004d8 R16 100804 0000 sub_work
B 0004d8 R16 100804 0000 sub_work
B 0004d8 R16 100804 0000 sub_work
B 0004d8 R16 100804 0000 sub_work
B 0004d8 R16 100804 0000 sub_work
B 0004d8 R16 100804 0000 sub_work
B 0004d8 R16 100804 0000 sub_work
B 0004d8 R16 100804 0000 sub_work
B 0004d8 R16 100804 0000 sub_work
B 0004d8 R16 100804 0000 sub_work
B 0004d8 R16 100804 0000 sub_work
B 0004d8 R16 100804 0000 sub_work
B 0004d8 R16 100804 0000 sub_work
B 0004d8 R16 100804 0000 sub_work
B 0004d8 R16 100804 0000 sub_work
B 0004d8 R16 100804 0000 sub_work
B 0004d8 R16 100804 0000 sub_work
B 0004d8 R16 100804 0000 sub_work
B 0004d8 R16 100804 0000 sub_work
B 0004d8 R16 100804 0000 sub_work
B 0004d8 R16 100804 0000 sub_work
B 0004d8 R16 100804 0000 sub_work
B 0004d8 R16 100804 0000 sub_work
B 0004d8 R16 100804 0000 sub_work
B 0004d8 R16 100804 0000 sub_work
B 0004d8 R16 100804 0000 sub_work
B 0004d8 R16 100804 0000 sub_work
B 0004d8 R16 100804 0000 sub_work
B 0004d8 R16 100804 0000 sub_work
B 0004d8 R16 100804 0000 sub_work
B 0004d8 R16 100804 0000 sub_work
B 0004d8 R16 100804 0000 sub_work
B 0004d8 R16 100804 0000 sub_work
B 0004d8 R16 100804 0000 sub_work
B 0004d8 R16 100804 0000 sub_work
B 0004d8 R16 100804 0000 sub_work
B 0004d8 R16 100804 0000 sub_work
B 0004d8 R16 100804 0000 sub_work
B 0004d8 R16 100804 0000 sub_work
B 0004d8 R16 100804 0000 sub_work
B 0004d8 R16 100804 0000 sub_work
B 0004d8 R16 100804 0000 sub_work
B 0004d8 R16 100804 0000 sub_work
B 0004d8 R16 100804 0000 sub_work
B 0004d8 R16 100804 0000 sub_work
B 0004d8 R16 100804 0000 sub_work
B 0004d8 R16 100804 0000 sub_work
B 0004d8 R16 100804 0000 sub_work
B 0004d8 R16 100804 0000 sub_work
B 0004d8 R16 100804 0000 sub_work
B 0004d8 R16 100804 0000 sub_work
B 0004d8 R16 100804 0000 sub_work
B 0004d8 R16 100804 0000 sub_work
B 0004d8 R16 100804 0000 sub_work
B 0004d8 R16 100804 0000 sub_work
B 0004d8 R16 100804 0000 sub_work
B 0004d8 R16 100804 0000 sub_work
B 0004d8 R16 100804 0000 sub_work
B 0004d8 R16 100804 0000 sub_work
B 0004d8 R16 100804 0000 sub_work
B 0004d8 R16 100804 0000 sub_work
B 0004d8 R16 100804 0000 sub_work
B 0004d8 R16 100804 0000 sub_work
B 0004d8 R16 100804 0000 sub_work
B 0004d8 R16 100804 0000 sub_work
B 0004d8 R16 100804 0000 sub_work
B 0004d8 R16 100804 0000 sub_work
B 0004d8 R16 100804 0000 sub_work
B 0004d8 R16 100804 0000 sub_work
B 0004d8 R16 100804 0000 sub_work
B 0004d8 R16 100804 0000 sub_work
B 0004d8 R16 100804 0000 sub_work
B 0004d8 R16 100804 0000 sub_work
B 0004d8 R16 100804 0000 sub_work
B 0004d8 R16 100804 0000 sub_work
B 0004d8 R16 100804 0000 sub_work
B 0004d8 R16 100804 0000 sub_work
B 0004d8 R16 100804 0000 sub_work
B 0004d8 R16 100804 0000 sub_work
B 0004d8 R16 100804 0000 sub_work
B 0004d8 R16 100804 0000 sub_work
B 0004d8 R16 100804 0000 sub_work
B 0004d8 R16 100804 0000 sub_work
B 0004d8 R16 100804 0000 sub_work
B 0004d8 R16 100804 0000 sub_work
B 0004d8 R16 100804 0000 sub_work
B 0004d8 R16 100804 0000 sub_work
B 0004d8 R16 100804 0000 sub_work
B 0004d8 R16 100804 0000 sub_work
B 0004d8 R16 100804 0000 sub_work
B 0004d8 R16 100804 0000 sub_work
B 0004d8 R16 100804 0000 sub_work
B 0004d8 R16 100804 0000 sub_work
B 0004d8 R16 100804 0000 sub_work
B 0004d8 R16 100804 0000 sub_work
B 0004d8 R16 100804 0000 sub_work
B 0004d8 R16 100804 0000 sub_work
B 0004d8 R16 100804 0000 sub_work
B 0004d8 R16 100804 0000 sub_work
B 0004d8 R16 100804 0000 sub_work
B 0004d8 R16 100804 0000 sub_work
B 0004d8 R16 100804 0000 sub_work
B 0004d8 R16 100804 0000 sub_work
B 0004d8 R16 100804 0000 sub_work
B 0004d8 R16 100804 0000 sub_work
B 0004d8 R16 100804 0000 sub_work
B 0004d8 R16 100804 0000 sub_work
B 0004d8 R16 100804 0000 sub_work
B 0004d8 R16 100804 0000 sub_work
B 0004d8 R16 100804 0000 sub_work
B 0004d8 R16 100804 0000 sub_work
B 0004d8 R16 100804 0000 sub_work
B 0004d8 R16 100804 0000 sub_work
B 0004d8 R16 100804 0000 sub_work
B 0004d8 R16 100804 0000 sub_work
B 0004d8 R16 100804 0000 sub_work
B 0004d8 R16 100804 0000 sub_work
B 0004d8 R16 100804 0000 sub_work
B 0004d8 R16 100804 0000 sub_work
B 0004d8 R16 100804 0000 sub_work
B 0004d8 R16 100804 0000 sub_work
B 0004d8 R16 100804 0000 sub_work
B 0004d8 R16 100804 0000 sub_work
B 0004d8 R16 100804 0000 sub_work
B 0004d8 R16 100804 0000 sub_work
B 0004d8 R16 100804 0000 sub_work
B 0004d8 R16 100804 0000 sub_work
B 0004d8 R16 100804 0000 sub_work
B 0004d8 R16 100804 0000 sub_work
B 0004d8 R16 100804 0000 sub_work
B 0004d8 R16 100804 0000 sub_work
B 0004d8 R16 100804 0000 sub_work
B 0004d8 R16 100804 0000 sub_work
B 0004d8 R16 100804 0000 sub_work
B 0004d8 R16 100804 0000 sub_work
B 0004d8 R16 100804 0000 sub_work
B 0004d8 R16 100804 0000 sub_work
B 0004d8 R16 100804 0000 sub_work
B 0004d8 R16 100804 0000 sub_work
B 0004d8 R16 100804 0000 sub_work
B 0004d8 R16 100804 0000 sub_work
B 0004d8 R16 100804 0000 sub_work
B 0004d8 R16 100804 0000 sub_work
B 0004d8 R16 100804 0000 sub_work
B 0004d8 R16 100804 0000 sub_work
B 0004d8 R16 100804 0000 sub_work
B 0004d8 R16 100804 0000 sub_work
B 0004d8 R16 100804 0000 sub_work
B 0004d8 R16 100804 0000 sub_work
B 0004d8 R16 100804 0000 sub_work
B 0004d8 R16 100804 0000 sub_work
B 0004d8 R16 100804 0000 sub_work
B 0004d8 R16 100804 0000 sub_work
B 0004d8 R16 100804 0000 sub_work
B 0004d8 R16 100804 0000 sub_work
B 0004d8 R16 100804 0000 sub_work
B 0004d8 R16 100804 0000 sub_work
B 0004d8 R16 100804 0000 sub_work
B 0004d8 R16 100804 0000 sub_work
B 0004d8 R16 100804 0000 sub_work
B 0004d8 R16 100804 0000 sub_work
B 0004d8 R16 100804 0000 sub_work
B 0004d8 R16 100804 0000 sub_work
B 0004d8 R16 100804 0000 sub_work
B 0004d8 R16 100804 0000 sub_work
B 0004d8 R16 100804 0000 sub_work
B 0004d8 R16 100804 0000 sub_work
B 0004d8 R16 100804 0000 sub_work
B 0004d8 R16 100804 0000 sub_work
B 0004d8 R16 100804 0000 sub_work
B 0004d8 R16 100804 0000 sub_work
B 0004d8 R16 100804 0000 sub_work
B 0004d8 R16 100804 0000 sub_work
B 0004d8 R16 100804 0000 sub_work
B 0004d8 R16 100804 0000 sub_work
B 0004d8 R16 100804 0000 sub_work
B 0004d8 R16 100804 0000 sub_work
B 0004d8 R16 100804 0000 sub_work
B 0004d8 R16 100804 0000 sub_work
B 0004d8 R16 100804 0000 sub_work
B 0004d8 R16 100804 0000 sub_work
B 0004d8 R16 100804 0000 sub_work
B 0004d8 R16 100804 0000 sub_work
B 0004d8 R16 100804 0000 sub_work
B 0004d8 R16 100804 0000 sub_work
B 0004d8 R16 100804 0000 sub_work
B 0004d8 R16 100804 0000 sub_work
B 0004d8 R16 100804 0000 sub_work
B 0004d8 R16 100804 0000 sub_work
B 0004d8 R16 100804 0000 sub_work
B 0004d8 R16 100804 0000 sub_work
B 0004d8 R16 100804 0000 sub_work
B 0004d8 R16 100804 0000 sub_work
B 0004d8 R16 100804 0000 sub_work
B 0004d8 R16 100804 0000 sub_work
B 0004d8 R16 100804 0000 sub_work
B 0004d8 R16 100804 0000 sub_work
B 0004d8 R16 100804 0000 sub_work
B 0004d8 R16 100804 0000 sub_work
B 0004d8 R16 100804 0000 sub_work
B 0004d8 R16 100804 0000 sub_work
B 0004d8 R16 100804 0000 sub_work
B 0004d8 R16 100804 0000 sub_work
B 0004d8 R16 100804 0000 sub_work
B 0004d8 R16 100804 0000 sub_work
B 0004d8 R16 100804 0000 sub_work
B 0004d8 R16 100804 0000 sub_work
B 0004d8 R16 100804 0000 sub_work
B 0004d8 R16 100804 0000 sub_work
B 0004d8 R16 100804 0000 sub_work
B 0004d8 R16 100804 0000 sub_work
B 0004d8 R16 100804 0000 sub_work
B 0004d8 R16 100804 0000 sub_work
B 0004d8 R16 100804 0000 sub_work
B 0004d8 R16 100804 0000 sub_work
B 0004d8 R16 100804 0000 sub_work
B 0004d8 R16 100804 0000 sub_work
B 0004d8 R16 100804 0000 sub_work
B 0004d8 R16 100804 0000 sub_work
B 0004d8 R16 100804 0000 sub_work
B 0004d8 R16 100804 0000 sub_work
B 0004d8 R16 100804 0000 sub_work
B 0004d8 R16 100804 0000 sub_work
B 0004d8 R16 100804 0000 sub_work
B 0004d8 R16 100804 0000 sub_work
B 0004d8 R16 100804 0000 sub_work
B 0004d8 R16 100804 0000 sub_work
B 0004d8 R16 100804 0000 sub_work
B 0004d8 R16 100804 0000 sub_work
B 0004d8 R16 100804 0000 sub_work
B 0004d8 R16 100804 0000 sub_work
B 0004d8 R16 100804 0000 sub_work
B 0004d8 R16 100804 0000 sub_work
B 0004d8 R16 100804 0000 sub_work
B 0004d8 R16 100804 0000 sub_work
B 0004d8 R16 100804 0000 sub_work
B 0004d8 R16 100804 0000 sub_work
B 0004d8 R16 100804 0000 sub_work
B 0004d8 R16 100804 0000 sub_work
B 0004d8 R16 100804 0000 sub_work
B 0004d8 R16 100804 0000 sub_work
B 0004d8 R16 100804 0000 sub_work
B 0004d8 R16 100804 0000 sub_work
B 0004d8 R16 100804 0000 sub_work
B 0004d8 R16 100804 0000 sub_work
B 0004d8 R16 100804 0000 sub_work
B 0004d8 R16 100804 0000 sub_work
B 0004d8 R16 100804 0000 sub_work
B 0004d8 R16 100804 0000 sub_work
B 0004d8 R16 100804 0000 sub_work
B 0004d8 R16 100804 0000 sub_work
B 0004d8 R16 100804 0000 sub_work
B 0004d8 R16 100804 0000 sub_work
B 0004d8 R16 100804 0000 sub_work
B 0004d8 R16 100804 0000 sub_work
B 0004d8 R16 100804 0000 sub_work
B 0004d8 R16 100804 0000 sub_work
B 0004d8 R16 100804 0000 sub_work
B 0004d8 R16 100804 0000 sub_work
B 0004d8 R16 100804 0000 sub_work
B 0004d8 R16 100804 0000 sub_work
B 0004d8 R16 100804 0000 sub_work
B 0004d8 R16 100804 0000 sub_work
B 0004d8 R16 100804 0000 sub_work
B 0004d8 R16 100804 0000 sub_work
B 0004d8 R16 100804 0000 sub_work
B 0004d8 R16 100804 0000 sub_work
B 0004d8 R16 100804 0000 sub_work
B 0004d8 R16 100804 0000 sub_work
B 0004d8 R16 100804 0000 sub_work
B 0004d8 R16 100804 0000 sub_work
B 0004d8 R16 100804 0000 sub_work
B 0004d8 R16 100804 0000 sub_work
B 0004d8 R16 100804 0000 sub_work
B 0004d8 R16 100804 0000 sub_work
B 0004d8 R16 100804 0000 sub_work
B 0004d8 R16 100804 0000 sub_work
B 0004d8 R16 100804 0000 sub_work
B 0004d8 R16 100804 0000 sub_work
B 0004d8 R16 100804 0000 sub_work
B 0004d8 R16 100804 0000 sub_work
B 0004d8 R16 100804 0000 sub_work
B 0004d8 R16 100804 0000 sub_work
B 0004d8 R16 100804 0000 sub_work
B 0004d8 R16 100804 0000 sub_work
B 0004d8 R16 100804 0000 sub_work
B 0004d8 R16 100804 0000 sub_work
B 0004d8 R16 100804 0000 sub_work
B 0004d8 R16 100804 0000 sub_work
B 0004d8 R16 100804 0000 sub_work
B 0004d8 R16 100804 0000 sub_work
B 0004d8 R16 100804 0000 sub_work
B 0004d8 R16 100804 0000 sub_work
B 0004d8 R16 100804 0000 sub_work
B 0004d8 R16 100804 0000 sub_work
B 0004d8 R16 100804 0000 sub_work
B 0004d8 R16 100804 0000 sub_work
B 0004d8 R16 100804 0000 sub_work
B 0004d8 R16 100804 0000 sub_work
B 0004d8 R16 100804 0000 sub_work
B 0004d8 R16 100804 0000 sub_work
B 0004d8 R16 100804 0000 sub_work
B 0004d8 R16 100804 0000 sub_work
B 0004d8 R16 100804 0000 sub_work
B 0004d8 R16 100804 0000 sub_work
B 0004d8 R16 100804 0000 sub_work
B 0004d8 R16 100804 0000 sub_work
B 0004d8 R16 100804 0000 sub_work
B 0004d8 R16 100804 0000 sub_work
B 0004d8 R16 100804 0000 sub_work
B 0004d8 R16 100804 0000 sub_work
B 0004d8 R16 100804 0000 sub_work
B 0004d8 R16 100804 0000 sub_work
B 0004d8 R16 100804 0000 sub_work
B 0004d8 R16 100804 0000 sub_work
B 0004d8 R16 100804 0000 sub_work
B 0004d8 R16 100804 0000 sub_work
B 0004d8 R16 100804 0000 sub_work
B 0004d8 R16 100804 0000 sub_work
B 0004d8 R16 100804 0000 sub_work
B 0004d8 R16 100804 0000 sub_work
B 0004d8 R16 100804 0000 sub_work
B 0004d8 R16 100804 0000 sub_work
B 0004d8 R16 100804 0000 sub_work
B 0004d8 R16 100804 0000 sub_work
B 0004d8 R16 100804 0000 sub_work
B 0004d8 R16 100804 0000 sub_work
B 0004d8 R16 100804 0000 sub_work
B 0004d8 R16 100804 0000 sub_work
B 0004d8 R16 100804 0000 sub_work
B 0004d8 R16 100804 0000 sub_work
B 0004d8 R16 100804 0000 sub_work
B 0004d8 R16 100804 0000 sub_work
B 0004d8 R16 100804 0000 sub_work
B 0004d8 R16 100804 0000 sub_work
B 0004d8 R16 100804 0000 sub_work
B 0004d8 R16 100804 0000 sub_work
B 0004d8 R16 100804 0000 sub_work
B 0004d8 R16 100804 0000 sub_work
B 0004d8 R16 100804 0000 sub_work
B 0004d8 R16 100804 0000 sub_work
B 0004d8 R16 100804 0000 sub_work
B 0004d8 R16 100804 0000 sub_work
B 0004d8 R16 100804 0000 sub_work
B 0004d8 R16 100804 0000 sub_work
B 0004d8 R16 100804 0000 sub_work
B 0004d8 R16 100804 0000 sub_work
B 0004d8 R16 100804 0000 sub_work
B 0004d8 R16 100804 0000 sub_work
B 0004d8 R16 100804 0000 sub_work
B 0004d8 R16 100804 0000 sub_work
B 0004d8 R16 100804 0000 sub_work
B 0004d8 R16 100804 0000 sub_work
B 0004d8 R16 100804 0000 sub_work
B 0004d8 R16 100804 0000 sub_work
B 0004d8 R16 100804 0000 sub_work
B 0004d8 R16 100804 0000 sub_work
B 0004d8 R16 100804 0000 sub_work
B 0004d8 R16 100804 0000 sub_work
B 0004d8 R16 100804 0000 sub_work
B 0004d8 R16 100804 0000 sub_work
B 0004d8 R16 100804 0000 sub_work
B 0004d8 R16 100804 0000 sub_work
B 0004d8 R16 100804 0000 sub_work
B 0004d8 R16 100804 0000 sub_work
B 0004d8 R16 100804 0000 sub_work
B 0004d8 R16 100804 0000 sub_work
B 0004d8 R16 100804 0000 sub_work
B 0004d8 R16 100804 0000 sub_work
B 0004d8 R16 100804 0000 sub_work
B 0004d8 R16 100804 0000 sub_work
B 0004d8 R16 100804 0000 sub_work
B 0004d8 R16 100804 0000 sub_work
B 0004d8 R16 100804 0000 sub_work
B 0004d8 R16 100804 0000 sub_work
B 0004d8 R16 100804 0000 sub_work
B 0004d8 R16 100804 0000 sub_work
B 0004d8 R16 100804 0000 sub_work
B 0004d8 R16 100804 0000 sub_work
B 0004d8 R16 100804 0000 sub_work
B 0004d8 R16 100804 0000 sub_work
B 0004d8 R16 100804 0000 sub_work
B 0004d8 R16 100804 0000 sub_work
B 0004d8 R16 100804 0000 sub_work
B 0004d8 R16 100804 0000 sub_work
B 0004d8 R16 100804 0000 sub_work
B 0004d8 R16 100804 0000 sub_work
B 0004d8 R16 100804 0000 sub_work
B 0004d8 R16 100804 0000 sub_work
B 0004d8 R16 100804 0000 sub_work
B 0004d8 R16 100804 0000 sub_work
B 0004d8 R16 100804 0000 sub_work
B 0004d8 R16 100804 0000 sub_work
B 0004d8 R16 100804 0000 sub_work
B 0004d8 R16 100804 0000 sub_work
B 0004d8 R16 100804 0000 sub_work
B 0004d8 R16 100804 0000 sub_work
B 0004d8 R16 100804 0000 sub_work
B 0004d8 R16 100804 0000 sub_work
B 0004d8 R16 100804 0000 sub_work
B 0004d8 R16 100804 0000 sub_work
B 0004d8 R16 100804 0000 sub_work
B 0004d8 R16 100804 0000 sub_work
B 0004d8 R16 100804 0000 sub_work
B 0004d8 R16 100804 0000 sub_work
B 0004d8 R16 100804 0000 sub_work
B 0004d8 R16 100804 0000 sub_work
B 0004d8 R16 100804 0000 sub_work
B 0004d8 R16 100804 0000 sub_work
B 0004d8 R16 100804 0000 sub_work
B 0004d8 R16 100804 0000 sub_work
B 0004d8 R16 100804 0000 sub_work
B 0004d8 R16 100804 0000 sub_work
B 0004d8 R16 100804 0000 sub_work
B 0004d8 R16 100804 0000 sub_work
B 0004d8 R16 100804 0000 sub_work
B 0004d8 R16 100804 0000 sub_work
B 0004d8 R16 100804 0000 sub_work
B 0004d8 R16 100804 0000 sub_work
B 0004d8 R16 100804 0000 sub_work
B 0004d8 R16 100804 0000 sub_work
B 0004d8 R16 100804 0000 sub_work
B 0004d8 R16 100804 0000 sub_work
B 0004d8 R16 100804 0000 sub_work
B 0004d8 R16 100804 0000 sub_work
B 0004d8 R16 100804 0000 sub_work
B 0004d8 R16 100804 0000 sub_work
B 0004d8 R16 100804 0000 sub_work
B 0004d8 R16 100804 0000 sub_work
B 0004d8 R16 100804 0000 sub_work
B 0004d8 R16 100804 0000 sub_work
B 0004d8 R16 100804 0000 sub_work
B 0004d8 R16 100804 0000 sub_work
B 0004d8 R16 100804 0000 sub_work
B 0004d8 R16 100804 0000 sub_work
B 0004d8 R16 100804 0000 sub_work
B 0004d8 R16 100804 0000 sub_work
B 0004d8 R16 100804 0000 sub_work
B 0004d8 R16 100804 0000 sub_work
B 0004d8 R16 100804 0000 sub_work
B 0004d8 R16 100804 0000 sub_work
B 0004d8 R16 100804 0000 sub_work
B 0004d8 R16 100804 0000 sub_work
B 0004d8 R16 100804 0000 sub_work
B 0004d8 R16 100804 0000 sub_work
B 0004d8 R16 100804 0000 sub_work
B 0004d8 R16 100804 0000 sub_work
B 0004d8 R16 100804 0000 sub_work
B 0004d8 R16 100804 0000 sub_work
B 0004d8 R16 100804 0000 sub_work
B 0004d8 R16 100804 0000 sub_work
B 0004d8 R16 100804 0000 sub_work
B 0004d8 R16 100804 0000 sub_work
B 0004d8 R16 100804 0000 sub_work
B 0004d8 R16 100804 0000 sub_work
B 0004d8 R16 100804 0000 sub_work
B 0004d8 R16 100804 0000 sub_work
B 0004d8 R16 100804 0000 sub_work
B 0004d8 R16 100804 0000 sub_work
B 0004d8 R16 100804 0000 sub_work
B 0004d8 R16 100804 0000 sub_work
B 0004d8 R16 100804 0000 sub_work
B 0004d8 R16 100804 0000 sub_work
B 0004d8 R16 100804 0000 sub_work
B 0004d8 R16 100804 0000 sub_work
B 0004d8 R16 100804 0000 sub_work
B 0004d8 R16 100804 0000 sub_work
B 0004d8 R16 100804 0000 sub_work
B 0004d8 R16 100804 0000 sub_work
B 0004d8 R16 100804 0000 sub_work
B 0004d8 R16 100804 0000 sub_work
B 0004d8 R16 100804 0000 sub_work
B 0004d8 R16 100804 0000 sub_work
B 0004d8 R16 100804 0000 sub_work
B 0004d8 R16 100804 0000 sub_work
B 0004d8 R16 100804 0000 sub_work
B 0004d8 R16 100804 0000 sub_work
B 0004d8 R16 100804 0000 sub_work
B 0004d8 R16 100804 0000 sub_work
B 0004d8 R16 100804 0000 sub_work
B 0004d8 R16 100804 0000 sub_work
B 0004d8 R16 100804 0000 sub_work
B 0004d8 R16 100804 0000 sub_work
B 0004d8 R16 100804 0000 sub_work
B 0004d8 R16 100804 0000 sub_work
B 0004d8 R16 100804 0000 sub_work
B 0004d8 R16 100804 0000 sub_work
B 0004d8 R16 100804 0000 sub_work
B 0004d8 R16 100804 0000 sub_work
B 0004d8 R16 100804 0000 sub_work
B 0004d8 R16 100804 0000 sub_work
B 0004d8 R16 100804 0000 sub_work
B 0004d8 R16 100804 0000 sub_work
B 0004d8 R16 100804 0000 sub_work
B 0004d8 R16 100804 0000 sub_work
B 0004d8 R16 100804 0000 sub_work
B 0004d8 R16 100804 0000 sub_work
B 0004d8 R16 100804 0000 sub_work
B 0004d8 R16 100804 0000 sub_work
B 0004d8 R16 100804 0000 sub_work
B 0004d8 R16 100804 0000 sub_work
B 0004d8 R16 100804 0000 sub_work
B 0004d8 R16 100804 0000 sub_work
B 0004d8 R16 100804 0000 sub_work
B 0004d8 R16 100804 0000 sub_work
B 0004d8 R16 100804 0000 sub_work
B 0004d8 R16 100804 0000 sub_work
B 0004d8 R16 100804 0000 sub_work
B 0004d8 R16 100804 0000 sub_work
B 0004d8 R16 100804 0000 sub_work
B 0004d8 R16 100804 0000 sub_work
B 0004d8 R16 100804 0000 sub_work
B 0004d8 R16 100804 0000 sub_work
B 0004d8 R16 100804 0000 sub_work
B 0004d8 R16 100804 0000 sub_work
B 0004d8 R16 100804 0000 sub_work
B 0004d8 R16 100804 0000 sub_work
B 0004d8 R16 100804 0000 sub_work
B 0004d8 R16 100804 0000 sub_work
B 0004d8 R16 100804 0000 sub_work
B 0004d8 R16 100804 0000 sub_work
B 0004d8 R16 100804 0000 sub_work
B 0004d8 R16 100804 0000 sub_work
B 0004d8 R16 100804 0000 sub_work
B 0004d8 R16 100804 0000 sub_work
B 0004d8 R16 100804 0000 sub_work
B 0004d8 R16 100804 0000 sub_work
B 0004d8 R16 100804 0000 sub_work
B 0004d8 R16 100804 0000 sub_work
B 0004d8 R16 100804 0000 sub_work
B 0004d8 R16 100804 0000 sub_work
B 0004d8 R16 100804 0000 sub_work
B 0004d8 R16 100804 0000 sub_work
B 0004d8 R16 100804 0000 sub_work
B 0004d8 R16 100804 0000 sub_work
B 0004d8 R16 100804 0000 sub_work
B 0004d8 R16 100804 0000 sub_work
B 0004d8 R16 100804 0000 sub_work
B 0004d8 R16 100804 0000 sub_work
B 0004d8 R16 100804 0000 sub_work
B 0004d8 R16 100804 0000 sub_work
B 0004d8 R16 100804 0000 sub_work
B 0004d8 R16 100804 0000 sub_work
B 0004d8 R16 100804 0000 sub_work
B 0004d8 R16 100804 0000 sub_work
B 0004d8 R16 100804 0000 sub_work
B 0004d8 R16 100804 0000 sub_work
B 0004d8 R16 100804 0000 sub_work
B 0004d8 R16 100804 0000 sub_work
B 0004d8 R16 100804 0000 sub_work
B 0004d8 R16 100804 0000 sub_work
B 0004d8 R16 100804 0000 sub_work
B 0004d8 R16 100804 0000 sub_work
B 0004d8 R16 100804 0000 sub_work
B 0004d8 R16 100804 0000 sub_work
B 0004d8 R16 100804 0000 sub_work
B 0004d8 R16 100804 0000 sub_work
B 0004d8 R16 100804 0000 sub_work
B 0004d8 R16 100804 0000 sub_work
B 0004d8 R16 100804 0000 sub_work
B 0004d8 R16 100804 0000 sub_work
B 0004d8 R16 100804 0000 sub_work
B 0004d8 R16 100804 0000 sub_work
B 0004d8 R16 100804 0000 sub_work
B 0004d8 R16 100804 0000 sub_work
B 0004d8 R16 100804 0000 sub_work
B 0004d8 R16 100804 0000 sub_work
B 0004d8 R16 100804 0000 sub_work
B 0004d8 R16 100804 0000 sub_work
B 0004d8 R16 100804 0000 sub_work
B 0004d8 R16 100804 0000 sub_work
B 0004d8 R16 100804 0000 sub_work
B 0004d8 R16 100804 0000 sub_work
B 0004d8 R16 100804 0000 sub_work
B 0004d8 R16 100804 0000 sub_work
B 0004d8 R16 100804 0000 sub_work
B 0004d8 R16 100804 0000 sub_work
B 0004d8 R16 100804 0000 sub_work
B 0004d8 R16 100804 0000 sub_work
B 0004d8 R16 100804 0000 sub_work
B 0004d8 R16 100804 0000 sub_work
B 0004d8 R16 100804 0000 sub_work
B 0004d8 R16 100804 0000 sub_work
B 0004d8 R16 100804 0000 sub_work
B 0004d8 R16 100804 0000 sub_work
B 0004d8 R16 100804 0000 sub_work
B 0004d8 R16 100804 0000 sub_work
B 0004d8 R16 100804 0000 sub_work
B 0004d8 R16 100804 0000 sub_work
B 0004d8 R16 100804 0000 sub_work
B 0004d8 R16 100804 0000 sub_work
B 0004d8 R16 100804 0000 sub_work
B 0004d8 R16 100804 0000 sub_work
B 0004d8 R16 100804 0000 sub_work
B 0004d8 R16 100804 0000 sub_work
B 0004d8 R16 100804 0000 sub_work
B 0004d8 R16 100804 0000 sub_work
B 0004d8 R16 100804 0000 sub_work
B 0004d8 R16 100804 0000 sub_work
B 0004d8 R16 100804 0000 sub_work
B 0004d8 R16 100804 0000 sub_work
B 0004d8 R16 100804 0000 sub_work
B 0004d8 R16 100804 0000 sub_work
B 0004d8 R16 100804 0000 sub_work
B 0004d8 R16 100804 0000 sub_work
B 0004d8 R16 100804 0000 sub_work
B 0004d8 R16 100804 0000 sub_work
B 0004d8 R16 100804 0000 sub_work
B 0004d8 R16 100804 0000 sub_work
B 0004d8 R16 100804 0000 sub_work
B 0004d8 R16 100804 0000 sub_work
B 0004d8 R16 100804 0000 sub_work
B 0004d8 R16 100804 0000 sub_work
B 0004d8 R16 100804 0000 sub_work
B 0004d8 R16 100804 0000 sub_work
B 0004d8 R16 100804 0000 sub_work
B 0004d8 R16 100804 0000 sub_work
B 0004d8 R16 100804 0000 sub_work
B 0004d8 R16 100804 0000 sub_work
B 0004d8 R16 100804 0000 sub_work
B 0004d8 R16 100804 0000 sub_work
B 0004d8 R16 100804 0000 sub_work
B 0004d8 R16 100804 0000 sub_work
B 0004d8 R16 100804 0000 sub_work
B 0004d8 R16 100804 0000 sub_work
B 0004d8 R16 100804 0000 sub_work
B 0004d8 R16 100804 0000 sub_work
B 0004d8 R16 100804 0000 sub_work
B 0004d8 R16 100804 0000 sub_work
B 0004d8 R16 100804 0000 sub_work
B 0004d8 R16 100804 0000 sub_work
B 0004d8 R16 100804 0000 sub_work
B 0004d8 R16 100804 0000 sub_work
B 0004d8 R16 100804 0000 sub_work
B 0004d8 R16 100804 0000 sub_work
B 0004d8 R16 100804 0000 sub_work
B 0004d8 R16 100804 0000 sub_work
B 0004d8 R16 100804 0000 sub_work
B 0004d8 R16 100804 0000 sub_work
B 0004d8 R16 100804 0000 sub_work
B 0004d8 R16 100804 0000 sub_work
B 0004d8 R16 100804 0000 sub_work
B 0004d8 R16 100804 0000 sub_work
B 0004d8 R16 100804 0000 sub_work
B 0004d8 R16 100804 0000 sub_work
B 0004d8 R16 100804 0000 sub_work
B 0004d8 R16 100804 0000 sub_work
B 0004d8 R16 100804 0000 sub_work
B 0004d8 R16 100804 0000 sub_work
B 0004d8 R16 100804 0000 sub_work
B 0004d8 R16 100804 0000 sub_work
B 0004d8 R16 100804 0000 sub_work
B 0004d8 R16 100804 0000 sub_work
B 0004d8 R16 100804 0000 sub_work
B 0004d8 R16 100804 0000 sub_work
B 0004d8 R16 100804 0000 sub_work
B 0004d8 R16 100804 0000 sub_work
B 0004d8 R16 100804 0000 sub_work
B 0004d8 R16 100804 0000 sub_work
B 0004d8 R16 100804 0000 sub_work
B 0004d8 R16 100804 0000 sub_work
B 0004d8 R16 100804 0000 sub_work
B 0004d8 R16 100804 0000 sub_work
B 0004d8 R16 100804 0000 sub_work
B 0004d8 R16 100804 0000 sub_work
B 0004d8 R16 100804 0000 sub_work
B 0004d8 R16 100804 0000 sub_work
B 0004d8 R16 100804 0000 sub_work
B 0004d8 R16 100804 0000 sub_work
B 0004d8 R16 100804 0000 sub_work
B 0004d8 R16 100804 0000 sub_work
B 0004d8 R16 100804 0000 sub_work
B 0004d8 R16 100804 0000 sub_work
B 0004d8 R16 100804 0000 sub_work
B 0004d8 R16 100804 0000 sub_work
B 0004d8 R16 100804 0000 sub_work
B 0004d8 R16 100804 0000 sub_work
B 0004d8 R16 100804 0000 sub_work
B 0004d8 R16 100804 0000 sub_work
B 0004d8 R16 100804 0000 sub_work
B 0004d8 R16 100804 0000 sub_work
B 0004d8 R16 100804 0000 sub_work
B 0004d8 R16 100804 0000 sub_work
B 0004d8 R16 100804 0000 sub_work
B 0004d8 R16 100804 0000 sub_work
B 0004d8 R16 100804 0000 sub_work
B 0004d8 R16 100804 0000 sub_work
B 0004d8 R16 100804 0000 sub_work
B 0004d8 R16 100804 0000 sub_work
B 0004d8 R16 100804 0000 sub_work
B 0004d8 R16 100804 0000 sub_work
B 0004d8 R16 100804 0000 sub_work
B 0004d8 R16 100804 0000 sub_work
B 0004d8 R16 100804 0000 sub_work
B 0004d8 R16 100804 0000 sub_work
B 0004d8 R16 100804 0000 sub_work
B 0004d8 R16 100804 0000 sub_work
B 0004d8 R16 100804 0000 sub_work
B 0004d8 R16 100804 0000 sub_work
B 0004d8 R16 100804 0000 sub_work
B 0004d8 R16 100804 0000 sub_work
B 0004d8 R16 100804 0000 sub_work
B 0004d8 R16 100804 0000 sub_work
B 0004d8 R16 100804 0000 sub_work
B 0004d8 R16 100804 0000 sub_work
B 0004d8 R16 100804 0000 sub_work
B 0004d8 R16 100804 0000 sub_work
B 0004d8 R16 100804 0000 sub_work
B 0004d8 R16 100804 0000 sub_work
B 0004d8 R16 100804 0000 sub_work
B 0004d8 R16 100804 0000 sub_work
A 000252 W32 103efc 00000252 work_low
A 000252 W16 103efa 2000 work_low
A 000254 W16 103ef8 0000 work_low
A 000254 W16 103ef6 00c0 work_low
A 000254 W16 103ef4 8000 work_low
A 000254 W16 103ef2 0010 work_low
A 000254 W16 103ef0 0000 work_low
A 000254 W16 103eee 0000 work_low
A 000254 W16 103eec 1960 work_low
A 000254 W16 103eea 0010 work_low
A 000254 W16 103ee8 0ab6 work_low
A 000254 W16 103ee6 0004 work_low
A 000254 W16 103ee4 002f work_low
A 000254 W16 103ee2 0002 work_low
A 000254 W16 103ee0 0608 work_low
A 000254 W16 103ede 0010 work_low
A 000254 W16 103edc bf00 work_low
A 000254 W16 103eda 0010 work_low
A 000254 W16 103ed8 ba55 work_low
A 000254 W16 103ed6 a5a5 work_low
A 000254 W16 103ed4 aa55 work_low
A 000254 W16 103ed2 a5a5 work_low
A 000254 W16 103ed0 ffff work_low
A 000254 W16 103ece ffff work_low
A 000254 W16 103ecc ffff work_low
A 000254 W16 103eca aa55 work_low
A 000254 W16 103ec8 0000 work_low
A 000254 W16 103ec6 0000 work_low
A 000254 W16 103ec4 ffff work_low
A 000254 W16 103ec2 0000 work_low
A 000254 W16 103ec0 ffaa work_low
A 000254 W16 103ebe 0000 work_low
A 000258 R8 10171c 00 work_low
A 000268 W16 108012 0000 shared
A 00026e W32 103eba 00000274 work_low
A 040022 R16 101802 0791 work_low
A 040026 R16 101800 0000 work_low
A 040038 W16 101802 0792 work_low
A 04003c W16 10803c 0792 shared
A 040044 W16 10180a 03c9 work_low
A 040048 R16 10801a ffff shared
A 040058 R16 101814 ffff work_low
A 04006a W16 101814 0000 work_low
A 04006e W32 103eb6 00040072 work_low
A 04013a R32 101846 00102688 work_low
A 040144 R16 101844 002f work_low
A 04015c W16 103eb4 0162 work_low
A 04015c W16 103eb2 0004 work_low
A 0404ba R32 102688 08185884 work_low
A 0404ba W32 d00000 08185884 sprites
A 0404bc R32 10268c 0088019a work_low
A 0404bc W32 d00004 0088019a sprites
A 0404be R32 102690 08134c84 work_low
A 0404be W32 d00008 08134c84 sprites
A 0404c0 R32 102694 40a401b1 work_low
A 0404c0 W32 d0000c 40a401b1 sprites
A 0404c2 R32 102698 08184c84 work_low
A 0404c2 W32 d00010 08184c84 sprites
A 0404c4 R32 10269c 40a40146 work_low
A 0404c4 W32 d00014 40a40146 sprites
A 0404c6 R32 1026a0 0a195885 work_low
A 0404c6 W32 d00018 0a195885 sprites
A 0404c8 R32 1026a4 0087019a work_low
A 0404c8 W32 d0001c 0087019a sprites
A 0404ca R32 1026a8 0a134c85 work_low
A 0404ca W32 d00020 0a134c85 sprites
A 0404cc R32 1026ac 40a501b1 work_low
A 0404cc W32 d00024 40a501b1 sprites
A 0404ce R32 1026b0 0a194c85 work_low
A 0404ce W32 d00028 0a194c85 sprites
A 0404d0 R32 1026b4 40a50146 work_low
A 0404d0 W32 d0002c 40a50146 sprites
A 0404d2 R32 1026b8 0a195885 work_low
A 0404d2 W32 d00030 0a195885 sprites
A 0404d4 R32 1026bc 0085019a work_low
A 0404d4 W32 d00034 0085019a sprites
A 0404d6 R32 1026c0 0a134c85 work_low
A 0404d6 W32 d00038 0a134c85 sprites
A 0404d8 R32 1026c4 40a501b1 work_low
A 0404d8 W32 d0003c 40a501b1 sprites
A 0404da R32 1026c8 0a194c85 work_low
A 0404da W32 d00040 0a194c85 sprites
A 0404dc R32 1026cc 40a50146 work_low
A 0404dc W32 d00044 40a50146 sprites
A 0404de R32 1026d0 0c195886 work_low
A 0404de W32 d00048 0c195886 sprites
A 0404e0 R32 1026d4 0081019a work_low
A 0404e0 W32 d0004c 0081019a sprites
A 0404e2 R32 1026d8 0c124c86 work_low
A 0404e2 W32 d00050 0c124c86 sprites
A 0404e4 R32 1026dc 40a501b1 work_low
A 0404e4 W32 d00054 40a501b1 sprites
A 0404e6 R32 1026e0 0c194c86 work_low
A 0404e6 W32 d00058 0c194c86 sprites
A 0404e8 R32 1026e4 40a50146 work_low
A 0404e8 W32 d0005c 40a50146 sprites
A 0404ea R32 1026e8 0c195886 work_low
A 0404ea W32 d00060 0c195886 sprites
A 0404ec R32 1026ec 007e019a work_low
A 0404ec W32 d00064 007e019a sprites
A 0404ee R32 1026f0 0c124c86 work_low
A 0404ee W32 d00068 0c124c86 sprites
A 0404f0 R32 1026f4 40a601b1 work_low
A 0404f0 W32 d0006c 40a601b1 sprites
A 0404f2 R32 1026f8 0c194c86 work_low
A 0404f2 W32 d00070 0c194c86 sprites
A 0404f4 R32 1026fc 40a60146 work_low
A 0404f4 W32 d00074 40a60146 sprites
A 0404f6 R32 102700 0e1a5887 work_low
A 0404f6 W32 d00078 0e1a5887 sprites
A 0404f8 R32 102704 007b019a work_low
A 0404f8 W32 d0007c 007b019a sprites
A 0404fa R32 102708 0e124c87 work_low
A 0404fa W32 d00080 0e124c87 sprites
A 0404fc R32 10270c 40a701b1 work_low
A 0404fc W32 d00084 40a701b1 sprites
A 0404fe R32 102710 0e1a4c87 work_low
A 0404fe W32 d00088 0e1a4c87 sprites
A 040500 R32 102714 40a70146 work_low
A 040500 W32 d0008c 40a70146 sprites
A 040502 R32 102718 101b5888 work_low
A 040502 W32 d00090 101b5888 sprites
A 040504 R32 10271c 0076019a work_low
A 040504 W32 d00094 0076019a sprites
A 040506 R32 102720 10124c88 work_low
A 040506 W32 d00098 10124c88 sprites
A 040508 R32 102724 40a701b1 work_low
A 040508 W32 d0009c 40a701b1 sprites
A 04050a R32 102728 101b4c88 work_low
A 04050a W32 d000a0 101b4c88 sprites
A 04050c R32 10272c 40a70146 work_low
A 04050c W32 d000a4 40a70146 sprites
A 04050e R32 102730 121b5889 work_low
A 04050e W32 d000a8 121b5889 sprites
A 040510 R32 102734 0071019a work_low
A 040510 W32 d000ac 0071019a sprites
A 040512 R32 102738 12114c89 work_low
A 040512 W32 d000b0 12114c89 sprites
A 040514 R32 10273c 40a901b1 work_low
A 040514 W32 d000b4 40a901b1 sprites
A 040516 R32 102740 121b4c89 work_low
A 040516 W32 d000b8 121b4c89 sprites
A 040518 R32 102744 40a90146 work_low
A 040518 W32 d000bc 40a90146 sprites
A 04051a R32 102748 141c588a work_low
A 04051a W32 d000c0 141c588a sprites
A 04051c R32 10274c 006a019a work_low
A 04051c W32 d000c4 006a019a sprites
A 04051e R32 102750 14114c8a work_low
A 04051e W32 d000c8 14114c8a sprites
A 040520 R32 102754 40aa01b1 work_low
A 040520 W32 d000cc 40aa01b1 sprites
A 040522 R32 102758 141c4c8a work_low
A 040522 W32 d000d0 141c4c8a sprites
A 040524 R32 10275c 40aa0146 work_low
A 040524 W32 d000d4 40aa0146 sprites
A 040526 R32 102760 181d588c work_low
A 040526 W32 d000d8 181d588c sprites
A 040528 R32 102764 0061019a work_low
A 040528 W32 d000dc 0061019a sprites
A 04052a R32 102768 18104c8c work_low
A 04052a W32 d000e0 18104c8c sprites
A 04052c R32 10276c 40ab01b1 work_low
A 04052c W32 d000e4 40ab01b1 sprites
A 04052e R32 102770 181d4c8c work_low
A 04052e W32 d000e8 181d4c8c sprites
A 040530 R32 102774 40ab0146 work_low
A 040530 W32 d000ec 40ab0146 sprites
A 040532 R32 102778 1c1f588e work_low
A 040532 W32 d000f0 1c1f588e sprites
A 040534 R32 10277c 0055019a work_low
A 040534 W32 d000f4 0055019a sprites
A 040536 R32 102780 1c104c8e work_low
A 040536 W32 d000f8 1c104c8e sprites
A 040538 R32 102784 40ad01b1 work_low
A 040538 W32 d000fc 40ad01b1 sprites
A 04053a R32 102788 1c1f4c8e work_low
A 04053a W32 d00100 1c1f4c8e sprites
A 04053c R32 10278c 40ad0146 work_low
A 04053c W32 d00104 40ad0146 sprites
A 04053e R32 102790 22215891 work_low
A 04053e W32 d00108 22215891 sprites
A 040540 R32 102794 0044019a work_low
A 040540 W32 d0010c 0044019a sprites
A 040542 R32 102798 220f4c91 work_low
A 040542 W32 d00110 220f4c91 sprites
A 040544 R32 10279c 40b101b1 work_low
A 040544 W32 d00114 40b101b1 sprites
A 040546 R32 1027a0 22214c91 work_low
A 040546 W32 d00118 22214c91 sprites
A 040548 R32 1027a4 40b10146 work_low
A 040548 W32 d0011c 40b10146 sprites
A 04054a R32 1027a8 2c245896 work_low
A 04054a W32 d00120 2c245896 sprites
A 04054c R32 1027ac 0027019a work_low
A 04054c W32 d00124 0027019a sprites
A 04054e R32 1027b0 2c0d4c96 work_low
A 04054e W32 d00128 2c0d4c96 sprites
A 040550 R32 1027b4 40b601b1 work_low
A 040550 W32 d0012c 40b601b1 sprites
A 040552 R32 1027b8 2c244c96 work_low
A 040552 W32 d00130 2c244c96 sprites
A 040554 R32 1027bc 40b60146 work_low
A 040554 W32 d00134 40b60146 sprites
A 040556 R32 1027c0 3e2a589f work_low
A 040556 W32 d00138 3e2a589f sprites
A 040558 R32 1027c4 01f6019a work_low
A 040558 W32 d0013c 01f6019a sprites
A 04055a R32 1027c8 3e0a4c9f work_low
A 04055a W32 d00140 3e0a4c9f sprites
A 04055c R32 1027cc 40c001b1 work_low
A 04055c W32 d00144 40c001b1 sprites
A 04055e R32 1027d0 3e2a4c9f work_low
A 04055e W32 d00148 3e2a4c9f sprites
A 040560 R32 1027d4 40c00146 work_low
A 040560 W32 d0014c 40c00146 sprites
A 040562 R32 1027d8 6a034cb5 work_low
A 040562 W32 d00150 6a034cb5 sprites
A 040564 R32 1027dc 40d501b1 work_low
A 040564 W32 d00154 40d501b1 sprites
A 040566 R32 1027e0 6a394cb5 work_low
A 040566 W32 d00158 6a394cb5 sprites
A 040568 R32 1027e4 40d50146 work_low
A 040568 W32 d0015c 40d50146 sprites
A 04056a R32 1027e8 feb2237f work_low
A 04056a W32 d00160 feb2237f sprites
A 04056c R32 1027ec 00600252 work_low
A 04056c W32 d00164 00600252 sprites
A 04056e R32 1027f0 feb2207f work_low
A 04056e W32 d00168 feb2207f sprites
A 040570 R32 1027f4 00600204 work_low
A 040570 W32 d0016c 00600204 sprites
A 040572 R32 1027f8 fe403f10 work_low
A 040572 W32 d00170 fe403f10 sprites
A 040574 R32 1027fc 012901d7 work_low
A 040574 W32 d00174 012901d7 sprites
A 040576 R32 103eb2 00040162 work_low
A 040162 R16 101812 ffff work_low
A 040174 R32 103eb6 00040072 work_low
A 040072 W16 101800 0000 work_low
A 040076 W16 108012 03e0 shared
A 04007c R32 103eba 00000274 work_low
A 000274 R16 10801a ffff shared
A 00027a R8 108007 75 shared
A 000288 W32 103eba 0000028c work_low
A 000eda W32 103eb6 00000ede work_low
A 001002 W16 a00000 0e05 palette_registers
A 001004 R16 a00002 0318 palette_registers
A 001006 R16 100170 ffff work_low
A 00102e W32 103eb2 00001030 work_low
A 000ff2 W16 a00000 0e05 palette_registers
A 000ff6 W16 a00002 039c palette_registers
A 000ff2 W16 a00000 0e06 palette_registers
A 000ff6 W16 a00002 039c palette_registers
A 000ff2 W16 a00000 0e07 palette_registers
A 000ff6 W16 a00002 039c palette_registers
A 000ff2 W16 a00000 0e16 palette_registers
A 000ff6 W16 a00002 039c palette_registers
A 000ff2 W16 a00000 0e85 palette_registers
A 000ff6 W16 a00002 039c palette_registers
A 000ff2 W16 a00000 0e86 palette_registers
A 000ff6 W16 a00002 039c palette_registers
A 000ff2 W16 a00000 0e87 palette_registers
A 000ff6 W16 a00002 039c palette_registers
A 000ff2 W16 a00000 0e96 palette_registers
A 000ff6 W16 a00002 039c palette_registers
A 000ff2 W16 a00000 0f05 palette_registers
A 000ff6 W16 a00002 039c palette_registers
A 000ff2 W16 a00000 0f06 palette_registers
A 000ff6 W16 a00002 039c palette_registers
A 000ff2 W16 a00000 0f07 palette_registers
A 000ff6 W16 a00002 039c palette_registers
A 000ff2 W16 a00000 0f16 palette_registers
A 000ff6 W16 a00002 039c palette_registers
A 000ff2 W16 a00000 0f85 palette_registers
A 000ff6 W16 a00002 039c palette_registers
A 000ff2 W16 a00000 0f86 palette_registers
A 000ff6 W16 a00002 039c palette_registers
A 000ff2 W16 a00000 0f87 palette_registers
A 000ff6 W16 a00002 039c palette_registers
A 000ff2 W16 a00000 0f96 palette_registers
A 000ff6 W16 a00002 039c palette_registers
A 000ff2 W16 a00000 0000 palette_registers
A 000ffa R32 103eb2 00001030 work_low
A 001030 R32 103eb6 00000ede work_low
A 000ee2 R16 10a01a 0000 shared
A 000ee6 R8 109005 00 shared
A 000eea R16 10021c 0000 work_low
A 000ef0 R16 10a018 0000 shared
A 000f04 R8 1002f8 00 work_low
A 000f14 W32 103eb6 00000f18 work_low
A 000e72 R8 1002f9 00 work_low
A 000ece R32 103eb6 00000f18 work_low
A 000f18 W32 103eb6 00000f1c work_low
A 000e72 R8 1002f9 00 work_low
A 000ece R32 103eb6 00000f1c work_low
A 000f1c W32 103eb6 00000f20 work_low
A 000e72 R8 1002f9 00 work_low
A 000ece R32 103eb6 00000f20 work_low
A 000f2e W16 a00000 0c15 palette_registers
A 000f32 R16 a00002 4a52 palette_registers
A 000f44 W16 a00000 0c55 palette_registers
A 000f48 R16 a00002 4210 palette_registers
A 000f58 W16 a00000 0c04 palette_registers
A 000f5c R16 a00002 1e27 palette_registers
A 000f68 W32 103eb6 00000f6a work_low
A 000ff2 W16 a00000 0c04 palette_registers
A 000ff6 W16 a00002 1e27 palette_registers
A 000ff2 W16 a00000 0c44 palette_registers
A 000ff6 W16 a00002 1e27 palette_registers
A 000ff2 W16 a00000 0c84 palette_registers
A 000ff6 W16 a00002 1e27 palette_registers
A 000ff2 W16 a00000 0cc4 palette_registers
A 000ff6 W16 a00002 1e27 palette_registers
A 000ff2 W16 a00000 0000 palette_registers
A 000ffa R32 103eb6 00000f6a work_low
A 000f6c W16 a00000 0d04 palette_registers
A 000f70 R16 a00002 22ab palette_registers
A 000f7c W32 103eb6 00000f7e work_low
A 000ff2 W16 a00000 0d04 palette_registers
A 000ff6 W16 a00002 22ab palette_registers
A 000ff2 W16 a00000 0d44 palette_registers
A 000ff6 W16 a00002 22ab palette_registers
A 000ff2 W16 a00000 0d84 palette_registers
A 000ff6 W16 a00002 22ab palette_registers
A 000ff2 W16 a00000 0dc4 palette_registers
A 000ff6 W16 a00002 22ab palette_registers
A 000ff2 W16 a00000 0000 palette_registers
A 000ffa R32 103eb6 00000f7e work_low
A 000f7e R32 103eba 0000028c work_low
A 00028c W32 103eba 00000290 work_low
A 00497e R8 100303 00 work_low
A 00499e W32 a00000 040d000e palette_registers
A 0049a8 W32 a00000 041d000e palette_registers
A 0049b2 R32 103eba 00000290 work_low
A 000290 W32 103eba 00000294 work_low
A 002af4 R16 100110 0000 work_low
A 002afa R8 100143 3f work_low
A 002b24 W16 10010e 0000 work_low
A 002b28 W32 103eb6 00002b2c work_low
A 002d80 R8 100142 33 work_low
A 002d84 R8 100118 33 work_low
A 002da8 W32 103eb2 00002dac work_low
A 002e4c R8 100140 ff work_low
A 002e5e R32 103eb2 00002dac work_low
A 002de0 W32 103eb2 00002de4 work_low
A 002e6a R32 103eb2 00002de4 work_low
A 002e18 R32 103eb6 00002b2c work_low
A 002b2c R16 10011a 0000 work_low
A 002b36 R16 10011c 0000 work_low
A 002b54 R16 100108 0000 work_low
A 002b5e R8 100126 03 work_low
A 002b5e W8 100126 03 work_low
A 002b6c W32 103eb6 00002b70 work_low
A 002eb8 R16 100128 0000 work_low
A 002ed2 R16 10012a 0000 work_low
A 002eec R32 103eb6 00002b70 work_low
A 002b70 R16 10012e 0000 work_low
A 002b7c R16 10020a 0000 work_low
A 002b92 R16 100124 0003 work_low
A 002b9c W32 103eb6 00002ba0 work_low
A 002ce0 R16 10014c 0000 work_low
A 002cea W16 100300 0000 work_low
A 002cfe R16 100142 333f work_low
A 002d2a W16 100302 0000 work_low
A 002d2c R32 103eb6 00002ba0 work_low
A 002ba0 W32 103eb6 00002ba4 work_low
A 002d2e R16 10014c 0000 work_low
A 002d36 R16 100208 0000 work_low
A 002d3a R16 100206 0000 work_low
A 002d3a W16 100206 0000 work_low
A 002d3e W16 100208 0000 work_low
A 002d42 R16 10019e ffff work_low
A 002d4c R16 100206 0000 work_low
A 002d6c R32 103eb6 00002ba4 work_low
A 002ba4 R16 400002 ffff tc0040ioc
A 002baa R16 100142 333f work_low
A 002baa W16 100118 333f work_low
A 002bb6 W8 400003 04 tc0040ioc
A 002bbc R8 400001 03 tc0040ioc
A 002bbc W8 100144 03 work_low
A 002bb6 W8 400003 03 tc0040ioc
A 002bbc R8 400001 3f tc0040ioc
A 002bbc W8 100143 3f work_low
A 002bb6 W8 400003 02 tc0040ioc
A 002bbc R8 400001 33 tc0040ioc
A 002bbc W8 100142 33 work_low
A 002bb6 W8 400003 01 tc0040ioc
A 002bbc R8 400001 ff tc0040ioc
A 002bbc W8 100141 ff work_low
A 002bb6 W8 400003 00 tc0040ioc
A 002bbc R8 400001 ff tc0040ioc
A 002bbc W8 100140 ff work_low
A 002bcc W8 400003 0d tc0040ioc
A 002bd2 R8 400001 00 tc0040ioc
A 002bd2 W8 10014d 00 work_low
A 002bcc W8 400003 0c tc0040ioc
A 002bd2 R8 400001 00 tc0040ioc
A 002bd2 W8 10014c 00 work_low
A 002bcc W8 400003 0b tc0040ioc
A 002bd2 R8 400001 ff tc0040ioc
A 002bd2 W8 10014b ff work_low
A 002bcc W8 400003 0a tc0040ioc
A 002bd2 R8 400001 ff tc0040ioc
A 002bd2 W8 10014a ff work_low
A 002bcc W8 400003 09 tc0040ioc
A 002bd2 R8 400001 ff tc0040ioc
A 002bd2 W8 100149 ff work_low
A 002bcc W8 400003 08 tc0040ioc
A 002bd2 R8 400001 ff tc0040ioc
A 002bd2 W8 100148 ff work_low
A 002be0 W8 400003 04 tc0040ioc
A 002be8 R8 100126 03 work_low
A 002be8 W8 400001 03 tc0040ioc
A 002bf0 R32 100140 ffff333f work_low
A 002bf0 W32 108040 ffff333f shared
A 002bf6 R32 100144 03000000 work_low
A 002bf6 W32 108044 03000000 shared
A 002bfc R32 100148 ffffffff work_low
A 002bfc W32 108048 ffffffff shared
A 002c02 R32 10014c 00000000 work_low
A 002c02 W32 10804c 00000000 shared
A 002c08 R32 103eba 00000294 work_low
A 000294 R8 10171c 00 work_low
A 00029c W8 10171c ff work_low
A 0002bc W16 108092 0000 shared
A 0002c0 W32 103eba 000002c4 work_low
A 000c4c R16 1002dc 0000 work_low
A 000c64 W32 103eb6 00000c68 work_low
A 006360 R16 10801a ffff shared
A 006368 R16 108018 0000 shared
A 006370 W16 10020e ffe0 work_low
A 006374 W16 100210 ffe0 work_low
A 00637c W16 100138 01e0 work_low
A 006380 W16 10013c 01e0 work_low
A 006384 W16 c20006 01e0 tile_control
A 00638a W16 c20008 01e0 tile_control
A 006396 R16 100210 ffe0 work_low
A 00639e R16 10029c 0003 work_low
A 0063b4 R16 100274 0000 work_low
A 0063bc W16 c0c3c0 0000 tilemap
A 0063bc W16 c0c3c2 0000 tilemap
A 0063bc W16 c0c3c4 0000 tilemap
A 0063bc W16 c0c3c6 0000 tilemap
A 0063bc W16 c0c3c8 0000 tilemap
A 0063bc W16 c0c3ca 0000 tilemap
A 0063bc W16 c0c3cc 0000 tilemap
A 0063bc W16 c0c3ce 0000 tilemap
A 0063bc W16 c0c3d0 0000 tilemap
A 0063bc W16 c0c3d2 0000 tilemap
A 0063bc W16 c0c3d4 0000 tilemap
A 0063bc W16 c0c3d6 0000 tilemap
A 0063bc W16 c0c3d8 0000 tilemap
A 0063bc W16 c0c3da 0000 tilemap
A 0063bc W16 c0c3dc 0000 tilemap
A 0063bc W16 c0c3de 0000 tilemap
A 0063bc W16 c0c3e0 0000 tilemap
A 0063bc W16 c0c3e2 0000 tilemap
A 0063bc W16 c0c3e4 0000 tilemap
A 0063bc W16 c0c3e6 0000 tilemap
A 0063bc W16 c0c3e8 0000 tilemap
A 0063bc W16 c0c3ea 0000 tilemap
A 0063bc W16 c0c3ec 0000 tilemap
A 0063bc W16 c0c3ee 0000 tilemap
A 0063bc W16 c0c3f0 0000 tilemap
A 0063bc W16 c0c3f2 0000 tilemap
A 0063bc W16 c0c3f4 0000 tilemap
A 0063bc W16 c0c3f6 0000 tilemap
A 0063bc W16 c0c3f8 0000 tilemap
A 0063bc W16 c0c3fa 0000 tilemap
A 0063bc W16 c0c3fc 0000 tilemap
A 0063bc W16 c0c3fe 0000 tilemap
A 0063bc W16 c0c400 0000 tilemap
A 0063bc W16 c0c402 0000 tilemap
A 0063bc W16 c0c404 0000 tilemap
A 0063bc W16 c0c406 0000 tilemap
A 0063bc W16 c0c408 0000 tilemap
A 0063bc W16 c0c40a 0000 tilemap
A 0063bc W16 c0c40c 0000 tilemap
A 0063bc W16 c0c40e 0000 tilemap
A 0063bc W16 c0c410 0000 tilemap
A 0063bc W16 c0c412 0000 tilemap
A 0063bc W16 c0c414 0000 tilemap
A 0063bc W16 c0c416 0000 tilemap
A 0063bc W16 c0c418 0000 tilemap
A 0063bc W16 c0c41a 0000 tilemap
A 0063bc W16 c0c41c 0000 tilemap
A 0063bc W16 c0c41e 0000 tilemap
A 0063bc W16 c0c420 0000 tilemap
A 0063bc W16 c0c422 0000 tilemap
A 0063bc W16 c0c424 0000 tilemap
A 0063bc W16 c0c426 0000 tilemap
A 0063bc W16 c0c428 0000 tilemap
A 0063bc W16 c0c42a 0000 tilemap
A 0063bc W16 c0c42c 0000 tilemap
A 0063bc W16 c0c42e 0000 tilemap
A 0063bc W16 c0c430 0000 tilemap
A 0063bc W16 c0c432 0000 tilemap
A 0063bc W16 c0c434 0000 tilemap
A 0063bc W16 c0c436 0000 tilemap
A 0063bc W16 c0c438 0000 tilemap
A 0063bc W16 c0c43a 0000 tilemap
A 0063bc W16 c0c43c 0000 tilemap
A 0063bc W16 c0c43e 0000 tilemap
A 0063bc W16 c0c440 0000 tilemap
A 0063bc W16 c0c442 0000 tilemap
A 0063bc W16 c0c444 0000 tilemap
A 0063bc W16 c0c446 0000 tilemap
A 0063bc W16 c0c448 0000 tilemap
A 0063bc W16 c0c44a 0000 tilemap
A 0063bc W16 c0c44c 0000 tilemap
A 0063bc W16 c0c44e 0000 tilemap
A 0063bc W16 c0c450 0000 tilemap
A 0063bc W16 c0c452 0000 tilemap
A 0063bc W16 c0c454 0000 tilemap
A 0063bc W16 c0c456 0000 tilemap
A 0063bc W16 c0c458 0000 tilemap
A 0063bc W16 c0c45a 0000 tilemap
A 0063bc W16 c0c45c 0000 tilemap
A 0063bc W16 c0c45e 0000 tilemap
A 0063bc W16 c0c460 0000 tilemap
A 0063bc W16 c0c462 0000 tilemap
A 0063bc W16 c0c464 0000 tilemap
A 0063bc W16 c0c466 0000 tilemap
A 0063bc W16 c0c468 0000 tilemap
A 0063bc W16 c0c46a 0000 tilemap
A 0063bc W16 c0c46c 0000 tilemap
A 0063bc W16 c0c46e 0000 tilemap
A 0063bc W16 c0c470 0000 tilemap
A 0063bc W16 c0c472 0000 tilemap
A 0063bc W16 c0c474 0000 tilemap
A 0063bc W16 c0c476 0000 tilemap
A 0063bc W16 c0c478 0000 tilemap
A 0063bc W16 c0c47a 0000 tilemap
A 0063bc W16 c0c47c 0000 tilemap
A 0063bc W16 c0c47e 0000 tilemap
A 0063bc W16 c0c480 0000 tilemap
A 0063bc W16 c0c482 0000 tilemap
A 0063bc W16 c0c484 0000 tilemap
A 0063bc W16 c0c486 0000 tilemap
A 0063bc W16 c0c488 0000 tilemap
A 0063bc W16 c0c48a 0000 tilemap
A 0063bc W16 c0c48c 0000 tilemap
A 0063bc W16 c0c48e 0000 tilemap
A 0063bc W16 c0c490 0000 tilemap
A 0063bc W16 c0c492 0000 tilemap
A 0063bc W16 c0c494 0000 tilemap
A 0063bc W16 c0c496 0000 tilemap
A 0063bc W16 c0c498 0000 tilemap
A 0063bc W16 c0c49a 0000 tilemap
A 0063bc W16 c0c49c 0000 tilemap
A 0063bc W16 c0c49e 0000 tilemap
A 0063bc W16 c0c4a0 0000 tilemap
A 0063bc W16 c0c4a2 0000 tilemap
A 0063bc W16 c0c4a4 0000 tilemap
A 0063bc W16 c0c4a6 0000 tilemap
A 0063bc W16 c0c4a8 0000 tilemap
A 0063bc W16 c0c4aa 0000 tilemap
A 0063bc W16 c0c4ac 0000 tilemap
A 0063bc W16 c0c4ae 0000 tilemap
A 0063bc W16 c0c4b0 0000 tilemap
A 0063bc W16 c0c4b2 0000 tilemap
A 0063bc W16 c0c4b4 0000 tilemap
A 0063bc W16 c0c4b6 0000 tilemap
A 0063bc W16 c0c4b8 0000 tilemap
A 0063bc W16 c0c4ba 0000 tilemap
A 0063bc W16 c0c4bc 0000 tilemap
A 0063bc W16 c0c4be 0000 tilemap
A 0063bc W16 c0c4c0 0000 tilemap
A 0063bc W16 c0c4c2 0000 tilemap
A 0063bc W16 c0c4c4 0000 tilemap
A 0063bc W16 c0c4c6 0000 tilemap
A 0063bc W16 c0c4c8 0000 tilemap
A 0063bc W16 c0c4ca 0000 tilemap
A 0063bc W16 c0c4cc 0000 tilemap
A 0063bc W16 c0c4ce 0000 tilemap
A 0063bc W16 c0c4d0 0000 tilemap
A 0063bc W16 c0c4d2 0000 tilemap
A 0063bc W16 c0c4d4 0000 tilemap
A 0063bc W16 c0c4d6 0000 tilemap
A 0063bc W16 c0c4d8 0000 tilemap
A 0063bc W16 c0c4da 0000 tilemap
A 0063bc W16 c0c4dc 0000 tilemap
A 0063bc W16 c0c4de 0000 tilemap
A 0063c4 R16 100270 0000 work_low
A 0063cc W16 c0c4e0 0000 tilemap
A 0063cc W16 c0c4e2 0000 tilemap
A 0063cc W16 c0c4e4 0000 tilemap
A 0063cc W16 c0c4e6 0000 tilemap
A 0063cc W16 c0c4e8 0000 tilemap
A 0063cc W16 c0c4ea 0000 tilemap
A 0063cc W16 c0c4ec 0000 tilemap
A 0063cc W16 c0c4ee 0000 tilemap
A 0063cc W16 c0c4f0 0000 tilemap
A 0063cc W16 c0c4f2 0000 tilemap
A 0063cc W16 c0c4f4 0000 tilemap
A 0063cc W16 c0c4f6 0000 tilemap
A 0063cc W16 c0c4f8 0000 tilemap
A 0063cc W16 c0c4fa 0000 tilemap
A 0063cc W16 c0c4fc 0000 tilemap
A 0063cc W16 c0c4fe 0000 tilemap
A 0063cc W16 c0c500 0000 tilemap
A 0063cc W16 c0c502 0000 tilemap
A 0063cc W16 c0c504 0000 tilemap
A 0063cc W16 c0c506 0000 tilemap
A 0063cc W16 c0c508 0000 tilemap
A 0063cc W16 c0c50a 0000 tilemap
A 0063cc W16 c0c50c 0000 tilemap
A 0063cc W16 c0c50e 0000 tilemap
A 0063cc W16 c0c510 0000 tilemap
A 0063cc W16 c0c512 0000 tilemap
A 0063cc W16 c0c514 0000 tilemap
A 0063cc W16 c0c516 0000 tilemap
A 0063cc W16 c0c518 0000 tilemap
A 0063cc W16 c0c51a 0000 tilemap
A 0063cc W16 c0c51c 0000 tilemap
A 0063cc W16 c0c51e 0000 tilemap
A 0063cc W16 c0c520 0000 tilemap
A 0063cc W16 c0c522 0000 tilemap
A 0063cc W16 c0c524 0000 tilemap
A 0063cc W16 c0c526 0000 tilemap
A 0063cc W16 c0c528 0000 tilemap
A 0063cc W16 c0c52a 0000 tilemap
A 0063cc W16 c0c52c 0000 tilemap
A 0063cc W16 c0c52e 0000 tilemap
A 0063cc W16 c0c530 0000 tilemap
A 0063cc W16 c0c532 0000 tilemap
A 0063cc W16 c0c534 0000 tilemap
A 0063cc W16 c0c536 0000 tilemap
A 0063cc W16 c0c538 0000 tilemap
A 0063cc W16 c0c53a 0000 tilemap
A 0063cc W16 c0c53c 0000 tilemap
A 0063cc W16 c0c53e 0000 tilemap
A 0063d8 R16 10020e ffe0 work_low
A 0063e2 R16 10026c 0000 work_low
A 0063ea W16 c0c0e0 0000 tilemap
A 0063ea W16 c0c0e2 0000 tilemap
A 0063ea W16 c0c0e4 0000 tilemap
A 0063ea W16 c0c0e6 0000 tilemap
A 0063ea W16 c0c0e8 0000 tilemap
A 0063ea W16 c0c0ea 0000 tilemap
A 0063ea W16 c0c0ec 0000 tilemap
A 0063ea W16 c0c0ee 0000 tilemap
A 0063ea W16 c0c0f0 0000 tilemap
A 0063ea W16 c0c0f2 0000 tilemap
A 0063ea W16 c0c0f4 0000 tilemap
A 0063ea W16 c0c0f6 0000 tilemap
A 0063ea W16 c0c0f8 0000 tilemap
A 0063ea W16 c0c0fa 0000 tilemap
A 0063ea W16 c0c0fc 0000 tilemap
A 0063ea W16 c0c0fe 0000 tilemap
A 0063ea W16 c0c100 0000 tilemap
A 0063ea W16 c0c102 0000 tilemap
A 0063ea W16 c0c104 0000 tilemap
A 0063ea W16 c0c106 0000 tilemap
A 0063ea W16 c0c108 0000 tilemap
A 0063ea W16 c0c10a 0000 tilemap
A 0063ea W16 c0c10c 0000 tilemap
A 0063ea W16 c0c10e 0000 tilemap
A 0063ea W16 c0c110 0000 tilemap
A 0063ea W16 c0c112 0000 tilemap
A 0063ea W16 c0c114 0000 tilemap
A 0063ea W16 c0c116 0000 tilemap
A 0063ea W16 c0c118 0000 tilemap
A 0063ea W16 c0c11a 0000 tilemap
A 0063ea W16 c0c11c 0000 tilemap
A 0063ea W16 c0c11e 0000 tilemap
A 0063ea W16 c0c120 0000 tilemap
A 0063ea W16 c0c122 0000 tilemap
A 0063ea W16 c0c124 0000 tilemap
A 0063ea W16 c0c126 0000 tilemap
A 0063ea W16 c0c128 0000 tilemap
A 0063ea W16 c0c12a 0000 tilemap
A 0063ea W16 c0c12c 0000 tilemap
A 0063ea W16 c0c12e 0000 tilemap
A 0063ea W16 c0c130 0000 tilemap
A 0063ea W16 c0c132 0000 tilemap
A 0063ea W16 c0c134 0000 tilemap
A 0063ea W16 c0c136 0000 tilemap
A 0063ea W16 c0c138 0000 tilemap
A 0063ea W16 c0c13a 0000 tilemap
A 0063ea W16 c0c13c 0000 tilemap
A 0063ea W16 c0c13e 0000 tilemap
A 0063f0 R32 103eb6 00000c68 work_low
A 000c68 R32 103eba 000002c4 work_low
A 0002c4 W32 103eba 000002ca work_low
A 00a7c2 W8 820001 04 sound_stub
A 00a7ca R8 820003 00 sound_stub
A 00a7da R16 101706 000e work_low
A 00a7de R8 10172e ff work_low
A 00a81a R16 101708 003f work_low
A 00a81e W8 820001 02 sound_stub
A 00a826 W8 820003 3f sound_stub
A 00a82e W8 820003 03 sound_stub
A 00a834 R32 103eba 000002ca work_low
A 0002ca W32 103eba 000002ce work_low
A 000af0 R8 100610 03 work_low
A 000af0 W8 100610 04 work_low
A 000af2 R8 100610 04 work_low
A 000af8 W8 100610 00 work_low
A 000afe R8 100600 7e work_low
A 000b40 R32 103eba 000002ce work_low
A 0002ce R32 108000 0000078b shared
A 0002ce W32 108000 0000078c shared
A 0002d2 R32 108004 fffff875 shared
A 0002d2 W32 108004 fffff874 shared
A 0002d6 W32 103eba 000002d8 work_low
A 00032e R8 10171e 00 work_low
A 00034a R16 108002 078c shared
A 000376 R32 103eba 000002d8 work_low
A 0002d8 W32 103eba 000002dc work_low
A 001034 W16 100100 0000 work_low
A 00103c R16 100000 0001 work_low
A 001042 R16 100000 0001 work_low
A 001042 W16 100000 0000 work_low
A 001048 W32 100102 00103eba work_low
A 00104c R32 100002 001028bc work_low
A 001050 R32 1028bc 000000f0 work_low
A 001050 R32 1028c0 00000001 work_low
A 001050 R32 1028c4 0000ffff work_low
A 001050 R32 1028c8 aa55a5a5 work_low
A 001050 R32 1028cc 00003007 work_low
A 001050 R32 1028d0 00000000 work_low
A 001050 R32 1028d4 00000000 work_low
A 001050 R32 1028d8 00000005 work_low
A 001050 R32 1028dc 00100000 work_low
A 001050 R32 1028e0 001037c0 work_low
A 001050 R32 1028e4 00a00000 work_low
A 001050 R32 1028e8 00a00002 work_low
A 001050 R32 1028ec 00000000 work_low
A 001050 R32 1028f0 00108000 work_low
A 001050 R32 1028f4 00c00000 work_low
A 001054 R32 1028f8 000009aa work_low
A 00099e R16 10010a ffff work_low
A 0009a6 W32 1028f8 000009aa work_low
A 00108a W16 1028f6 0000 work_low
A 00108a W16 1028f4 00c0 work_low
A 00108a W16 1028f2 8000 work_low
A 00108a W16 1028f0 0010 work_low
A 00108a W16 1028ee 0000 work_low
A 00108a W16 1028ec 0000 work_low
A 00108a W16 1028ea 0002 work_low
A 00108a W16 1028e8 00a0 work_low
A 00108a W16 1028e6 0000 work_low
A 00108a W16 1028e4 00a0 work_low
A 00108a W16 1028e2 37c0 work_low
A 00108a W16 1028e0 0010 work_low
A 00108a W16 1028de 0000 work_low
A 00108a W16 1028dc 0010 work_low
A 00108a W16 1028da 0005 work_low
A 00108a W16 1028d8 0000 work_low
A 00108a W16 1028d6 0000 work_low
A 00108a W16 1028d4 0000 work_low
A 00108a W16 1028d2 0000 work_low
A 00108a W16 1028d0 0000 work_low
A 00108a W16 1028ce 3007 work_low
A 00108a W16 1028cc 0000 work_low
A 00108a W16 1028ca a5a5 work_low
A 00108a W16 1028c8 aa55 work_low
A 00108a W16 1028c6 ffff work_low
A 00108a W16 1028c4 0000 work_low
A 00108a W16 1028c2 0001 work_low
A 00108a W16 1028c0 0000 work_low
A 00108a W16 1028be 00f0 work_low
A 00108a W16 1028bc 0000 work_low
B 0004de W32 1003fc 000004d8 sub_work
B 0004de W16 1003fa 0004 sub_work
B 000474 W16 1003f8 0d62 sub_work
B 000474 W16 1003f6 0010 sub_work
B 000474 W16 1003f4 1446 sub_work
B 000474 W16 1003f2 0010 sub_work
B 000474 W16 1003f0 0000 sub_work
B 000474 W16 1003ee 0080 sub_work
B 000474 W16 1003ec 160a sub_work
B 000474 W16 1003ea 0010 sub_work
B 000474 W16 1003e8 0828 sub_work
B 000474 W16 1003e6 0080 sub_work
B 000474 W16 1003e4 12a4 sub_work
B 000474 W16 1003e2 0010 sub_work
B 000474 W16 1003e0 21be sub_work
B 000474 W16 1003de 0010 sub_work
B 000474 W16 1003dc 0000 sub_work
B 000474 W16 1003da 0000 sub_work
B 000474 W16 1003d8 009e sub_work
B 000474 W16 1003d6 0000 sub_work
B 000474 W16 1003d4 009e sub_work
B 000474 W16 1003d2 0001 sub_work
B 000474 W16 1003d0 8c07 sub_work
B 000474 W16 1003ce 0000 sub_work
B 000474 W16 1003cc 0828 sub_work
B 000474 W16 1003ca 0000 sub_work
B 000474 W16 1003c8 0000 sub_work
B 000474 W16 1003c6 0000 sub_work
B 000474 W16 1003c4 0000 sub_work
B 000474 W16 1003c2 0000 sub_work
B 000474 W16 1003c0 0000 sub_work
B 000474 W16 1003be 0080 sub_work
B 000478 R16 100808 078b sub_work
B 000478 W16 100808 078c sub_work
B 00047e R16 100808 078c sub_work
B 00047e W16 1080a6 078c shared
B 000488 R16 10801a ffff shared
B 00049e R16 10801a ffff shared
B 0004a8 W16 100802 8002 sub_work
B 0004b0 R16 101a5a ffff sub_work
B 0004ba R16 101a58 0000 sub_work
B 0004ba W16 801ffe 0000 road
B 0004c4 W16 101a5a 0000 sub_work
B 0004ca W16 100804 ffff sub_work
B 0004d2 R32 1003be 00800000 sub_work
B 0004d2 R32 1003c2 00000000 sub_work
B 0004d2 R32 1003c6 00000000 sub_work
B 0004d2 R32 1003ca 00000828 sub_work
B 0004d2 R32 1003ce 00008c07 sub_work
B 0004d2 R32 1003d2 0001009e sub_work
B 0004d2 R32 1003d6 0000009e sub_work
B 0004d2 R32 1003da 00000000 sub_work
B 0004d2 R32 1003de 001021be sub_work
B 0004d2 R32 1003e2 001012a4 sub_work
B 0004d2 R32 1003e6 00800828 sub_work
B 0004d2 R32 1003ea 0010160a sub_work
B 0004d2 R32 1003ee 00800000 sub_work
B 0004d2 R32 1003f2 00101446 sub_work
B 0004d2 R32 1003f6 00100d62 sub_work
B 0004d6 R16 1003fa 0004 sub_work
B 0004d6 R32 1003fc 000004d8 sub_work
B 0004d8 R16 100804 ffff sub_work
B 0004e0 W16 100804 0000 sub_work
B 0004e6 R16 10080a 078b sub_work
B 0004e6 W16 10080a 078c sub_work
B 0004ec R16 100802 8002 sub_work
B 0004f4 W16 100806 8002 sub_work
B 00050c W32 1007fc 0000050e sub_work
B 0006c2 R32 10080e 00000000 sub_work
B 0006c2 W32 10222c 00000000 sub_work
B 0006cc R16 100812 86f0 sub_work
B 0006cc W16 102210 86f0 sub_work
B 0006d6 R16 102cee 0000 sub_work
B 0006d6 W16 102cf0 0000 sub_work
B 0006e0 R32 10a000 00000000 shared
B 0006e0 W32 10080e 00000000 sub_work
B 0006ea R16 10a004 86f0 shared
B 0006ea W16 100812 86f0 sub_work
B 0006f4 R16 10a046 0000 shared
B 0006f4 W16 102cee 0000 sub_work
B 0006fe R32 10080e 00000000 sub_work
B 000704 R32 10222c 00000000 sub_work
B 00070e W32 102ce4 00000000 sub_work
B 000714 R32 102ce8 00000000 sub_work
B 00071c W32 102ce8 00000000 sub_work
B 000722 R16 10801e 0000 shared
B 000722 W16 102c96 0000 sub_work
B 00072c R32 108024 00000000 shared
B 00072c W32 102c9e 00000000 sub_work
B 000736 R32 108028 00000000 shared
B 000736 W32 102ca2 00000000 sub_work
B 000740 R16 102ba6 0000 sub_work
B 000748 R32 10802c 00000000 shared
B 000748 W32 102ca6 00000000 sub_work
B 000752 R32 108030 00000000 shared
B 000752 W32 102caa 00000000 sub_work
B 000772 R32 108034 00000000 shared
B 000772 W32 102cae 00000000 sub_work
B 00077c R32 108038 00000000 shared
B 00077c W32 102cb2 00000000 sub_work
B 000786 R16 102ba2 ffff sub_work
B 0007b2 R8 10a018 00 shared
B 0007b8 R8 1021bc 00 sub_work
B 0007d8 W16 102ce0 0000 sub_work
B 0007de W32 1007f8 000007e4 sub_work
B 004994 R8 1021bd 00 sub_work
B 0049b8 W32 1007f4 000049bc sub_work
B 004aea R8 1021bc 00 sub_work
B 004b00 R32 10080e 00000000 sub_work
B 004b1a R32 109000 0000007c shared
B 004b1a W32 1021c6 0000007c sub_work
B 004b1c R32 109004 00000100 shared
B 004b1c W32 1021ca 00000100 sub_work
B 004b1e R32 109008 0000007c shared
B 004b1e W32 1021ce 0000007c sub_work
B 004b20 R32 10900c 00000000 shared
B 004b20 W32 1021d2 00000000 sub_work
B 004b22 R32 109010 0000007c shared
B 004b22 W32 1021d6 0000007c sub_work
B 004b24 R32 109014 00000000 shared
B 004b24 W32 1021da 00000000 sub_work
B 004b26 R32 109018 0000007c shared
B 004b26 W32 1021de 0000007c sub_work
B 004b28 R32 10901c 00000000 shared
B 004b28 W32 1021e2 00000000 sub_work
B 004b2a R32 109020 0000007c shared
B 004b2a W32 1021e6 0000007c sub_work
B 004b2c R32 109024 00000000 shared
B 004b2c W32 1021ea 00000000 sub_work
B 004b2e R32 109028 0000007c shared
B 004b2e W32 1021ee 0000007c sub_work
B 004b30 R32 10902c 00000000 shared
B 004b30 W32 1021f2 00000000 sub_work
B 004b32 R32 109030 0000007c shared
B 004b32 W32 1021f6 0000007c sub_work
B 004b34 R32 109034 00000000 shared
B 004b34 W32 1021fa 00000000 sub_work
B 004b36 R32 109038 0000007e shared
B 004b36 W32 1021fe 0000007e sub_work
B 004b38 R32 10903c 00000000 shared
B 004b38 W32 102202 00000000 sub_work
B 004b3a R32 109040 ce00007e shared
B 004b3a W32 102206 ce00007e sub_work
B 004b3c R32 109044 00000000 shared
B 004b3c W32 10220a 00000000 sub_work
B 004b3e R32 1007f4 000049bc sub_work
B 0049bc W32 1007f4 000049c0 sub_work
B 004bcc R8 1021ca 00 sub_work
B 004bcc R8 1021d2 00 sub_work
B 004bcc R8 1021da 00 sub_work
B 004bcc R8 1021e2 00 sub_work
B 004bcc R8 1021ea 00 sub_work
B 004bcc R8 1021f2 00 sub_work
B 004bcc R8 1021fa 00 sub_work
B 004bcc R8 102202 00 sub_work
B 004bec R32 1007f4 000049c0 sub_work
B 0049c0 W32 1007f4 000049c4 sub_work
B 004bee R16 10227a 0000 sub_work
B 004bfe W32 1007f0 00004c02 sub_work
B 004e10 R16 102ba6 0000 sub_work
B 004e1a R16 102ba4 0000 sub_work
B 004e22 W32 1007ec 00004e26 sub_work
B 004eb6 R8 1021c8 00 sub_work
B 004eb6 R8 1021d0 00 sub_work
B 004eb6 R8 1021d8 00 sub_work
B 004eb6 R8 1021e0 00 sub_work
B 004eb6 R8 1021e8 00 sub_work
B 004eb6 R8 1021f0 00 sub_work
B 004eb6 R8 1021f8 00 sub_work
B 004eb6 R8 102200 00 sub_work
B 004eb6 R8 102208 00 sub_work
B 004eca R32 1007ec 00004e26 sub_work
B 004ea6 R32 1007f0 00004c02 sub_work
B 004c02 W32 1007f0 00004c06 sub_work
B 004d80 R16 102ba6 0000 sub_work
B 004d88 W16 108084 0000 shared
B 004d8e R16 102ba4 0000 sub_work
B 004d96 R32 1007f0 00004c06 sub_work
B 004c06 W32 1007f0 00004c0a sub_work
B 004cc4 R32 10080e 00000000 sub_work
B 004ce8 R8 1021c8 00 sub_work
B 004ce8 R8 1021d0 00 sub_work
B 004ce8 R8 1021d8 00 sub_work
B 004ce8 R8 1021e0 00 sub_work
B 004ce8 R8 1021e8 00 sub_work
B 004ce8 R8 1021f0 00 sub_work
B 004ce8 R8 1021f8 00 sub_work
B 004ce8 R8 102200 00 sub_work
B 004d06 W16 102bae 0000 sub_work
B 004d0c W16 102bb0 0000 sub_work
B 004d12 R32 1007f0 00004c0a sub_work
B 004c0a W32 1007f0 00004c0e sub_work
B 004c46 R16 102bae 0000 sub_work
B 004ca4 R32 1007f0 00004c0e sub_work
B 004c0e R16 102bae 0000 sub_work
B 004c16 R16 102ba4 0000 sub_work
B 004c1e R16 102ba6 0000 sub_work
B 004c26 R16 102c9c 0000 sub_work
B 004c2e W16 10227a 0000 sub_work
B 004c34 W16 102ba8 0000 sub_work
B 004c3a R32 1007f4 000049c4 sub_work
B 0049c4 W32 1007f4 000049c8 sub_work
B 004ed2 R16 100810 0000 sub_work
B 004ef0 R8 1021ca 00 sub_work
B 004f02 R8 1021d2 00 sub_work
B 004f02 R8 1021da 00 sub_work
B 004f02 R8 1021e2 00 sub_work
B 004f02 R8 1021ea 00 sub_work
B 004f02 R8 1021f2 00 sub_work
B 004f02 R8 1021fa 00 sub_work
B 004f12 W16 102cf2 0000 sub_work
B 004f18 W16 102cf4 0000 sub_work
B 004f1e W16 102ce2 0000 sub_work
B 004f24 R32 1007f4 000049c8 sub_work
B 0049c8 R16 10227a 0000 sub_work
B 004a38 W32 102220 ffff0000 sub_work
B 004a42 W32 102224 ffff0000 sub_work
B 004a4c W32 102228 ffff0000 sub_work
B 004a56 R32 1007f8 000007e4 sub_work
B 0007e4 W32 1007f8 000007ea sub_work
B 000ada W32 1007f4 00000ade sub_work
B 000ae4 R16 102ce0 0000 sub_work
B 000aec R8 10080b 8c sub_work
B 000afe R8 10081f 00 sub_work
B 000afe W8 102bb2 00 sub_work
B 000b06 R8 100820 00 sub_work
B 000b06 W8 102bb3 00 sub_work
B 000b1a W32 1007f0 00000b1e sub_work
B 000b5e W32 1007ec 00000b62 sub_work
B 004b5c R8 1021c7 00 sub_work
B 004b5e R16 102214 0000 sub_work
B 004b66 R16 102214 0000 sub_work
B 004b6c W32 1007e8 00004b70 sub_work
B 004b90 W8 100818 00 sub_work
B 004b98 R8 1021cf 00 sub_work
B 004b9e W8 100819 00 sub_work
B 004b98 R8 1021d7 00 sub_work
B 004b9e W8 10081a 00 sub_work
B 004b98 R8 1021df 00 sub_work
B 004b9e W8 10081b 00 sub_work
B 004b98 R8 1021e7 00 sub_work
B 004b9e W8 10081c 00 sub_work
B 004b98 R8 1021ef 00 sub_work
B 004b9e W8 10081d 00 sub_work
B 004b98 R8 1021f7 00 sub_work
B 004b9e W8 10081e 00 sub_work
B 004b98 R8 1021ff 00 sub_work
B 004b9e W8 10081f 00 sub_work
B 004b98 R8 102207 00 sub_work
B 004b9e W8 100820 00 sub_work
B 004bb6 R32 1007e8 00004b70 sub_work
B 004b78 R16 102214 0000 sub_work
B 004b7e W16 102214 0000 sub_work
B 004b80 W16 102216 ffff sub_work
B 004b84 R32 1007ec 00000b62 sub_work
B 000b62 R16 102216 ffff sub_work
B 000b68 R16 102ba6 0000 sub_work
B 000b70 R32 1007f0 00000b1e sub_work
B 000b1e R16 102ce0 0000 sub_work
B 000b26 R32 1007f4 00000ade sub_work
B 000ade W32 1007f4 00000ae2 sub_work
B 000b90 R16 100816 0000 sub_work
B 000b96 R16 1027f6 0000 sub_work
B 000ba8 R16 100816 0000 sub_work
B 000bb6 R16 1080a2 0000 shared
B 000c0c W16 102cec 0000 sub_work
B 000c12 W16 108018 0000 shared
B 000c18 R32 1007f4 00000ae2 sub_work
B 000ae2 R32 1007f8 000007ea sub_work
B 0007ea R16 102cec 0000 sub_work
B 0007ea W16 1080a4 0000 shared
B 0007f4 W32 1007f8 000007fa sub_work
B 001d8e R16 102ce0 0000 sub_work
B 001d96 R8 10080b 8c sub_work
B 001dc2 R16 10227a 0000 sub_work
B 001dca R32 1007f8 000007fa sub_work
B 0007fa W32 1007f8 00000800 sub_work
B 0025aa W32 1007f4 000025ae sub_work
B 0025fa R16 100812 86f0 sub_work
B 002606 R16 101382 0000 sub_work
B 002bd8 W32 1007f0 00002bdc sub_work
B 00339c R32 1007f0 00002bdc sub_work
B 002be2 R16 1012b2 0000 sub_work
B 002be8 W16 1011e2 034c sub_work
B 002bf2 R16 1012b4 0000 sub_work
B 002bf8 W16 1011e4 034e sub_work
B 002c02 R16 1012b6 0000 sub_work
B 002c08 W16 1011e6 0350 sub_work
B 002c12 R16 1012b8 0000 sub_work
B 002c18 W16 1011e8 0352 sub_work
B 002c22 R16 1012ba 0000 sub_work
B 002c28 W16 1011ea 0354 sub_work
B 002c32 R16 1012bc 0000 sub_work
B 002c38 W16 1011ec 0356 sub_work
B 002c42 R16 1012be 0000 sub_work
B 002c48 W16 1011ee 0358 sub_work
B 002c52 R16 1012c0 0000 sub_work
B 002c58 W16 1011f0 035a sub_work
B 002c62 R16 1012c2 0000 sub_work
B 002c68 W16 1011f2 035c sub_work
B 002c72 R16 1012c4 0000 sub_work
B 002c78 W16 1011f4 035e sub_work
B 002c82 R16 1012c6 0000 sub_work
B 002c88 W16 1011f6 0360 sub_work
B 002c92 R16 1012c8 0000 sub_work
B 002c98 W16 1011f8 0362 sub_work
B 002ca2 R16 1012ca 0000 sub_work
B 002ca8 W16 1011fa 0364 sub_work
B 002cb2 R16 1012cc 0000 sub_work
B 002cb8 W16 1011fc 0366 sub_work
B 002cc2 R16 1012ce 0000 sub_work
B 002cc8 W16 1011fe 0368 sub_work
B 002cd2 R16 1012d0 0000 sub_work
B 002cd8 W16 101200 036a sub_work
B 002ce2 R16 1012d2 0000 sub_work
B 002ce8 W16 101202 036b sub_work
B 002cf2 R16 1012d4 0000 sub_work
B 002cf8 W16 101204 036d sub_work
B 002d02 R16 1012d6 0000 sub_work
B 002d08 W16 101206 036f sub_work
B 002d12 R16 1012d8 0000 sub_work
B 002d18 W16 101208 0371 sub_work
B 002d22 R16 1012da 0000 sub_work
B 002d28 W16 10120a 0373 sub_work
B 002d32 R16 1012dc 0000 sub_work
B 002d38 W16 10120c 0375 sub_work
B 002d42 R16 1012de 0000 sub_work
B 002d48 W16 10120e 0377 sub_work
B 002d52 R16 1012e0 0000 sub_work
B 002d58 W16 101210 0379 sub_work
B 002d62 R16 1012e2 0000 sub_work
B 002d68 W16 101212 037b sub_work
B 002d72 R16 1012e4 0000 sub_work
B 002d78 W16 101214 037d sub_work
B 002d82 R16 1012e6 0000 sub_work
B 002d88 W16 101216 037f sub_work
B 002d92 R16 1012e8 0000 sub_work
B 002d98 W16 101218 0381 sub_work
B 002da2 R16 1012ea 0000 sub_work
B 002da8 W16 10121a 0383 sub_work
B 002db2 R16 1012ec 0000 sub_work
B 002db8 W16 10121c 0385 sub_work
B 002dc2 R16 1012ee 0000 sub_work
B 002dc8 W16 10121e 0387 sub_work
B 002dd2 R16 1012f0 0000 sub_work
B 002dd8 W16 101220 0389 sub_work
B 002de2 R16 1012f2 0000 sub_work
B 002de8 W16 101222 038b sub_work
B 002df2 R16 1012f4 0000 sub_work
B 002df8 W16 101224 038d sub_work
B 002e02 R16 1012f6 0000 sub_work
B 002e08 W16 101226 038e sub_work
B 002e12 R16 1012f8 0000 sub_work
B 002e18 W16 101228 0390 sub_work
B 002e22 R16 1012fa 0000 sub_work
B 002e28 W16 10122a 0392 sub_work
B 002e32 R16 1012fc 0000 sub_work
B 002e38 W16 10122c 0394 sub_work
B 002e42 R16 1012fe 0000 sub_work
B 002e48 W16 10122e 0396 sub_work
B 002e52 R16 101300 0000 sub_work
B 002e58 W16 101230 0398 sub_work
B 002e62 R16 101302 0000 sub_work
B 002e68 W16 101232 039a sub_work
B 002e72 R16 101304 0000 sub_work
B 002e78 W16 101234 039c sub_work
B 002e82 R16 101306 0000 sub_work
B 002e88 W16 101236 039e sub_work
B 002e92 R16 101308 0000 sub_work
B 002e98 W16 101238 03a0 sub_work
B 002ea2 R16 10130a 0000 sub_work
B 002ea8 W16 10123a 03a2 sub_work
B 002eb2 R16 10130c 0000 sub_work
B 002eb8 W16 10123c 03a4 sub_work
B 002ec2 R16 10130e 0000 sub_work
B 002ec8 W16 10123e 03a6 sub_work
B 002ed2 R16 101310 0000 sub_work
B 002ed8 W16 101240 03a8 sub_work
B 002ee2 R16 101312 0000 sub_work
B 002ee8 W16 101242 03aa sub_work
B 002ef2 R16 101314 0000 sub_work
B 002ef8 W16 101244 03ac sub_work
B 002f02 R16 101316 0000 sub_work
B 002f08 W16 101246 03ae sub_work
B 002f12 R16 101318 0000 sub_work
B 002f18 W16 101248 03af sub_work
B 002f22 R16 10131a 0000 sub_work
B 002f28 W16 10124a 03b1 sub_work
B 002f32 R16 10131c 0000 sub_work
B 002f38 W16 10124c 03b3 sub_work
B 002f42 R16 10131e 0000 sub_work
B 002f48 W16 10124e 03b5 sub_work
B 002f52 R16 101320 0000 sub_work
B 002f58 W16 101250 03b7 sub_work
B 002f62 R16 101322 0000 sub_work
B 002f68 W16 101252 03b9 sub_work
B 002f72 R16 101324 0000 sub_work
B 002f78 W16 101254 03bb sub_work
B 002f82 R16 101326 0000 sub_work
B 002f88 W16 101256 03bd sub_work
B 002f92 R16 101328 0000 sub_work
B 002f98 W16 101258 03bf sub_work
B 002fa2 R16 10132a 0000 sub_work
B 002fa8 W16 10125a 03c1 sub_work
B 002fb2 R16 10132c 0000 sub_work
B 002fb8 W16 10125c 03c3 sub_work
B 002fc2 R16 10132e 0000 sub_work
B 002fc8 W16 10125e 03c5 sub_work
B 002fd2 R16 101330 0000 sub_work
B 002fd8 W16 101260 03c7 sub_work
B 002fe2 R16 101332 0000 sub_work
B 002fe8 W16 101262 03c9 sub_work
B 002ff2 R16 101334 0000 sub_work
B 002ff8 W16 101264 03cb sub_work
B 003002 R16 101336 0000 sub_work
B 003008 W16 101266 03cd sub_work
B 003012 R16 101338 0000 sub_work
B 003018 W16 101268 03cf sub_work
B 003022 R16 10133a 0000 sub_work
B 003028 W16 10126a 03d1 sub_work
B 003032 R16 10133c 0000 sub_work
B 003038 W16 10126c 03d2 sub_work
B 003042 R16 10133e 0000 sub_work
B 003048 W16 10126e 03d4 sub_work
B 003052 R16 101340 0000 sub_work
B 003058 W16 101270 03d6 sub_work
B 003062 R16 101342 0000 sub_work
B 003068 W16 101272 03d8 sub_work
B 003072 R16 101344 0000 sub_work
B 003078 W16 101274 03da sub_work
B 003082 R16 101346 0000 sub_work
B 003088 W16 101276 03dc sub_work
B 003092 R16 101348 0000 sub_work
B 003098 W16 101278 03de sub_work
B 0030a2 R16 10134a 0000 sub_work
B 0030a8 W16 10127a 03e0 sub_work
B 0030b2 R16 10134c 0000 sub_work
B 0030b8 W16 10127c 03e2 sub_work
B 0030c2 R16 10134e 0000 sub_work
B 0030c8 W16 10127e 03e4 sub_work
B 0030d2 R16 101350 0000 sub_work
B 0030d8 W16 101280 03e6 sub_work
B 0030e2 R16 101352 0000 sub_work
B 0030e8 W16 101282 03e8 sub_work
B 0030f2 R16 101354 0000 sub_work
B 0030f8 W16 101284 03ea sub_work
B 003102 R16 101356 0000 sub_work
B 003108 W16 101286 03ec sub_work
B 003112 R16 101358 0000 sub_work
B 003118 W16 101288 03ee sub_work
B 003122 R16 10135a 0000 sub_work
B 003128 W16 10128a 03f0 sub_work
B 003132 R16 10135c 0000 sub_work
B 003138 W16 10128c 03f2 sub_work
B 003142 R16 10135e 0000 sub_work
B 003148 W16 10128e 03f4 sub_work
B 003152 R16 101360 0000 sub_work
B 003158 W16 101290 03f5 sub_work
B 003162 R16 101362 0000 sub_work
B 003168 W16 101292 03f7 sub_work
B 003172 R16 101364 0000 sub_work
B 003178 W16 101294 03f9 sub_work
B 003182 R16 101366 0000 sub_work
B 003188 W16 101296 03fb sub_work
B 003192 R16 101368 0000 sub_work
B 003198 W16 101298 03fd sub_work
B 0031a2 R16 10136a 0000 sub_work
B 0031a8 W16 10129a 03ff sub_work
B 0031b2 R16 10136c 0000 sub_work
B 0031b8 W16 10129c 0401 sub_work
B 0031c2 R16 10136e 0000 sub_work
B 0031c8 W16 10129e 0403 sub_work
B 0031d2 R16 101370 0000 sub_work
B 0031d8 W16 1012a0 0405 sub_work
B 0031e2 R16 101372 0000 sub_work
B 0031e8 W16 1012a2 0407 sub_work
B 0031f2 R16 101374 0000 sub_work
B 0031f8 W16 1012a4 0409 sub_work
B 003202 R16 101376 0000 sub_work
B 003208 W16 1012a6 040b sub_work
B 003212 R16 101378 0000 sub_work
B 003218 W16 1012a8 040d sub_work
B 003222 R16 10137a 0000 sub_work
B 003228 W16 1012aa 040f sub_work
B 003232 R16 10137c 0000 sub_work
B 003238 W16 1012ac 0411 sub_work
B 003242 R16 10137e 0000 sub_work
B 003248 W16 1012ae 0413 sub_work
B 003252 R16 101380 0000 sub_work
B 003258 W16 1012b0 0415 sub_work
B 00325c R32 1007f4 000025ae sub_work
B 0025ae R16 10227a 0000 sub_work
B 0025ec R32 1007f8 00000800 sub_work
B 000800 W32 1007f8 00000806 sub_work
B 00339e W32 1007f4 000033a2 sub_work
B 00348c R32 10080e 00000000 sub_work
B 0034ae R16 102bb6 0000 sub_work
B 0034c4 W16 101384 2010 sub_work
B 0034c6 W16 102bc6 2010 sub_work
B 0034d4 W16 101386 1014 sub_work
B 0034d6 W16 102bc8 1014 sub_work
B 0034e4 W16 101388 4018 sub_work
B 0034e6 W16 102bca 4018 sub_work
B 0034f4 W16 10138a 001c sub_work
B 0034f6 W16 102bcc 001c sub_work
B 003504 W16 10138c 6020 sub_work
B 003506 W16 102bce 6020 sub_work
B 003514 W16 10138e 4024 sub_work
B 003516 W16 102bd0 4024 sub_work
B 003524 W16 101390 2028 sub_work
B 003526 W16 102bd2 2028 sub_work
B 003534 W16 101392 102b sub_work
B 003536 W16 102bd4 102b sub_work
B 003544 W16 101394 002f sub_work
B 003546 W16 102bd6 002f sub_work
B 003554 W16 101396 7033 sub_work
B 003556 W16 102bd8 7033 sub_work
B 003564 W16 101398 7037 sub_work
B 003566 W16 102bda 7037 sub_work
B 003574 W16 10139a 603b sub_work
B 003576 W16 102bdc 603b sub_work
B 003584 W16 10139c 603f sub_work
B 003586 W16 102bde 603f sub_work
B 003594 W16 10139e 5043 sub_work
B 003596 W16 102be0 5043 sub_work
B 0035a4 W16 1013a0 5047 sub_work
B 0035a6 W16 102be2 5047 sub_work
B 0035b4 W16 1013a2 404b sub_work
B 0035b6 W16 102be4 404b sub_work
B 0035c4 W16 1013a4 404f sub_work
B 0035c6 W16 102be6 404f sub_work
B 0035d4 W16 1013a6 4053 sub_work
B 0035d6 W16 102be8 4053 sub_work
B 0035e4 W16 1013a8 4056 sub_work
B 0035e6 W16 102bea 4056 sub_work
B 0035f4 W16 1013aa 305a sub_work
B 0035f6 W16 102bec 305a sub_work
B 003604 W16 1013ac 305e sub_work
B 003606 W16 102bee 305e sub_work
A 001092 R16 100100 0000 work_low
A 001096 W16 100000 0001 work_low
A 001098 W32 100002 001028bc work_low
A 00109c R32 1028f8 000009aa work_low
A 00109c W32 100006 000009aa work_low
A 001056 R32 100102 00103eba work_low
A 00105a R16 100100 0000 work_low
A 001034 W16 100100 0010 work_low
A 00103c R16 100010 0000 work_low
A 00105a R16 100100 0010 work_low
A 001034 W16 100100 0020 work_low
A 00103c R16 100020 0000 work_low
A 00105a R16 100100 0020 work_low
A 001034 W16 100100 0030 work_low
A 00103c R16 100030 0000 work_low
A 00105a R16 100100 0030 work_low
A 001034 W16 100100 0040 work_low
A 00103c R16 100040 0001 work_low
A 001042 R16 100040 0001 work_low
A 001042 W16 100040 0000 work_low
A 001048 W32 100102 00103eba work_low
A 00104c R32 100042 00102cc0 work_low
A 001050 R32 102cc0 199999cf work_low
A 001050 R32 102cc4 00000001 work_low
A 001050 R32 102cc8 ffffff00 work_low
A 001050 R32 102ccc ffff0000 work_low
A 001050 R32 102cd0 00003007 work_low
A 001050 R32 102cd4 00000000 work_low
A 001050 R32 102cd8 00000000 work_low
A 001050 R32 102cdc 00000005 work_low
A 001050 R32 102ce0 00100215 work_low
A 001050 R32 102ce4 00100200 work_low
A 001050 R32 102ce8 0002a6a2 work_low
A 001050 R32 102cec 00a00002 work_low
A 001050 R32 102cf0 00000000 work_low
A 001050 R32 102cf4 00108000 work_low
A 001050 R32 102cf8 00c04000 work_low
A 001054 R32 102cfc 0000199e work_low
A 00196e W32 102cfc 00001972 work_low
A 00644c R8 100408 00 work_low
A 00644e W32 102cf8 00006450 work_low
A 006458 W32 102cf4 0000645a work_low
A 006486 W16 c04294 0020 tilemap
A 006488 R32 102cf4 0000645a work_low
A 006486 W16 c04296 0020 tilemap
A 006488 R32 102cf8 00006450 work_low
A 00644c R8 100409 00 work_low
A 00644e W32 102cf8 00006450 work_low
A 006458 W32 102cf4 0000645a work_low
A 006486 W16 c04298 0020 tilemap
A 006488 R32 102cf4 0000645a work_low
A 006486 W16 c0429a 0020 tilemap
A 006488 R32 102cf8 00006450 work_low
A 00644c R8 10040a 00 work_low
A 00644e W32 102cf8 00006450 work_low
A 006458 W32 102cf4 0000645a work_low
A 006486 W16 c0429c 0020 tilemap
A 006488 R32 102cf4 0000645a work_low
A 006486 W16 c0429e 0020 tilemap
A 006488 R32 102cf8 00006450 work_low
A 00644c R8 10040b 00 work_low
A 00644e W32 102cf8 00006450 work_low
A 006458 W32 102cf4 0000645a work_low
A 006486 W16 c042a0 0020 tilemap
A 006488 R32 102cf4 0000645a work_low
A 006486 W16 c042a2 0030 tilemap
A 006488 R32 102cf8 00006450 work_low
A 006454 R32 102cfc 00001972 work_low
A 001972 R32 100408 00000000 work_low
A 001976 R32 101766 02592020 work_low
A 00198e W32 102cfc 00001992 work_low
A 001abe R8 10019e ff work_low
A 001ac6 R8 100200 58 work_low
A 001ad6 R32 100202 199999cf work_low
A 001ada W32 100202 8444447a work_low
A 001ade R8 100201 43 work_low
A 001ade W8 100201 41 work_low
A 001ae0 R8 100200 58 work_low
A 001ae0 W8 100200 58 work_low
A 001ae4 R8 100200 58 work_low
A 001b40 R8 100217 90 work_low
A 001b40 W8 100217 85 work_low
A 001b42 R8 100216 15 work_low
A 001b42 W8 100216 17 work_low
A 001b44 R8 100215 03 work_low
A 001b44 W8 100215 03 work_low
A 001b46 R8 100215 03 work_low
A 001b54 R32 102cfc 00001992 work_low
A 001992 R16 1002ce 0000 work_low
A 00199a W32 102cfc 0000199e work_low
A 00108a W16 102cfa 4000 work_low
A 00108a W16 102cf8 00c0 work_low
A 00108a W16 102cf6 8000 work_low
A 00108a W16 102cf4 0010 work_low
A 00108a W16 102cf2 0000 work_low
A 00108a W16 102cf0 0000 work_low
A 00108a W16 102cee 0002 work_low
A 00108a W16 102cec 00a0 work_low
A 00108a W16 102cea a6a2 work_low
A 00108a W16 102ce8 0002 work_low
A 00108a W16 102ce6 0200 work_low
A 00108a W16 102ce4 0010 work_low
A 00108a W16 102ce2 0215 work_low
A 00108a W16 102ce0 0010 work_low
A 00108a W16 102cde 0005 work_low
A 00108a W16 102cdc 0000 work_low
A 00108a W16 102cda 0000 work_low
A 00108a W16 102cd8 0000 work_low
A 00108a W16 102cd6 0000 work_low
A 00108a W16 102cd4 0000 work_low
A 00108a W16 102cd2 3007 work_low
A 00108a W16 102cd0 0000 work_low
A 00108a W16 102cce 0000 work_low
A 00108a W16 102ccc ffff work_low
A 00108a W16 102cca ff00 work_low
A 00108a W16 102cc8 ffff work_low
A 00108a W16 102cc6 0001 work_low
A 00108a W16 102cc4 0000 work_low
A 00108a W16 102cc2 447a work_low
A 00108a W16 102cc0 8444 work_low
A 001092 R16 100100 0040 work_low
A 001096 W16 100040 0001 work_low
A 001098 W32 100042 00102cc0 work_low
A 00109c R32 102cfc 0000199e work_low
A 00109c W32 100046 0000199e work_low
A 001056 R32 100102 00103eba work_low
A 00105a R16 100100 0040 work_low
A 001034 W16 100100 0050 work_low
A 00103c R16 100050 0001 work_low
A 001042 R16 100050 0001 work_low
A 001042 W16 100050 0000 work_low
A 001048 W32 100102 00103eba work_low
A 00104c R32 100052 00102dc0 work_low
A 001050 R32 102dc0 00000000 work_low
A 001050 R32 102dc4 00000001 work_low
A 001050 R32 102dc8 00000007 work_low
A 001050 R32 102dcc 00000002 work_low
A 001050 R32 102dd0 0000017e work_low
A 001050 R32 102dd4 04a004a0 work_low
A 001050 R32 102dd8 74708b90 work_low
A 001050 R32 102ddc 0000ffff work_low
A 001050 R32 102de0 00100540 work_low
A 001050 R32 102de4 00c061c0 work_low
A 001050 R32 102de8 00033e9a work_low
A 001050 R32 102dec 0010a080 work_low
A 001050 R32 102df0 00100300 work_low
A 001050 R32 102df4 00108000 work_low
A 001050 R32 102df8 00c0484e work_low
A 001054 R32 102dfc 00004884 work_low
A 00484c R16 10012e 0000 work_low
A 004856 R16 10021a 0000 work_low
A 004864 W32 102dfc 00004868 work_low
A 007e04 W16 101710 0000 work_low
A 007e10 W32 102df8 00007e14 work_low
A 0081c4 R16 10012e 0000 work_low
A 0081d4 R16 100300 0000 work_low
A 0081f6 R16 10012e 0000 work_low
A 008202 R16 100300 0000 work_low
A 00820c W16 100300 0000 work_low
A 008210 R32 102df8 00007e14 work_low
A 007e14 R16 10019e ffff work_low
A 007e2e R16 1001f8 00a2 work_low
A 007e2e W16 1001f8 00a3 work_low
A 007e32 W32 102df8 00007e36 work_low
A 008212 W16 100434 0000 work_low
A 008216 W32 102df4 0000821a work_low
A 008318 R16 108094 0000 shared
A 008328 R32 102df4 0000821a work_low
A 00821a R8 10040f 00 work_low
A 00821e R8 100425 00 work_low
A 008236 W32 102df4 0000823a work_low
A 0083ca R16 100440 0000 work_low
A 0083ce R8 109001 00 shared
A 0083d4 R16 10a05a 0000 shared
A 0083d8 R8 109001 00 shared
A 008414 R32 102df4 0000823a work_low
A 00823a W32 102df4 0000823e work_low
A 008416 R8 10040f 00 work_low
A 00841e R8 108007 74 shared
A 00845e R32 102df4 0000823e work_low
A 00823e W32 102df4 00008242 work_low
A 00816a R16 10a05a 0000 shared
A 008172 R8 109001 00 shared
A 008176 R8 10a04e 00 shared
A 008188 R32 102df4 00008242 work_low
A 008242 R8 10040f 00 work_low
A 008250 W32 102df4 00008254 work_low
A 008460 R8 10040f 00 work_low
A 008468 R16 1003a2 0003 work_low
A 00846e R8 100303 00 work_low
A 0084bc R32 102df4 00008254 work_low
A 008254 R8 10040f 00 work_low
A 008262 W32 102df4 00008266 work_low
A 0084e8 R32 100300 00000000 work_low
A 0084ec R16 100306 0000 work_low
A 0084f2 R8 100200 58 work_low
A 0084f8 R8 10040f 00 work_low
A 008582 R16 100404 0000 work_low
A 00858c W16 100404 0000 work_low
A 008590 R32 102df4 00008266 work_low
A 008266 W32 102df4 0000826a work_low
A 008598 R16 10a05a 0000 shared
A 00859c R8 109001 00 shared
A 0085d6 R32 102df4 0000826a work_low
A 00826a W32 102df4 0000826e work_low
A 0085d8 W32 102df0 000085dc work_low
A 008850 R8 100303 00 work_low
A 008854 R8 10040f 00 work_low
A 008862 R8 100302 00 work_low
A 008870 R16 10039a 0052 work_low
A 008874 R32 102df0 000085dc work_low
A 0085dc R16 100402 0000 work_low
A 0085f2 R32 102df4 0000826e work_low
A 00826e W32 102df4 00008272 work_low
A 0085f4 R8 10018d 00 work_low
A 0085fc R32 10a05c 747086f0 shared
A 008606 R16 10a044 86f0 shared
A 008620 R8 10a048 01 shared
A 008620 W8 10a048 01 shared
A 008626 W16 100480 0000 work_low
A 0086b2 R32 102df4 00008272 work_low
A 008272 W32 102df4 00008276 work_low
A 0086b8 R32 10041c 00000000 work_low
A 0086ce R8 100302 00 work_low
A 0086ea R8 100303 00 work_low
A 0086fe R32 102df4 00008276 work_low
A 008276 W32 102df4 0000827a work_low
A 008700 W32 10041c 00000000 work_low
A 008706 W16 10a050 0000 shared
A 00870a R8 10a048 01 shared
A 00870a W8 10a048 01 shared
A 008714 R32 102df4 0000827a work_low
A 00827a W32 102df4 0000827e work_low
A 00871a W32 102df0 0000871e work_low
A 008876 R8 10040f 00 work_low
A 00887e R16 100300 0000 work_low
A 008882 W32 102dec 00008886 work_low
A 008bc4 R32 102dec 00008886 work_low
A 008886 W16 100410 0000 work_low
A 00888a R16 10a052 0000 shared
A 0088bc R8 100436 00 work_low
A 0088bc W8 10a04c 00 shared
A 0088c2 R32 102df0 0000871e work_low
A 00871e W32 102df0 00008722 work_low
A 0088c8 R16 10a05a 0000 shared
A 0088cc R8 109000 00 shared
A 008916 R32 102df0 00008722 work_low
A 008722 W32 102df0 00008726 work_low
A 00891c R8 100410 00 work_low
A 008924 W32 102dec 00008926 work_low
A 00892a R16 108004 ffff shared
A 008962 R8 10a048 01 shared
A 008976 R8 1001bc 00 work_low
A 008a4e R32 10043c 00000000 work_low
A 008a74 R32 102dec 00008926 work_low
A 008928 R32 102df0 00008726 work_low
A 008726 W32 102df0 0000872a work_low
A 008ab6 R32 102df0 0000872a work_low
A 00872a W32 102df0 0000872e work_low
A 008abc R32 10a05c 747086f0 shared
A 008ac8 R16 10a044 86f0 shared
A 008ace R16 10a05a 0000 shared
A 008ade R8 109000 00 shared
A 008b00 W16 10a052 0000 shared
A 008b04 R8 10018d 00 work_low
A 008b0c R8 109000 00 shared
A 008b20 W16 10a054 0000 shared
A 008b26 R16 10a054 0000 shared
A 008b26 W16 10a054 0000 shared
A 008b2a R16 10a054 0000 shared
A 008b2e R32 102df0 0000872e work_low
A 00872e W32 102df0 00008732 work_low
A 008b30 R8 109002 00 shared
A 008b4c R32 10a05c 747086f0 shared
A 008b56 R16 108090 0000 shared
A 008b60 R16 10a044 86f0 shared
A 008b84 W16 10a044 86f0 shared
A 008b88 W16 10a014 0000 shared
A 008b8c W16 10a012 0000 shared
A 008b92 R32 10a040 00000080 shared
A 008b9e W32 10a040 00000080 shared
A 008ba2 R32 102df0 00008732 work_low
A 00873c R32 102df4 0000827e work_low
A 00827e W32 102df4 00008282 work_low
A 0082b6 R16 1002ee 0000 work_low
A 0082c0 R16 10a05a 0000 shared
A 0082c4 R8 109004 00 shared
A 008316 R32 102df4 00008282 work_low
A 008282 W32 102df4 00008286 work_low
A 00873e R16 10a050 0000 shared
A 00874a W32 102df0 0000874e work_low
A 008bc6 W32 100186 00000000 work_low
A 008bf2 R32 102df0 0000874e work_low
A 00874e R16 10012e 0000 work_low
A 008762 R8 100189 00 work_low
A 008762 R8 10048b 00 work_low
A 008762 W8 10048b 00 work_low
A 008762 R8 100188 00 work_low
A 008762 R8 10048a 00 work_low
A 008762 W8 10048a 00 work_low
A 008762 R8 100187 00 work_low
A 008762 R8 100489 00 work_low
A 008762 W8 100489 00 work_low
A 008762 R8 100186 00 work_low
A 008762 R8 100488 00 work_low
A 008762 W8 100488 00 work_low
A 008768 R32 102df4 00008286 work_low
A 008286 W32 102df4 0000828a work_low
A 00876a R16 10a050 0000 shared
A 008786 W32 102df0 0000878a work_low
A 008bc6 W32 100186 00000000 work_low
A 008bf2 R32 102df0 0000878a work_low
A 00878a R32 100186 00000000 work_low
A 00878e R16 100400 0000 work_low
A 00879e W16 100186 9999 work_low
A 0087a6 R16 100400 0000 work_low
A 0087d4 R16 100400 0000 work_low
A 0087d8 R16 10048c 0000 work_low
A 0087de W16 10048c 0000 work_low
A 0087e2 R32 102df4 0000828a work_low
A 00828a W32 102df4 0000828e work_low
A 0087e4 W32 102df0 000087e8 work_low
A 008850 R8 100303 00 work_low
A 008854 R8 10040f 00 work_low
A 008862 R8 100302 00 work_low
A 008870 R16 10039a 0052 work_low
A 008874 R32 102df0 000087e8 work_low
A 0087e8 R16 10a050 0000 shared
A 008828 R16 100402 0000 work_low
A 00884a W16 100402 0000 work_low
A 00884e R32 102df4 0000828e work_low
A 00828e W32 102df4 00008292 work_low
A 00aa56 R16 10012e 0000 work_low
A 00aa5c R8 10a049 00 shared
A 00aa84 R8 100442 00 work_low
A 00aaa0 W8 100442 00 work_low
A 00aaa4 R8 100402 00 work_low
A 00aac6 W16 101708 003f work_low
A 00aaca R32 102df4 00008292 work_low
A 008292 R16 10a05a 0000 shared
A 008292 W16 100440 0000 work_low
A 008298 W32 102df4 0000829c work_low
A 007ff4 R8 10a049 00 shared
A 007ff4 W8 10a049 00 shared
A 007ffe R16 10a05a 0000 shared
A 008002 R32 10a040 00000080 shared
A 008010 R16 10a058 0000 shared
A 0080a0 R8 10a049 00 shared
A 0080a0 W8 10a049 00 shared
A 0080a6 R8 10a042 00 shared
A 0080ac R16 10a05a 0000 shared
A 0080b0 R8 109002 00 shared
A 00811c R8 10a049 00 shared
A 00811c W8 10a049 00 shared
A 008122 R32 102df4 0000829c work_low
A 00829c W32 102df4 000082a0 work_low
A 008c2a R8 10a04c 00 shared
A 008c30 R8 10040f 00 work_low
A 008c4c R16 10043c 0000 work_low
A 008c6a R8 10040f 00 work_low
A 008c72 R8 10a04e 00 shared
A 008c8c W16 10a04a 0050 shared
A 008c90 R16 10a050 0000 shared
A 008cd4 R32 102df4 000082a0 work_low
A 0082a0 R32 100488 00000000 work_low
A 0082aa W32 100408 00000000 work_low
A 0082ae R32 100300 00000000 work_low
A 0082ae W32 100304 00000000 work_low
A 0082b4 R32 102df8 00007e36 work_low
A 007e36 W32 102df8 00007e3a work_low
A 008e1e R16 100124 0003 work_low
A 008eee R32 102df8 00007e3a work_low
A 007e3a W32 102df8 00007e3e work_low
A 009bc4 R8 100218 00 work_low
A 009bca R8 100425 00 work_low
A 009bd2 W16 1001e4 0000 work_low
A 009bd6 R16 10a05a 0000 shared
A 009bde W8 1001e4 00 work_low
A 009be2 W32 102df4 00009be6 work_low
A 009af0 R16 10012c 0000 work_low
A 009af8 R8 100200 58 work_low
A 009b1c W16 10017e 0000 work_low
A 009b20 R16 10017e 0000 work_low
A 009b4a R32 102df4 00009be6 work_low
A 009be8 W32 102df4 00009bea work_low
A 009bf0 R8 108007 74 shared
A 009c54 R32 102df4 00009bea work_low
A 009bea W32 102df4 00009bee work_low
A 009c5c R16 108002 078c shared
A 009c74 R8 10a408 03 shared
A 009c80 R8 1001e4 00 work_low
A 009c86 R8 10a058 00 shared
A 009c8a R8 10a418 00 shared
A 009cae R16 10a044 86f0 shared
A 009cb2 R16 10a404 8f00 shared
A 009cba R16 10a40a 036a shared
A 009cda R16 10a044 86f0 shared
A 009cde R16 10a404 8f00 shared
A 009d04 R16 100448 0000 work_low
A 009d0a W32 102df0 00009d0e work_low
A 009dc2 R32 100444 00000000 work_low
A 009dc8 R8 10a408 03 shared
A 009e28 R32 102df0 00009d0e work_low
A 009d12 R32 100420 00000000 work_low
A 009c74 R8 10a448 03 shared
A 009c80 R8 1001e4 00 work_low
A 009c86 R8 10a058 00 shared
A 009c8a R8 10a458 00 shared
A 009cae R16 10a044 86f0 shared
A 009cb2 R16 10a444 8f00 shared
A 009cba R16 10a44a 036a shared
A 009cda R16 10a044 86f0 shared
A 009cde R16 10a444 8f00 shared
A 009d04 R16 100448 0000 work_low
A 009d0a W32 102df0 00009d0e work_low
A 009dc2 R32 100444 00000000 work_low
A 009dc8 R8 10a448 03 shared
A 009e28 R32 102df0 00009d0e work_low
A 009d12 R32 100420 00000000 work_low
A 009c74 R8 10a488 03 shared
A 009c80 R8 1001e4 00 work_low
A 009c86 R8 10a058 00 shared
A 009c8a R8 10a498 00 shared
A 009cae R16 10a044 86f0 shared
A 009cb2 R16 10a484 8f00 shared
A 009cba R16 10a48a 036a shared
A 009cda R16 10a044 86f0 shared
A 009cde R16 10a484 8f00 shared
A 009d04 R16 100448 0000 work_low
A 009d0a W32 102df0 00009d0e work_low
A 009dc2 R32 100444 00000000 work_low
A 009dc8 R8 10a488 03 shared
A 009e28 R32 102df0 00009d0e work_low
A 009d12 R32 100420 00000000 work_low
A 009c74 R8 10a4c8 03 shared
A 009c80 R8 1001e4 00 work_low
A 009c86 R8 10a058 00 shared
A 009c8a R8 10a4d8 00 shared
A 009cae R16 10a044 86f0 shared
A 009cb2 R16 10a4c4 8f00 shared
A 009cba R16 10a4ca 036a shared
A 009cda R16 10a044 86f0 shared
A 009cde R16 10a4c4 8f00 shared
A 009d04 R16 100448 0000 work_low
A 009d0a W32 102df0 00009d0e work_low
A 009dc2 R32 100444 00000000 work_low
A 009dc8 R8 10a4c8 03 shared
A 009e28 R32 102df0 00009d0e work_low
A 009d12 R32 100420 00000000 work_low
A 009c74 R8 10a508 03 shared
A 009c80 R8 1001e4 00 work_low
A 009c86 R8 10a058 00 shared
A 009c8a R8 10a518 00 shared
A 009cae R16 10a044 86f0 shared
A 009cb2 R16 10a504 6c60 shared
A 009d12 R32 100420 00000000 work_low
A 009c74 R8 10a548 03 shared
A 009c80 R8 1001e4 00 work_low
A 009c86 R8 10a058 00 shared
A 009c8a R8 10a558 00 shared
A 009cae R16 10a044 86f0 shared
A 009cb2 R16 10a544 6c60 shared
A 009d12 R32 100420 00000000 work_low
A 009c74 R8 10a588 03 shared
A 009c80 R8 1001e4 00 work_low
A 009c86 R8 10a058 00 shared
A 009c8a R8 10a598 00 shared
B 003614 W16 1013ae 3062 sub_work
B 003616 W16 102bf0 3062 sub_work
B 003624 W16 1013b0 3066 sub_work
B 003626 W16 102bf2 3066 sub_work
B 003634 W16 1013b2 306a sub_work
B 003636 W16 102bf4 306a sub_work
B 003644 W16 1013b4 206e sub_work
B 003646 W16 102bf6 206e sub_work
B 003654 W16 1013b6 2072 sub_work
B 003656 W16 102bf8 2072 sub_work
B 003664 W16 1013b8 2076 sub_work
B 003666 W16 102bfa 2076 sub_work
B 003674 W16 1013ba 207a sub_work
B 003676 W16 102bfc 207a sub_work
B 003684 W16 1013bc 207e sub_work
B 003686 W16 102bfe 207e sub_work
B 003694 W16 1013be 2081 sub_work
B 003696 W16 102c00 2081 sub_work
B 0036a4 W16 1013c0 2085 sub_work
B 0036a6 W16 102c02 2085 sub_work
B 0036b4 W16 1013c2 2089 sub_work
B 0036b6 W16 102c04 2089 sub_work
B 0036c4 W16 1013c4 208d sub_work
B 0036c6 W16 102c06 208d sub_work
B 0036d4 W16 1013c6 1091 sub_work
B 0036d6 W16 102c08 1091 sub_work
B 0036e4 W16 1013c8 1095 sub_work
B 0036e6 W16 102c0a 1095 sub_work
B 0036f4 W16 1013ca 1099 sub_work
B 0036f6 W16 102c0c 1099 sub_work
B 003704 W16 1013cc 109d sub_work
B 003706 W16 102c0e 109d sub_work
B 003714 W16 1013ce 10a1 sub_work
B 003716 W16 102c10 10a1 sub_work
B 003724 W16 1013d0 10a5 sub_work
B 003726 W16 102c12 10a5 sub_work
B 003734 W16 1013d2 10a8 sub_work
B 003736 W16 102c14 10a8 sub_work
B 003744 W16 1013d4 10ac sub_work
B 003746 W16 102c16 10ac sub_work
B 003754 W16 1013d6 10b0 sub_work
B 003756 W16 102c18 10b0 sub_work
B 003764 W16 1013d8 10b4 sub_work
B 003766 W16 102c1a 10b4 sub_work
B 003774 W16 1013da 10b8 sub_work
B 003776 W16 102c1c 10b8 sub_work
B 003784 W16 1013dc 10bc sub_work
B 003786 W16 102c1e 10bc sub_work
B 003794 W16 1013de 10c0 sub_work
B 003796 W16 102c20 10c0 sub_work
B 0037a4 W16 1013e0 10c4 sub_work
B 0037a6 W16 102c22 10c4 sub_work
B 0037b4 W16 1013e2 10c8 sub_work
B 0037b6 W16 102c24 10c8 sub_work
B 0037c4 W16 1013e4 10cc sub_work
B 0037c6 W16 102c26 10cc sub_work
B 0037d4 W16 1013e6 10d0 sub_work
B 0037d6 W16 102c28 10d0 sub_work
B 0037e4 W16 1013e8 00d3 sub_work
B 0037e6 W16 102c2a 00d3 sub_work
B 0037f4 W16 1013ea 00d7 sub_work
B 0037f6 W16 102c2c 00d7 sub_work
B 003804 W16 1013ec 00db sub_work
B 003806 W16 102c2e 00db sub_work
B 003814 W16 1013ee 00df sub_work
B 003816 W16 102c30 00df sub_work
B 003824 W16 1013f0 00e3 sub_work
B 003826 W16 102c32 00e3 sub_work
B 003834 W16 1013f2 00e7 sub_work
B 003836 W16 102c34 00e7 sub_work
B 003844 W16 1013f4 00eb sub_work
B 003846 W16 102c36 00eb sub_work
B 003854 W16 1013f6 00ef sub_work
B 003856 W16 102c38 00ef sub_work
B 003864 W16 1013f8 00f3 sub_work
B 003866 W16 102c3a 00f3 sub_work
B 003874 W16 1013fa 00f7 sub_work
B 003876 W16 102c3c 00f7 sub_work
B 003884 W16 1013fc 00fb sub_work
B 003886 W16 102c3e 00fb sub_work
B 003894 W16 1013fe 00fe sub_work
B 003896 W16 102c40 00fe sub_work
B 0038a4 W16 101400 0102 sub_work
B 0038a6 W16 102c42 0102 sub_work
B 0038b4 W16 101402 0106 sub_work
B 0038b6 W16 102c44 0106 sub_work
B 0038c4 W16 101404 010a sub_work
B 0038c6 W16 102c46 010a sub_work
B 0038d4 W16 101406 010e sub_work
B 0038d6 W16 102c48 010e sub_work
B 0038e4 W16 101408 0112 sub_work
B 0038e6 W16 102c4a 0112 sub_work
B 0038f4 W16 10140a 0116 sub_work
B 0038f6 W16 102c4c 0116 sub_work
B 003904 W16 10140c 011a sub_work
B 003906 W16 102c4e 011a sub_work
B 003914 W16 10140e 011e sub_work
B 003916 W16 102c50 011e sub_work
B 003924 W16 101410 0122 sub_work
B 003926 W16 102c52 0122 sub_work
B 003934 W16 101412 0126 sub_work
B 003936 W16 102c54 0126 sub_work
B 003944 W16 101414 0129 sub_work
B 003946 W16 102c56 0129 sub_work
B 003954 W16 101416 012d sub_work
B 003956 W16 102c58 012d sub_work
B 003964 W16 101418 0131 sub_work
B 003966 W16 102c5a 0131 sub_work
B 003974 W16 10141a 0135 sub_work
B 003976 W16 102c5c 0135 sub_work
B 003984 W16 10141c 0139 sub_work
B 003986 W16 102c5e 0139 sub_work
B 003994 W16 10141e 013d sub_work
B 003996 W16 102c60 013d sub_work
B 0039a4 W16 101420 0141 sub_work
B 0039a6 W16 102c62 0141 sub_work
B 0039b4 W16 101422 0145 sub_work
B 0039b6 W16 102c64 0145 sub_work
B 0039c4 W16 101424 0149 sub_work
B 0039c6 W16 102c66 0149 sub_work
B 0039d4 W16 101426 014d sub_work
B 0039d6 W16 102c68 014d sub_work
B 0039e4 W16 101428 0150 sub_work
B 0039e6 W16 102c6a 0150 sub_work
B 0039f4 W16 10142a 0154 sub_work
B 0039f6 W16 102c6c 0154 sub_work
B 003a04 W16 10142c 0158 sub_work
B 003a06 W16 102c6e 0158 sub_work
B 003a14 W16 10142e 015c sub_work
B 003a16 W16 102c70 015c sub_work
B 003a24 W16 101430 0160 sub_work
B 003a26 W16 102c72 0160 sub_work
B 003a34 W16 101432 0164 sub_work
B 003a36 W16 102c74 0164 sub_work
B 003a44 W16 101434 0168 sub_work
B 003a46 W16 102c76 0168 sub_work
B 003a54 W16 101436 016c sub_work
B 003a56 W16 102c78 016c sub_work
B 003a64 W16 101438 0170 sub_work
B 003a66 W16 102c7a 0170 sub_work
B 003a74 W16 10143a 0174 sub_work
B 003a76 W16 102c7c 0174 sub_work
B 003a84 W16 10143c 0178 sub_work
B 003a86 W16 102c7e 0178 sub_work
B 003a94 W16 10143e 017b sub_work
B 003a96 W16 102c80 017b sub_work
B 003aa4 W16 101440 017f sub_work
B 003aa6 W16 102c82 017f sub_work
B 003ab4 W16 101442 0183 sub_work
B 003ab6 W16 102c84 0183 sub_work
B 003ac4 W16 101444 0187 sub_work
B 003ac6 W16 102c86 0187 sub_work
B 003ad4 W16 101446 018b sub_work
B 003ad6 W16 102c88 018b sub_work
B 003ae4 W16 101448 018f sub_work
B 003ae6 W16 102c8a 018f sub_work
B 003af4 W16 10144a 0193 sub_work
B 003af6 W16 102c8c 0193 sub_work
B 003b04 W16 10144c 0197 sub_work
B 003b06 W16 102c8e 0197 sub_work
B 003b14 W16 10144e 019b sub_work
B 003b16 W16 102c90 019b sub_work
B 003b24 W16 101450 019f sub_work
B 003b26 W16 102c92 019f sub_work
B 003b34 W16 101452 01a3 sub_work
B 003b36 W16 102c94 01a3 sub_work
B 003b38 R32 1007f4 000033a2 sub_work
B 0033a2 W32 1007f4 000033a6 sub_work
B 0033d4 R32 102c9e 00000000 sub_work
B 0033da R32 102ca2 00000000 sub_work
B 0033e0 W32 1007f0 000033e4 sub_work
B 003410 R8 1021c8 00 sub_work
B 003410 R8 1021d0 00 sub_work
B 003410 R8 1021d8 00 sub_work
B 003410 R8 1021e0 00 sub_work
B 003410 R8 1021e8 00 sub_work
B 003410 R8 1021f0 00 sub_work
B 003410 R8 1021f8 00 sub_work
B 003410 R8 102200 00 sub_work
B 003424 R32 1007f0 000033e4 sub_work
B 0033e4 R16 10227a 0000 sub_work
B 0033ec R32 1007f4 000033a6 sub_work
B 0033a6 W32 1007f4 000033aa sub_work
B 0033b6 R32 102cae 00000000 sub_work
B 0033bc R32 102cb2 00000000 sub_work
B 0033c2 W32 1007f0 000033c6 sub_work
B 003482 R32 1007f0 000033c6 sub_work
B 0033c6 R32 1007f4 000033aa sub_work
B 0033aa W32 1007f4 000033ae sub_work
B 003b70 R16 102ce2 0000 sub_work
B 003b78 W16 102cf8 0000 sub_work
B 003b7e R32 1007f4 000033ae sub_work
B 0033ae R32 1007f8 00000806 sub_work
B 000806 W32 1007f8 0000080c sub_work
B 003c70 W32 1007f4 00003c74 sub_work
B 003c7a R16 102ce0 0000 sub_work
B 003c82 R8 10080b 8c sub_work
B 003ca0 W32 1007f0 00003ca4 sub_work
B 004b5c R8 1021c9 7c sub_work
B 004b5e R16 10221c ffff sub_work
B 004b86 W32 1007ec 00004b8a sub_work
B 004b90 W8 101a62 7c sub_work
B 004b98 R8 1021d1 7c sub_work
B 004b9e W8 101a63 7c sub_work
B 004b98 R8 1021d9 7c sub_work
B 004b9e W8 101a64 7c sub_work
B 004b98 R8 1021e1 7c sub_work
B 004b9e W8 101a65 7c sub_work
B 004b98 R8 1021e9 7c sub_work
B 004b9e W8 101a66 7c sub_work
B 004b98 R8 1021f1 7c sub_work
B 004b9e W8 101a67 7c sub_work
B 004b98 R8 1021f9 7c sub_work
B 004b9e W8 101a68 7c sub_work
B 004b98 R8 102201 7e sub_work
B 004baa R8 102201 7e sub_work
B 004baa W8 101a69 7e sub_work
B 004baa R8 102209 7e sub_work
B 004baa W8 101a6a 7e sub_work
B 004bb6 R32 1007ec 00004b8a sub_work
B 004b8a W16 10221c ffff sub_work
B 004b8c W16 10221e 0000 sub_work
B 004b8e R32 1007f0 00003ca4 sub_work
B 003ca4 R16 10221e 0000 sub_work
B 003cbc W32 1007f0 00003cc0 sub_work
B 003eb2 R16 102ce0 0000 sub_work
B 003eba R8 10080b 8c sub_work
B 003ed2 W32 1007ec 00003ed6 sub_work
B 003f04 R8 101a62 7c sub_work
B 003f12 W32 101524 000c000e sub_work
B 003f16 R8 101a63 7c sub_work
B 003f24 W32 101528 000c000e sub_work
B 003f28 R8 101a64 7c sub_work
B 003f36 W32 10152c 000c000e sub_work
B 003f3a R8 101a65 7c sub_work
B 003f48 W32 101530 000c000e sub_work
B 003f4c R8 101a66 7c sub_work
B 003f5a W32 101534 000c000e sub_work
B 003f5e R8 101a67 7c sub_work
B 003f6c W32 101538 000c000e sub_work
B 003f70 R8 101a68 7c sub_work
B 003f7e W32 10153c 000c000e sub_work
B 003f82 R8 101a69 7e sub_work
B 003f90 W32 101540 000e000e sub_work
B 003f94 R8 101a6a 7e sub_work
B 003fa2 W32 101544 000e000e sub_work
B 003fa4 R32 1007ec 00003ed6 sub_work
B 003ed6 R16 102ce0 0000 sub_work
B 003ede R32 1007f0 00003cc0 sub_work
B 003cc0 W32 1007f0 00003cc4 sub_work
B 003fa6 R16 102ce0 0000 sub_work
B 003fae R8 10080b 8c sub_work
B 003fcc R16 102cdc 0000 sub_work
B 004014 W32 1007ec 00004018 sub_work
B 004090 R32 10080e 00000000 sub_work
B 0040a2 R32 1016e8 00116600 sub_work
B 0040aa R32 101534 000c000e sub_work
B 0040ae R16 101a7a 000c sub_work
B 0040ae W16 101618 000c sub_work
B 0040b2 R16 101618 000c sub_work
B 0040b2 W16 101618 800c sub_work
B 0040b6 R16 101a78 0008 sub_work
B 0040b6 W16 101548 0008 sub_work
B 0040ba R16 101548 0008 sub_work
B 0040ba W16 101548 8008 sub_work
B 0040a2 R32 1016ec 000ce600 sub_work
B 0040aa R32 101530 000c000e sub_work
B 0040ae R16 101a8c 0010 sub_work
B 0040ae W16 10161a 0010 sub_work
B 0040b2 R16 10161a 0010 sub_work
B 0040b2 W16 10161a 8010 sub_work
B 0040b6 R16 101a8a 000b sub_work
B 0040b6 W16 10154a 000b sub_work
B 0040ba R16 10154a 000b sub_work
B 0040ba W16 10154a 800b sub_work
B 0040a2 R32 1016f0 000a3400 sub_work
B 0040aa R32 10152c 000c000e sub_work
B 0040ae R16 101a9e 0014 sub_work
B 0040ae W16 10161c 0014 sub_work
B 0040b2 R16 10161c 0014 sub_work
B 0040b2 W16 10161c 8014 sub_work
B 0040b6 R16 101a9c 000d sub_work
B 0040b6 W16 10154c 000d sub_work
B 0040ba R16 10154c 000d sub_work
B 0040ba W16 10154c 800d sub_work
B 0040a2 R32 1016f4 00086800 sub_work
B 0040aa R32 10152c 000c000e sub_work
B 0040ae R16 101ab0 0018 sub_work
B 0040ae W16 10161e 0018 sub_work
B 0040b2 R16 10161e 0018 sub_work
B 0040b2 W16 10161e 8018 sub_work
B 0040b6 R16 101aae 0010 sub_work
B 0040b6 W16 10154e 0010 sub_work
B 0040ba R16 10154e 0010 sub_work
B 0040ba W16 10154e 8010 sub_work
B 0040a2 R32 1016f8 00072200 sub_work
B 0040aa R32 101528 000c000e sub_work
B 0040ae R16 101ac2 001b sub_work
B 0040ae W16 101620 001b sub_work
B 0040b2 R16 101620 001b sub_work
B 0040b2 W16 101620 801b sub_work
B 0040b6 R16 101ac0 0012 sub_work
B 0040b6 W16 101550 0012 sub_work
B 0040ba R16 101550 0012 sub_work
B 0040ba W16 101550 8012 sub_work
B 0040a2 R32 1016fc 00062c00 sub_work
B 0040aa R32 101528 000c000e sub_work
B 0040ae R16 101ad4 001f sub_work
B 0040ae W16 101622 001f sub_work
B 0040b2 R16 101622 001f sub_work
B 0040b2 W16 101622 801f sub_work
B 0040b6 R16 101ad2 0015 sub_work
B 0040b6 W16 101552 0015 sub_work
B 0040ba R16 101552 0015 sub_work
B 0040ba W16 101552 8015 sub_work
B 0040a2 R32 101700 00056e00 sub_work
B 0040aa R32 101528 000c000e sub_work
B 0040ae R16 101ae6 0023 sub_work
B 0040ae W16 101624 0023 sub_work
B 0040b2 R16 101624 0023 sub_work
B 0040b2 W16 101624 8023 sub_work
B 0040b6 R16 101ae4 0018 sub_work
B 0040b6 W16 101554 0018 sub_work
B 0040ba R16 101554 0018 sub_work
B 0040ba W16 101554 8018 sub_work
B 0040a2 R32 101704 0004d600 sub_work
B 0040aa R32 101528 000c000e sub_work
B 0040ae R16 101af8 0027 sub_work
B 0040ae W16 101626 0027 sub_work
B 0040b2 R16 101626 0027 sub_work
B 0040b2 W16 101626 8027 sub_work
B 0040b6 R16 101af6 001a sub_work
B 0040b6 W16 101556 001a sub_work
B 0040ba R16 101556 001a sub_work
B 0040ba W16 101556 801a sub_work
B 0040a2 R32 101708 00045800 sub_work
B 0040aa R32 101528 000c000e sub_work
B 0040ae R16 101b0a 002b sub_work
B 0040ae W16 101628 002b sub_work
B 0040b2 R16 101628 002b sub_work
B 0040b2 W16 101628 802b sub_work
B 0040b6 R16 101b08 001d sub_work
B 0040b6 W16 101558 001d sub_work
B 0040ba R16 101558 001d sub_work
B 0040ba W16 101558 801d sub_work
B 0040a2 R32 10170c 0003f200 sub_work
B 0040aa R32 101524 000c000e sub_work
B 0040ae R16 101b1c 002f sub_work
B 0040ae W16 10162a 002f sub_work
B 0040b2 R16 10162a 002f sub_work
B 0040b2 W16 10162a 802f sub_work
B 0040b6 R16 101b1a 001f sub_work
B 0040b6 W16 10155a 001f sub_work
B 0040ba R16 10155a 001f sub_work
B 0040ba W16 10155a 801f sub_work
B 0040a2 R32 101710 00039a00 sub_work
B 0040aa R32 101524 000c000e sub_work
B 0040ae R16 101b2e 0033 sub_work
B 0040ae W16 10162c 0033 sub_work
B 0040b2 R16 10162c 0033 sub_work
B 0040b2 W16 10162c 8033 sub_work
B 0040b6 R16 101b2c 0022 sub_work
B 0040b6 W16 10155c 0022 sub_work
B 0040ba R16 10155c 0022 sub_work
B 0040ba W16 10155c 8022 sub_work
B 0040a2 R32 101714 00034e00 sub_work
B 0040aa R32 101524 000c000e sub_work
B 0040ae R16 101b40 0037 sub_work
B 0040ae W16 10162e 0037 sub_work
B 0040b2 R16 10162e 0037 sub_work
B 0040b2 W16 10162e 8037 sub_work
B 0040b6 R16 101b3e 0024 sub_work
B 0040b6 W16 10155e 0024 sub_work
B 0040ba R16 10155e 0024 sub_work
B 0040ba W16 10155e 8024 sub_work
B 0040a2 R32 101718 00030e00 sub_work
B 0040aa R32 101524 000c000e sub_work
B 0040ae R16 101b52 003a sub_work
B 0040ae W16 101630 003a sub_work
B 0040b2 R16 101630 003a sub_work
B 0040b2 W16 101630 803a sub_work
B 0040b6 R16 101b50 0027 sub_work
B 0040b6 W16 101560 0027 sub_work
B 0040ba R16 101560 0027 sub_work
B 0040ba W16 101560 8027 sub_work
B 0040a2 R32 10171c 0002d400 sub_work
B 0040aa R32 101524 000c000e sub_work
B 0040ae R16 101b64 003e sub_work
B 0040ae W16 101632 003e sub_work
B 0040b2 R16 101632 003e sub_work
B 0040b2 W16 101632 803e sub_work
B 0040b6 R16 101b62 002a sub_work
B 0040b6 W16 101562 002a sub_work
B 0040ba R16 101562 002a sub_work
B 0040ba W16 101562 802a sub_work
B 0040a2 R32 101720 0002a200 sub_work
B 0040aa R32 101524 000c000e sub_work
B 0040ae R16 101b76 0042 sub_work
B 0040ae W16 101634 0042 sub_work
B 0040b2 R16 101634 0042 sub_work
B 0040b2 W16 101634 8042 sub_work
B 0040b6 R16 101b74 002c sub_work
B 0040b6 W16 101564 002c sub_work
B 0040ba R16 101564 002c sub_work
B 0040ba W16 101564 802c sub_work
B 0040a2 R32 101724 00027600 sub_work
B 0040aa R32 101524 000c000e sub_work
B 0040ae R16 101b88 0046 sub_work
B 0040ae W16 101636 0046 sub_work
B 0040b2 R16 101636 0046 sub_work
B 0040b2 W16 101636 8046 sub_work
B 0040b6 R16 101b86 002f sub_work
B 0040b6 W16 101566 002f sub_work
B 0040ba R16 101566 002f sub_work
B 0040ba W16 101566 802f sub_work
B 0040a2 R32 101728 00024e00 sub_work
B 0040aa R32 101524 000c000e sub_work
B 0040ae R16 101b9a 004a sub_work
B 0040ae W16 101638 004a sub_work
B 0040b2 R16 101638 004a sub_work
B 0040b2 W16 101638 804a sub_work
B 0040b6 R16 101b98 0031 sub_work
B 0040b6 W16 101568 0031 sub_work
B 0040ba R16 101568 0031 sub_work
B 0040ba W16 101568 8031 sub_work
B 0040a2 R32 10172c 00022a00 sub_work
B 0040aa R32 101524 000c000e sub_work
B 0040ae R16 101bac 004e sub_work
B 0040ae W16 10163a 004e sub_work
B 0040b2 R16 10163a 004e sub_work
B 0040b2 W16 10163a 804e sub_work
B 0040b6 R16 101baa 0034 sub_work
B 0040b6 W16 10156a 0034 sub_work
B 0040ba R16 10156a 0034 sub_work
B 0040ba W16 10156a 8034 sub_work
B 0040a2 R32 101730 00020800 sub_work
B 0040aa R32 101524 000c000e sub_work
B 0040ae R16 101bbe 0052 sub_work
B 0040ae W16 10163c 0052 sub_work
B 0040b2 R16 10163c 0052 sub_work
B 0040b2 W16 10163c 8052 sub_work
B 0040b6 R16 101bbc 0037 sub_work
B 0040b6 W16 10156c 0037 sub_work
B 0040ba R16 10156c 0037 sub_work
B 0040ba W16 10156c 8037 sub_work
B 0040a2 R32 101734 0001ec00 sub_work
B 0040aa R32 101524 000c000e sub_work
B 0040ae R16 101bd0 0056 sub_work
B 0040ae W16 10163e 0056 sub_work
B 0040b2 R16 10163e 0056 sub_work
B 0040b2 W16 10163e 8056 sub_work
B 0040b6 R16 101bce 0039 sub_work
B 0040b6 W16 10156e 0039 sub_work
B 0040ba R16 10156e 0039 sub_work
B 0040ba W16 10156e 8039 sub_work
B 0040a2 R32 101738 0001d000 sub_work
B 0040aa R32 101524 000c000e sub_work
B 0040ae R16 101be2 005a sub_work
B 0040ae W16 101640 005a sub_work
B 0040b2 R16 101640 005a sub_work
B 0040b2 W16 101640 805a sub_work
B 0040b6 R16 101be0 003c sub_work
B 0040b6 W16 101570 003c sub_work
B 0040ba R16 101570 003c sub_work
B 0040ba W16 101570 803c sub_work
B 0040a2 R32 10173c 0001b800 sub_work
B 0040aa R32 101524 000c000e sub_work
B 0040ae R16 101bf4 005d sub_work
B 0040ae W16 101642 005d sub_work
B 0040b2 R16 101642 005d sub_work
B 0040b2 W16 101642 805d sub_work
B 0040b6 R16 101bf2 003e sub_work
B 0040b6 W16 101572 003e sub_work
B 0040ba R16 101572 003e sub_work
B 0040ba W16 101572 803e sub_work
B 0040a2 R32 101740 0001a000 sub_work
B 0040aa R32 101524 000c000e sub_work
B 0040ae R16 101c06 0061 sub_work
B 0040ae W16 101644 0061 sub_work
B 0040b2 R16 101644 0061 sub_work
B 0040b2 W16 101644 8061 sub_work
B 0040b6 R16 101c04 0041 sub_work
B 0040b6 W16 101574 0041 sub_work
B 0040ba R16 101574 0041 sub_work
B 0040ba W16 101574 8041 sub_work
B 0040a2 R32 101744 00018c00 sub_work
B 0040aa R32 101524 000c000e sub_work
B 0040ae R16 101c18 0065 sub_work
B 0040ae W16 101646 0065 sub_work
B 0040b2 R16 101646 0065 sub_work
B 0040b2 W16 101646 8065 sub_work
B 0040b6 R16 101c16 0043 sub_work
B 0040b6 W16 101576 0043 sub_work
B 0040ba R16 101576 0043 sub_work
B 0040ba W16 101576 8043 sub_work
B 0040a2 R32 101748 00017800 sub_work
B 0040aa R32 101524 000c000e sub_work
B 0040ae R16 101c2a 0069 sub_work
B 0040ae W16 101648 0069 sub_work
B 0040b2 R16 101648 0069 sub_work
B 0040b2 W16 101648 8069 sub_work
B 0040b6 R16 101c28 0046 sub_work
B 0040b6 W16 101578 0046 sub_work
B 0040ba R16 101578 0046 sub_work
B 0040ba W16 101578 8046 sub_work
B 0040a2 R32 10174c 00016600 sub_work
B 0040aa R32 101524 000c000e sub_work
B 0040ae R16 101c3c 006d sub_work
B 0040ae W16 10164a 006d sub_work
B 0040b2 R16 10164a 006d sub_work
B 0040b2 W16 10164a 806d sub_work
B 0040b6 R16 101c3a 0049 sub_work
B 0040b6 W16 10157a 0049 sub_work
B 0040ba R16 10157a 0049 sub_work
B 0040ba W16 10157a 8049 sub_work
B 0040a2 R32 101750 00015600 sub_work
B 0040aa R32 101524 000c000e sub_work
B 0040ae R16 101c4e 0071 sub_work
B 0040ae W16 10164c 0071 sub_work
B 0040b2 R16 10164c 0071 sub_work
B 0040b2 W16 10164c 8071 sub_work
B 0040b6 R16 101c4c 004b sub_work
B 0040b6 W16 10157c 004b sub_work
B 0040ba R16 10157c 004b sub_work
B 0040ba W16 10157c 804b sub_work
B 0040a2 R32 101754 00014600 sub_work
B 0040aa R32 101524 000c000e sub_work
B 0040ae R16 101c60 0075 sub_work
B 0040ae W16 10164e 0075 sub_work
B 0040b2 R16 10164e 0075 sub_work
B 0040b2 W16 10164e 8075 sub_work
B 0040b6 R16 101c5e 004e sub_work
B 0040b6 W16 10157e 004e sub_work
B 0040ba R16 10157e 004e sub_work
B 0040ba W16 10157e 804e sub_work
B 0040a2 R32 101758 00013800 sub_work
B 0040aa R32 101524 000c000e sub_work
B 0040ae R16 101c72 0079 sub_work
B 0040ae W16 101650 0079 sub_work
B 0040b2 R16 101650 0079 sub_work
B 0040b2 W16 101650 8079 sub_work
B 0040b6 R16 101c70 0050 sub_work
B 0040b6 W16 101580 0050 sub_work
B 0040ba R16 101580 0050 sub_work
B 0040ba W16 101580 8050 sub_work
B 0040a2 R32 10175c 00012a00 sub_work
B 0040aa R32 101524 000c000e sub_work
B 0040ae R16 101c84 007c sub_work
B 0040ae W16 101652 007c sub_work
B 0040b2 R16 101652 007c sub_work
B 0040b2 W16 101652 807c sub_work
B 0040b6 R16 101c82 0053 sub_work
B 0040b6 W16 101582 0053 sub_work
B 0040ba R16 101582 0053 sub_work
B 0040ba W16 101582 8053 sub_work
B 0040a2 R32 101760 00011c00 sub_work
B 0040aa R32 101524 000c000e sub_work
B 0040ae R16 101c96 0080 sub_work
B 0040ae W16 101654 0080 sub_work
B 0040b2 R16 101654 0080 sub_work
B 0040b2 W16 101654 8080 sub_work
B 0040b6 R16 101c94 0056 sub_work
B 0040b6 W16 101584 0056 sub_work
B 0040ba R16 101584 0056 sub_work
B 0040ba W16 101584 8056 sub_work
B 0040a2 R32 101764 00011000 sub_work
B 0040aa R32 101524 000c000e sub_work
B 0040ae R16 101ca8 0084 sub_work
B 0040ae W16 101656 0084 sub_work
B 0040b2 R16 101656 0084 sub_work
B 0040b2 W16 101656 8084 sub_work
B 0040b6 R16 101ca6 0058 sub_work
B 0040b6 W16 101586 0058 sub_work
B 0040ba R16 101586 0058 sub_work
B 0040ba W16 101586 8058 sub_work
B 0040a2 R32 101768 00010400 sub_work
B 0040aa R32 101524 000c000e sub_work
B 0040ae R16 101cba 0088 sub_work
B 0040ae W16 101658 0088 sub_work
B 0040b2 R16 101658 0088 sub_work
B 0040b2 W16 101658 8088 sub_work
B 0040b6 R16 101cb8 005b sub_work
B 0040b6 W16 101588 005b sub_work
B 0040ba R16 101588 005b sub_work
B 0040ba W16 101588 805b sub_work
B 0040a2 R32 10176c 0000fa00 sub_work
B 0040aa R32 101524 000c000e sub_work
B 0040ae R16 101ccc 008c sub_work
B 0040ae W16 10165a 008c sub_work
B 0040b2 R16 10165a 008c sub_work
B 0040b2 W16 10165a 808c sub_work
B 0040b6 R16 101cca 005d sub_work
B 0040b6 W16 10158a 005d sub_work
B 0040ba R16 10158a 005d sub_work
B 0040ba W16 10158a 805d sub_work
B 0040a2 R32 101770 0000f000 sub_work
B 0040aa R32 101524 000c000e sub_work
B 0040ae R16 101cde 0090 sub_work
B 0040ae W16 10165c 0090 sub_work
B 0040b2 R16 10165c 0090 sub_work
B 0040b2 W16 10165c 8090 sub_work
B 0040b6 R16 101cdc 0060 sub_work
B 0040b6 W16 10158c 0060 sub_work
B 0040ba R16 10158c 0060 sub_work
B 0040ba W16 10158c 8060 sub_work
B 0040a2 R32 101774 0000e600 sub_work
B 0040aa R32 101524 000c000e sub_work
B 0040ae R16 101cf0 0094 sub_work
B 0040ae W16 10165e 0094 sub_work
B 0040b2 R16 10165e 0094 sub_work
B 0040b2 W16 10165e 8094 sub_work
B 0040b6 R16 101cee 0062 sub_work
B 0040b6 W16 10158e 0062 sub_work
B 0040ba R16 10158e 0062 sub_work
B 0040ba W16 10158e 8062 sub_work
B 0040a2 R32 101778 0000dc00 sub_work
B 0040aa R32 101524 000c000e sub_work
B 0040ae R16 101d02 0098 sub_work
B 0040ae W16 101660 0098 sub_work
B 0040b2 R16 101660 0098 sub_work
B 0040b2 W16 101660 8098 sub_work
B 0040b6 R16 101d00 0065 sub_work
B 0040b6 W16 101590 0065 sub_work
B 0040ba R16 101590 0065 sub_work
B 0040ba W16 101590 8065 sub_work
B 0040a2 R32 10177c 0000d400 sub_work
B 0040aa R32 101524 000c000e sub_work
B 0040ae R16 101d14 009b sub_work
B 0040ae W16 101662 009b sub_work
B 0040b2 R16 101662 009b sub_work
B 0040b2 W16 101662 809b sub_work
B 0040b6 R16 101d12 0068 sub_work
B 0040b6 W16 101592 0068 sub_work
B 0040ba R16 101592 0068 sub_work
B 0040ba W16 101592 8068 sub_work
B 0040a2 R32 101780 0000cc00 sub_work
B 0040aa R32 101524 000c000e sub_work
B 0040ae R16 101d26 009f sub_work
B 0040ae W16 101664 009f sub_work
B 0040b2 R16 101664 009f sub_work
B 0040b2 W16 101664 809f sub_work
B 0040b6 R16 101d24 006a sub_work
B 0040b6 W16 101594 006a sub_work
B 0040ba R16 101594 006a sub_work
B 0040ba W16 101594 806a sub_work
B 0040a2 R32 101784 0000c400 sub_work
B 0040aa R32 101524 000c000e sub_work
B 0040ae R16 101d38 00a3 sub_work
B 0040ae W16 101666 00a3 sub_work
B 0040b2 R16 101666 00a3 sub_work
B 0040b2 W16 101666 80a3 sub_work
B 0040b6 R16 101d36 006d sub_work
B 0040b6 W16 101596 006d sub_work
B 0040ba R16 101596 006d sub_work
B 0040ba W16 101596 806d sub_work
B 0040a2 R32 101788 0000bc00 sub_work
B 0040aa R32 101524 000c000e sub_work
B 0040ae R16 101d4a 00a7 sub_work
B 0040ae W16 101668 00a7 sub_work
B 0040b2 R16 101668 00a7 sub_work
B 0040b2 W16 101668 80a7 sub_work
B 0040b6 R16 101d48 006f sub_work
B 0040b6 W16 101598 006f sub_work
B 0040ba R16 101598 006f sub_work
B 0040ba W16 101598 806f sub_work
B 0040a2 R32 10178c 0000b400 sub_work
B 0040aa R32 101524 000c000e sub_work
B 0040ae R16 101d5c 00ab sub_work
B 0040ae W16 10166a 00ab sub_work
B 0040b2 R16 10166a 00ab sub_work
B 0040b2 W16 10166a 80ab sub_work
B 0040b6 R16 101d5a 0072 sub_work
B 0040b6 W16 10159a 0072 sub_work
B 0040ba R16 10159a 0072 sub_work
B 0040ba W16 10159a 8072 sub_work
B 0040a2 R32 101790 0000ae00 sub_work
B 0040aa R32 101524 000c000e sub_work
B 0040ae R16 101d6e 00af sub_work
B 0040ae W16 10166c 00af sub_work
B 0040b2 R16 10166c 00af sub_work
B 0040b2 W16 10166c 80af sub_work
B 0040b6 R16 101d6c 0075 sub_work
B 0040b6 W16 10159c 0075 sub_work
B 0040ba R16 10159c 0075 sub_work
B 0040ba W16 10159c 8075 sub_work
B 0040a2 R32 101794 0000a800 sub_work
B 0040aa R32 101524 000c000e sub_work
B 0040ae R16 101d80 00b3 sub_work
B 0040ae W16 10166e 00b3 sub_work
B 0040b2 R16 10166e 00b3 sub_work
B 0040b2 W16 10166e 80b3 sub_work
B 0040b6 R16 101d7e 0077 sub_work
B 0040b6 W16 10159e 0077 sub_work
B 0040ba R16 10159e 0077 sub_work
B 0040ba W16 10159e 8077 sub_work
B 0040a2 R32 101798 0000a200 sub_work
B 0040aa R32 101524 000c000e sub_work
B 0040ae R16 101d92 00b6 sub_work
B 0040ae W16 101670 00b6 sub_work
B 0040b2 R16 101670 00b6 sub_work
B 0040b2 W16 101670 80b6 sub_work
B 0040b6 R16 101d90 007a sub_work
B 0040b6 W16 1015a0 007a sub_work
B 0040ba R16 1015a0 007a sub_work
B 0040ba W16 1015a0 807a sub_work
B 0040a2 R32 10179c 00009c00 sub_work
B 0040aa R32 101524 000c000e sub_work
B 0040ae R16 101da4 00ba sub_work
B 0040ae W16 101672 00ba sub_work
B 0040b2 R16 101672 00ba sub_work
B 0040b2 W16 101672 80ba sub_work
B 0040b6 R16 101da2 007c sub_work
B 0040b6 W16 1015a2 007c sub_work
B 0040ba R16 1015a2 007c sub_work
B 0040ba W16 1015a2 807c sub_work
B 0040a2 R32 1017a0 00009600 sub_work
B 0040aa R32 101524 000c000e sub_work
B 0040ae R16 101db6 00be sub_work
B 0040ae W16 101674 00be sub_work
B 0040b2 R16 101674 00be sub_work
B 0040b2 W16 101674 80be sub_work
B 0040b6 R16 101db4 007f sub_work
B 0040b6 W16 1015a4 007f sub_work
B 0040ba R16 1015a4 007f sub_work
B 0040ba W16 1015a4 807f sub_work
B 0040a2 R32 1017a4 00009000 sub_work
B 0040aa R32 101524 000c000e sub_work
B 0040ae R16 101dc8 00c2 sub_work
B 0040ae W16 101676 00c2 sub_work
B 0040b2 R16 101676 00c2 sub_work
B 0040b2 W16 101676 80c2 sub_work
B 0040b6 R16 101dc6 0081 sub_work
B 0040b6 W16 1015a6 0081 sub_work
B 0040ba R16 1015a6 0081 sub_work
B 0040ba W16 1015a6 8081 sub_work
A 009cae R16 10a044 86f0 shared
A 009cb2 R16 10a584 6c60 shared
A 009d12 R32 100420 00000000 work_low
A 009c74 R8 10a5c8 03 shared
A 009c80 R8 1001e4 00 work_low
A 009c86 R8 10a058 00 shared
A 009c8a R8 10a5d8 00 shared
A 009cae R16 10a044 86f0 shared
A 009cb2 R16 10a5c4 6c60 shared
A 009d12 R32 100420 00000000 work_low
A 009c74 R8 10a608 03 shared
A 009c80 R8 1001e4 00 work_low
A 009c86 R8 10a058 00 shared
A 009c8a R8 10a618 00 shared
A 009cae R16 10a044 86f0 shared
A 009cb2 R16 10a604 8f00 shared
A 009cba R16 10a60a 036a shared
A 009cda R16 10a044 86f0 shared
A 009cde R16 10a604 8f00 shared
A 009d04 R16 100448 0000 work_low
A 009d0a W32 102df0 00009d0e work_low
A 009dc2 R32 100444 00000000 work_low
A 009dc8 R8 10a608 03 shared
A 009e28 R32 102df0 00009d0e work_low
A 009d12 R32 100420 00000000 work_low
A 009c74 R8 10a648 03 shared
A 009c80 R8 1001e4 00 work_low
A 009c86 R8 10a058 00 shared
A 009c8a R8 10a658 00 shared
A 009cae R16 10a044 86f0 shared
A 009cb2 R16 10a644 8f00 shared
A 009cba R16 10a64a 036a shared
A 009cda R16 10a044 86f0 shared
A 009cde R16 10a644 8f00 shared
A 009d04 R16 100448 0000 work_low
A 009d0a W32 102df0 00009d0e work_low
A 009dc2 R32 100444 00000000 work_low
A 009dc8 R8 10a648 03 shared
A 009e28 R32 102df0 00009d0e work_low
A 009d12 R32 100420 00000000 work_low
A 009c74 R8 10a688 03 shared
A 009c80 R8 1001e4 00 work_low
A 009c86 R8 10a058 00 shared
A 009c8a R8 10a698 00 shared
A 009cae R16 10a044 86f0 shared
A 009cb2 R16 10a684 8f00 shared
A 009cba R16 10a68a 036a shared
A 009cda R16 10a044 86f0 shared
A 009cde R16 10a684 8f00 shared
A 009d04 R16 100448 0000 work_low
A 009d0a W32 102df0 00009d0e work_low
A 009dc2 R32 100444 00000000 work_low
A 009dc8 R8 10a688 03 shared
A 009e28 R32 102df0 00009d0e work_low
A 009d12 R32 100420 00000000 work_low
A 009c74 R8 10a6c8 03 shared
A 009c80 R8 1001e4 00 work_low
A 009c86 R8 10a058 00 shared
A 009c8a R8 10a6d8 00 shared
A 009cae R16 10a044 86f0 shared
A 009cb2 R16 10a6c4 8f00 shared
A 009cba R16 10a6ca 036a shared
A 009cda R16 10a044 86f0 shared
A 009cde R16 10a6c4 8f00 shared
A 009d04 R16 100448 0000 work_low
A 009d0a W32 102df0 00009d0e work_low
A 009dc2 R32 100444 00000000 work_low
A 009dc8 R8 10a6c8 03 shared
A 009e28 R32 102df0 00009d0e work_low
A 009d12 R32 100420 00000000 work_low
A 009c74 R8 10a708 03 shared
A 009c80 R8 1001e4 00 work_low
A 009c86 R8 10a058 00 shared
A 009c8a R8 10a718 00 shared
A 009cae R16 10a044 86f0 shared
A 009cb2 R16 10a704 6c60 shared
A 009d12 R32 100420 00000000 work_low
A 009c74 R8 10a748 03 shared
A 009c80 R8 1001e4 00 work_low
A 009c86 R8 10a058 00 shared
A 009c8a R8 10a758 00 shared
A 009cae R16 10a044 86f0 shared
A 009cb2 R16 10a744 6c60 shared
A 009d12 R32 100420 00000000 work_low
A 009c74 R8 10a788 03 shared
A 009c80 R8 1001e4 00 work_low
A 009c86 R8 10a058 00 shared
A 009c8a R8 10a798 00 shared
A 009cae R16 10a044 86f0 shared
A 009cb2 R16 10a784 6c60 shared
A 009d12 R32 100420 00000000 work_low
A 009c74 R8 10a7c8 03 shared
A 009c80 R8 1001e4 00 work_low
A 009c86 R8 10a058 00 shared
A 009c8a R8 10a7d8 00 shared
A 009cae R16 10a044 86f0 shared
A 009cb2 R16 10a7c4 6c60 shared
A 009d12 R32 100420 00000000 work_low
A 009c74 R8 10a808 03 shared
A 009c80 R8 1001e4 00 work_low
A 009c86 R8 10a058 00 shared
A 009c8a R8 10a818 00 shared
A 009cae R16 10a044 86f0 shared
A 009cb2 R16 10a804 8f00 shared
A 009cba R16 10a80a 036a shared
A 009cda R16 10a044 86f0 shared
A 009cde R16 10a804 8f00 shared
A 009d04 R16 100448 0000 work_low
A 009d0a W32 102df0 00009d0e work_low
A 009dc2 R32 100444 00000000 work_low
A 009dc8 R8 10a808 03 shared
A 009e28 R32 102df0 00009d0e work_low
A 009d12 R32 100420 00000000 work_low
A 009c74 R8 10a848 03 shared
A 009c80 R8 1001e4 00 work_low
A 009c86 R8 10a058 00 shared
A 009c8a R8 10a858 00 shared
A 009cae R16 10a044 86f0 shared
A 009cb2 R16 10a844 8f00 shared
A 009cba R16 10a84a 036a shared
A 009cda R16 10a044 86f0 shared
A 009cde R16 10a844 8f00 shared
A 009d04 R16 100448 0000 work_low
A 009d0a W32 102df0 00009d0e work_low
A 009dc2 R32 100444 00000000 work_low
A 009dc8 R8 10a848 03 shared
A 009e28 R32 102df0 00009d0e work_low
A 009d12 R32 100420 00000000 work_low
A 009c74 R8 10a888 03 shared
A 009c80 R8 1001e4 00 work_low
A 009c86 R8 10a058 00 shared
A 009c8a R8 10a898 00 shared
A 009cae R16 10a044 86f0 shared
A 009cb2 R16 10a884 8f00 shared
A 009cba R16 10a88a 036a shared
A 009cda R16 10a044 86f0 shared
A 009cde R16 10a884 8f00 shared
A 009d04 R16 100448 0000 work_low
A 009d0a W32 102df0 00009d0e work_low
A 009dc2 R32 100444 00000000 work_low
A 009dc8 R8 10a888 03 shared
A 009e28 R32 102df0 00009d0e work_low
A 009d12 R32 100420 00000000 work_low
A 009c74 R8 10a8c8 03 shared
A 009c80 R8 1001e4 00 work_low
A 009c86 R8 10a058 00 shared
A 009c8a R8 10a8d8 00 shared
A 009cae R16 10a044 86f0 shared
A 009cb2 R16 10a8c4 8f00 shared
A 009cba R16 10a8ca 036a shared
A 009cda R16 10a044 86f0 shared
A 009cde R16 10a8c4 8f00 shared
A 009d04 R16 100448 0000 work_low
A 009d0a W32 102df0 00009d0e work_low
A 009dc2 R32 100444 00000000 work_low
A 009dc8 R8 10a8c8 03 shared
A 009e28 R32 102df0 00009d0e work_low
A 009d12 R32 100420 00000000 work_low
A 009c74 R8 10a908 03 shared
A 009c80 R8 1001e4 00 work_low
A 009c86 R8 10a058 00 shared
A 009c8a R8 10a918 00 shared
A 009cae R16 10a044 86f0 shared
A 009cb2 R16 10a904 6c60 shared
A 009d12 R32 100420 00000000 work_low
A 009c74 R8 10a948 03 shared
A 009c80 R8 1001e4 00 work_low
A 009c86 R8 10a058 00 shared
A 009c8a R8 10a958 00 shared
A 009cae R16 10a044 86f0 shared
A 009cb2 R16 10a944 6c60 shared
A 009d12 R32 100420 00000000 work_low
A 009c74 R8 10a988 03 shared
A 009c80 R8 1001e4 00 work_low
A 009c86 R8 10a058 00 shared
A 009c8a R8 10a998 00 shared
A 009cae R16 10a044 86f0 shared
A 009cb2 R16 10a984 6c60 shared
A 009d12 R32 100420 00000000 work_low
A 009c74 R8 10a9c8 03 shared
A 009c80 R8 1001e4 00 work_low
A 009c86 R8 10a058 00 shared
A 009c8a R8 10a9d8 00 shared
A 009cae R16 10a044 86f0 shared
A 009cb2 R16 10a9c4 6c60 shared
A 009d12 R32 100420 00000000 work_low
A 009c74 R8 10aa08 03 shared
A 009c80 R8 1001e4 00 work_low
A 009c86 R8 10a058 00 shared
A 009c8a R8 10aa18 00 shared
A 009cae R16 10a044 86f0 shared
A 009cb2 R16 10aa04 8f00 shared
A 009cba R16 10aa0a 036a shared
A 009cda R16 10a044 86f0 shared
A 009cde R16 10aa04 8f00 shared
A 009d04 R16 100448 0000 work_low
A 009d0a W32 102df0 00009d0e work_low
A 009dc2 R32 100444 00000000 work_low
A 009dc8 R8 10aa08 03 shared
A 009e28 R32 102df0 00009d0e work_low
A 009d12 R32 100420 00000000 work_low
A 009c74 R8 10aa48 03 shared
A 009c80 R8 1001e4 00 work_low
A 009c86 R8 10a058 00 shared
A 009c8a R8 10aa58 00 shared
A 009cae R16 10a044 86f0 shared
A 009cb2 R16 10aa44 8f00 shared
A 009cba R16 10aa4a 036a shared
A 009cda R16 10a044 86f0 shared
A 009cde R16 10aa44 8f00 shared
A 009d04 R16 100448 0000 work_low
A 009d0a W32 102df0 00009d0e work_low
A 009dc2 R32 100444 00000000 work_low
A 009dc8 R8 10aa48 03 shared
A 009e28 R32 102df0 00009d0e work_low
A 009d12 R32 100420 00000000 work_low
A 009c74 R8 10aa88 03 shared
A 009c80 R8 1001e4 00 work_low
A 009c86 R8 10a058 00 shared
A 009c8a R8 10aa98 00 shared
A 009cae R16 10a044 86f0 shared
A 009cb2 R16 10aa84 8f00 shared
A 009cba R16 10aa8a 036a shared
A 009cda R16 10a044 86f0 shared
A 009cde R16 10aa84 8f00 shared
A 009d04 R16 100448 0000 work_low
A 009d0a W32 102df0 00009d0e work_low
A 009dc2 R32 100444 00000000 work_low
A 009dc8 R8 10aa88 03 shared
A 009e28 R32 102df0 00009d0e work_low
A 009d12 R32 100420 00000000 work_low
A 009c74 R8 10aac8 03 shared
A 009c80 R8 1001e4 00 work_low
A 009c86 R8 10a058 00 shared
A 009c8a R8 10aad8 00 shared
A 009cae R16 10a044 86f0 shared
A 009cb2 R16 10aac4 8f00 shared
A 009cba R16 10aaca 036a shared
A 009cda R16 10a044 86f0 shared
A 009cde R16 10aac4 8f00 shared
A 009d04 R16 100448 0000 work_low
A 009d0a W32 102df0 00009d0e work_low
A 009dc2 R32 100444 00000000 work_low
A 009dc8 R8 10aac8 03 shared
A 009e28 R32 102df0 00009d0e work_low
A 009d12 R32 100420 00000000 work_low
A 009c74 R8 10ab08 03 shared
A 009c80 R8 1001e4 00 work_low
A 009c86 R8 10a058 00 shared
A 009c8a R8 10ab18 00 shared
A 009cae R16 10a044 86f0 shared
A 009cb2 R16 10ab04 6c60 shared
A 009d12 R32 100420 00000000 work_low
A 009c74 R8 10ab48 03 shared
A 009c80 R8 1001e4 00 work_low
A 009c86 R8 10a058 00 shared
A 009c8a R8 10ab58 00 shared
A 009cae R16 10a044 86f0 shared
A 009cb2 R16 10ab44 6c60 shared
A 009d12 R32 100420 00000000 work_low
A 009c74 R8 10ab88 03 shared
A 009c80 R8 1001e4 00 work_low
A 009c86 R8 10a058 00 shared
A 009c8a R8 10ab98 00 shared
A 009cae R16 10a044 86f0 shared
A 009cb2 R16 10ab84 6c60 shared
A 009d12 R32 100420 00000000 work_low
A 009c74 R8 10abc8 03 shared
A 009c80 R8 1001e4 00 work_low
A 009c86 R8 10a058 00 shared
A 009c8a R8 10abd8 00 shared
A 009cae R16 10a044 86f0 shared
A 009cb2 R16 10abc4 6c60 shared
A 009d12 R32 100420 00000000 work_low
A 009c74 R8 10ac08 03 shared
A 009c80 R8 1001e4 00 work_low
A 009c86 R8 10a058 00 shared
A 009c8a R8 10ac18 00 shared
A 009cae R16 10a044 86f0 shared
A 009cb2 R16 10ac04 8f00 shared
A 009cba R16 10ac0a 036a shared
A 009cda R16 10a044 86f0 shared
A 009cde R16 10ac04 8f00 shared
A 009d04 R16 100448 0000 work_low
A 009d0a W32 102df0 00009d0e work_low
A 009dc2 R32 100444 00000000 work_low
A 009dc8 R8 10ac08 03 shared
A 009e28 R32 102df0 00009d0e work_low
A 009d12 R32 100420 00000000 work_low
A 009c74 R8 10ac48 03 shared
A 009c80 R8 1001e4 00 work_low
A 009c86 R8 10a058 00 shared
A 009c8a R8 10ac58 00 shared
A 009cae R16 10a044 86f0 shared
A 009cb2 R16 10ac44 8f00 shared
A 009cba R16 10ac4a 036a shared
A 009cda R16 10a044 86f0 shared
A 009cde R16 10ac44 8f00 shared
A 009d04 R16 100448 0000 work_low
A 009d0a W32 102df0 00009d0e work_low
A 009dc2 R32 100444 00000000 work_low
A 009dc8 R8 10ac48 03 shared
A 009e28 R32 102df0 00009d0e work_low
A 009d12 R32 100420 00000000 work_low
A 009c74 R8 10ac88 03 shared
A 009c80 R8 1001e4 00 work_low
A 009c86 R8 10a058 00 shared
A 009c8a R8 10ac98 00 shared
A 009cae R16 10a044 86f0 shared
A 009cb2 R16 10ac84 8f00 shared
A 009cba R16 10ac8a 036a shared
A 009cda R16 10a044 86f0 shared
A 009cde R16 10ac84 8f00 shared
A 009d04 R16 100448 0000 work_low
A 009d0a W32 102df0 00009d0e work_low
A 009dc2 R32 100444 00000000 work_low
A 009dc8 R8 10ac88 03 shared
A 009e28 R32 102df0 00009d0e work_low
A 009d12 R32 100420 00000000 work_low
A 009c74 R8 10acc8 03 shared
A 009c80 R8 1001e4 00 work_low
A 009c86 R8 10a058 00 shared
A 009c8a R8 10acd8 00 shared
A 009cae R16 10a044 86f0 shared
A 009cb2 R16 10acc4 8f00 shared
A 009cba R16 10acca 036a shared
A 009cda R16 10a044 86f0 shared
A 009cde R16 10acc4 8f00 shared
A 009d04 R16 100448 0000 work_low
A 009d0a W32 102df0 00009d0e work_low
A 009dc2 R32 100444 00000000 work_low
A 009dc8 R8 10acc8 03 shared
A 009e28 R32 102df0 00009d0e work_low
A 009d12 R32 100420 00000000 work_low
A 009c74 R8 10ad08 03 shared
A 009c80 R8 1001e4 00 work_low
A 009c86 R8 10a058 00 shared
A 009c8a R8 10ad18 00 shared
A 009cae R16 10a044 86f0 shared
A 009cb2 R16 10ad04 6c60 shared
A 009d12 R32 100420 00000000 work_low
A 009c74 R8 10ad48 03 shared
A 009c80 R8 1001e4 00 work_low
A 009c86 R8 10a058 00 shared
A 009c8a R8 10ad58 00 shared
A 009cae R16 10a044 86f0 shared
A 009cb2 R16 10ad44 6c60 shared
A 009d12 R32 100420 00000000 work_low
A 009c74 R8 10ad88 03 shared
A 009c80 R8 1001e4 00 work_low
A 009c86 R8 10a058 00 shared
A 009c8a R8 10ad98 00 shared
A 009cae R16 10a044 86f0 shared
A 009cb2 R16 10ad84 6c60 shared
A 009d12 R32 100420 00000000 work_low
A 009c74 R8 10adc8 03 shared
A 009c80 R8 1001e4 00 work_low
A 009c86 R8 10a058 00 shared
A 009c8a R8 10add8 00 shared
B 0040a2 R32 1017a8 00008a00 sub_work
B 0040aa R32 101524 000c000e sub_work
B 0040ae R16 101dda 00c6 sub_work
B 0040ae W16 101678 00c6 sub_work
B 0040b2 R16 101678 00c6 sub_work
B 0040b2 W16 101678 80c6 sub_work
B 0040b6 R16 101dd8 0084 sub_work
B 0040b6 W16 1015a8 0084 sub_work
B 0040ba R16 1015a8 0084 sub_work
B 0040ba W16 1015a8 8084 sub_work
B 0040a2 R32 1017ac 00008400 sub_work
B 0040aa R32 101524 000c000e sub_work
B 0040ae R16 101dec 00ca sub_work
B 0040ae W16 10167a 00ca sub_work
B 0040b2 R16 10167a 00ca sub_work
B 0040b2 W16 10167a 80ca sub_work
B 0040b6 R16 101dea 0087 sub_work
B 0040b6 W16 1015aa 0087 sub_work
B 0040ba R16 1015aa 0087 sub_work
B 0040ba W16 1015aa 8087 sub_work
B 0040a2 R32 1017b0 00007e00 sub_work
B 0040aa R32 101524 000c000e sub_work
B 0040ae R16 101dfe 00ce sub_work
B 0040ae W16 10167c 00ce sub_work
B 0040b2 R16 10167c 00ce sub_work
B 0040b2 W16 10167c 80ce sub_work
B 0040b6 R16 101dfc 0089 sub_work
B 0040b6 W16 1015ac 0089 sub_work
B 0040ba R16 1015ac 0089 sub_work
B 0040ba W16 1015ac 8089 sub_work
B 0040a2 R32 1017b4 00007a00 sub_work
B 0040aa R32 101524 000c000e sub_work
B 0040ae R16 101e10 00d2 sub_work
B 0040ae W16 10167e 00d2 sub_work
B 0040b2 R16 10167e 00d2 sub_work
B 0040b2 W16 10167e 80d2 sub_work
B 0040b6 R16 101e0e 008c sub_work
B 0040b6 W16 1015ae 008c sub_work
B 0040ba R16 1015ae 008c sub_work
B 0040ba W16 1015ae 808c sub_work
B 0040a2 R32 1017b8 00007600 sub_work
B 0040aa R32 101524 000c000e sub_work
B 0040ae R16 101e22 00d5 sub_work
B 0040ae W16 101680 00d5 sub_work
B 0040b2 R16 101680 00d5 sub_work
B 0040b2 W16 101680 80d5 sub_work
B 0040b6 R16 101e20 008e sub_work
B 0040b6 W16 1015b0 008e sub_work
B 0040ba R16 1015b0 008e sub_work
B 0040ba W16 1015b0 808e sub_work
B 0040a2 R32 1017bc 00007200 sub_work
B 0040aa R32 101524 000c000e sub_work
B 0040ae R16 101e34 00d9 sub_work
B 0040ae W16 101682 00d9 sub_work
B 0040b2 R16 101682 00d9 sub_work
B 0040b2 W16 101682 80d9 sub_work
B 0040b6 R16 101e32 0091 sub_work
B 0040b6 W16 1015b2 0091 sub_work
B 0040ba R16 1015b2 0091 sub_work
B 0040ba W16 1015b2 8091 sub_work
B 0040a2 R32 1017c0 00006e00 sub_work
B 0040aa R32 101524 000c000e sub_work
B 0040ae R16 101e46 00dd sub_work
B 0040ae W16 101684 00dd sub_work
B 0040b2 R16 101684 00dd sub_work
B 0040b2 W16 101684 80dd sub_work
B 0040b6 R16 101e44 0093 sub_work
B 0040b6 W16 1015b4 0093 sub_work
B 0040ba R16 1015b4 0093 sub_work
B 0040ba W16 1015b4 8093 sub_work
B 0040a2 R32 1017c4 00006a00 sub_work
B 0040aa R32 101524 000c000e sub_work
B 0040ae R16 101e58 00e1 sub_work
B 0040ae W16 101686 00e1 sub_work
B 0040b2 R16 101686 00e1 sub_work
B 0040b2 W16 101686 80e1 sub_work
B 0040b6 R16 101e56 0096 sub_work
B 0040b6 W16 1015b6 0096 sub_work
B 0040ba R16 1015b6 0096 sub_work
B 0040ba W16 1015b6 8096 sub_work
B 0040a2 R32 1017c8 00006600 sub_work
B 0040aa R32 101524 000c000e sub_work
B 0040ae R16 101e6a 00e5 sub_work
B 0040ae W16 101688 00e5 sub_work
B 0040b2 R16 101688 00e5 sub_work
B 0040b2 W16 101688 80e5 sub_work
B 0040b6 R16 101e68 0099 sub_work
B 0040b6 W16 1015b8 0099 sub_work
B 0040ba R16 1015b8 0099 sub_work
B 0040ba W16 1015b8 8099 sub_work
B 0040a2 R32 1017cc 00006200 sub_work
B 0040aa R32 101524 000c000e sub_work
B 0040ae R16 101e7c 00e9 sub_work
B 0040ae W16 10168a 00e9 sub_work
B 0040b2 R16 10168a 00e9 sub_work
B 0040b2 W16 10168a 80e9 sub_work
B 0040b6 R16 101e7a 009b sub_work
B 0040b6 W16 1015ba 009b sub_work
B 0040ba R16 1015ba 009b sub_work
B 0040ba W16 1015ba 809b sub_work
B 0040a2 R32 1017d0 00005e00 sub_work
B 0040aa R32 101524 000c000e sub_work
B 0040ae R16 101e8e 00ed sub_work
B 0040ae W16 10168c 00ed sub_work
B 0040b2 R16 10168c 00ed sub_work
B 0040b2 W16 10168c 80ed sub_work
B 0040b6 R16 101e8c 009e sub_work
B 0040b6 W16 1015bc 009e sub_work
B 0040ba R16 1015bc 009e sub_work
B 0040ba W16 1015bc 809e sub_work
B 0040a2 R32 1017d4 00005a00 sub_work
B 0040aa R32 101524 000c000e sub_work
B 0040ae R16 101ea0 00f1 sub_work
B 0040ae W16 10168e 00f1 sub_work
B 0040b2 R16 10168e 00f1 sub_work
B 0040b2 W16 10168e 80f1 sub_work
B 0040b6 R16 101e9e 00a0 sub_work
B 0040b6 W16 1015be 00a0 sub_work
B 0040ba R16 1015be 00a0 sub_work
B 0040ba W16 1015be 80a0 sub_work
B 0040a2 R32 1017d8 00005600 sub_work
B 0040aa R32 101524 000c000e sub_work
B 0040ae R16 101eb2 00f4 sub_work
B 0040ae W16 101690 00f4 sub_work
B 0040b2 R16 101690 00f4 sub_work
B 0040b2 W16 101690 80f4 sub_work
B 0040b6 R16 101eb0 00a3 sub_work
B 0040b6 W16 1015c0 00a3 sub_work
B 0040ba R16 1015c0 00a3 sub_work
B 0040ba W16 1015c0 80a3 sub_work
B 0040a2 R32 1017dc 00005200 sub_work
B 0040aa R32 101524 000c000e sub_work
B 0040ae R16 101ec4 00f8 sub_work
B 0040ae W16 101692 00f8 sub_work
B 0040b2 R16 101692 00f8 sub_work
B 0040b2 W16 101692 80f8 sub_work
B 0040b6 R16 101ec2 00a6 sub_work
B 0040b6 W16 1015c2 00a6 sub_work
B 0040ba R16 1015c2 00a6 sub_work
B 0040ba W16 1015c2 80a6 sub_work
B 0040a2 R32 1017e0 00004e00 sub_work
B 0040aa R32 101524 000c000e sub_work
B 0040ae R16 101ed6 00fc sub_work
B 0040ae W16 101694 00fc sub_work
B 0040b2 R16 101694 00fc sub_work
B 0040b2 W16 101694 80fc sub_work
B 0040b6 R16 101ed4 00a8 sub_work
B 0040b6 W16 1015c4 00a8 sub_work
B 0040ba R16 1015c4 00a8 sub_work
B 0040ba W16 1015c4 80a8 sub_work
B 0040a2 R32 1017e4 00004a00 sub_work
B 0040aa R32 101524 000c000e sub_work
B 0040ae R16 101ee8 0100 sub_work
B 0040ae W16 101696 0100 sub_work
B 0040b2 R16 101696 0100 sub_work
B 0040b2 W16 101696 8100 sub_work
B 0040b6 R16 101ee6 00ab sub_work
B 0040b6 W16 1015c6 00ab sub_work
B 0040ba R16 1015c6 00ab sub_work
B 0040ba W16 1015c6 80ab sub_work
B 0040a2 R32 1017e8 00004600 sub_work
B 0040aa R32 101524 000c000e sub_work
B 0040ae R16 101efa 0104 sub_work
B 0040ae W16 101698 0104 sub_work
B 0040b2 R16 101698 0104 sub_work
B 0040b2 W16 101698 8104 sub_work
B 0040b6 R16 101ef8 00ad sub_work
B 0040b6 W16 1015c8 00ad sub_work
B 0040ba R16 1015c8 00ad sub_work
B 0040ba W16 1015c8 80ad sub_work
B 0040a2 R32 1017ec 00004200 sub_work
B 0040aa R32 101524 000c000e sub_work
B 0040ae R16 101f0c 0108 sub_work
B 0040ae W16 10169a 0108 sub_work
B 0040b2 R16 10169a 0108 sub_work
B 0040b2 W16 10169a 8108 sub_work
B 0040b6 R16 101f0a 00b0 sub_work
B 0040b6 W16 1015ca 00b0 sub_work
B 0040ba R16 1015ca 00b0 sub_work
B 0040ba W16 1015ca 80b0 sub_work
B 0040a2 R32 1017f0 00004000 sub_work
B 0040aa R32 101524 000c000e sub_work
B 0040ae R16 101f1e 010c sub_work
B 0040ae W16 10169c 010c sub_work
B 0040b2 R16 10169c 010c sub_work
B 0040b2 W16 10169c 810c sub_work
B 0040b6 R16 101f1c 00b2 sub_work
B 0040b6 W16 1015cc 00b2 sub_work
B 0040ba R16 1015cc 00b2 sub_work
B 0040ba W16 1015cc 80b2 sub_work
B 0040a2 R32 1017f4 00003e00 sub_work
B 0040aa R32 101524 000c000e sub_work
B 0040ae R16 101f30 0110 sub_work
B 0040ae W16 10169e 0110 sub_work
B 0040b2 R16 10169e 0110 sub_work
B 0040b2 W16 10169e 8110 sub_work
B 0040b6 R16 101f2e 00b5 sub_work
B 0040b6 W16 1015ce 00b5 sub_work
B 0040ba R16 1015ce 00b5 sub_work
B 0040ba W16 1015ce 80b5 sub_work
B 0040a2 R32 1017f8 00003c00 sub_work
B 0040aa R32 101524 000c000e sub_work
B 0040ae R16 101f42 0113 sub_work
B 0040ae W16 1016a0 0113 sub_work
B 0040b2 R16 1016a0 0113 sub_work
B 0040b2 W16 1016a0 8113 sub_work
B 0040b6 R16 101f40 00b8 sub_work
B 0040b6 W16 1015d0 00b8 sub_work
B 0040ba R16 1015d0 00b8 sub_work
B 0040ba W16 1015d0 80b8 sub_work
B 0040a2 R32 1017fc 00003a00 sub_work
B 0040aa R32 101524 000c000e sub_work
B 0040ae R16 101f54 0117 sub_work
B 0040ae W16 1016a2 0117 sub_work
B 0040b2 R16 1016a2 0117 sub_work
B 0040b2 W16 1016a2 8117 sub_work
B 0040b6 R16 101f52 00ba sub_work
B 0040b6 W16 1015d2 00ba sub_work
B 0040ba R16 1015d2 00ba sub_work
B 0040ba W16 1015d2 80ba sub_work
B 0040a2 R32 101800 00003800 sub_work
B 0040aa R32 101524 000c000e sub_work
B 0040ae R16 101f66 011b sub_work
B 0040ae W16 1016a4 011b sub_work
B 0040b2 R16 1016a4 011b sub_work
B 0040b2 W16 1016a4 811b sub_work
B 0040b6 R16 101f64 00bd sub_work
B 0040b6 W16 1015d4 00bd sub_work
B 0040ba R16 1015d4 00bd sub_work
B 0040ba W16 1015d4 80bd sub_work
B 0040a2 R32 101804 00003600 sub_work
B 0040aa R32 101524 000c000e sub_work
B 0040ae R16 101f78 011f sub_work
B 0040ae W16 1016a6 011f sub_work
B 0040b2 R16 1016a6 011f sub_work
B 0040b2 W16 1016a6 811f sub_work
B 0040b6 R16 101f76 00bf sub_work
B 0040b6 W16 1015d6 00bf sub_work
B 0040ba R16 1015d6 00bf sub_work
B 0040ba W16 1015d6 80bf sub_work
B 0040a2 R32 101808 00003400 sub_work
B 0040aa R32 101524 000c000e sub_work
B 0040ae R16 101f8a 0123 sub_work
B 0040ae W16 1016a8 0123 sub_work
B 0040b2 R16 1016a8 0123 sub_work
B 0040b2 W16 1016a8 8123 sub_work
B 0040b6 R16 101f88 00c2 sub_work
B 0040b6 W16 1015d8 00c2 sub_work
B 0040ba R16 1015d8 00c2 sub_work
B 0040ba W16 1015d8 80c2 sub_work
B 0040a2 R32 10180c 00003200 sub_work
B 0040aa R32 101524 000c000e sub_work
B 0040ae R16 101f9c 0127 sub_work
B 0040ae W16 1016aa 0127 sub_work
B 0040b2 R16 1016aa 0127 sub_work
B 0040b2 W16 1016aa 8127 sub_work
B 0040b6 R16 101f9a 00c5 sub_work
B 0040b6 W16 1015da 00c5 sub_work
B 0040ba R16 1015da 00c5 sub_work
B 0040ba W16 1015da 80c5 sub_work
B 0040a2 R32 101810 00003000 sub_work
B 0040aa R32 101524 000c000e sub_work
B 0040ae R16 101fae 012b sub_work
B 0040ae W16 1016ac 012b sub_work
B 0040b2 R16 1016ac 012b sub_work
B 0040b2 W16 1016ac 812b sub_work
B 0040b6 R16 101fac 00c7 sub_work
B 0040b6 W16 1015dc 00c7 sub_work
B 0040ba R16 1015dc 00c7 sub_work
B 0040ba W16 1015dc 80c7 sub_work
B 0040a2 R32 101814 00002e00 sub_work
B 0040aa R32 101524 000c000e sub_work
B 0040ae R16 101fc0 012f sub_work
B 0040ae W16 1016ae 012f sub_work
B 0040b2 R16 1016ae 012f sub_work
B 0040b2 W16 1016ae 812f sub_work
B 0040b6 R16 101fbe 00ca sub_work
B 0040b6 W16 1015de 00ca sub_work
B 0040ba R16 1015de 00ca sub_work
B 0040ba W16 1015de 80ca sub_work
B 0040a2 R32 101818 00002c00 sub_work
B 0040aa R32 101524 000c000e sub_work
B 0040ae R16 101fd2 0132 sub_work
B 0040ae W16 1016b0 0132 sub_work
B 0040b2 R16 1016b0 0132 sub_work
B 0040b2 W16 1016b0 8132 sub_work
B 0040b6 R16 101fd0 00cc sub_work
B 0040b6 W16 1015e0 00cc sub_work
B 0040ba R16 1015e0 00cc sub_work
B 0040ba W16 1015e0 80cc sub_work
B 0040a2 R32 10181c 00002a00 sub_work
B 0040aa R32 101524 000c000e sub_work
B 0040ae R16 101fe4 0136 sub_work
B 0040ae W16 1016b2 0136 sub_work
B 0040b2 R16 1016b2 0136 sub_work
B 0040b2 W16 1016b2 8136 sub_work
B 0040b6 R16 101fe2 00cf sub_work
B 0040b6 W16 1015e2 00cf sub_work
B 0040ba R16 1015e2 00cf sub_work
B 0040ba W16 1015e2 80cf sub_work
B 0040a2 R32 101820 00002800 sub_work
B 0040aa R32 101524 000c000e sub_work
B 0040ae R16 101ff6 013a sub_work
B 0040ae W16 1016b4 013a sub_work
B 0040b2 R16 1016b4 013a sub_work
B 0040b2 W16 1016b4 813a sub_work
B 0040b6 R16 101ff4 00d1 sub_work
B 0040b6 W16 1015e4 00d1 sub_work
B 0040ba R16 1015e4 00d1 sub_work
B 0040ba W16 1015e4 80d1 sub_work
B 0040a2 R32 101824 00002600 sub_work
B 0040aa R32 101524 000c000e sub_work
B 0040ae R16 102008 013e sub_work
B 0040ae W16 1016b6 013e sub_work
B 0040b2 R16 1016b6 013e sub_work
B 0040b2 W16 1016b6 813e sub_work
B 0040b6 R16 102006 00d4 sub_work
B 0040b6 W16 1015e6 00d4 sub_work
B 0040ba R16 1015e6 00d4 sub_work
B 0040ba W16 1015e6 80d4 sub_work
B 0040a2 R32 101828 00002400 sub_work
B 0040aa R32 101524 000c000e sub_work
B 0040ae R16 10201a 0142 sub_work
B 0040ae W16 1016b8 0142 sub_work
B 0040b2 R16 1016b8 0142 sub_work
B 0040b2 W16 1016b8 8142 sub_work
B 0040b6 R16 102018 00d7 sub_work
B 0040b6 W16 1015e8 00d7 sub_work
B 0040ba R16 1015e8 00d7 sub_work
B 0040ba W16 1015e8 80d7 sub_work
B 0040a2 R32 10182c 00002200 sub_work
B 0040aa R32 101524 000c000e sub_work
B 0040ae R16 10202c 0146 sub_work
B 0040ae W16 1016ba 0146 sub_work
B 0040b2 R16 1016ba 0146 sub_work
B 0040b2 W16 1016ba 8146 sub_work
B 0040b6 R16 10202a 00d9 sub_work
B 0040b6 W16 1015ea 00d9 sub_work
B 0040ba R16 1015ea 00d9 sub_work
B 0040ba W16 1015ea 80d9 sub_work
B 0040a2 R32 101830 00002000 sub_work
B 0040aa R32 101524 000c000e sub_work
B 0040ae R16 10203e 014a sub_work
B 0040ae W16 1016bc 014a sub_work
B 0040b2 R16 1016bc 014a sub_work
B 0040b2 W16 1016bc 814a sub_work
B 0040b6 R16 10203c 00dc sub_work
B 0040b6 W16 1015ec 00dc sub_work
B 0040ba R16 1015ec 00dc sub_work
B 0040ba W16 1015ec 80dc sub_work
B 0040a2 R32 101834 00001e00 sub_work
B 0040aa R32 101524 000c000e sub_work
B 0040ae R16 102050 014e sub_work
B 0040ae W16 1016be 014e sub_work
B 0040b2 R16 1016be 014e sub_work
B 0040b2 W16 1016be 814e sub_work
B 0040b6 R16 10204e 00de sub_work
B 0040b6 W16 1015ee 00de sub_work
B 0040ba R16 1015ee 00de sub_work
B 0040ba W16 1015ee 80de sub_work
B 0040a2 R32 101838 00001c00 sub_work
B 0040aa R32 101524 000c000e sub_work
B 0040ae R16 102062 0151 sub_work
B 0040ae W16 1016c0 0151 sub_work
B 0040b2 R16 1016c0 0151 sub_work
B 0040b2 W16 1016c0 8151 sub_work
B 0040b6 R16 102060 00e1 sub_work
B 0040b6 W16 1015f0 00e1 sub_work
B 0040ba R16 1015f0 00e1 sub_work
B 0040ba W16 1015f0 80e1 sub_work
B 0040a2 R32 10183c 00001a00 sub_work
B 0040aa R32 101524 000c000e sub_work
B 0040ae R16 102074 0155 sub_work
B 0040ae W16 1016c2 0155 sub_work
B 0040b2 R16 1016c2 0155 sub_work
B 0040b2 W16 1016c2 8155 sub_work
B 0040b6 R16 102072 00e4 sub_work
B 0040b6 W16 1015f2 00e4 sub_work
B 0040ba R16 1015f2 00e4 sub_work
B 0040ba W16 1015f2 80e4 sub_work
B 0040a2 R32 101840 00001800 sub_work
B 0040aa R32 101524 000c000e sub_work
B 0040ae R16 102086 0159 sub_work
B 0040ae W16 1016c4 0159 sub_work
B 0040b2 R16 1016c4 0159 sub_work
B 0040b2 W16 1016c4 8159 sub_work
B 0040b6 R16 102084 00e6 sub_work
B 0040b6 W16 1015f4 00e6 sub_work
B 0040ba R16 1015f4 00e6 sub_work
B 0040ba W16 1015f4 80e6 sub_work
B 0040a2 R32 101844 00001600 sub_work
B 0040aa R32 101524 000c000e sub_work
B 0040ae R16 102098 015d sub_work
B 0040ae W16 1016c6 015d sub_work
B 0040b2 R16 1016c6 015d sub_work
B 0040b2 W16 1016c6 815d sub_work
B 0040b6 R16 102096 00e9 sub_work
B 0040b6 W16 1015f6 00e9 sub_work
B 0040ba R16 1015f6 00e9 sub_work
B 0040ba W16 1015f6 80e9 sub_work
B 0040a2 R32 101848 00001400 sub_work
B 0040aa R32 101524 000c000e sub_work
B 0040ae R16 1020aa 0161 sub_work
B 0040ae W16 1016c8 0161 sub_work
B 0040b2 R16 1016c8 0161 sub_work
B 0040b2 W16 1016c8 8161 sub_work
B 0040b6 R16 1020a8 00eb sub_work
B 0040b6 W16 1015f8 00eb sub_work
B 0040ba R16 1015f8 00eb sub_work
B 0040ba W16 1015f8 80eb sub_work
B 0040a2 R32 10184c 00001200 sub_work
B 0040aa R32 101524 000c000e sub_work
B 0040ae R16 1020bc 0165 sub_work
B 0040ae W16 1016ca 0165 sub_work
B 0040b2 R16 1016ca 0165 sub_work
B 0040b2 W16 1016ca 8165 sub_work
B 0040b6 R16 1020ba 00ee sub_work
B 0040b6 W16 1015fa 00ee sub_work
B 0040ba R16 1015fa 00ee sub_work
B 0040ba W16 1015fa 80ee sub_work
B 0040a2 R32 101850 00001000 sub_work
B 0040aa R32 101524 000c000e sub_work
B 0040ae R16 1020ce 0169 sub_work
B 0040ae W16 1016cc 0169 sub_work
B 0040b2 R16 1016cc 0169 sub_work
B 0040b2 W16 1016cc 8169 sub_work
B 0040b6 R16 1020cc 00f0 sub_work
B 0040b6 W16 1015fc 00f0 sub_work
B 0040ba R16 1015fc 00f0 sub_work
B 0040ba W16 1015fc 80f0 sub_work
B 0040a2 R32 101854 00000e00 sub_work
B 0040aa R32 101524 000c000e sub_work
B 0040ae R16 1020e0 016d sub_work
B 0040ae W16 1016ce 016d sub_work
B 0040b2 R16 1016ce 016d sub_work
B 0040b2 W16 1016ce 816d sub_work
B 0040b6 R16 1020de 00f3 sub_work
B 0040b6 W16 1015fe 00f3 sub_work
B 0040ba R16 1015fe 00f3 sub_work
B 0040ba W16 1015fe 80f3 sub_work
B 0040a2 R32 101858 00000c00 sub_work
B 0040aa R32 101524 000c000e sub_work
B 0040ae R16 1020f2 0170 sub_work
B 0040ae W16 1016d0 0170 sub_work
B 0040b2 R16 1016d0 0170 sub_work
B 0040b2 W16 1016d0 8170 sub_work
B 0040b6 R16 1020f0 00f6 sub_work
B 0040b6 W16 101600 00f6 sub_work
B 0040ba R16 101600 00f6 sub_work
B 0040ba W16 101600 80f6 sub_work
B 0040a2 R32 10185c 00000a00 sub_work
B 0040aa R32 101524 000c000e sub_work
B 0040ae R16 102104 0174 sub_work
B 0040ae W16 1016d2 0174 sub_work
B 0040b2 R16 1016d2 0174 sub_work
B 0040b2 W16 1016d2 8174 sub_work
B 0040b6 R16 102102 00f8 sub_work
B 0040b6 W16 101602 00f8 sub_work
B 0040ba R16 101602 00f8 sub_work
B 0040ba W16 101602 80f8 sub_work
B 0040a2 R32 101860 00000800 sub_work
B 0040aa R32 101524 000c000e sub_work
B 0040ae R16 102116 0178 sub_work
B 0040ae W16 1016d4 0178 sub_work
B 0040b2 R16 1016d4 0178 sub_work
B 0040b2 W16 1016d4 8178 sub_work
B 0040b6 R16 102114 00fb sub_work
B 0040b6 W16 101604 00fb sub_work
B 0040ba R16 101604 00fb sub_work
B 0040ba W16 101604 80fb sub_work
B 0040a2 R32 101864 00000600 sub_work
B 0040aa R32 101524 000c000e sub_work
B 0040ae R16 102128 017c sub_work
B 0040ae W16 1016d6 017c sub_work
B 0040b2 R16 1016d6 017c sub_work
B 0040b2 W16 1016d6 817c sub_work
B 0040b6 R16 102126 00fd sub_work
B 0040b6 W16 101606 00fd sub_work
B 0040ba R16 101606 00fd sub_work
B 0040ba W16 101606 80fd sub_work
B 0040a2 R32 101868 00000400 sub_work
B 0040aa R32 101524 000c000e sub_work
B 0040ae R16 10213a 0180 sub_work
B 0040ae W16 1016d8 0180 sub_work
B 0040b2 R16 1016d8 0180 sub_work
B 0040b2 W16 1016d8 8180 sub_work
B 0040b6 R16 102138 0100 sub_work
B 0040b6 W16 101608 0100 sub_work
B 0040ba R16 101608 0100 sub_work
B 0040ba W16 101608 8100 sub_work
B 0040a2 R32 10186c 00000200 sub_work
B 0040aa R32 101524 000c000e sub_work
B 0040ae R16 10214c 0184 sub_work
B 0040ae W16 1016da 0184 sub_work
B 0040b2 R16 1016da 0184 sub_work
B 0040b2 W16 1016da 8184 sub_work
B 0040b6 R16 10214a 0103 sub_work
B 0040b6 W16 10160a 0103 sub_work
B 0040ba R16 10160a 0103 sub_work
B 0040ba W16 10160a 8103 sub_work
B 0040a2 R32 101870 00000000 sub_work
B 0040aa R32 101524 000c000e sub_work
B 0040ae R16 10215e 0188 sub_work
B 0040ae W16 1016dc 0188 sub_work
B 0040b2 R16 1016dc 0188 sub_work
B 0040b2 W16 1016dc 8188 sub_work
B 0040b6 R16 10215c 0105 sub_work
B 0040b6 W16 10160c 0105 sub_work
B 0040ba R16 10160c 0105 sub_work
B 0040ba W16 10160c 8105 sub_work
B 0040a2 R32 101874 00000000 sub_work
B 0040aa R32 101524 000c000e sub_work
B 0040ae R16 102170 018c sub_work
B 0040ae W16 1016de 018c sub_work
B 0040b2 R16 1016de 018c sub_work
B 0040b2 W16 1016de 818c sub_work
B 0040b6 R16 10216e 0108 sub_work
B 0040b6 W16 10160e 0108 sub_work
B 0040ba R16 10160e 0108 sub_work
B 0040ba W16 10160e 8108 sub_work
B 0040a2 R32 101878 00000000 sub_work
B 0040aa R32 101524 000c000e sub_work
B 0040ae R16 102182 018f sub_work
B 0040ae W16 1016e0 018f sub_work
B 0040b2 R16 1016e0 018f sub_work
B 0040b2 W16 1016e0 818f sub_work
B 0040b6 R16 102180 010a sub_work
B 0040b6 W16 101610 010a sub_work
B 0040ba R16 101610 010a sub_work
B 0040ba W16 101610 810a sub_work
B 0040a2 R32 10187c 00000000 sub_work
B 0040aa R32 101524 000c000e sub_work
B 0040ae R16 102194 0193 sub_work
B 0040ae W16 1016e2 0193 sub_work
B 0040b2 R16 1016e2 0193 sub_work
B 0040b2 W16 1016e2 8193 sub_work
B 0040b6 R16 102192 010d sub_work
B 0040b6 W16 101612 010d sub_work
B 0040ba R16 101612 010d sub_work
B 0040ba W16 101612 810d sub_work
B 0040a2 R32 101880 00000000 sub_work
B 0040aa R32 101524 000c000e sub_work
B 0040ae R16 1021a6 0197 sub_work
B 0040ae W16 1016e4 0197 sub_work
B 0040b2 R16 1016e4 0197 sub_work
B 0040b2 W16 1016e4 8197 sub_work
B 0040b6 R16 1021a4 010f sub_work
B 0040b6 W16 101614 010f sub_work
B 0040ba R16 101614 010f sub_work
B 0040ba W16 101614 810f sub_work
B 0040a2 R32 101884 00000000 sub_work
B 0040aa R32 101524 000c000e sub_work
B 0040ae R16 1021b8 019b sub_work
B 0040ae W16 1016e6 019b sub_work
B 0040b2 R16 1016e6 019b sub_work
B 0040b2 W16 1016e6 819b sub_work
B 0040b6 R16 1021b6 0112 sub_work
B 0040b6 W16 101616 0112 sub_work
B 0040ba R16 101616 0112 sub_work
B 0040ba W16 101616 8112 sub_work
B 0040c2 R32 1007ec 00004018 sub_work
B 004018 R16 102ce0 0000 sub_work
B 004020 R32 1007f0 00003cc4 sub_work
B 003cc4 W32 1007f0 00003cc8 sub_work
B 0040c4 R16 102ba6 0000 sub_work
B 00411e R32 1007f0 00003cc8 sub_work
B 003cc8 W32 1007f0 00003ccc sub_work
B 003d14 W32 1007ec 00003d18 sub_work
B 003e58 R8 1021ca 00 sub_work
B 003e5e R8 1021c8 00 sub_work
B 003e76 R8 101a63 7c sub_work
B 003e7c R8 101a62 7c sub_work
B 003e88 W8 102cd0 00 sub_work
B 003e94 W8 102cc8 00 sub_work
B 003e58 R8 1021d2 00 sub_work
B 003e5e R8 1021d0 00 sub_work
B 003e76 R8 101a64 7c sub_work
B 003e7c R8 101a63 7c sub_work
B 003e88 W8 102cd1 00 sub_work
B 003e94 W8 102cc9 00 sub_work
B 003e58 R8 1021da 00 sub_work
B 003e5e R8 1021d8 00 sub_work
B 003e76 R8 101a65 7c sub_work
B 003e7c R8 101a64 7c sub_work
B 003e88 W8 102cd2 00 sub_work
B 003e94 W8 102cca 00 sub_work
B 003e58 R8 1021e2 00 sub_work
B 003e5e R8 1021e0 00 sub_work
B 003e76 R8 101a66 7c sub_work
B 003e7c R8 101a65 7c sub_work
B 003e88 W8 102cd3 00 sub_work
B 003e94 W8 102ccb 00 sub_work
B 003e58 R8 1021ea 00 sub_work
B 003e5e R8 1021e8 00 sub_work
B 003e76 R8 101a67 7c sub_work
B 003e7c R8 101a66 7c sub_work
B 003e88 W8 102cd4 00 sub_work
B 003e94 W8 102ccc 00 sub_work
B 003ea0 R32 1007ec 00003d18 sub_work
B 003d3c R16 100810 0000 sub_work
B 003d60 R8 102cd4 00 sub_work
B 003d70 R8 102ccc 00 sub_work
B 003d60 R8 102cd3 00 sub_work
B 003d70 R8 102ccb 00 sub_work
B 003d60 R8 102cd2 00 sub_work
B 003d70 R8 102cca 00 sub_work
B 003d60 R8 102cd2 00 sub_work
B 003d70 R8 102cca 00 sub_work
B 003d60 R8 102cd1 00 sub_work
B 003d70 R8 102cc9 00 sub_work
B 003d60 R8 102cd1 00 sub_work
B 003d70 R8 102cc9 00 sub_work
B 003d60 R8 102cd1 00 sub_work
B 003d70 R8 102cc9 00 sub_work
B 003d60 R8 102cd1 00 sub_work
B 003d70 R8 102cc9 00 sub_work
B 003d60 R8 102cd1 00 sub_work
B 003d70 R8 102cc9 00 sub_work
B 003d60 R8 102cd0 00 sub_work
B 003d70 R8 102cc8 00 sub_work
B 003d60 R8 102cd0 00 sub_work
B 003d70 R8 102cc8 00 sub_work
B 003d60 R8 102cd0 00 sub_work
B 003d70 R8 102cc8 00 sub_work
B 003d60 R8 102cd0 00 sub_work
B 003d70 R8 102cc8 00 sub_work
B 003d60 R8 102cd0 00 sub_work
B 003d70 R8 102cc8 00 sub_work
B 003d60 R8 102cd0 00 sub_work
B 003d70 R8 102cc8 00 sub_work
B 003d60 R8 102cd0 00 sub_work
B 003d70 R8 102cc8 00 sub_work
B 003d60 R8 102cd0 00 sub_work
B 003d70 R8 102cc8 00 sub_work
B 003d60 R8 102cd0 00 sub_work
B 003d70 R8 102cc8 00 sub_work
B 003d60 R8 102cd0 00 sub_work
B 003d70 R8 102cc8 00 sub_work
B 003d60 R8 102cd0 00 sub_work
B 003d70 R8 102cc8 00 sub_work
B 003d60 R8 102cd0 00 sub_work
B 003d70 R8 102cc8 00 sub_work
B 003d60 R8 102cd0 00 sub_work
B 003d70 R8 102cc8 00 sub_work
B 003d60 R8 102cd0 00 sub_work
B 003d70 R8 102cc8 00 sub_work
B 003d60 R8 102cd0 00 sub_work
B 003d70 R8 102cc8 00 sub_work
B 003d60 R8 102cd0 00 sub_work
B 003d70 R8 102cc8 00 sub_work
B 003d60 R8 102cd0 00 sub_work
B 003d70 R8 102cc8 00 sub_work
B 003d60 R8 102cd0 00 sub_work
B 003d70 R8 102cc8 00 sub_work
B 003d60 R8 102cd0 00 sub_work
B 003d70 R8 102cc8 00 sub_work
B 003d60 R8 102cd0 00 sub_work
B 003d70 R8 102cc8 00 sub_work
B 003d60 R8 102cd0 00 sub_work
B 003d70 R8 102cc8 00 sub_work
B 003d60 R8 102cd0 00 sub_work
B 003d70 R8 102cc8 00 sub_work
B 003d60 R8 102cd0 00 sub_work
B 003d70 R8 102cc8 00 sub_work
B 003d60 R8 102cd0 00 sub_work
B 003d70 R8 102cc8 00 sub_work
A 009cae R16 10a044 86f0 shared
A 009cb2 R16 10adc4 6c60 shared
A 009d12 R32 100420 00000000 work_low
A 009c74 R8 10ae08 03 shared
A 009c80 R8 1001e4 00 work_low
A 009c86 R8 10a058 00 shared
A 009c8a R8 10ae18 00 shared
A 009cae R16 10a044 86f0 shared
A 009cb2 R16 10ae04 8f00 shared
A 009cba R16 10ae0a 036a shared
A 009cda R16 10a044 86f0 shared
A 009cde R16 10ae04 8f00 shared
A 009d04 R16 100448 0000 work_low
A 009d0a W32 102df0 00009d0e work_low
A 009dc2 R32 100444 00000000 work_low
A 009dc8 R8 10ae08 03 shared
A 009e28 R32 102df0 00009d0e work_low
A 009d12 R32 100420 00000000 work_low
A 009c74 R8 10ae48 03 shared
A 009c80 R8 1001e4 00 work_low
A 009c86 R8 10a058 00 shared
A 009c8a R8 10ae58 00 shared
A 009cae R16 10a044 86f0 shared
A 009cb2 R16 10ae44 8f00 shared
A 009cba R16 10ae4a 036a shared
A 009cda R16 10a044 86f0 shared
A 009cde R16 10ae44 8f00 shared
A 009d04 R16 100448 0000 work_low
A 009d0a W32 102df0 00009d0e work_low
A 009dc2 R32 100444 00000000 work_low
A 009dc8 R8 10ae48 03 shared
A 009e28 R32 102df0 00009d0e work_low
A 009d12 R32 100420 00000000 work_low
A 009c74 R8 10ae88 03 shared
A 009c80 R8 1001e4 00 work_low
A 009c86 R8 10a058 00 shared
A 009c8a R8 10ae98 00 shared
A 009cae R16 10a044 86f0 shared
A 009cb2 R16 10ae84 8f00 shared
A 009cba R16 10ae8a 036a shared
A 009cda R16 10a044 86f0 shared
A 009cde R16 10ae84 8f00 shared
A 009d04 R16 100448 0000 work_low
A 009d0a W32 102df0 00009d0e work_low
A 009dc2 R32 100444 00000000 work_low
A 009dc8 R8 10ae88 03 shared
A 009e28 R32 102df0 00009d0e work_low
A 009d12 R32 100420 00000000 work_low
A 009c74 R8 10aec8 03 shared
A 009c80 R8 1001e4 00 work_low
A 009c86 R8 10a058 00 shared
A 009c8a R8 10aed8 00 shared
A 009cae R16 10a044 86f0 shared
A 009cb2 R16 10aec4 8f00 shared
A 009cba R16 10aeca 036a shared
A 009cda R16 10a044 86f0 shared
A 009cde R16 10aec4 8f00 shared
A 009d04 R16 100448 0000 work_low
A 009d0a W32 102df0 00009d0e work_low
A 009dc2 R32 100444 00000000 work_low
A 009dc8 R8 10aec8 03 shared
A 009e28 R32 102df0 00009d0e work_low
A 009d12 R32 100420 00000000 work_low
A 009c74 R8 10af08 03 shared
A 009c80 R8 1001e4 00 work_low
A 009c86 R8 10a058 00 shared
A 009c8a R8 10af18 00 shared
A 009cae R16 10a044 86f0 shared
A 009cb2 R16 10af04 6c60 shared
A 009d12 R32 100420 00000000 work_low
A 009c74 R8 10af48 03 shared
A 009c80 R8 1001e4 00 work_low
A 009c86 R8 10a058 00 shared
A 009c8a R8 10af58 00 shared
A 009cae R16 10a044 86f0 shared
A 009cb2 R16 10af44 6c60 shared
A 009d12 R32 100420 00000000 work_low
A 009c74 R8 10af88 03 shared
A 009c80 R8 1001e4 00 work_low
A 009c86 R8 10a058 00 shared
A 009c8a R8 10af98 00 shared
A 009cae R16 10a044 86f0 shared
A 009cb2 R16 10af84 6c60 shared
A 009d12 R32 100420 00000000 work_low
A 009c74 R8 10afc8 03 shared
A 009c80 R8 1001e4 00 work_low
A 009c86 R8 10a058 00 shared
A 009c8a R8 10afd8 00 shared
A 009cae R16 10a044 86f0 shared
A 009cb2 R16 10afc4 6c60 shared
A 009d12 R32 100420 00000000 work_low
A 009c74 R8 10b008 00 shared
A 009d12 R32 100420 00000000 work_low
A 009c74 R8 10b048 00 shared
A 009d12 R32 100420 00000000 work_low
A 009c74 R8 10b088 00 shared
A 009d12 R32 100420 00000000 work_low
A 009c74 R8 10b0c8 00 shared
A 009d12 R32 100420 00000000 work_low
A 009c74 R8 10b108 00 shared
A 009d12 R32 100420 00000000 work_low
A 009c74 R8 10b148 00 shared
A 009d12 R32 100420 00000000 work_low
A 009c74 R8 10b188 00 shared
A 009d12 R32 100420 00000000 work_low
A 009c74 R8 10b1c8 00 shared
A 009d12 R32 100420 00000000 work_low
A 009c74 R8 10b208 00 shared
A 009d12 R32 100420 00000000 work_low
A 009c74 R8 10b248 00 shared
A 009d12 R32 100420 00000000 work_low
A 009c74 R8 10b288 00 shared
A 009d12 R32 100420 00000000 work_low
A 009c74 R8 10b2c8 00 shared
A 009d12 R32 100420 00000000 work_low
A 009c74 R8 10b308 00 shared
A 009d12 R32 100420 00000000 work_low
A 009c74 R8 10b348 00 shared
A 009d12 R32 100420 00000000 work_low
A 009c74 R8 10b388 00 shared
A 009d12 R32 100420 00000000 work_low
A 009c74 R8 10b3c8 00 shared
A 009d12 R32 100420 00000000 work_low
A 009c74 R8 10b408 00 shared
A 009d12 R32 100420 00000000 work_low
A 009c74 R8 10b448 00 shared
A 009d12 R32 100420 00000000 work_low
A 009c74 R8 10b488 00 shared
A 009d12 R32 100420 00000000 work_low
A 009c74 R8 10b4c8 00 shared
A 009d12 R32 100420 00000000 work_low
A 009c74 R8 10b508 00 shared
A 009d12 R32 100420 00000000 work_low
A 009c74 R8 10b548 00 shared
A 009d12 R32 100420 00000000 work_low
A 009c74 R8 10b588 00 shared
A 009d12 R32 100420 00000000 work_low
A 009c74 R8 10b5c8 00 shared
A 009d12 R32 100420 00000000 work_low
A 009c74 R8 10b608 00 shared
A 009d12 R32 100420 00000000 work_low
A 009c74 R8 10b648 00 shared
A 009d12 R32 100420 00000000 work_low
A 009c74 R8 10b688 00 shared
A 009d12 R32 100420 00000000 work_low
A 009c74 R8 10b6c8 00 shared
A 009d12 R32 100420 00000000 work_low
A 009c74 R8 10b708 00 shared
A 009d12 R32 100420 00000000 work_low
A 009c74 R8 10b748 00 shared
A 009d12 R32 100420 00000000 work_low
A 009c74 R8 10b788 00 shared
A 009d12 R32 100420 00000000 work_low
A 009c74 R8 10b7c8 00 shared
A 009d12 R32 100420 00000000 work_low
A 009c74 R8 10b808 00 shared
A 009d12 R32 100420 00000000 work_low
A 009c74 R8 10b848 00 shared
A 009d12 R32 100420 00000000 work_low
A 009c74 R8 10b888 00 shared
A 009d12 R32 100420 00000000 work_low
A 009c74 R8 10b8c8 00 shared
A 009d12 R32 100420 00000000 work_low
A 009c74 R8 10b908 00 shared
A 009d12 R32 100420 00000000 work_low
A 009c74 R8 10b948 00 shared
A 009d12 R32 100420 00000000 work_low
A 009c74 R8 10b988 00 shared
A 009d12 R32 100420 00000000 work_low
A 009c74 R8 10b9c8 00 shared
A 009d12 R32 100420 00000000 work_low
A 009c74 R8 10ba08 00 shared
A 009d12 R32 100420 00000000 work_low
A 009c74 R8 10ba48 00 shared
A 009d12 R32 100420 00000000 work_low
A 009c74 R8 10ba88 00 shared
A 009d12 R32 100420 00000000 work_low
A 009c74 R8 10bac8 00 shared
A 009d12 R32 100420 00000000 work_low
A 009c74 R8 10bb08 00 shared
A 009d12 R32 100420 00000000 work_low
A 009c74 R8 10bb48 00 shared
A 009d12 R32 100420 00000000 work_low
A 009c74 R8 10bb88 00 shared
A 009d12 R32 100420 00000000 work_low
A 009c74 R8 10bbc8 00 shared
A 009d12 R32 100420 00000000 work_low
A 009c74 R8 10bc08 00 shared
A 009d12 R32 100420 00000000 work_low
A 009c74 R8 10bc48 00 shared
A 009d12 R32 100420 00000000 work_low
A 009c74 R8 10bc88 00 shared
A 009d12 R32 100420 00000000 work_low
A 009c74 R8 10bcc8 00 shared
A 009d12 R32 100420 00000000 work_low
A 009c74 R8 10bd08 00 shared
A 009d12 R32 100420 00000000 work_low
A 009c74 R8 10bd48 00 shared
A 009d12 R32 100420 00000000 work_low
A 009c74 R8 10bd88 00 shared
A 009d12 R32 100420 00000000 work_low
A 009c74 R8 10bdc8 00 shared
A 009d12 R32 100420 00000000 work_low
A 009d22 R16 108002 078c shared
A 009d30 R32 102df4 00009bee work_low
A 009bee R32 102df8 00007e3e work_low
A 007e3e W32 102df8 00007e42 work_low
A 007cac R16 10a046 0000 shared
A 007cb8 R16 100484 0000 work_low
A 007cea R16 10a050 0000 shared
A 007da0 R8 10040f 00 work_low
A 007da8 W32 102df4 00007dac work_low
A 008dae R16 100124 0003 work_low
A 008dbc R32 102df4 00007dac work_low
A 007dac W32 102df4 00007db0 work_low
A 00aa20 R16 108002 078c shared
A 00aa54 R32 102df4 00007db0 work_low
A 007db0 W8 10a208 00 shared
A 007db6 W32 10a200 ffffffff shared
A 007dbe R32 102df8 00007e42 work_low
A 007e42 W32 102df8 00007e46 work_low
A 007e74 W32 102df4 00007e76 work_low
A 007e7c R16 10a050 0000 shared
A 007ec0 R16 10018e 0000 work_low
A 007ec4 R8 10a009 00 shared
A 007f18 W16 10018e 0000 work_low
A 007f1c R8 10a009 00 shared
A 007f9c R32 102df4 00007e76 work_low
A 007e76 W32 102df4 00007e7a work_low
A 007ff4 R8 10a009 00 shared
A 007ff4 W8 10a009 00 shared
A 007ffe R16 10a01a 0000 shared
A 008002 R32 10a000 00000000 shared
A 008010 R16 10a018 0000 shared
A 0080a0 R8 10a009 00 shared
A 0080a0 W8 10a009 00 shared
A 0080a6 R8 10a002 00 shared
A 0080ac R16 10a01a 0000 shared
A 0080b0 R8 109002 00 shared
A 00811c R8 10a009 00 shared
A 00811c W8 10a009 00 shared
A 008122 R32 102df4 00007e7a work_low
A 007e7a R32 102df8 00007e46 work_low
A 007e46 W32 102df8 00007e4a work_low
A 008ef0 R8 10a009 00 shared
A 008f66 R16 10800e 0000 shared
A 008f9c W16 1001b0 0000 work_low
A 008fa0 R32 102df8 00007e4a work_low
A 007e4a W32 102df8 00007e4e work_low
A 0094e4 R8 10a009 00 shared
A 0094ec R8 10018e 00 work_low
A 0094f4 R32 108004 fffff874 shared
A 009504 W32 102df4 00009508 work_low
A 0096e0 W32 102df0 000096e4 work_low
A 009708 R8 100218 00 work_low
A 009718 R16 10a058 0000 shared
A 009738 R16 10a110 0100 shared
A 00973e R16 10a052 0000 shared
A 009750 R16 10a052 0000 shared
A 00976a W16 10a116 00e0 shared
A 00976e R32 102df0 000096e4 work_low
A 0096ea R8 10a608 03 shared
A 009706 R32 102df4 00009508 work_low
A 00950a R8 10a108 00 shared
A 00950a R8 10a148 00 shared
A 00950a R8 10a188 00 shared
A 00950a R8 10a1c8 00 shared
A 00953a R32 102df8 00007e4e work_low
A 007e4e W32 102df8 00007e52 work_low
A 004ef0 R16 108002 078c shared
A 004efa R16 10a0a8 2800 shared
A 004efa W16 10a0a8 2880 shared
A 004f08 R16 10a092 0000 shared
A 004f0c R16 1002c0 0000 work_low
A 004f10 R16 10a096 0100 shared
A 004f22 W16 10a092 0003 shared
A 004f26 R16 10a094 0000 shared
A 004f2e R16 1002b2 0000 work_low
A 004f38 R16 1002c2 0000 work_low
A 004f3c R16 1002b2 0000 work_low
A 004f4e W16 10a094 0000 shared
A 004f52 W32 102df4 00004f56 work_low
A 007ff4 R8 10a089 00 shared
A 007ff4 W8 10a089 00 shared
A 007ffe R16 10a09a 0100 shared
A 008002 R32 10a080 00040083 shared
A 008010 R16 10a098 0100 shared
A 0080a0 R8 10a089 00 shared
A 0080a0 W8 10a089 00 shared
A 0080a6 R8 10a082 00 shared
A 0080ac R16 10a09a 0100 shared
A 0080b0 R8 109102 00 shared
A 00811c R8 10a089 00 shared
A 00811c W8 10a089 00 shared
A 008122 R32 102df4 00004f56 work_low
A 004f56 W32 102df4 00004f5a work_low
A 008128 R16 10a09a 0100 shared
A 00812c W32 102df0 0000812e work_low
A 00814e R8 109103 7e shared
A 008168 R32 102df0 0000812e work_low
A 00812e W32 10a09c 74708b90 shared
A 008132 R32 102df4 00004f5a work_low
A 004f5a R16 10a094 0000 shared
A 004f5e R32 10a080 00040083 shared
A 004f60 R32 10a040 00000080 shared
A 004f7a R16 10a092 0003 shared
A 004fe8 R32 102df8 00007e52 work_low
A 007e52 R16 1001d0 0000 work_low
A 007e60 R16 101710 0000 work_low
A 007e64 R16 101712 0002 work_low
A 007e6e R32 102dfc 00004868 work_low
A 004868 W32 102dfc 0000486a work_low
A 00488a R32 10a040 00000080 shared
A 004890 R8 10a109 00 shared
A 004898 R32 10a100 ffffffff shared
A 004890 R8 10a149 00 shared
A 004898 R32 10a140 00000000 shared
A 004890 R8 10a189 00 shared
A 004898 R32 10a180 00000000 shared
A 004890 R8 10a1c9 00 shared
A 004898 R32 10a1c0 00000000 shared
A 0048d0 R32 102dfc 0000486a work_low
A 00486a W32 102dfc 0000486e work_low
A 001c34 W32 102df8 00001c38 work_low
A 002166 R8 100400 00 work_low
A 00216a W32 102df4 0000216c work_low
A 0021a4 W32 102df0 000021a6 work_low
A 0021a8 W32 c06100 00000000 tilemap
A 0021aa W32 c06104 00000000 tilemap
A 0021ac W32 c06108 00000000 tilemap
A 0021ae W32 c0610c 00000000 tilemap
A 0021a8 W32 c06110 00000000 tilemap
A 0021aa W32 c06114 00000000 tilemap
A 0021ac W32 c06118 00000000 tilemap
A 0021ae W32 c0611c 00000000 tilemap
A 0021a8 W32 c06120 00000000 tilemap
A 0021aa W32 c06124 00000000 tilemap
A 0021ac W32 c06128 00000000 tilemap
A 0021ae W32 c0612c 00000000 tilemap
A 0021a8 W32 c06130 00000000 tilemap
A 0021aa W32 c06134 00000000 tilemap
A 0021ac W32 c06138 00000000 tilemap
A 0021ae W32 c0613c 00000000 tilemap
A 0021b4 R32 102df0 000021a6 work_low
A 0021a6 R32 102df4 0000216c work_low
A 00216c R8 100401 00 work_low
A 002172 W32 102df4 00002174 work_low
A 0021a4 W32 102df0 000021a6 work_low
A 0021a8 W32 c06140 00000000 tilemap
A 0021aa W32 c06144 00000000 tilemap
A 0021ac W32 c06148 00000000 tilemap
A 0021ae W32 c0614c 00000000 tilemap
A 0021a8 W32 c06150 00000000 tilemap
A 0021aa W32 c06154 00000000 tilemap
A 0021ac W32 c06158 00000000 tilemap
A 0021ae W32 c0615c 00000000 tilemap
A 0021a8 W32 c06160 00000000 tilemap
A 0021aa W32 c06164 00000000 tilemap
A 0021ac W32 c06168 00000000 tilemap
A 0021ae W32 c0616c 00000000 tilemap
A 0021a8 W32 c06170 00000000 tilemap
A 0021aa W32 c06174 00000000 tilemap
A 0021ac W32 c06178 00000000 tilemap
A 0021ae W32 c0617c 00000000 tilemap
A 0021b4 R32 102df0 000021a6 work_low
A 0021a6 R32 102df4 00002174 work_low
A 002174 R8 100401 00 work_low
A 002184 W32 c06180 003f005f tilemap
A 002186 W32 c06184 0f601060 tilemap
A 002188 W32 c06188 10601060 tilemap
A 00218a W32 c0618c 20400000 tilemap
A 002184 W32 c06190 00f808f4 tilemap
A 002186 W32 c06194 f20c020c tilemap
A 002188 W32 c06198 020c020c tilemap
A 00218a W32 c0619c 02040200 tilemap
A 002184 W32 c061a0 00400060 tilemap
A 002186 W32 c061a4 10601060 tilemap
A 002188 W32 c061a8 1060205f tilemap
A 00218a W32 c061ac 003f1f00 tilemap
A 002184 W32 c061b0 0004020c tilemap
A 002186 W32 c061b4 020c020c tilemap
A 002188 W32 c061b8 020c02f4 tilemap
A 00218a W32 c061bc 02f8fc00 tilemap
A 002190 R32 102df8 00001c38 work_low
A 001c3c R8 10040f 00 work_low
A 001c72 R16 100212 0000 work_low
A 001c7a R32 102dfc 0000486e work_low
A 00486e W32 102dfc 00004872 work_low
A 005852 R32 10a080 00040083 shared
A 005856 R32 10a040 00000080 shared
A 00585a R16 108002 078c shared
A 005864 W16 102dfa 0003 work_low
A 005864 W16 102df8 0004 work_low
A 005880 W32 102df4 00005884 work_low
A 008bc6 W32 100186 00000000 work_low
B 003d60 R8 102cd0 00 sub_work
B 003d70 R8 102cc8 00 sub_work
B 003d60 R8 102cd0 00 sub_work
B 003d70 R8 102cc8 00 sub_work
B 003d60 R8 102cd0 00 sub_work
B 003d70 R8 102cc8 00 sub_work
B 003d60 R8 102cd0 00 sub_work
B 003d70 R8 102cc8 00 sub_work
B 003d60 R8 102cd0 00 sub_work
B 003d70 R8 102cc8 00 sub_work
B 003d60 R8 102cd0 00 sub_work
B 003d70 R8 102cc8 00 sub_work
B 003d60 R8 102cd0 00 sub_work
B 003d70 R8 102cc8 00 sub_work
B 003d60 R8 102cd0 00 sub_work
B 003d70 R8 102cc8 00 sub_work
B 003d60 R8 102cd0 00 sub_work
B 003d70 R8 102cc8 00 sub_work
B 003d60 R8 102cd0 00 sub_work
B 003d70 R8 102cc8 00 sub_work
B 003d60 R8 102cd0 00 sub_work
B 003d70 R8 102cc8 00 sub_work
B 003d60 R8 102cd0 00 sub_work
B 003d70 R8 102cc8 00 sub_work
B 003d60 R8 102cd0 00 sub_work
B 003d70 R8 102cc8 00 sub_work
B 003d60 R8 102cd0 00 sub_work
B 003d70 R8 102cc8 00 sub_work
B 003d60 R8 102cd0 00 sub_work
B 003d70 R8 102cc8 00 sub_work
B 003d60 R8 102cd0 00 sub_work
B 003d70 R8 102cc8 00 sub_work
B 003d60 R8 102cd0 00 sub_work
B 003d70 R8 102cc8 00 sub_work
B 003d60 R8 102cd0 00 sub_work
B 003d70 R8 102cc8 00 sub_work
B 003d60 R8 102cd0 00 sub_work
B 003d70 R8 102cc8 00 sub_work
B 003d60 R8 102cd0 00 sub_work
B 003d70 R8 102cc8 00 sub_work
B 003d60 R8 102cd0 00 sub_work
B 003d70 R8 102cc8 00 sub_work
B 003d60 R8 102cd0 00 sub_work
B 003d70 R8 102cc8 00 sub_work
B 003d60 R8 102cd0 00 sub_work
B 003d70 R8 102cc8 00 sub_work
B 003d60 R8 102cd0 00 sub_work
B 003d70 R8 102cc8 00 sub_work
B 003d60 R8 102cd0 00 sub_work
B 003d70 R8 102cc8 00 sub_work
B 003d60 R8 102cd0 00 sub_work
B 003d70 R8 102cc8 00 sub_work
B 003d60 R8 102cd0 00 sub_work
B 003d70 R8 102cc8 00 sub_work
B 003d60 R8 102cd0 00 sub_work
B 003d70 R8 102cc8 00 sub_work
B 003d60 R8 102cd0 00 sub_work
B 003d70 R8 102cc8 00 sub_work
B 003d60 R8 102cd0 00 sub_work
B 003d70 R8 102cc8 00 sub_work
B 003d60 R8 102cd0 00 sub_work
B 003d70 R8 102cc8 00 sub_work
B 003d60 R8 102cd0 00 sub_work
B 003d70 R8 102cc8 00 sub_work
B 003d60 R8 102cd0 00 sub_work
B 003d70 R8 102cc8 00 sub_work
B 003d60 R8 102cd0 00 sub_work
B 003d70 R8 102cc8 00 sub_work
B 003d60 R8 102cd0 00 sub_work
B 003d70 R8 102cc8 00 sub_work
B 003d60 R8 102cd0 00 sub_work
B 003d70 R8 102cc8 00 sub_work
B 003d60 R8 102cd0 00 sub_work
B 003d70 R8 102cc8 00 sub_work
B 003d60 R8 102cd0 00 sub_work
B 003d70 R8 102cc8 00 sub_work
B 003d60 R8 102cd0 00 sub_work
B 003d70 R8 102cc8 00 sub_work
B 003d60 R8 102cd0 00 sub_work
B 003d70 R8 102cc8 00 sub_work
B 003d60 R8 102cd0 00 sub_work
B 003d70 R8 102cc8 00 sub_work
B 003d60 R8 102cd0 00 sub_work
B 003d70 R8 102cc8 00 sub_work
B 003d60 R8 102cd0 00 sub_work
B 003d70 R8 102cc8 00 sub_work
B 003d60 R8 102cd0 00 sub_work
B 003d70 R8 102cc8 00 sub_work
B 003d60 R8 102cd0 00 sub_work
B 003d70 R8 102cc8 00 sub_work
B 003d60 R8 102cd0 00 sub_work
B 003d70 R8 102cc8 00 sub_work
B 003d60 R8 102cd0 00 sub_work
B 003d70 R8 102cc8 00 sub_work
B 003d60 R8 102cd0 00 sub_work
B 003d70 R8 102cc8 00 sub_work
B 003d60 R8 102cd0 00 sub_work
B 003d70 R8 102cc8 00 sub_work
B 003d60 R8 102cd0 00 sub_work
B 003d70 R8 102cc8 00 sub_work
B 003d60 R8 102cd0 00 sub_work
B 003d70 R8 102cc8 00 sub_work
B 003d60 R8 102cd0 00 sub_work
B 003d70 R8 102cc8 00 sub_work
B 003d60 R8 102cd0 00 sub_work
B 003d70 R8 102cc8 00 sub_work
B 003d60 R8 102cd0 00 sub_work
B 003d70 R8 102cc8 00 sub_work
B 003d60 R8 102cd0 00 sub_work
B 003d70 R8 102cc8 00 sub_work
B 003d60 R8 102cd0 00 sub_work
B 003d70 R8 102cc8 00 sub_work
B 003d60 R8 102cd0 00 sub_work
B 003d70 R8 102cc8 00 sub_work
B 003d60 R8 102cd0 00 sub_work
B 003d70 R8 102cc8 00 sub_work
B 003d60 R8 102cd0 00 sub_work
B 003d70 R8 102cc8 00 sub_work
B 003d60 R8 102cd0 00 sub_work
B 003d70 R8 102cc8 00 sub_work
B 003d60 R8 102cd0 00 sub_work
B 003d70 R8 102cc8 00 sub_work
B 003d60 R8 102cd0 00 sub_work
B 003d70 R8 102cc8 00 sub_work
B 003d60 R8 102cd0 00 sub_work
B 003d70 R8 102cc8 00 sub_work
B 003d60 R8 102cd0 00 sub_work
B 003d70 R8 102cc8 00 sub_work
B 003d60 R8 102cd0 00 sub_work
B 003d70 R8 102cc8 00 sub_work
B 003d60 R8 102cd0 00 sub_work
B 003d70 R8 102cc8 00 sub_work
B 003d60 R8 102cd0 00 sub_work
B 003d70 R8 102cc8 00 sub_work
B 003d60 R8 102cd0 00 sub_work
B 003d70 R8 102cc8 00 sub_work
B 003d60 R8 102cd0 00 sub_work
B 003d70 R8 102cc8 00 sub_work
B 003d60 R8 102cd0 00 sub_work
B 003d70 R8 102cc8 00 sub_work
B 003d60 R8 102cd0 00 sub_work
B 003d70 R8 102cc8 00 sub_work
B 003d86 R32 1007f0 00003ccc sub_work
B 003ccc W32 1007f0 00003cd0 sub_work
B 003d12 R32 1007f0 00003cd0 sub_work
B 003cd0 R16 102ce0 0000 sub_work
B 003cd8 R32 1007f4 00003c74 sub_work
B 003c74 W32 1007f4 00003c78 sub_work
B 004120 R16 102ce2 0000 sub_work
B 004128 R32 1007f4 00003c78 sub_work
B 003c78 R32 1007f8 0000080c sub_work
B 00080c W32 1007f8 00000812 sub_work
B 004188 W32 102c98 00108020 sub_work
B 0041aa R16 101a5c 0000 sub_work
B 0041b0 R16 102ce2 0000 sub_work
B 0041b8 W32 1007f4 000041bc sub_work
B 00422a W32 101a5e 00800ff8 sub_work
B 004234 R16 102cfc 0000 sub_work
B 004244 R16 100af2 0000 sub_work
B 00424e R16 100a22 0000 sub_work
B 004446 R32 101a5e 00800ff8 sub_work
B 004450 R16 101618 800c sub_work
B 004450 W16 800cf0 800c road
B 004454 R16 101548 8008 sub_work
B 004454 W16 800cf2 8008 road
B 004456 R16 1011e2 034c sub_work
B 004460 W16 800cf4 8b4c road
B 004462 R16 101384 2010 sub_work
B 004462 W16 800cf6 2010 road
B 004244 R16 100af4 0000 sub_work
B 00424e R16 100a24 0000 sub_work
B 004446 R32 101a5e 00800ff8 sub_work
B 004450 R16 10161a 8010 sub_work
B 004450 W16 800cf8 8010 road
B 004454 R16 10154a 800b sub_work
B 004454 W16 800cfa 800b road
B 004456 R16 1011e4 034e sub_work
B 004460 W16 800cfc 8b4e road
B 004462 R16 101386 1014 sub_work
B 004462 W16 800cfe 1014 road
B 004244 R16 100af6 0000 sub_work
B 00424e R16 100a26 0000 sub_work
B 004446 R32 101a5e 00800ff8 sub_work
B 004450 R16 10161c 8014 sub_work
B 004450 W16 800d00 8014 road
B 004454 R16 10154c 800d sub_work
B 004454 W16 800d02 800d road
B 004456 R16 1011e6 0350 sub_work
B 004460 W16 800d04 8b50 road
B 004462 R16 101388 4018 sub_work
B 004462 W16 800d06 4018 road
B 004244 R16 100af8 0000 sub_work
B 00424e R16 100a28 0000 sub_work
B 004446 R32 101a5e 00800ff8 sub_work
B 004450 R16 10161e 8018 sub_work
B 004450 W16 800d08 8018 road
B 004454 R16 10154e 8010 sub_work
B 004454 W16 800d0a 8010 road
B 004456 R16 1011e8 0352 sub_work
B 004460 W16 800d0c 8b52 road
B 004462 R16 10138a 001c sub_work
B 004462 W16 800d0e 001c road
B 004244 R16 100afa 0000 sub_work
B 00424e R16 100a2a 0000 sub_work
B 004446 R32 101a5e 00800ff8 sub_work
B 004450 R16 101620 801b sub_work
B 004450 W16 800d10 801b road
B 004454 R16 101550 8012 sub_work
B 004454 W16 800d12 8012 road
B 004456 R16 1011ea 0354 sub_work
B 004460 W16 800d14 8b54 road
B 004462 R16 10138c 6020 sub_work
B 004462 W16 800d16 6020 road
B 004244 R16 100afc 0000 sub_work
B 00424e R16 100a2c 0000 sub_work
B 004446 R32 101a5e 00800ff8 sub_work
B 004450 R16 101622 801f sub_work
B 004450 W16 800d18 801f road
B 004454 R16 101552 8015 sub_work
B 004454 W16 800d1a 8015 road
B 004456 R16 1011ec 0356 sub_work
B 004460 W16 800d1c 8b56 road
B 004462 R16 10138e 4024 sub_work
B 004462 W16 800d1e 4024 road
B 004244 R16 100afe 0000 sub_work
B 00424e R16 100a2e 0000 sub_work
B 004446 R32 101a5e 00800ff8 sub_work
B 004450 R16 101624 8023 sub_work
B 004450 W16 800d20 8023 road
B 004454 R16 101554 8018 sub_work
B 004454 W16 800d22 8018 road
B 004456 R16 1011ee 0358 sub_work
B 004460 W16 800d24 8b58 road
B 004462 R16 101390 2028 sub_work
B 004462 W16 800d26 2028 road
B 004244 R16 100b00 0000 sub_work
B 00424e R16 100a30 0000 sub_work
B 004446 R32 101a5e 00800ff8 sub_work
B 004450 R16 101626 8027 sub_work
B 004450 W16 800d28 8027 road
B 004454 R16 101556 801a sub_work
B 004454 W16 800d2a 801a road
B 004456 R16 1011f0 035a sub_work
B 004460 W16 800d2c 8b5a road
B 004462 R16 101392 102b sub_work
B 004462 W16 800d2e 102b road
B 004244 R16 100b02 0000 sub_work
B 00424e R16 100a32 0000 sub_work
B 004446 R32 101a5e 00800ff8 sub_work
B 004450 R16 101628 802b sub_work
B 004450 W16 800d30 802b road
B 004454 R16 101558 801d sub_work
B 004454 W16 800d32 801d road
B 004456 R16 1011f2 035c sub_work
B 004460 W16 800d34 8b5c road
B 004462 R16 101394 002f sub_work
B 004462 W16 800d36 002f road
B 004244 R16 100b04 0000 sub_work
B 00424e R16 100a34 0000 sub_work
B 004446 R32 101a5e 00800ff8 sub_work
B 004450 R16 10162a 802f sub_work
B 004450 W16 800d38 802f road
B 004454 R16 10155a 801f sub_work
B 004454 W16 800d3a 801f road
B 004456 R16 1011f4 035e sub_work
B 004460 W16 800d3c 8b5e road
B 004462 R16 101396 7033 sub_work
B 004462 W16 800d3e 7033 road
B 004244 R16 100b06 0000 sub_work
B 00424e R16 100a36 0000 sub_work
B 004446 R32 101a5e 00800ff8 sub_work
B 004450 R16 10162c 8033 sub_work
B 004450 W16 800d40 8033 road
B 004454 R16 10155c 8022 sub_work
B 004454 W16 800d42 8022 road
B 004456 R16 1011f6 0360 sub_work
B 004460 W16 800d44 8b60 road
B 004462 R16 101398 7037 sub_work
B 004462 W16 800d46 7037 road
B 004244 R16 100b08 0000 sub_work
B 00424e R16 100a38 0000 sub_work
B 004446 R32 101a5e 00800ff8 sub_work
B 004450 R16 10162e 8037 sub_work
B 004450 W16 800d48 8037 road
B 004454 R16 10155e 8024 sub_work
B 004454 W16 800d4a 8024 road
B 004456 R16 1011f8 0362 sub_work
B 004460 W16 800d4c 8b62 road
B 004462 R16 10139a 603b sub_work
B 004462 W16 800d4e 603b road
B 004244 R16 100b0a 0000 sub_work
B 00424e R16 100a3a 0000 sub_work
B 004446 R32 101a5e 00800ff8 sub_work
B 004450 R16 101630 803a sub_work
B 004450 W16 800d50 803a road
B 004454 R16 101560 8027 sub_work
B 004454 W16 800d52 8027 road
B 004456 R16 1011fa 0364 sub_work
B 004460 W16 800d54 8b64 road
B 004462 R16 10139c 603f sub_work
B 004462 W16 800d56 603f road
B 004244 R16 100b0c 0000 sub_work
B 00424e R16 100a3c 0000 sub_work
B 004446 R32 101a5e 00800ff8 sub_work
B 004450 R16 101632 803e sub_work
B 004450 W16 800d58 803e road
B 004454 R16 101562 802a sub_work
B 004454 W16 800d5a 802a road
B 004456 R16 1011fc 0366 sub_work
B 004460 W16 800d5c 8b66 road
B 004462 R16 10139e 5043 sub_work
B 004462 W16 800d5e 5043 road
B 004244 R16 100b0e 0000 sub_work
B 00424e R16 100a3e 0000 sub_work
B 004446 R32 101a5e 00800ff8 sub_work
B 004450 R16 101634 8042 sub_work
B 004450 W16 800d60 8042 road
B 004454 R16 101564 802c sub_work
B 004454 W16 800d62 802c road
B 004456 R16 1011fe 0368 sub_work
B 004460 W16 800d64 8b68 road
B 004462 R16 1013a0 5047 sub_work
B 004462 W16 800d66 5047 road
B 004244 R16 100b10 0000 sub_work
B 00424e R16 100a40 0000 sub_work
B 004446 R32 101a5e 00800ff8 sub_work
B 004450 R16 101636 8046 sub_work
B 004450 W16 800d68 8046 road
B 004454 R16 101566 802f sub_work
B 004454 W16 800d6a 802f road
B 004456 R16 101200 036a sub_work
B 004460 W16 800d6c 8b6a road
B 004462 R16 1013a2 404b sub_work
B 004462 W16 800d6e 404b road
B 004244 R16 100b12 0000 sub_work
B 00424e R16 100a42 0000 sub_work
B 004446 R32 101a5e 00800ff8 sub_work
B 004450 R16 101638 804a sub_work
B 004450 W16 800d70 804a road
B 004454 R16 101568 8031 sub_work
B 004454 W16 800d72 8031 road
B 004456 R16 101202 036b sub_work
B 004460 W16 800d74 8b6b road
B 004462 R16 1013a4 404f sub_work
B 004462 W16 800d76 404f road
B 004244 R16 100b14 0000 sub_work
B 00424e R16 100a44 0000 sub_work
B 004446 R32 101a5e 00800ff8 sub_work
B 004450 R16 10163a 804e sub_work
B 004450 W16 800d78 804e road
B 004454 R16 10156a 8034 sub_work
B 004454 W16 800d7a 8034 road
B 004456 R16 101204 036d sub_work
A 008be2 R8 100189 00 work_low
A 008be2 W8 100189 24 work_low
A 008be2 R8 100188 00 work_low
A 008be2 W8 100188 10 work_low
A 008be2 R8 100187 00 work_low
A 008be2 W8 100187 00 work_low
A 008be2 R8 100186 00 work_low
A 008be2 W8 100186 00 work_low
A 008bf2 R32 102df4 00005884 work_low
A 005892 W32 102df4 00005896 work_low
A 00644c R8 100188 10 work_low
A 00644e W32 102df0 00006450 work_low
A 006458 W32 102dec 0000645a work_low
A 006486 W16 c04146 0031 tilemap
A 006488 R32 102dec 0000645a work_low
A 006486 W16 c04148 0030 tilemap
A 006488 R32 102df0 00006450 work_low
A 00644c R8 100189 24 work_low
A 00644e W32 102df0 00006450 work_low
A 006458 W32 102dec 0000645a work_low
A 006486 W16 c0414a 0032 tilemap
A 006488 R32 102dec 0000645a work_low
A 006486 W16 c0414c 0034 tilemap
A 006488 R32 102df0 00006450 work_low
A 006454 R32 102df4 00005896 work_low
A 005896 R32 102df8 00040003 work_low
A 0058bc R16 1002de 0280 work_low
A 005906 R16 1002e0 0007 work_low
A 005938 R32 102dfc 00004872 work_low
A 004872 W32 102dfc 00004876 work_low
A 005636 R8 1002e6 04 work_low
A 005640 W8 1002e6 00 work_low
A 005658 R16 10808a 0000 shared
A 005660 R8 100200 58 work_low
A 005676 R32 10a040 00000080 shared
A 005688 R8 1002e7 00 work_low
A 0056c2 R32 102dfc 00004876 work_low
A 004876 W32 102dfc 0000487a work_low
A 0026b8 R32 100500 00000000 work_low
A 0026b8 R32 100504 00000000 work_low
A 0026b8 R32 100508 00000000 work_low
A 0026b8 R32 10050c 00000000 work_low
A 0026b8 R32 100510 00000000 work_low
A 0026b8 R32 100514 00000000 work_low
A 0026b8 R32 100518 00000000 work_low
A 0026b8 R32 10051c 00000000 work_low
A 0026b8 R32 100520 00000000 work_low
A 0026b8 R32 100524 00000000 work_low
A 0026b8 R32 100528 00000000 work_low
A 0026b8 R32 10052c 00000000 work_low
A 0026b8 R32 100530 00000000 work_low
A 0026b8 R32 100534 00000000 work_low
A 0026b8 R32 100538 00000000 work_low
A 0026b8 R32 10053c 00000000 work_low
A 00272e R32 102dfc 0000487a work_low
A 00487a W32 102dfc 0000487e work_low
A 001a5e R16 1002d2 0000 work_low
A 001abc R32 102dfc 0000487e work_low
A 004880 W32 102dfc 00004884 work_low
A 00108a W16 102dfa 484e work_low
A 00108a W16 102df8 00c0 work_low
A 00108a W16 102df6 8000 work_low
A 00108a W16 102df4 0010 work_low
A 00108a W16 102df2 0300 work_low
A 00108a W16 102df0 0010 work_low
A 00108a W16 102dee a080 work_low
A 00108a W16 102dec 0010 work_low
A 00108a W16 102dea 3e9a work_low
A 00108a W16 102de8 0003 work_low
A 00108a W16 102de6 018a work_low
A 00108a W16 102de4 0010 work_low
A 00108a W16 102de2 0540 work_low
A 00108a W16 102de0 0010 work_low
A 00108a W16 102dde ffff work_low
A 00108a W16 102ddc 0000 work_low
A 00108a W16 102dda 8b90 work_low
A 00108a W16 102dd8 7470 work_low
A 00108a W16 102dd6 04a0 work_low
A 00108a W16 102dd4 04a0 work_low
A 00108a W16 102dd2 017e work_low
A 00108a W16 102dd0 0000 work_low
A 00108a W16 102dce 0000 work_low
A 00108a W16 102dcc ffff work_low
A 00108a W16 102dca 0007 work_low
A 00108a W16 102dc8 0000 work_low
A 00108a W16 102dc6 0001 work_low
A 00108a W16 102dc4 0000 work_low
A 00108a W16 102dc2 0000 work_low
A 00108a W16 102dc0 0000 work_low
A 001092 R16 100100 0050 work_low
A 001096 W16 100050 0001 work_low
A 001098 W32 100052 00102dc0 work_low
A 00109c R32 102dfc 00004884 work_low
A 00109c W32 100056 00004884 work_low
A 001056 R32 100102 00103eba work_low
A 00105a R16 100100 0050 work_low
A 001034 W16 100100 0060 work_low
A 00103c R16 100060 0001 work_low
A 001042 R16 100060 0001 work_low
A 001042 W16 100060 0000 work_low
A 001048 W32 100102 00103eba work_low
A 00104c R32 100062 00102ec0 work_low
A 001050 R32 102ec0 00000000 work_low
A 001050 R32 102ec4 00000001 work_low
A 001050 R32 102ec8 0000ffff work_low
A 001050 R32 102ecc 00000000 work_low
A 001050 R32 102ed0 00000000 work_low
A 001050 R32 102ed4 04a00242 work_low
A 001050 R32 102ed8 747086f0 work_low
A 001050 R32 102edc 0000a000 work_low
A 001050 R32 102ee0 00c08000 work_low
A 001050 R32 102ee4 0000fda2 work_low
A 001050 R32 102ee8 0002bd14 work_low
A 001050 R32 102eec 00100264 work_low
A 001050 R32 102ef0 0000d0a2 work_low
A 001050 R32 102ef4 00108000 work_low
A 001050 R32 102ef8 00c08000 work_low
A 001054 R32 102efc 0000603c work_low
A 00600e R8 10a009 00 shared
A 006032 W32 102efc 00006036 work_low
A 006106 R16 1002f0 0000 work_low
A 00610c R8 10a009 00 shared
A 006122 W32 102ef8 00006126 work_low
A 00617a R32 10028c 00000000 work_low
A 006182 R32 10027c 00000000 work_low
A 00618c R16 10a002 0000 shared
A 006198 R32 10026c 00000000 work_low
A 00619e R32 10025c 00000000 work_low
A 00619e W32 10025c 00000000 work_low
A 0061a0 W32 10026c 00000000 work_low
A 0061a4 R32 102ef8 00006126 work_low
A 006136 W32 102ef8 0000613a work_low
A 0061a6 R16 10025c 0000 work_low
A 0061c0 R32 102ef8 0000613a work_low
A 006144 W32 102ef8 00006148 work_low
A 00617a R32 100290 00000000 work_low
A 006182 R32 100280 00000000 work_low
A 00618c R16 10a002 0000 shared
A 006198 R32 100270 00000000 work_low
A 00619e R32 100260 00000000 work_low
A 00619e W32 100260 00000000 work_low
A 0061a0 W32 100270 00000000 work_low
A 0061a4 R32 102ef8 00006148 work_low
A 00614e R16 10029c 0003 work_low
A 00616c W32 102ef8 0000616e work_low
A 0061a6 R16 100260 0000 work_low
A 0061c0 R32 102ef8 0000616e work_low
A 006172 W32 102ef8 00006174 work_low
A 00617a R32 100294 00000000 work_low
A 006182 R32 100284 00000000 work_low
A 00618c R16 10a002 0000 shared
A 006198 R32 100274 00000000 work_low
A 00619e R32 100264 00000000 work_low
A 00619e W32 100264 00000000 work_low
A 0061a0 W32 100274 00000000 work_low
A 0061a4 R32 102ef8 00006174 work_low
A 006174 W32 102ef8 00006178 work_low
A 006262 R16 100264 0000 work_low
A 006280 R32 102ef8 00006178 work_low
A 006178 R32 102efc 00006036 work_low
A 006038 W32 102efc 0000603c work_low
A 00108a W16 102efa 8000 work_low
A 00108a W16 102ef8 00c0 work_low
A 00108a W16 102ef6 8000 work_low
A 00108a W16 102ef4 0010 work_low
A 00108a W16 102ef2 d0a2 work_low
A 00108a W16 102ef0 0000 work_low
A 00108a W16 102eee 0264 work_low
A 00108a W16 102eec 0010 work_low
A 00108a W16 102eea bd14 work_low
A 00108a W16 102ee8 0002 work_low
A 00108a W16 102ee6 fda2 work_low
A 00108a W16 102ee4 0000 work_low
A 00108a W16 102ee2 8000 work_low
A 00108a W16 102ee0 00c0 work_low
A 00108a W16 102ede a000 work_low
A 00108a W16 102edc 0000 work_low
A 00108a W16 102eda 86f0 work_low
A 00108a W16 102ed8 7470 work_low
A 00108a W16 102ed6 0242 work_low
A 00108a W16 102ed4 04a0 work_low
A 00108a W16 102ed2 0000 work_low
A 00108a W16 102ed0 0000 work_low
A 00108a W16 102ece 0000 work_low
A 00108a W16 102ecc 0000 work_low
A 00108a W16 102eca ffff work_low
A 00108a W16 102ec8 0000 work_low
A 00108a W16 102ec6 0001 work_low
A 00108a W16 102ec4 0000 work_low
A 00108a W16 102ec2 0000 work_low
A 00108a W16 102ec0 0000 work_low
A 001092 R16 100100 0060 work_low
A 001096 W16 100060 0001 work_low
A 001098 W32 100062 00102ec0 work_low
A 00109c R32 102efc 0000603c work_low
A 00109c W32 100066 0000603c work_low
A 001056 R32 100102 00103eba work_low
A 00105a R16 100100 0060 work_low
A 001034 W16 100100 0070 work_low
A 00103c R16 100070 0001 work_low
A 001042 R16 100070 0001 work_low
A 001042 W16 100070 0000 work_low
A 001048 W32 100102 00103eba work_low
A 00104c R32 100072 00102fc0 work_low
A 001050 R32 102fc0 00040003 work_low
A 001050 R32 102fc4 00000001 work_low
A 001050 R32 102fc8 00000000 work_low
A 001050 R32 102fcc 00048000 work_low
A 001050 R32 102fd0 0000007e work_low
A 001050 R32 102fd4 04a004a0 work_low
A 001050 R32 102fd8 74708b90 work_low
A 001050 R32 102fdc 0000a000 work_low
A 001050 R32 102fe0 0000507c work_low
A 001050 R32 102fe4 0010a100 work_low
A 001050 R32 102fe8 00109000 work_low
A 001050 R32 102fec 0010a080 work_low
A 001050 R32 102ff0 0002db52 work_low
A 001050 R32 102ff4 00108000 work_low
A 001050 R32 102ff8 000092ca work_low
A 001054 R32 102ffc 00004a40 work_low
A 004a18 W32 102ffc 00004a1c work_low
A 004e64 W16 1002c4 ffff work_low
A 004e70 R16 10a084 8000 shared
A 004e74 R16 10a104 8690 shared
A 004e82 R32 10a080 00040083 shared
A 004e86 R32 10a100 ffffffff shared
A 004e70 R16 10a084 8000 shared
A 004e74 R16 10a144 0000 shared
A 004e70 R16 10a084 8000 shared
A 004e74 R16 10a184 0000 shared
A 004e70 R16 10a084 8000 shared
A 004e74 R16 10a1c4 0000 shared
A 004eb6 R32 102ffc 00004a1c work_low
A 004a1c R8 108007 74 shared
A 004a38 W32 102ffc 00004a3a work_low
A 004a48 R16 10a09a 0100 shared
A 004a4c R8 100218 00 work_low
A 004a54 R16 1002c6 0000 work_low
A 004a5a R16 1002c4 ffff work_low
A 004a62 R8 109100 00 shared
A 004ade W32 10a240 ffffffff shared
A 004ae6 W16 10a248 0000 shared
A 004aea R8 10a0bd 00 shared
A 004af2 R16 100218 0000 work_low
A 004af8 R8 10a248 00 shared
A 004b14 R16 1002c6 0000 work_low
A 004b42 R16 100246 0000 work_low
A 004b54 R8 10a0bc 00 shared
A 004b66 R16 1002b6 014a work_low
A 004b6a W16 10a08a 014a shared
A 004b6e R16 1002b8 ffff work_low
A 004b74 R32 10a040 00000080 shared
A 004b78 R32 1002fc 0012a800 work_low
A 004b82 R16 1002d2 0000 work_low
A 004b88 R32 10a080 00040083 shared
A 004b8a R32 10a040 00000080 shared
A 004bdc R8 10040f 00 work_low
A 004be4 R16 1002ae 000e work_low
A 004bf4 R32 102ffc 00004a3a work_low
A 004a3c W32 102ffc 00004a40 work_low
A 00108a W16 102ffa 92ca work_low
A 00108a W16 102ff8 0000 work_low
A 00108a W16 102ff6 8000 work_low
A 00108a W16 102ff4 0010 work_low
A 00108a W16 102ff2 db52 work_low
A 00108a W16 102ff0 0002 work_low
A 00108a W16 102fee a080 work_low
A 00108a W16 102fec 0010 work_low
A 00108a W16 102fea 9000 work_low
A 00108a W16 102fe8 0010 work_low
A 00108a W16 102fe6 a100 work_low
A 00108a W16 102fe4 0010 work_low
A 00108a W16 102fe2 507c work_low
A 00108a W16 102fe0 0000 work_low
A 00108a W16 102fde a000 work_low
A 00108a W16 102fdc 0000 work_low
A 00108a W16 102fda 8b90 work_low
A 00108a W16 102fd8 7470 work_low
A 00108a W16 102fd6 04a0 work_low
A 00108a W16 102fd4 04a0 work_low
A 00108a W16 102fd2 007e work_low
A 00108a W16 102fd0 0000 work_low
A 00108a W16 102fce 8000 work_low
A 00108a W16 102fcc 0004 work_low
A 00108a W16 102fca 0000 work_low
A 00108a W16 102fc8 0000 work_low
A 00108a W16 102fc6 0001 work_low
A 00108a W16 102fc4 0000 work_low
A 00108a W16 102fc2 0003 work_low
A 00108a W16 102fc0 0004 work_low
A 001092 R16 100100 0070 work_low
A 001096 W16 100070 0001 work_low
A 001098 W32 100072 00102fc0 work_low
A 00109c R32 102ffc 00004a40 work_low
A 00109c W32 100076 00004a40 work_low
A 001056 R32 100102 00103eba work_low
A 00105a R16 100100 0070 work_low
A 001034 W16 100100 0080 work_low
A 00103c R16 100080 0000 work_low
A 00105a R16 100100 0080 work_low
A 001034 W16 100100 0090 work_low
A 00103c R16 100090 0000 work_low
A 00105a R16 100100 0090 work_low
A 001034 W16 100100 00a0 work_low
A 00103c R16 1000a0 0000 work_low
A 00105a R16 100100 00a0 work_low
A 001034 W16 100100 00b0 work_low
A 00103c R16 1000b0 0000 work_low
A 00105a R16 100100 00b0 work_low
A 001034 W16 100100 00c0 work_low
A 00103c R16 1000c0 0000 work_low
A 00105a R16 100100 00c0 work_low
A 001034 W16 100100 00d0 work_low
A 00103c R16 1000d0 0000 work_low
A 00105a R16 100100 00d0 work_low
A 001034 W16 100100 00e0 work_low
A 00103c R16 1000e0 0000 work_low
A 00105a R16 100100 00e0 work_low
A 001034 W16 100100 00f0 work_low
A 00103c R16 1000f0 0001 work_low
A 001042 R16 1000f0 0001 work_low
A 001042 W16 1000f0 0000 work_low
A 001048 W32 100102 00103eba work_low
A 00104c R32 1000f2 001037c0 work_low
A 001050 R32 1037c0 0000003c work_low
A 001050 R32 1037c4 00000001 work_low
A 001050 R32 1037c8 0000ffff work_low
A 001050 R32 1037cc aa55a5a5 work_low
A 001050 R32 1037d0 00003007 work_low
A 001050 R32 1037d4 00000000 work_low
A 001050 R32 1037d8 00000000 work_low
A 001050 R32 1037dc 00000005 work_low
A 001050 R32 1037e0 00c00ed2 work_low
A 001050 R32 1037e4 001037fc work_low
A 001050 R32 1037e8 00a00000 work_low
A 001050 R32 1037ec 00a00002 work_low
A 001050 R32 1037f0 00000000 work_low
A 001050 R32 1037f4 00108000 work_low
A 001050 R32 1037f8 00c00000 work_low
A 001054 R32 1037fc 00001442 work_low
A 0013fa R16 10011e 0000 work_low
A 00141a R16 100122 0000 work_low
A 00143e W32 1037fc 00001442 work_low
A 00108a W16 1037fa 0000 work_low
A 00108a W16 1037f8 00c0 work_low
A 00108a W16 1037f6 8000 work_low
A 00108a W16 1037f4 0010 work_low
A 00108a W16 1037f2 0000 work_low
A 00108a W16 1037f0 0000 work_low
A 00108a W16 1037ee 0002 work_low
A 00108a W16 1037ec 00a0 work_low
A 00108a W16 1037ea 0000 work_low
A 00108a W16 1037e8 00a0 work_low
A 00108a W16 1037e6 37fc work_low
A 00108a W16 1037e4 0010 work_low
A 00108a W16 1037e2 0ed2 work_low
A 00108a W16 1037e0 00c0 work_low
A 00108a W16 1037de 0005 work_low
A 00108a W16 1037dc 0000 work_low
A 00108a W16 1037da 0000 work_low
A 00108a W16 1037d8 0000 work_low
A 00108a W16 1037d6 0000 work_low
A 00108a W16 1037d4 0000 work_low
A 00108a W16 1037d2 3007 work_low
A 00108a W16 1037d0 0000 work_low
A 00108a W16 1037ce a5a5 work_low
A 00108a W16 1037cc aa55 work_low
A 00108a W16 1037ca ffff work_low
A 00108a W16 1037c8 0000 work_low
A 00108a W16 1037c6 0001 work_low
A 00108a W16 1037c4 0000 work_low
A 00108a W16 1037c2 003c work_low
A 00108a W16 1037c0 0000 work_low
A 001092 R16 100100 00f0 work_low
A 001096 W16 1000f0 0001 work_low
A 001098 W32 1000f2 001037c0 work_low
A 00109c R32 1037fc 00001442 work_low
A 00109c W32 1000f6 00001442 work_low
A 001056 R32 100102 00103eba work_low
A 00105a R16 100100 00f0 work_low
A 001068 R32 103eba 000002dc work_low
A 0002e4 W8 10171c 00 work_low
A 0002e8 R8 1001f4 00 work_low
A 0002ee W8 1001f4 ff work_low
A 0002f4 W32 103eba 000002fa work_low
A 040096 R16 108092 0000 shared
A 04009e R16 10801a ffff shared
A 0400ae R8 101803 92 work_low
A 0400b8 W16 101816 ffff work_low
A 0400be W32 103eb6 000400c2 work_low
A 0405bc W32 103eb2 000405c0 work_low
A 040682 R32 10a000 00000000 shared
A 040682 W32 101a00 00000000 work_low
A 040684 R32 10a004 86f00000 shared
A 040684 W32 101a04 86f00000 work_low
A 040682 R32 10a040 00000080 shared
A 040682 W32 101a40 00000080 work_low
A 040684 R32 10a044 86f00000 shared
A 040684 W32 101a44 86f00000 work_low
A 040682 R32 10a080 00040083 shared
A 040682 W32 101a80 00040083 work_low
A 040684 R32 10a084 80000000 shared
A 040684 W32 101a84 80000000 work_low
A 040682 R32 10a0c0 00000000 shared
A 040682 W32 101ac0 00000000 work_low
A 040684 R32 10a0c4 00000000 shared
A 040684 W32 101ac4 00000000 work_low
A 040682 R32 10a100 ffffffff shared
A 040682 W32 101b00 ffffffff work_low
A 040684 R32 10a104 86900000 shared
A 040684 W32 101b04 86900000 work_low
A 040682 R32 10a140 00000000 shared
A 040682 W32 101b40 00000000 work_low
A 040684 R32 10a144 00000000 shared
A 040684 W32 101b44 00000000 work_low
A 040682 R32 10a180 00000000 shared
A 040682 W32 101b80 00000000 work_low
A 040684 R32 10a184 00000000 shared
A 040684 W32 101b84 00000000 work_low
A 040682 R32 10a1c0 00000000 shared
A 040682 W32 101bc0 00000000 work_low
A 040684 R32 10a1c4 00000000 shared
A 040684 W32 101bc4 00000000 work_low
A 040682 R32 10a200 ffffffff shared
A 040682 W32 101c00 ffffffff work_low
A 040684 R32 10a204 00000000 shared
A 040684 W32 101c04 00000000 work_low
A 040682 R32 10a240 ffffffff shared
A 040682 W32 101c40 ffffffff work_low
A 040684 R32 10a244 00000000 shared
A 040684 W32 101c44 00000000 work_low
A 040682 R32 10a280 00000000 shared
A 040682 W32 101c80 00000000 work_low
A 040684 R32 10a284 00000000 shared
A 040684 W32 101c84 00000000 work_low
A 040682 R32 10a2c0 00000000 shared
A 040682 W32 101cc0 00000000 work_low
A 040684 R32 10a2c4 00000000 shared
A 040684 W32 101cc4 00000000 work_low
A 040682 R32 10a300 00000000 shared
A 040682 W32 101d00 00000000 work_low
A 040684 R32 10a304 00000000 shared
A 040684 W32 101d04 00000000 work_low
A 040682 R32 10a340 00000000 shared
A 040682 W32 101d40 00000000 work_low
A 040684 R32 10a344 00000000 shared
A 040684 W32 101d44 00000000 work_low
A 040682 R32 10a380 00000000 shared
A 040682 W32 101d80 00000000 work_low
A 040684 R32 10a384 00000000 shared
A 040684 W32 101d84 00000000 work_low
A 040682 R32 10a3c0 00000000 shared
A 040682 W32 101dc0 00000000 work_low
A 040684 R32 10a3c4 00000000 shared
A 040684 W32 101dc4 00000000 work_low
A 04068e R32 101a00 00000000 work_low
A 040698 W32 1018a6 00010400 work_low
A 04069c R8 10a019 00 shared
A 0406a2 W16 101896 0000 work_low
A 0406a6 R8 10a018 00 shared
A 0406b8 W16 101898 0000 work_low
A 0406bc R16 10801c 0000 shared
A 0406bc W16 10189a 0000 work_low
A 0406c2 R32 101a00 00000000 work_low
A 0406c6 R32 1018b6 00000000 work_low
A 0406ca W32 1018b6 00000000 work_low
A 0406d0 W32 1018b2 00000000 work_low
A 0406d4 R8 10808a 00 shared
A 0406e4 W16 101860 0000 work_low
A 0406e8 W32 103eae 000406ec work_low
A 04087e W32 103eaa 00040882 work_low
A 04090c R32 1080e0 00000000 shared
A 04090c R32 101920 00000000 work_low
A 040912 R32 1080e4 00000000 shared
A 040912 R32 101924 00000000 work_low
A 040918 R32 1080e8 00000000 shared
A 040918 R32 101928 00000000 work_low
A 04091e R32 1080ec 00000000 shared
A 04091e R32 10192c 00000000 work_low
A 040928 R32 103eaa 00040882 work_low
A 0408ae W32 103eaa 000408b2 work_low
A 04090c R32 1080f0 00000000 shared
A 04090c R32 101930 00000000 work_low
A 040912 R32 1080f4 00000000 shared
A 040912 R32 101934 00000000 work_low
A 040918 R32 1080f8 00000000 shared
A 040918 R32 101938 00000000 work_low
A 04091e R32 1080fc 00000000 shared
A 04091e R32 10193c 00000000 work_low
A 040928 R32 103eaa 000408b2 work_low
A 0408d2 R32 103eae 000406ec work_low
A 0406f2 R16 101898 0000 work_low
A 040714 R16 101878 0000 work_low
A 040728 R32 101a00 00000000 work_low
A 040734 R32 101940 00000000 work_low
A 040752 W32 101900 ffffffff work_low
A 040754 W32 10be00 ffffffff shared
A 040756 W16 10be28 e280 shared
A 04075a W16 10be0a 0600 shared
A 04075e W8 10be18 01 shared
A 040734 R32 101944 00000000 work_low
A 040752 W32 101904 ffffffff work_low
A 040754 W32 10be40 ffffffff shared
A 040756 W16 10be68 e280 shared
A 04075a W16 10be4a 0600 shared
A 04075e W8 10be58 01 shared
A 040734 R32 101948 00000000 work_low
A 040752 W32 101908 ffffffff work_low
A 040754 W32 10be80 ffffffff shared
A 040756 W16 10bea8 e280 shared
A 04075a W16 10be8a 0600 shared
A 04075e W8 10be98 01 shared
A 040734 R32 10194c 00000000 work_low
A 040752 W32 10190c ffffffff work_low
A 040754 W32 10bec0 ffffffff shared
A 040756 W16 10bee8 e280 shared
A 04075a W16 10beca 0600 shared
A 04075e W8 10bed8 01 shared
A 040778 R32 101950 00000000 work_low
A 04077a R16 101898 0000 work_low
A 040784 R16 108080 0000 shared
A 0407aa W32 101910 ffffffff work_low
A 0407ac W32 10bf00 ffffffff shared
A 0407ae W16 10bf28 e280 shared
A 0407b2 W16 10bf0a 0600 shared
A 0407b6 W8 10bf18 02 shared
A 040778 R32 101954 00000000 work_low
A 04077a R16 101898 0000 work_low
A 040784 R16 108080 0000 shared
A 0407aa W32 101914 ffffffff work_low
A 0407ac W32 10bf40 ffffffff shared
A 0407ae W16 10bf68 e280 shared
A 0407b2 W16 10bf4a 0600 shared
A 0407b6 W8 10bf58 02 shared
A 040778 R32 101958 00000000 work_low
A 04077a R16 101898 0000 work_low
A 040784 R16 108080 0000 shared
A 0407aa W32 101918 ffffffff work_low
A 0407ac W32 10bf80 ffffffff shared
A 0407ae W16 10bfa8 e280 shared
A 0407b2 W16 10bf8a 0600 shared
A 0407b6 W8 10bf98 02 shared
A 040778 R32 10195c 00000000 work_low
A 04077a R16 101898 0000 work_low
A 040784 R16 108080 0000 shared
A 0407aa W32 10191c ffffffff work_low
A 0407ac W32 10bfc0 ffffffff shared
A 0407ae W16 10bfe8 e280 shared
A 0407b2 W16 10bfca 0600 shared
A 0407b6 W8 10bfd8 02 shared
A 0407ca R16 108020 009e shared
A 0407d0 R16 101892 0099 work_low
A 0407d4 W16 101892 0099 work_low
A 0407e2 R16 1018ac ffff work_low
A 0407f2 W16 101882 0099 work_low
A 0407f6 W16 1018ac ffff work_low
A 0407fe R16 108022 0000 shared
A 040804 R16 101890 fffb work_low
A 040808 W16 101890 fffb work_low
A 040816 R16 1018ae 0000 work_low
A 040826 W16 101880 fffc work_low
A 04082a W16 1018ae 0000 work_low
A 04082e R32 103eb2 000405c0 work_low
A 0405c0 W32 103eb2 000405c4 work_low
A 042b98 W32 103eae 00042b9c work_low
A 042baa W32 103eaa 00042bae work_low
A 042bb6 R32 101900 ffffffff work_low
A 042bb8 R32 101904 ffffffff work_low
A 042bba R32 101908 ffffffff work_low
A 042bbc R32 10190c ffffffff work_low
A 042bf4 W32 101900 ffffffff work_low
A 042bf6 W32 101904 ffffffff work_low
A 042bf8 W32 101908 ffffffff work_low
A 042bfa W32 10190c ffffffff work_low
A 042bfc R32 103eaa 00042bae work_low
A 042bb6 R32 101910 ffffffff work_low
A 042bb8 R32 101914 ffffffff work_low
A 042bba R32 101918 ffffffff work_low
A 042bbc R32 10191c ffffffff work_low
A 042bf4 W32 101910 ffffffff work_low
A 042bf6 W32 101914 ffffffff work_low
A 042bf8 W32 101918 ffffffff work_low
A 042bfa W32 10191c ffffffff work_low
A 042bfc R32 103eae 00042b9c work_low
A 042b9c W32 103eae 00042ba0 work_low
A 042c4e R16 101898 0000 work_low
A 042c6e R16 108a00 a0c0 shared
A 042c72 R16 10a0ca 0000 shared
A 042c72 W16 10a0f6 0000 shared
A 042c78 R32 10a0c0 00000000 shared
A 042c7a W32 10a0f8 00000000 shared
A 042c80 R8 10a0d8 00 shared
A 042c86 W8 10a0f0 ff shared
A 042c92 R32 101900 ffffffff work_low
A 042caa R16 10a0f6 0000 shared
A 042cb2 W32 10a0f2 00000000 shared
A 042cba R16 108a02 a140 shared
A 042cbe R32 10a140 00000000 shared
A 042cc0 R16 10a14a 0000 shared
A 042cc4 W16 10a176 0000 shared
A 042d0a W32 10a178 00000000 shared
A 042d10 R8 10a158 00 shared
A 042d16 W8 10a170 ff shared
A 042d22 R32 101900 ffffffff work_low
A 042d3a R16 10a176 0000 shared
A 042d4a W32 10a172 00000000 shared
A 042cba R16 108a04 a180 shared
A 042cbe R32 10a180 00000000 shared
A 042cc0 R16 10a18a 0000 shared
A 042cc4 W16 10a1b6 0000 shared
A 042d0a W32 10a1b8 00000000 shared
A 042d10 R8 10a198 00 shared
A 042d16 W8 10a1b0 ff shared
A 042d22 R32 101900 ffffffff work_low
A 042d3a R16 10a1b6 0000 shared
A 042d4a W32 10a1b2 00000000 shared
A 042cba R16 108a06 a1c0 shared
A 042cbe R32 10a1c0 00000000 shared
A 042cc0 R16 10a1ca 0000 shared
A 042cc4 W16 10a1f6 0000 shared
A 042d0a W32 10a1f8 00000000 shared
A 042d10 R8 10a1d8 00 shared
A 042d16 W8 10a1f0 ff shared
A 042d22 R32 101900 ffffffff work_low
A 042d3a R16 10a1f6 0000 shared
A 042d4a W32 10a1f2 00000000 shared
A 042cba R16 108a08 a280 shared
A 042cbe R32 10a280 00000000 shared
A 042cc0 R16 10a28a 0000 shared
B 004460 W16 800d7c 8b6d road
B 004462 R16 1013a6 4053 sub_work
B 004462 W16 800d7e 4053 road
B 004244 R16 100b16 0000 sub_work
B 00424e R16 100a46 0000 sub_work
B 004446 R32 101a5e 00800ff8 sub_work
B 004450 R16 10163c 8052 sub_work
B 004450 W16 800d80 8052 road
B 004454 R16 10156c 8037 sub_work
B 004454 W16 800d82 8037 road
B 004456 R16 101206 036f sub_work
B 004460 W16 800d84 8b6f road
B 004462 R16 1013a8 4056 sub_work
B 004462 W16 800d86 4056 road
B 004244 R16 100b18 0000 sub_work
B 00424e R16 100a48 0000 sub_work
B 004446 R32 101a5e 00800ff8 sub_work
B 004450 R16 10163e 8056 sub_work
B 004450 W16 800d88 8056 road
B 004454 R16 10156e 8039 sub_work
B 004454 W16 800d8a 8039 road
B 004456 R16 101208 0371 sub_work
B 004460 W16 800d8c 8b71 road
B 004462 R16 1013aa 305a sub_work
B 004462 W16 800d8e 305a road
B 004244 R16 100b1a 0000 sub_work
B 00424e R16 100a4a 0000 sub_work
B 004446 R32 101a5e 00800ff8 sub_work
B 004450 R16 101640 805a sub_work
B 004450 W16 800d90 805a road
B 004454 R16 101570 803c sub_work
B 004454 W16 800d92 803c road
B 004456 R16 10120a 0373 sub_work
B 004460 W16 800d94 8b73 road
B 004462 R16 1013ac 305e sub_work
B 004462 W16 800d96 305e road
B 004244 R16 100b1c 0000 sub_work
B 00424e R16 100a4c 0000 sub_work
B 004446 R32 101a5e 00800ff8 sub_work
B 004450 R16 101642 805d sub_work
B 004450 W16 800d98 805d road
B 004454 R16 101572 803e sub_work
B 004454 W16 800d9a 803e road
B 004456 R16 10120c 0375 sub_work
B 004460 W16 800d9c 8b75 road
B 004462 R16 1013ae 3062 sub_work
B 004462 W16 800d9e 3062 road
B 004244 R16 100b1e 0000 sub_work
B 00424e R16 100a4e 0000 sub_work
B 004446 R32 101a5e 00800ff8 sub_work
B 004450 R16 101644 8061 sub_work
B 004450 W16 800da0 8061 road
B 004454 R16 101574 8041 sub_work
B 004454 W16 800da2 8041 road
B 004456 R16 10120e 0377 sub_work
B 004460 W16 800da4 8b77 road
B 004462 R16 1013b0 3066 sub_work
B 004462 W16 800da6 3066 road
B 004244 R16 100b20 0000 sub_work
B 00424e R16 100a50 0000 sub_work
B 004446 R32 101a5e 00800ff8 sub_work
B 004450 R16 101646 8065 sub_work
B 004450 W16 800da8 8065 road
B 004454 R16 101576 8043 sub_work
B 004454 W16 800daa 8043 road
B 004456 R16 101210 0379 sub_work
B 004460 W16 800dac 8b79 road
B 004462 R16 1013b2 306a sub_work
B 004462 W16 800dae 306a road
B 004244 R16 100b22 0000 sub_work
B 00424e R16 100a52 0000 sub_work
B 004446 R32 101a5e 00800ff8 sub_work
B 004450 R16 101648 8069 sub_work
B 004450 W16 800db0 8069 road
B 004454 R16 101578 8046 sub_work
B 004454 W16 800db2 8046 road
B 004456 R16 101212 037b sub_work
B 004460 W16 800db4 8b7b road
B 004462 R16 1013b4 206e sub_work
B 004462 W16 800db6 206e road
B 004244 R16 100b24 0000 sub_work
B 00424e R16 100a54 0000 sub_work
B 004446 R32 101a5e 00800ff8 sub_work
B 004450 R16 10164a 806d sub_work
B 004450 W16 800db8 806d road
B 004454 R16 10157a 8049 sub_work
B 004454 W16 800dba 8049 road
B 004456 R16 101214 037d sub_work
B 004460 W16 800dbc 8b7d road
B 004462 R16 1013b6 2072 sub_work
B 004462 W16 800dbe 2072 road
B 004244 R16 100b26 0000 sub_work
B 00424e R16 100a56 0000 sub_work
B 004446 R32 101a5e 00800ff8 sub_work
B 004450 R16 10164c 8071 sub_work
B 004450 W16 800dc0 8071 road
B 004454 R16 10157c 804b sub_work
B 004454 W16 800dc2 804b road
B 004456 R16 101216 037f sub_work
B 004460 W16 800dc4 8b7f road
B 004462 R16 1013b8 2076 sub_work
B 004462 W16 800dc6 2076 road
B 004244 R16 100b28 0000 sub_work
B 00424e R16 100a58 0000 sub_work
B 004446 R32 101a5e 00800ff8 sub_work
B 004450 R16 10164e 8075 sub_work
B 004450 W16 800dc8 8075 road
B 004454 R16 10157e 804e sub_work
B 004454 W16 800dca 804e road
B 004456 R16 101218 0381 sub_work
B 004460 W16 800dcc 8b81 road
B 004462 R16 1013ba 207a sub_work
B 004462 W16 800dce 207a road
B 004244 R16 100b2a 0000 sub_work
B 00424e R16 100a5a 0000 sub_work
B 004446 R32 101a5e 00800ff8 sub_work
B 004450 R16 101650 8079 sub_work
B 004450 W16 800dd0 8079 road
B 004454 R16 101580 8050 sub_work
B 004454 W16 800dd2 8050 road
B 004456 R16 10121a 0383 sub_work
B 004460 W16 800dd4 8b83 road
B 004462 R16 1013bc 207e sub_work
B 004462 W16 800dd6 207e road
B 004244 R16 100b2c 0000 sub_work
B 00424e R16 100a5c 0000 sub_work
B 004446 R32 101a5e 00800ff8 sub_work
B 004450 R16 101652 807c sub_work
B 004450 W16 800dd8 807c road
B 004454 R16 101582 8053 sub_work
B 004454 W16 800dda 8053 road
B 004456 R16 10121c 0385 sub_work
B 004460 W16 800ddc 8b85 road
B 004462 R16 1013be 2081 sub_work
B 004462 W16 800dde 2081 road
B 004244 R16 100b2e 0000 sub_work
B 00424e R16 100a5e 0000 sub_work
B 004446 R32 101a5e 00800ff8 sub_work
B 004450 R16 101654 8080 sub_work
B 004450 W16 800de0 8080 road
B 004454 R16 101584 8056 sub_work
B 004454 W16 800de2 8056 road
B 004456 R16 10121e 0387 sub_work
B 004460 W16 800de4 8b87 road
B 004462 R16 1013c0 2085 sub_work
B 004462 W16 800de6 2085 road
B 004244 R16 100b30 0000 sub_work
B 00424e R16 100a60 0000 sub_work
B 004446 R32 101a5e 00800ff8 sub_work
B 004450 R16 101656 8084 sub_work
B 004450 W16 800de8 8084 road
B 004454 R16 101586 8058 sub_work
B 004454 W16 800dea 8058 road
B 004456 R16 101220 0389 sub_work
B 004460 W16 800dec 8b89 road
B 004462 R16 1013c2 2089 sub_work
B 004462 W16 800dee 2089 road
B 004244 R16 100b32 0000 sub_work
B 00424e R16 100a62 0000 sub_work
B 004446 R32 101a5e 00800ff8 sub_work
B 004450 R16 101658 8088 sub_work
B 004450 W16 800df0 8088 road
B 004454 R16 101588 805b sub_work
B 004454 W16 800df2 805b road
B 004456 R16 101222 038b sub_work
B 004460 W16 800df4 8b8b road
B 004462 R16 1013c4 208d sub_work
B 004462 W16 800df6 208d road
B 004244 R16 100b34 0000 sub_work
B 00424e R16 100a64 0000 sub_work
B 004446 R32 101a5e 00800ff8 sub_work
B 004450 R16 10165a 808c sub_work
B 004450 W16 800df8 808c road
B 004454 R16 10158a 805d sub_work
B 004454 W16 800dfa 805d road
B 004456 R16 101224 038d sub_work
B 004460 W16 800dfc 8b8d road
B 004462 R16 1013c6 1091 sub_work
B 004462 W16 800dfe 1091 road
B 004244 R16 100b36 0000 sub_work
B 00424e R16 100a66 0000 sub_work
B 004446 R32 101a5e 00800ff8 sub_work
B 004450 R16 10165c 8090 sub_work
B 004450 W16 800e00 8090 road
B 004454 R16 10158c 8060 sub_work
B 004454 W16 800e02 8060 road
B 004456 R16 101226 038e sub_work
B 004460 W16 800e04 8b8e road
B 004462 R16 1013c8 1095 sub_work
B 004462 W16 800e06 1095 road
B 004244 R16 100b38 0000 sub_work
B 00424e R16 100a68 0000 sub_work
B 004446 R32 101a5e 00800ff8 sub_work
B 004450 R16 10165e 8094 sub_work
B 004450 W16 800e08 8094 road
B 004454 R16 10158e 8062 sub_work
B 004454 W16 800e0a 8062 road
B 004456 R16 101228 0390 sub_work
B 004460 W16 800e0c 8b90 road
B 004462 R16 1013ca 1099 sub_work
B 004462 W16 800e0e 1099 road
B 004244 R16 100b3a 0000 sub_work
B 00424e R16 100a6a 0000 sub_work
B 004446 R32 101a5e 00800ff8 sub_work
B 004450 R16 101660 8098 sub_work
B 004450 W16 800e10 8098 road
B 004454 R16 101590 8065 sub_work
B 004454 W16 800e12 8065 road
B 004456 R16 10122a 0392 sub_work
B 004460 W16 800e14 8b92 road
B 004462 R16 1013cc 109d sub_work
B 004462 W16 800e16 109d road
B 004244 R16 100b3c 0000 sub_work
B 00424e R16 100a6c 0000 sub_work
B 004446 R32 101a5e 00800ff8 sub_work
B 004450 R16 101662 809b sub_work
B 004450 W16 800e18 809b road
B 004454 R16 101592 8068 sub_work
B 004454 W16 800e1a 8068 road
B 004456 R16 10122c 0394 sub_work
B 004460 W16 800e1c 8b94 road
B 004462 R16 1013ce 10a1 sub_work
B 004462 W16 800e1e 10a1 road
B 004244 R16 100b3e 0000 sub_work
B 00424e R16 100a6e 0000 sub_work
B 004446 R32 101a5e 00800ff8 sub_work
B 004450 R16 101664 809f sub_work
B 004450 W16 800e20 809f road
B 004454 R16 101594 806a sub_work
B 004454 W16 800e22 806a road
B 004456 R16 10122e 0396 sub_work
B 004460 W16 800e24 8b96 road
B 004462 R16 1013d0 10a5 sub_work
B 004462 W16 800e26 10a5 road
B 004244 R16 100b40 0000 sub_work
B 00424e R16 100a70 0000 sub_work
B 004446 R32 101a5e 00800ff8 sub_work
B 004450 R16 101666 80a3 sub_work
B 004450 W16 800e28 80a3 road
B 004454 R16 101596 806d sub_work
B 004454 W16 800e2a 806d road
B 004456 R16 101230 0398 sub_work
B 004460 W16 800e2c 8b98 road
B 004462 R16 1013d2 10a8 sub_work
B 004462 W16 800e2e 10a8 road
B 004244 R16 100b42 0000 sub_work
B 00424e R16 100a72 0000 sub_work
B 004446 R32 101a5e 00800ff8 sub_work
B 004450 R16 101668 80a7 sub_work
B 004450 W16 800e30 80a7 road
B 004454 R16 101598 806f sub_work
B 004454 W16 800e32 806f road
B 004456 R16 101232 039a sub_work
B 004460 W16 800e34 8b9a road
B 004462 R16 1013d4 10ac sub_work
B 004462 W16 800e36 10ac road
B 004244 R16 100b44 0000 sub_work
B 00424e R16 100a74 0000 sub_work
B 004446 R32 101a5e 00800ff8 sub_work
B 004450 R16 10166a 80ab sub_work
B 004450 W16 800e38 80ab road
B 004454 R16 10159a 8072 sub_work
B 004454 W16 800e3a 8072 road
B 004456 R16 101234 039c sub_work
B 004460 W16 800e3c 8b9c road
B 004462 R16 1013d6 10b0 sub_work
B 004462 W16 800e3e 10b0 road
B 004244 R16 100b46 0000 sub_work
B 00424e R16 100a76 0000 sub_work
B 004446 R32 101a5e 00800ff8 sub_work
B 004450 R16 10166c 80af sub_work
B 004450 W16 800e40 80af road
B 004454 R16 10159c 8075 sub_work
B 004454 W16 800e42 8075 road
B 004456 R16 101236 039e sub_work
B 004460 W16 800e44 8b9e road
B 004462 R16 1013d8 10b4 sub_work
B 004462 W16 800e46 10b4 road
B 004244 R16 100b48 0000 sub_work
B 00424e R16 100a78 0000 sub_work
B 004446 R32 101a5e 00800ff8 sub_work
B 004450 R16 10166e 80b3 sub_work
B 004450 W16 800e48 80b3 road
B 004454 R16 10159e 8077 sub_work
B 004454 W16 800e4a 8077 road
B 004456 R16 101238 03a0 sub_work
B 004460 W16 800e4c 8ba0 road
B 004462 R16 1013da 10b8 sub_work
B 004462 W16 800e4e 10b8 road
B 004244 R16 100b4a 0000 sub_work
B 00424e R16 100a7a 0000 sub_work
B 004446 R32 101a5e 00800ff8 sub_work
B 004450 R16 101670 80b6 sub_work
B 004450 W16 800e50 80b6 road
B 004454 R16 1015a0 807a sub_work
B 004454 W16 800e52 807a road
B 004456 R16 10123a 03a2 sub_work
B 004460 W16 800e54 8ba2 road
B 004462 R16 1013dc 10bc sub_work
B 004462 W16 800e56 10bc road
B 004244 R16 100b4c 0000 sub_work
B 00424e R16 100a7c 0000 sub_work
B 004446 R32 101a5e 00800ff8 sub_work
B 004450 R16 101672 80ba sub_work
B 004450 W16 800e58 80ba road
B 004454 R16 1015a2 807c sub_work
B 004454 W16 800e5a 807c road
B 004456 R16 10123c 03a4 sub_work
B 004460 W16 800e5c 8ba4 road
B 004462 R16 1013de 10c0 sub_work
B 004462 W16 800e5e 10c0 road
B 004244 R16 100b4e 0000 sub_work
B 00424e R16 100a7e 0000 sub_work
B 004446 R32 101a5e 00800ff8 sub_work
B 004450 R16 101674 80be sub_work
B 004450 W16 800e60 80be road
B 004454 R16 1015a4 807f sub_work
B 004454 W16 800e62 807f road
B 004456 R16 10123e 03a6 sub_work
B 004460 W16 800e64 8ba6 road
B 004462 R16 1013e0 10c4 sub_work
B 004462 W16 800e66 10c4 road
B 004244 R16 100b50 0000 sub_work
B 00424e R16 100a80 0000 sub_work
B 004446 R32 101a5e 00800ff8 sub_work
B 004450 R16 101676 80c2 sub_work
B 004450 W16 800e68 80c2 road
B 004454 R16 1015a6 8081 sub_work
B 004454 W16 800e6a 8081 road
B 004456 R16 101240 03a8 sub_work
B 004460 W16 800e6c 8ba8 road
B 004462 R16 1013e2 10c8 sub_work
B 004462 W16 800e6e 10c8 road
B 004244 R16 100b52 0000 sub_work
B 00424e R16 100a82 0000 sub_work
B 004446 R32 101a5e 00800ff8 sub_work
B 004450 R16 101678 80c6 sub_work
B 004450 W16 800e70 80c6 road
B 004454 R16 1015a8 8084 sub_work
B 004454 W16 800e72 8084 road
B 004456 R16 101242 03aa sub_work
B 004460 W16 800e74 8baa road
B 004462 R16 1013e4 10cc sub_work
B 004462 W16 800e76 10cc road
B 004244 R16 100b54 0000 sub_work
B 00424e R16 100a84 0000 sub_work
B 004446 R32 101a5e 00800ff8 sub_work
B 004450 R16 10167a 80ca sub_work
B 004450 W16 800e78 80ca road
B 004454 R16 1015aa 8087 sub_work
B 004454 W16 800e7a 8087 road
B 004456 R16 101244 03ac sub_work
B 004460 W16 800e7c 8bac road
B 004462 R16 1013e6 10d0 sub_work
B 004462 W16 800e7e 10d0 road
B 004244 R16 100b56 0000 sub_work
B 00424e R16 100a86 0000 sub_work
B 004446 R32 101a5e 00800ff8 sub_work
B 004450 R16 10167c 80ce sub_work
B 004450 W16 800e80 80ce road
B 004454 R16 1015ac 8089 sub_work
B 004454 W16 800e82 8089 road
B 004456 R16 101246 03ae sub_work
B 004460 W16 800e84 8bae road
B 004462 R16 1013e8 00d3 sub_work
B 004462 W16 800e86 00d3 road
B 004244 R16 100b58 0000 sub_work
B 00424e R16 100a88 0000 sub_work
B 004446 R32 101a5e 00800ff8 sub_work
B 004450 R16 10167e 80d2 sub_work
B 004450 W16 800e88 80d2 road
B 004454 R16 1015ae 808c sub_work
B 004454 W16 800e8a 808c road
B 004456 R16 101248 03af sub_work
B 004460 W16 800e8c 8baf road
B 004462 R16 1013ea 00d7 sub_work
B 004462 W16 800e8e 00d7 road
B 004244 R16 100b5a 0000 sub_work
B 00424e R16 100a8a 0000 sub_work
B 004446 R32 101a5e 00800ff8 sub_work
B 004450 R16 101680 80d5 sub_work
B 004450 W16 800e90 80d5 road
B 004454 R16 1015b0 808e sub_work
B 004454 W16 800e92 808e road
B 004456 R16 10124a 03b1 sub_work
B 004460 W16 800e94 8bb1 road
B 004462 R16 1013ec 00db sub_work
B 004462 W16 800e96 00db road
B 004244 R16 100b5c 0000 sub_work
B 00424e R16 100a8c 0000 sub_work
B 004446 R32 101a5e 00800ff8 sub_work
B 004450 R16 101682 80d9 sub_work
B 004450 W16 800e98 80d9 road
B 004454 R16 1015b2 8091 sub_work
B 004454 W16 800e9a 8091 road
B 004456 R16 10124c 03b3 sub_work
B 004460 W16 800e9c 8bb3 road
B 004462 R16 1013ee 00df sub_work
B 004462 W16 800e9e 00df road
B 004244 R16 100b5e 0000 sub_work
B 00424e R16 100a8e 0000 sub_work
B 004446 R32 101a5e 00800ff8 sub_work
B 004450 R16 101684 80dd sub_work
B 004450 W16 800ea0 80dd road
B 004454 R16 1015b4 8093 sub_work
B 004454 W16 800ea2 8093 road
B 004456 R16 10124e 03b5 sub_work
B 004460 W16 800ea4 8bb5 road
B 004462 R16 1013f0 00e3 sub_work
B 004462 W16 800ea6 00e3 road
B 004244 R16 100b60 0000 sub_work
B 00424e R16 100a90 0000 sub_work
B 004446 R32 101a5e 00800ff8 sub_work
B 004450 R16 101686 80e1 sub_work
B 004450 W16 800ea8 80e1 road
B 004454 R16 1015b6 8096 sub_work
B 004454 W16 800eaa 8096 road
B 004456 R16 101250 03b7 sub_work
B 004460 W16 800eac 8bb7 road
B 004462 R16 1013f2 00e7 sub_work
B 004462 W16 800eae 00e7 road
B 004244 R16 100b62 0000 sub_work
B 00424e R16 100a92 0000 sub_work
B 004446 R32 101a5e 00800ff8 sub_work
B 004450 R16 101688 80e5 sub_work
B 004450 W16 800eb0 80e5 road
B 004454 R16 1015b8 8099 sub_work
B 004454 W16 800eb2 8099 road
B 004456 R16 101252 03b9 sub_work
B 004460 W16 800eb4 8bb9 road
B 004462 R16 1013f4 00eb sub_work
B 004462 W16 800eb6 00eb road
B 004244 R16 100b64 0000 sub_work
B 00424e R16 100a94 0000 sub_work
B 004446 R32 101a5e 00800ff8 sub_work
B 004450 R16 10168a 80e9 sub_work
B 004450 W16 800eb8 80e9 road
B 004454 R16 1015ba 809b sub_work
B 004454 W16 800eba 809b road
B 004456 R16 101254 03bb sub_work
B 004460 W16 800ebc 8bbb road
B 004462 R16 1013f6 00ef sub_work
B 004462 W16 800ebe 00ef road
B 004244 R16 100b66 0000 sub_work
B 00424e R16 100a96 0000 sub_work
B 004446 R32 101a5e 00800ff8 sub_work
B 004450 R16 10168c 80ed sub_work
B 004450 W16 800ec0 80ed road
B 004454 R16 1015bc 809e sub_work
B 004454 W16 800ec2 809e road
B 004456 R16 101256 03bd sub_work
B 004460 W16 800ec4 8bbd road
B 004462 R16 1013f8 00f3 sub_work
B 004462 W16 800ec6 00f3 road
B 004244 R16 100b68 0000 sub_work
B 00424e R16 100a98 0000 sub_work
B 004446 R32 101a5e 00800ff8 sub_work
B 004450 R16 10168e 80f1 sub_work
B 004450 W16 800ec8 80f1 road
B 004454 R16 1015be 80a0 sub_work
B 004454 W16 800eca 80a0 road
B 004456 R16 101258 03bf sub_work
B 004460 W16 800ecc 8bbf road
B 004462 R16 1013fa 00f7 sub_work
B 004462 W16 800ece 00f7 road
B 004244 R16 100b6a 0000 sub_work
B 00424e R16 100a9a 0000 sub_work
B 004446 R32 101a5e 00800ff8 sub_work
B 004450 R16 101690 80f4 sub_work
B 004450 W16 800ed0 80f4 road
B 004454 R16 1015c0 80a3 sub_work
B 004454 W16 800ed2 80a3 road
B 004456 R16 10125a 03c1 sub_work
B 004460 W16 800ed4 8bc1 road
B 004462 R16 1013fc 00fb sub_work
B 004462 W16 800ed6 00fb road
B 004244 R16 100b6c 0000 sub_work
B 00424e R16 100a9c 0000 sub_work
B 004446 R32 101a5e 00800ff8 sub_work
B 004450 R16 101692 80f8 sub_work
B 004450 W16 800ed8 80f8 road
B 004454 R16 1015c2 80a6 sub_work
B 004454 W16 800eda 80a6 road
B 004456 R16 10125c 03c3 sub_work
B 004460 W16 800edc 8bc3 road
B 004462 R16 1013fe 00fe sub_work
B 004462 W16 800ede 00fe road
B 004244 R16 100b6e 0000 sub_work
B 00424e R16 100a9e 0000 sub_work
B 004446 R32 101a5e 00800ff8 sub_work
B 004450 R16 101694 80fc sub_work
B 004450 W16 800ee0 80fc road
B 004454 R16 1015c4 80a8 sub_work
B 004454 W16 800ee2 80a8 road
B 004456 R16 10125e 03c5 sub_work
B 004460 W16 800ee4 8bc5 road
B 004462 R16 101400 0102 sub_work
B 004462 W16 800ee6 0102 road
B 004244 R16 100b70 0000 sub_work
B 00424e R16 100aa0 0000 sub_work
B 004446 R32 101a5e 00800ff8 sub_work
B 004450 R16 101696 8100 sub_work
B 004450 W16 800ee8 8100 road
B 004454 R16 1015c6 80ab sub_work
B 004454 W16 800eea 80ab road
B 004456 R16 101260 03c7 sub_work
B 004460 W16 800eec 8bc7 road
B 004462 R16 101402 0106 sub_work
B 004462 W16 800eee 0106 road
B 004244 R16 100b72 0000 sub_work
B 00424e R16 100aa2 0000 sub_work
B 004446 R32 101a5e 00800ff8 sub_work
B 004450 R16 101698 8104 sub_work
B 004450 W16 800ef0 8104 road
B 004454 R16 1015c8 80ad sub_work
B 004454 W16 800ef2 80ad road
B 004456 R16 101262 03c9 sub_work
B 004460 W16 800ef4 8bc9 road
B 004462 R16 101404 010a sub_work
B 004462 W16 800ef6 010a road
B 004244 R16 100b74 0000 sub_work
B 00424e R16 100aa4 0000 sub_work
B 004446 R32 101a5e 00800ff8 sub_work
B 004450 R16 10169a 8108 sub_work
B 004450 W16 800ef8 8108 road
B 004454 R16 1015ca 80b0 sub_work
B 004454 W16 800efa 80b0 road
B 004456 R16 101264 03cb sub_work
B 004460 W16 800efc 8bcb road
B 004462 R16 101406 010e sub_work
B 004462 W16 800efe 010e road
B 004244 R16 100b76 0000 sub_work
B 00424e R16 100aa6 0000 sub_work
B 004446 R32 101a5e 00800ff8 sub_work
B 004450 R16 10169c 810c sub_work
B 004450 W16 800f00 810c road
B 004454 R16 1015cc 80b2 sub_work
B 004454 W16 800f02 80b2 road
B 004456 R16 101266 03cd sub_work
B 004460 W16 800f04 8bcd road
B 004462 R16 101408 0112 sub_work
B 004462 W16 800f06 0112 road
B 004244 R16 100b78 0000 sub_work
B 00424e R16 100aa8 0000 sub_work
B 004446 R32 101a5e 00800ff8 sub_work
B 004450 R16 10169e 8110 sub_work
B 004450 W16 800f08 8110 road
B 004454 R16 1015ce 80b5 sub_work
B 004454 W16 800f0a 80b5 road
B 004456 R16 101268 03cf sub_work
B 004460 W16 800f0c 8bcf road
B 004462 R16 10140a 0116 sub_work
B 004462 W16 800f0e 0116 road
B 004244 R16 100b7a 0000 sub_work
B 00424e R16 100aaa 0000 sub_work
B 004446 R32 101a5e 00800ff8 sub_work
B 004450 R16 1016a0 8113 sub_work
B 004450 W16 800f10 8113 road
B 004454 R16 1015d0 80b8 sub_work
B 004454 W16 800f12 80b8 road
B 004456 R16 10126a 03d1 sub_work
B 004460 W16 800f14 8bd1 road
B 004462 R16 10140c 011a sub_work
B 004462 W16 800f16 011a road
B 004244 R16 100b7c 0000 sub_work
B 00424e R16 100aac 0000 sub_work
B 004446 R32 101a5e 00800ff8 sub_work
B 004450 R16 1016a2 8117 sub_work
B 004450 W16 800f18 8117 road
B 004454 R16 1015d2 80ba sub_work
B 004454 W16 800f1a 80ba road
B 004456 R16 10126c 03d2 sub_work
B 004460 W16 800f1c 8bd2 road
B 004462 R16 10140e 011e sub_work
B 004462 W16 800f1e 011e road
B 004244 R16 100b7e 0000 sub_work
B 00424e R16 100aae 0000 sub_work
B 004446 R32 101a5e 00800ff8 sub_work
B 004450 R16 1016a4 811b sub_work
B 004450 W16 800f20 811b road
B 004454 R16 1015d4 80bd sub_work
B 004454 W16 800f22 80bd road
B 004456 R16 10126e 03d4 sub_work
B 004460 W16 800f24 8bd4 road
B 004462 R16 101410 0122 sub_work
B 004462 W16 800f26 0122 road
B 004244 R16 100b80 0000 sub_work
B 00424e R16 100ab0 0000 sub_work
B 004446 R32 101a5e 00800ff8 sub_work
B 004450 R16 1016a6 811f sub_work
B 004450 W16 800f28 811f road
B 004454 R16 1015d6 80bf sub_work
B 004454 W16 800f2a 80bf road
B 004456 R16 101270 03d6 sub_work
B 004460 W16 800f2c 8bd6 road
B 004462 R16 101412 0126 sub_work
B 004462 W16 800f2e 0126 road
B 004244 R16 100b82 0000 sub_work
B 00424e R16 100ab2 0000 sub_work
B 004446 R32 101a5e 00800ff8 sub_work
B 004450 R16 1016a8 8123 sub_work
B 004450 W16 800f30 8123 road
B 004454 R16 1015d8 80c2 sub_work
B 004454 W16 800f32 80c2 road
B 004456 R16 101272 03d8 sub_work
B 004460 W16 800f34 8bd8 road
B 004462 R16 101414 0129 sub_work
B 004462 W16 800f36 0129 road
B 004244 R16 100b84 0000 sub_work
B 00424e R16 100ab4 0000 sub_work
B 004446 R32 101a5e 00800ff8 sub_work
B 004450 R16 1016aa 8127 sub_work
B 004450 W16 800f38 8127 road
B 004454 R16 1015da 80c5 sub_work
B 004454 W16 800f3a 80c5 road
B 004456 R16 101274 03da sub_work
B 004460 W16 800f3c 8bda road
B 004462 R16 101416 012d sub_work
B 004462 W16 800f3e 012d road
B 004244 R16 100b86 0000 sub_work
B 00424e R16 100ab6 0000 sub_work
B 004446 R32 101a5e 00800ff8 sub_work
B 004450 R16 1016ac 812b sub_work
B 004450 W16 800f40 812b road
B 004454 R16 1015dc 80c7 sub_work
B 004454 W16 800f42 80c7 road
B 004456 R16 101276 03dc sub_work
B 004460 W16 800f44 8bdc road
B 004462 R16 101418 0131 sub_work
B 004462 W16 800f46 0131 road
B 004244 R16 100b88 0000 sub_work
B 00424e R16 100ab8 0000 sub_work
B 004446 R32 101a5e 00800ff8 sub_work
B 004450 R16 1016ae 812f sub_work
B 004450 W16 800f48 812f road
B 004454 R16 1015de 80ca sub_work
B 004454 W16 800f4a 80ca road
B 004456 R16 101278 03de sub_work
B 004460 W16 800f4c 8bde road
B 004462 R16 10141a 0135 sub_work
B 004462 W16 800f4e 0135 road
B 004244 R16 100b8a 0000 sub_work
B 00424e R16 100aba 0000 sub_work
B 004446 R32 101a5e 00800ff8 sub_work
B 004450 R16 1016b0 8132 sub_work
B 004450 W16 800f50 8132 road
B 004454 R16 1015e0 80cc sub_work
B 004454 W16 800f52 80cc road
B 004456 R16 10127a 03e0 sub_work
B 004460 W16 800f54 8be0 road
B 004462 R16 10141c 0139 sub_work
B 004462 W16 800f56 0139 road
B 004244 R16 100b8c 0000 sub_work
B 00424e R16 100abc 0000 sub_work
B 004446 R32 101a5e 00800ff8 sub_work
B 004450 R16 1016b2 8136 sub_work
B 004450 W16 800f58 8136 road
B 004454 R16 1015e2 80cf sub_work
B 004454 W16 800f5a 80cf road
B 004456 R16 10127c 03e2 sub_work
B 004460 W16 800f5c 8be2 road
B 004462 R16 10141e 013d sub_work
B 004462 W16 800f5e 013d road
A 042cc4 W16 10a2b6 0000 shared
A 042d0a W32 10a2b8 00000000 shared
A 042d10 R8 10a298 00 shared
A 042d16 W8 10a2b0 ff shared
A 042d22 R32 101900 ffffffff work_low
A 042d3a R16 10a2b6 0000 shared
A 042d4a W32 10a2b2 00000000 shared
A 042cba R16 108a0a a2c0 shared
A 042cbe R32 10a2c0 00000000 shared
A 042cc0 R16 10a2ca 0000 shared
A 042cc4 W16 10a2f6 0000 shared
A 042d0a W32 10a2f8 00000000 shared
A 042d10 R8 10a2d8 00 shared
A 042d16 W8 10a2f0 ff shared
A 042d22 R32 101900 ffffffff work_low
A 042d3a R16 10a2f6 0000 shared
A 042d4a W32 10a2f2 00000000 shared
A 042cba R16 108a0c a300 shared
A 042cbe R32 10a300 00000000 shared
A 042cc0 R16 10a30a 0000 shared
A 042cc4 W16 10a336 0000 shared
A 042d0a W32 10a338 00000000 shared
A 042d10 R8 10a318 00 shared
A 042d16 W8 10a330 ff shared
A 042d22 R32 101900 ffffffff work_low
A 042d3a R16 10a336 0000 shared
A 042d4a W32 10a332 00000000 shared
A 042cba R16 108a0e a340 shared
A 042cbe R32 10a340 00000000 shared
A 042cc0 R16 10a34a 0000 shared
A 042cc4 W16 10a376 0000 shared
A 042d0a W32 10a378 00000000 shared
A 042d10 R8 10a358 00 shared
A 042d16 W8 10a370 ff shared
A 042d22 R32 101900 ffffffff work_low
A 042d3a R16 10a376 0000 shared
A 042d4a W32 10a372 00000000 shared
A 042cba R16 108a10 a380 shared
A 042cbe R32 10a380 00000000 shared
A 042cc0 R16 10a38a 0000 shared
A 042cc4 W16 10a3b6 0000 shared
A 042d0a W32 10a3b8 00000000 shared
A 042d10 R8 10a398 00 shared
A 042d16 W8 10a3b0 ff shared
A 042d22 R32 101900 ffffffff work_low
A 042d3a R16 10a3b6 0000 shared
A 042d4a W32 10a3b2 00000000 shared
A 042cba R16 108a12 a3c0 shared
A 042cbe R32 10a3c0 00000000 shared
A 042cc0 R16 10a3ca 0000 shared
A 042cc4 W16 10a3f6 0000 shared
A 042d0a W32 10a3f8 00000000 shared
A 042d10 R8 10a3d8 00 shared
A 042d16 W8 10a3f0 ff shared
A 042d22 R32 101900 ffffffff work_low
A 042d3a R16 10a3f6 0000 shared
A 042d4a W32 10a3f2 00000000 shared
A 042cba R16 108a14 a400 shared
A 042cbe R32 10a400 00000000 shared
A 042cc0 R16 10a40a 036a shared
A 042cc4 W16 10a436 036a shared
A 042d0a W32 10a438 00000000 shared
A 042d10 R8 10a418 00 shared
A 042d16 W8 10a430 ff shared
A 042d22 R32 101900 ffffffff work_low
A 042d3a R16 10a436 036a shared
A 042d4a W32 10a432 00000000 shared
A 042cba R16 108a16 a500 shared
A 042cbe R32 10a500 00000000 shared
A 042cc0 R16 10a50a 034e shared
A 042cc4 W16 10a536 034e shared
A 042d0a W32 10a538 00000000 shared
A 042d10 R8 10a518 00 shared
A 042d16 W8 10a530 ff shared
A 042d22 R32 101900 ffffffff work_low
A 042d3a R16 10a536 034e shared
A 042d4a W32 10a532 00000000 shared
A 042cba R16 108a18 a040 shared
A 042cbe R32 10a040 00000080 shared
A 042cc0 R16 10a04a 0050 shared
A 042cc4 W16 10a076 0050 shared
A 042d0a W32 10a078 00000080 shared
A 042d10 R8 10a058 00 shared
A 042d16 W8 10a070 ff shared
A 042d22 R32 101900 ffffffff work_low
A 042d3a R16 10a076 0050 shared
A 042d4a W32 10a072 00000000 shared
A 042cba R16 108a1a a440 shared
A 042cbe R32 10a440 00000800 shared
A 042cc0 R16 10a44a 036a shared
A 042cc4 W16 10a476 036a shared
A 042d0a W32 10a478 00000800 shared
A 042d10 R8 10a458 00 shared
A 042d16 W8 10a470 ff shared
A 042d22 R32 101900 ffffffff work_low
A 042d3a R16 10a476 036a shared
A 042d4a W32 10a472 00000000 shared
A 042cba R16 108a1c a540 shared
A 042cbe R32 10a540 00000800 shared
A 042cc0 R16 10a54a 034e shared
A 042cc4 W16 10a576 034e shared
A 042d0a W32 10a578 00000800 shared
A 042d10 R8 10a558 00 shared
A 042d16 W8 10a570 ff shared
A 042d22 R32 101900 ffffffff work_low
A 042d3a R16 10a576 034e shared
A 042d4a W32 10a572 00000000 shared
A 042cba R16 108a1e a480 shared
A 042cbe R32 10a480 00001000 shared
A 042cc0 R16 10a48a 036a shared
A 042cc4 W16 10a4b6 036a shared
A 042d0a W32 10a4b8 00001000 shared
A 042d10 R8 10a498 00 shared
A 042d16 W8 10a4b0 ff shared
A 042d22 R32 101900 ffffffff work_low
A 042d3a R16 10a4b6 036a shared
A 042d4a W32 10a4b2 00000000 shared
A 042cba R16 108a20 a580 shared
A 042cbe R32 10a580 00001000 shared
A 042cc0 R16 10a58a 034e shared
A 042cc4 W16 10a5b6 034e shared
A 042d0a W32 10a5b8 00001000 shared
A 042d10 R8 10a598 00 shared
A 042d16 W8 10a5b0 ff shared
A 042d22 R32 101900 ffffffff work_low
A 042d3a R16 10a5b6 034e shared
A 042d4a W32 10a5b2 00000000 shared
A 042cba R16 108a22 a4c0 shared
A 042cbe R32 10a4c0 00001800 shared
A 042cc0 R16 10a4ca 036a shared
A 042cc4 W16 10a4f6 036a shared
A 042d0a W32 10a4f8 00001800 shared
A 042d10 R8 10a4d8 00 shared
A 042d16 W8 10a4f0 ff shared
A 042d22 R32 101900 ffffffff work_low
A 042d3a R16 10a4f6 036a shared
A 042d4a W32 10a4f2 00000000 shared
A 042cba R16 108a24 a5c0 shared
A 042cbe R32 10a5c0 00001800 shared
A 042cc0 R16 10a5ca 034e shared
A 042cc4 W16 10a5f6 034e shared
A 042d0a W32 10a5f8 00001800 shared
A 042d10 R8 10a5d8 00 shared
A 042d16 W8 10a5f0 ff shared
A 042d22 R32 101900 ffffffff work_low
A 042d3a R16 10a5f6 034e shared
A 042d4a W32 10a5f2 00000000 shared
A 042cba R16 108a26 a600 shared
A 042cbe R32 10a600 00002000 shared
A 042cc0 R16 10a60a 036a shared
A 042cc4 W16 10a636 036a shared
A 042d0a W32 10a638 00002000 shared
A 042d10 R8 10a618 00 shared
A 042d16 W8 10a630 ff shared
A 042d22 R32 101900 ffffffff work_low
A 042d3a R16 10a636 036a shared
A 042d4a W32 10a632 00000000 shared
A 042cba R16 108a28 a700 shared
A 042cbe R32 10a700 00002000 shared
A 042cc0 R16 10a70a 034e shared
A 042cc4 W16 10a736 034e shared
A 042d0a W32 10a738 00002000 shared
A 042d10 R8 10a718 00 shared
A 042d16 W8 10a730 ff shared
A 042d22 R32 101900 ffffffff work_low
A 042d3a R16 10a736 034e shared
A 042d4a W32 10a732 00000000 shared
A 042cba R16 108a2a a640 shared
A 042cbe R32 10a640 00002800 shared
A 042cc0 R16 10a64a 036a shared
A 042cc4 W16 10a676 036a shared
A 042d0a W32 10a678 00002800 shared
A 042d10 R8 10a658 00 shared
A 042d16 W8 10a670 ff shared
A 042d22 R32 101900 ffffffff work_low
A 042d3a R16 10a676 036a shared
A 042d4a W32 10a672 00000000 shared
A 042cba R16 108a2c a740 shared
A 042cbe R32 10a740 00002800 shared
A 042cc0 R16 10a74a 034e shared
A 042cc4 W16 10a776 034e shared
A 042d0a W32 10a778 00002800 shared
A 042d10 R8 10a758 00 shared
A 042d16 W8 10a770 ff shared
A 042d22 R32 101900 ffffffff work_low
A 042d3a R16 10a776 034e shared
A 042d4a W32 10a772 00000000 shared
A 042cba R16 108a2e a680 shared
A 042cbe R32 10a680 00003000 shared
A 042cc0 R16 10a68a 036a shared
A 042cc4 W16 10a6b6 036a shared
A 042d0a W32 10a6b8 00003000 shared
A 042d10 R8 10a698 00 shared
A 042d16 W8 10a6b0 ff shared
A 042d22 R32 101900 ffffffff work_low
A 042d3a R16 10a6b6 036a shared
A 042d4a W32 10a6b2 00000000 shared
A 042cba R16 108a30 a780 shared
A 042cbe R32 10a780 00003000 shared
A 042cc0 R16 10a78a 034e shared
A 042cc4 W16 10a7b6 034e shared
A 042d0a W32 10a7b8 00003000 shared
A 042d10 R8 10a798 00 shared
A 042d16 W8 10a7b0 ff shared
A 042d22 R32 101900 ffffffff work_low
A 042d3a R16 10a7b6 034e shared
A 042d4a W32 10a7b2 00000000 shared
A 042cba R16 108a32 a6c0 shared
A 042cbe R32 10a6c0 00003800 shared
A 042cc0 R16 10a6ca 036a shared
A 042cc4 W16 10a6f6 036a shared
A 042d0a W32 10a6f8 00003800 shared
A 042d10 R8 10a6d8 00 shared
A 042d16 W8 10a6f0 ff shared
A 042d22 R32 101900 ffffffff work_low
A 042d3a R16 10a6f6 036a shared
A 042d4a W32 10a6f2 00000000 shared
A 042cba R16 108a34 a7c0 shared
A 042cbe R32 10a7c0 00003800 shared
A 042cc0 R16 10a7ca 034e shared
A 042cc4 W16 10a7f6 034e shared
A 042d0a W32 10a7f8 00003800 shared
A 042d10 R8 10a7d8 00 shared
A 042d16 W8 10a7f0 ff shared
A 042d22 R32 101900 ffffffff work_low
A 042d3a R16 10a7f6 034e shared
A 042d4a W32 10a7f2 00000000 shared
A 042cba R16 108a36 a800 shared
A 042cbe R32 10a800 00004000 shared
A 042cc0 R16 10a80a 036a shared
A 042cc4 W16 10a836 036a shared
A 042d0a W32 10a838 00004000 shared
A 042d10 R8 10a818 00 shared
A 042d16 W8 10a830 ff shared
A 042d22 R32 101900 ffffffff work_low
A 042d3a R16 10a836 036a shared
A 042d4a W32 10a832 00000000 shared
A 042cba R16 108a38 a900 shared
A 042cbe R32 10a900 00004000 shared
A 042cc0 R16 10a90a 034e shared
A 042cc4 W16 10a936 034e shared
A 042d0a W32 10a938 00004000 shared
A 042d10 R8 10a918 00 shared
A 042d16 W8 10a930 ff shared
A 042d22 R32 101900 ffffffff work_low
A 042d3a R16 10a936 034e shared
A 042d4a W32 10a932 00000000 shared
A 042cba R16 108a3a a840 shared
A 042cbe R32 10a840 00004800 shared
A 042cc0 R16 10a84a 036a shared
A 042cc4 W16 10a876 036a shared
A 042d0a W32 10a878 00004800 shared
A 042d10 R8 10a858 00 shared
A 042d16 W8 10a870 ff shared
A 042d22 R32 101900 ffffffff work_low
A 042d3a R16 10a876 036a shared
A 042d4a W32 10a872 00000000 shared
A 042cba R16 108a3c a940 shared
A 042cbe R32 10a940 00004800 shared
A 042cc0 R16 10a94a 034e shared
A 042cc4 W16 10a976 034e shared
A 042d0a W32 10a978 00004800 shared
A 042d10 R8 10a958 00 shared
A 042d16 W8 10a970 ff shared
A 042d22 R32 101900 ffffffff work_low
A 042d3a R16 10a976 034e shared
A 042d4a W32 10a972 00000000 shared
A 042cba R16 108a3e a880 shared
A 042cbe R32 10a880 00005000 shared
A 042cc0 R16 10a88a 036a shared
A 042cc4 W16 10a8b6 036a shared
A 042d0a W32 10a8b8 00005000 shared
A 042d10 R8 10a898 00 shared
A 042d16 W8 10a8b0 ff shared
A 042d22 R32 101900 ffffffff work_low
A 042d3a R16 10a8b6 036a shared
A 042d4a W32 10a8b2 00000000 shared
A 042cba R16 108a40 a980 shared
A 042cbe R32 10a980 00005000 shared
A 042cc0 R16 10a98a 034e shared
A 042cc4 W16 10a9b6 034e shared
A 042d0a W32 10a9b8 00005000 shared
A 042d10 R8 10a998 00 shared
A 042d16 W8 10a9b0 ff shared
A 042d22 R32 101900 ffffffff work_low
A 042d3a R16 10a9b6 034e shared
A 042d4a W32 10a9b2 00000000 shared
A 042cba R16 108a42 a8c0 shared
A 042cbe R32 10a8c0 00005800 shared
A 042cc0 R16 10a8ca 036a shared
A 042cc4 W16 10a8f6 036a shared
A 042d0a W32 10a8f8 00005800 shared
A 042d10 R8 10a8d8 00 shared
A 042d16 W8 10a8f0 ff shared
A 042d22 R32 101900 ffffffff work_low
A 042d3a R16 10a8f6 036a shared
A 042d4a W32 10a8f2 00000000 shared
A 042cba R16 108a44 a9c0 shared
A 042cbe R32 10a9c0 00005800 shared
A 042cc0 R16 10a9ca 034e shared
A 042cc4 W16 10a9f6 034e shared
A 042d0a W32 10a9f8 00005800 shared
A 042d10 R8 10a9d8 00 shared
A 042d16 W8 10a9f0 ff shared
A 042d22 R32 101900 ffffffff work_low
A 042d3a R16 10a9f6 034e shared
A 042d4a W32 10a9f2 00000000 shared
A 042cba R16 108a46 aa00 shared
A 042cbe R32 10aa00 00006000 shared
A 042cc0 R16 10aa0a 036a shared
A 042cc4 W16 10aa36 036a shared
A 042d0a W32 10aa38 00006000 shared
A 042d10 R8 10aa18 00 shared
A 042d16 W8 10aa30 ff shared
A 042d22 R32 101900 ffffffff work_low
A 042d3a R16 10aa36 036a shared
A 042d4a W32 10aa32 00000000 shared
A 042cba R16 108a48 ab00 shared
A 042cbe R32 10ab00 00006000 shared
A 042cc0 R16 10ab0a 034e shared
A 042cc4 W16 10ab36 034e shared
A 042d0a W32 10ab38 00006000 shared
A 042d10 R8 10ab18 00 shared
A 042d16 W8 10ab30 ff shared
A 042d22 R32 101900 ffffffff work_low
A 042d3a R16 10ab36 034e shared
A 042d4a W32 10ab32 00000000 shared
A 042cba R16 108a4a aa40 shared
A 042cbe R32 10aa40 00006800 shared
A 042cc0 R16 10aa4a 036a shared
A 042cc4 W16 10aa76 036a shared
A 042d0a W32 10aa78 00006800 shared
A 042d10 R8 10aa58 00 shared
A 042d16 W8 10aa70 ff shared
A 042d22 R32 101900 ffffffff work_low
A 042d3a R16 10aa76 036a shared
A 042d4a W32 10aa72 00000000 shared
A 042cba R16 108a4c ab40 shared
A 042cbe R32 10ab40 00006800 shared
A 042cc0 R16 10ab4a 034e shared
A 042cc4 W16 10ab76 034e shared
A 042d0a W32 10ab78 00006800 shared
A 042d10 R8 10ab58 00 shared
A 042d16 W8 10ab70 ff shared
A 042d22 R32 101900 ffffffff work_low
A 042d3a R16 10ab76 034e shared
A 042d4a W32 10ab72 00000000 shared
A 042cba R16 108a4e aa80 shared
A 042cbe R32 10aa80 00007000 shared
A 042cc0 R16 10aa8a 036a shared
A 042cc4 W16 10aab6 036a shared
A 042d0a W32 10aab8 00007000 shared
A 042d10 R8 10aa98 00 shared
A 042d16 W8 10aab0 ff shared
A 042d22 R32 101900 ffffffff work_low
A 042d3a R16 10aab6 036a shared
A 042d4a W32 10aab2 00000000 shared
A 042cba R16 108a50 ab80 shared
A 042cbe R32 10ab80 00007000 shared
A 042cc0 R16 10ab8a 034e shared
A 042cc4 W16 10abb6 034e shared
A 042d0a W32 10abb8 00007000 shared
A 042d10 R8 10ab98 00 shared
A 042d16 W8 10abb0 ff shared
A 042d22 R32 101900 ffffffff work_low
A 042d3a R16 10abb6 034e shared
A 042d4a W32 10abb2 00000000 shared
A 042cba R16 108a52 aac0 shared
A 042cbe R32 10aac0 00007800 shared
A 042cc0 R16 10aaca 036a shared
A 042cc4 W16 10aaf6 036a shared
A 042d0a W32 10aaf8 00007800 shared
A 042d10 R8 10aad8 00 shared
A 042d16 W8 10aaf0 ff shared
A 042d22 R32 101900 ffffffff work_low
A 042d3a R16 10aaf6 036a shared
A 042d4a W32 10aaf2 00000000 shared
A 042cba R16 108a54 abc0 shared
A 042cbe R32 10abc0 00007800 shared
A 042cc0 R16 10abca 034e shared
A 042cc4 W16 10abf6 034e shared
A 042d0a W32 10abf8 00007800 shared
A 042d10 R8 10abd8 00 shared
A 042d16 W8 10abf0 ff shared
A 042d22 R32 101900 ffffffff work_low
A 042d3a R16 10abf6 034e shared
A 042d4a W32 10abf2 00000000 shared
A 042cba R16 108a56 ac00 shared
A 042cbe R32 10ac00 00008000 shared
A 042cc0 R16 10ac0a 036a shared
A 042cc4 W16 10ac36 036a shared
A 042d0a W32 10ac38 00008000 shared
A 042d10 R8 10ac18 00 shared
A 042d16 W8 10ac30 ff shared
A 042d22 R32 101900 ffffffff work_low
A 042d3a R16 10ac36 036a shared
A 042d4a W32 10ac32 00000000 shared
A 042cba R16 108a58 ad00 shared
A 042cbe R32 10ad00 00008000 shared
A 042cc0 R16 10ad0a 034e shared
A 042cc4 W16 10ad36 034e shared
A 042d0a W32 10ad38 00008000 shared
A 042d10 R8 10ad18 00 shared
A 042d16 W8 10ad30 ff shared
A 042d22 R32 101900 ffffffff work_low
A 042d3a R16 10ad36 034e shared
A 042d4a W32 10ad32 00000000 shared
A 042cba R16 108a5a ac40 shared
A 042cbe R32 10ac40 00008800 shared
A 042cc0 R16 10ac4a 036a shared
A 042cc4 W16 10ac76 036a shared
A 042d0a W32 10ac78 00008800 shared
A 042d10 R8 10ac58 00 shared
A 042d16 W8 10ac70 ff shared
A 042d22 R32 101900 ffffffff work_low
A 042d3a R16 10ac76 036a shared
A 042d4a W32 10ac72 00000000 shared
A 042cba R16 108a5c ad40 shared
A 042cbe R32 10ad40 00008800 shared
A 042cc0 R16 10ad4a 034e shared
A 042cc4 W16 10ad76 034e shared
A 042d0a W32 10ad78 00008800 shared
A 042d10 R8 10ad58 00 shared
A 042d16 W8 10ad70 ff shared
A 042d22 R32 101900 ffffffff work_low
A 042d3a R16 10ad76 034e shared
A 042d4a W32 10ad72 00000000 shared
A 042cba R16 108a5e ac80 shared
A 042cbe R32 10ac80 00009000 shared
A 042cc0 R16 10ac8a 036a shared
A 042cc4 W16 10acb6 036a shared
A 042d0a W32 10acb8 00009000 shared
A 042d10 R8 10ac98 00 shared
A 042d16 W8 10acb0 ff shared
A 042d22 R32 101900 ffffffff work_low
A 042d3a R16 10acb6 036a shared
A 042d4a W32 10acb2 00000000 shared
A 042cba R16 108a60 ad80 shared
A 042cbe R32 10ad80 00009000 shared
A 042cc0 R16 10ad8a 034e shared
A 042cc4 W16 10adb6 034e shared
A 042d0a W32 10adb8 00009000 shared
A 042d10 R8 10ad98 00 shared
A 042d16 W8 10adb0 ff shared
A 042d22 R32 101900 ffffffff work_low
A 042d3a R16 10adb6 034e shared
A 042d4a W32 10adb2 00000000 shared
A 042cba R16 108a62 acc0 shared
A 042cbe R32 10acc0 00009800 shared
A 042cc0 R16 10acca 036a shared
A 042cc4 W16 10acf6 036a shared
A 042d0a W32 10acf8 00009800 shared
A 042d10 R8 10acd8 00 shared
A 042d16 W8 10acf0 ff shared
A 042d22 R32 101900 ffffffff work_low
A 042d3a R16 10acf6 036a shared
A 042d4a W32 10acf2 00000000 shared
A 042cba R16 108a64 adc0 shared
A 042cbe R32 10adc0 00009800 shared
A 042cc0 R16 10adca 034e shared
A 042cc4 W16 10adf6 034e shared
A 042d0a W32 10adf8 00009800 shared
A 042d10 R8 10add8 00 shared
A 042d16 W8 10adf0 ff shared
A 042d22 R32 101900 ffffffff work_low
A 042d3a R16 10adf6 034e shared
A 042d4a W32 10adf2 00000000 shared
A 042cba R16 108a66 ae00 shared
A 042cbe R32 10ae00 0000a000 shared
A 042cc0 R16 10ae0a 036a shared
A 042cc4 W16 10ae36 036a shared
A 042d0a W32 10ae38 0000a000 shared
A 042d10 R8 10ae18 00 shared
A 042d16 W8 10ae30 ff shared
A 042d22 R32 101900 ffffffff work_low
A 042d3a R16 10ae36 036a shared
A 042d4a W32 10ae32 00000000 shared
A 042cba R16 108a68 af00 shared
A 042cbe R32 10af00 0000a000 shared
A 042cc0 R16 10af0a 034e shared
A 042cc4 W16 10af36 034e shared
A 042d0a W32 10af38 0000a000 shared
A 042d10 R8 10af18 00 shared
A 042d16 W8 10af30 ff shared
A 042d22 R32 101900 ffffffff work_low
A 042d3a R16 10af36 034e shared
A 042d4a W32 10af32 00000000 shared
A 042cba R16 108a6a ae40 shared
A 042cbe R32 10ae40 0000a800 shared
A 042cc0 R16 10ae4a 036a shared
A 042cc4 W16 10ae76 036a shared
A 042d0a W32 10ae78 0000a800 shared
A 042d10 R8 10ae58 00 shared
A 042d16 W8 10ae70 ff shared
A 042d22 R32 101900 ffffffff work_low
A 042d3a R16 10ae76 036a shared
A 042d4a W32 10ae72 00000000 shared
A 042cba R16 108a6c af40 shared
A 042cbe R32 10af40 0000a800 shared
A 042cc0 R16 10af4a 034e shared
A 042cc4 W16 10af76 034e shared
A 042d0a W32 10af78 0000a800 shared
A 042d10 R8 10af58 00 shared
A 042d16 W8 10af70 ff shared
A 042d22 R32 101900 ffffffff work_low
A 042d3a R16 10af76 034e shared
A 042d4a W32 10af72 00000000 shared
A 042cba R16 108a6e ae80 shared
A 042cbe R32 10ae80 0000b000 shared
A 042cc0 R16 10ae8a 036a shared
A 042cc4 W16 10aeb6 036a shared
A 042d0a W32 10aeb8 0000b000 shared
A 042d10 R8 10ae98 00 shared
A 042d16 W8 10aeb0 ff shared
A 042d22 R32 101900 ffffffff work_low
A 042d3a R16 10aeb6 036a shared
A 042d4a W32 10aeb2 00000000 shared
A 042cba R16 108a70 af80 shared
A 042cbe R32 10af80 0000b000 shared
A 042cc0 R16 10af8a 034e shared
A 042cc4 W16 10afb6 034e shared
A 042d0a W32 10afb8 0000b000 shared
A 042d10 R8 10af98 00 shared
A 042d16 W8 10afb0 ff shared
A 042d22 R32 101900 ffffffff work_low
A 042d3a R16 10afb6 034e shared
A 042d4a W32 10afb2 00000000 shared
A 042cba R16 108a72 aec0 shared
A 042cbe R32 10aec0 0000b800 shared
A 042cc0 R16 10aeca 036a shared
A 042cc4 W16 10aef6 036a shared
A 042d0a W32 10aef8 0000b800 shared
A 042d10 R8 10aed8 00 shared
A 042d16 W8 10aef0 ff shared
A 042d22 R32 101900 ffffffff work_low
A 042d3a R16 10aef6 036a shared
A 042d4a W32 10aef2 00000000 shared
A 042cba R16 108a74 afc0 shared
A 042cbe R32 10afc0 0000b800 shared
A 042cc0 R16 10afca 034e shared
A 042cc4 W16 10aff6 034e shared
A 042d0a W32 10aff8 0000b800 shared
A 042d10 R8 10afd8 00 shared
A 042d16 W8 10aff0 ff shared
A 042d22 R32 101900 ffffffff work_low
A 042d3a R16 10aff6 034e shared
A 042d4a W32 10aff2 00000000 shared
A 042cba R16 108a76 a080 shared
A 042cbe R32 10a080 00040083 shared
A 042cc0 R16 10a08a 014a shared
A 042cc4 W16 10a0b6 014a shared
A 042d0a W32 10a0b8 00040083 shared
A 042d10 R8 10a098 01 shared
A 042d16 W8 10a0b0 ff shared
A 042d22 R32 101900 ffffffff work_low
A 042d3a R16 10a0b6 014a shared
A 042d4a W32 10a0b2 00000000 shared
A 042cba R16 108a78 a100 shared
A 042cbe R32 10a100 ffffffff shared
A 042cc0 R16 10a10a 00ca shared
A 042cc4 W16 10a136 00ca shared
A 042d0a W32 10a138 ffffffff shared
A 042d10 R8 10a118 00 shared
A 042d16 W8 10a130 ff shared
A 042d22 R32 101900 ffffffff work_low
A 042d3a R16 10a136 00ca shared
A 042d4a W32 10a132 00000000 shared
A 042cba R16 108a7a a200 shared
A 042cbe R32 10a200 ffffffff shared
A 042cc0 R16 10a20a 0000 shared
A 042cc4 W16 10a236 0000 shared
A 042d0a W32 10a238 ffffffff shared
A 042d10 R8 10a218 00 shared
A 042d16 W8 10a230 ff shared
A 042d22 R32 101900 ffffffff work_low
A 042d3a R16 10a236 0000 shared
A 042d4a W32 10a232 00000000 shared
A 042cba R16 108a7c a240 shared
A 042cbe R32 10a240 ffffffff shared
A 042cc0 R16 10a24a 0000 shared
A 042cc4 W16 10a276 0000 shared
A 042d0a W32 10a278 ffffffff shared
A 042d10 R8 10a258 00 shared
A 042d16 W8 10a270 ff shared
A 042d22 R32 101900 ffffffff work_low
A 042d3a R16 10a276 0000 shared
A 042d4a W32 10a272 00000000 shared
A 042cba R16 108a7e b000 shared
A 042cbe R32 10b000 ffffffff shared
A 042cc0 R16 10b00a 0000 shared
A 042cc4 W16 10b036 0000 shared
A 042d0a W32 10b038 ffffffff shared
A 042d10 R8 10b018 00 shared
A 042d16 W8 10b030 ff shared
A 042d22 R32 101900 ffffffff work_low
A 042d3a R16 10b036 0000 shared
A 042d4a W32 10b032 00000000 shared
A 042cba R16 108a80 b040 shared
A 042cbe R32 10b040 ffffffff shared
A 042cc0 R16 10b04a 0000 shared
A 042cc4 W16 10b076 0000 shared
B 004244 R16 100b8e 0000 sub_work
B 00424e R16 100abe 0000 sub_work
B 004446 R32 101a5e 00800ff8 sub_work
B 004450 R16 1016b4 813a sub_work
B 004450 W16 800f60 813a road
B 004454 R16 1015e4 80d1 sub_work
B 004454 W16 800f62 80d1 road
B 004456 R16 10127e 03e4 sub_work
B 004460 W16 800f64 8be4 road
B 004462 R16 101420 0141 sub_work
B 004462 W16 800f66 0141 road
B 004244 R16 100b90 0000 sub_work
B 00424e R16 100ac0 0000 sub_work
B 004446 R32 101a5e 00800ff8 sub_work
B 004450 R16 1016b6 813e sub_work
B 004450 W16 800f68 813e road
B 004454 R16 1015e6 80d4 sub_work
B 004454 W16 800f6a 80d4 road
B 004456 R16 101280 03e6 sub_work
B 004460 W16 800f6c 8be6 road
B 004462 R16 101422 0145 sub_work
B 004462 W16 800f6e 0145 road
B 004244 R16 100b92 0000 sub_work
B 00424e R16 100ac2 0000 sub_work
B 004446 R32 101a5e 00800ff8 sub_work
B 004450 R16 1016b8 8142 sub_work
B 004450 W16 800f70 8142 road
B 004454 R16 1015e8 80d7 sub_work
B 004454 W16 800f72 80d7 road
B 004456 R16 101282 03e8 sub_work
B 004460 W16 800f74 8be8 road
B 004462 R16 101424 0149 sub_work
B 004462 W16 800f76 0149 road
B 004244 R16 100b94 0000 sub_work
B 00424e R16 100ac4 0000 sub_work
B 004446 R32 101a5e 00800ff8 sub_work
B 004450 R16 1016ba 8146 sub_work
B 004450 W16 800f78 8146 road
B 004454 R16 1015ea 80d9 sub_work
B 004454 W16 800f7a 80d9 road
B 004456 R16 101284 03ea sub_work
B 004460 W16 800f7c 8bea road
B 004462 R16 101426 014d sub_work
B 004462 W16 800f7e 014d road
B 004244 R16 100b96 0000 sub_work
B 00424e R16 100ac6 0000 sub_work
B 004446 R32 101a5e 00800ff8 sub_work
B 004450 R16 1016bc 814a sub_work
B 004450 W16 800f80 814a road
B 004454 R16 1015ec 80dc sub_work
B 004454 W16 800f82 80dc road
B 004456 R16 101286 03ec sub_work
B 004460 W16 800f84 8bec road
B 004462 R16 101428 0150 sub_work
B 004462 W16 800f86 0150 road
B 004244 R16 100b98 0000 sub_work
B 00424e R16 100ac8 0000 sub_work
B 004446 R32 101a5e 00800ff8 sub_work
B 004450 R16 1016be 814e sub_work
B 004450 W16 800f88 814e road
B 004454 R16 1015ee 80de sub_work
B 004454 W16 800f8a 80de road
B 004456 R16 101288 03ee sub_work
B 004460 W16 800f8c 8bee road
B 004462 R16 10142a 0154 sub_work
B 004462 W16 800f8e 0154 road
B 004244 R16 100b9a 0000 sub_work
B 00424e R16 100aca 0000 sub_work
B 004446 R32 101a5e 00800ff8 sub_work
B 004450 R16 1016c0 8151 sub_work
B 004450 W16 800f90 8151 road
B 004454 R16 1015f0 80e1 sub_work
B 004454 W16 800f92 80e1 road
B 004456 R16 10128a 03f0 sub_work
B 004460 W16 800f94 8bf0 road
B 004462 R16 10142c 0158 sub_work
B 004462 W16 800f96 0158 road
B 004244 R16 100b9c 0000 sub_work
B 00424e R16 100acc 0000 sub_work
B 004446 R32 101a5e 00800ff8 sub_work
B 004450 R16 1016c2 8155 sub_work
B 004450 W16 800f98 8155 road
B 004454 R16 1015f2 80e4 sub_work
B 004454 W16 800f9a 80e4 road
B 004456 R16 10128c 03f2 sub_work
B 004460 W16 800f9c 8bf2 road
B 004462 R16 10142e 015c sub_work
B 004462 W16 800f9e 015c road
B 004244 R16 100b9e 0000 sub_work
B 00424e R16 100ace 0000 sub_work
B 004446 R32 101a5e 00800ff8 sub_work
B 004450 R16 1016c4 8159 sub_work
B 004450 W16 800fa0 8159 road
B 004454 R16 1015f4 80e6 sub_work
B 004454 W16 800fa2 80e6 road
B 004456 R16 10128e 03f4 sub_work
B 004460 W16 800fa4 8bf4 road
B 004462 R16 101430 0160 sub_work
B 004462 W16 800fa6 0160 road
B 004244 R16 100ba0 0000 sub_work
B 00424e R16 100ad0 0000 sub_work
B 004446 R32 101a5e 00800ff8 sub_work
B 004450 R16 1016c6 815d sub_work
B 004450 W16 800fa8 815d road
B 004454 R16 1015f6 80e9 sub_work
B 004454 W16 800faa 80e9 road
B 004456 R16 101290 03f5 sub_work
B 004460 W16 800fac 8bf5 road
B 004462 R16 101432 0164 sub_work
B 004462 W16 800fae 0164 road
B 004244 R16 100ba2 0000 sub_work
B 00424e R16 100ad2 0000 sub_work
B 004446 R32 101a5e 00800ff8 sub_work
B 004450 R16 1016c8 8161 sub_work
B 004450 W16 800fb0 8161 road
B 004454 R16 1015f8 80eb sub_work
B 004454 W16 800fb2 80eb road
B 004456 R16 101292 03f7 sub_work
B 004460 W16 800fb4 8bf7 road
B 004462 R16 101434 0168 sub_work
B 004462 W16 800fb6 0168 road
B 004244 R16 100ba4 0000 sub_work
B 00424e R16 100ad4 0000 sub_work
B 004446 R32 101a5e 00800ff8 sub_work
B 004450 R16 1016ca 8165 sub_work
B 004450 W16 800fb8 8165 road
B 004454 R16 1015fa 80ee sub_work
B 004454 W16 800fba 80ee road
B 004456 R16 101294 03f9 sub_work
B 004460 W16 800fbc 8bf9 road
B 004462 R16 101436 016c sub_work
B 004462 W16 800fbe 016c road
B 004244 R16 100ba6 0000 sub_work
B 00424e R16 100ad6 0000 sub_work
B 004446 R32 101a5e 00800ff8 sub_work
B 004450 R16 1016cc 8169 sub_work
B 004450 W16 800fc0 8169 road
B 004454 R16 1015fc 80f0 sub_work
B 004454 W16 800fc2 80f0 road
B 004456 R16 101296 03fb sub_work
B 004460 W16 800fc4 8bfb road
B 004462 R16 101438 0170 sub_work
B 004462 W16 800fc6 0170 road
B 004244 R16 100ba8 0000 sub_work
B 00424e R16 100ad8 0000 sub_work
B 004446 R32 101a5e 00800ff8 sub_work
B 004450 R16 1016ce 816d sub_work
B 004450 W16 800fc8 816d road
B 004454 R16 1015fe 80f3 sub_work
B 004454 W16 800fca 80f3 road
B 004456 R16 101298 03fd sub_work
B 004460 W16 800fcc 8bfd road
B 004462 R16 10143a 0174 sub_work
B 004462 W16 800fce 0174 road
B 004244 R16 100baa 0000 sub_work
B 00424e R16 100ada 0000 sub_work
B 004446 R32 101a5e 00800ff8 sub_work
B 004450 R16 1016d0 8170 sub_work
B 004450 W16 800fd0 8170 road
B 004454 R16 101600 80f6 sub_work
B 004454 W16 800fd2 80f6 road
B 004456 R16 10129a 03ff sub_work
B 004460 W16 800fd4 8bff road
B 004462 R16 10143c 0178 sub_work
B 004462 W16 800fd6 0178 road
B 004244 R16 100bac 0000 sub_work
B 00424e R16 100adc 0000 sub_work
B 004446 R32 101a5e 00800ff8 sub_work
B 004450 R16 1016d2 8174 sub_work
B 004450 W16 800fd8 8174 road
B 004454 R16 101602 80f8 sub_work
B 004454 W16 800fda 80f8 road
B 004456 R16 10129c 0401 sub_work
B 004460 W16 800fdc 8c01 road
B 004462 R16 10143e 017b sub_work
B 004462 W16 800fde 017b road
B 004244 R16 100bae 0000 sub_work
B 00424e R16 100ade 0000 sub_work
B 004446 R32 101a5e 00800ff8 sub_work
B 004450 R16 1016d4 8178 sub_work
B 004450 W16 800fe0 8178 road
B 004454 R16 101604 80fb sub_work
B 004454 W16 800fe2 80fb road
B 004456 R16 10129e 0403 sub_work
B 004460 W16 800fe4 8c03 road
B 004462 R16 101440 017f sub_work
B 004462 W16 800fe6 017f road
B 004244 R16 100bb0 0000 sub_work
B 00424e R16 100ae0 0000 sub_work
B 004446 R32 101a5e 00800ff8 sub_work
B 004450 R16 1016d6 817c sub_work
B 004450 W16 800fe8 817c road
B 004454 R16 101606 80fd sub_work
B 004454 W16 800fea 80fd road
B 004456 R16 1012a0 0405 sub_work
B 004460 W16 800fec 8c05 road
B 004462 R16 101442 0183 sub_work
B 004462 W16 800fee 0183 road
B 004244 R16 100bb2 0000 sub_work
B 00424e R16 100ae2 0000 sub_work
B 004446 R32 101a5e 00800ff8 sub_work
B 004450 R16 1016d8 8180 sub_work
B 004450 W16 800ff0 8180 road
B 004454 R16 101608 8100 sub_work
B 004454 W16 800ff2 8100 road
B 004456 R16 1012a2 0407 sub_work
B 004460 W16 800ff4 8c07 road
B 004462 R16 101444 0187 sub_work
B 004462 W16 800ff6 0187 road
B 004244 R16 100bb4 0000 sub_work
B 00424e R16 100ae4 0000 sub_work
B 004446 R32 101a5e 00800ff8 sub_work
B 004244 R16 100bb6 0000 sub_work
B 00424e R16 100ae6 0000 sub_work
B 004446 R32 101a5e 00800ff8 sub_work
B 004244 R16 100bb8 0000 sub_work
B 00424e R16 100ae8 0000 sub_work
B 004446 R32 101a5e 00800ff8 sub_work
B 004244 R16 100bba 0000 sub_work
B 00424e R16 100aea 0000 sub_work
B 004446 R32 101a5e 00800ff8 sub_work
B 004244 R16 100bbc 0000 sub_work
B 00424e R16 100aec 0000 sub_work
B 004446 R32 101a5e 00800ff8 sub_work
B 004244 R16 100bbe 0000 sub_work
B 00424e R16 100aee 0000 sub_work
B 004446 R32 101a5e 00800ff8 sub_work
B 004244 R16 100bc0 0000 sub_work
B 00424e R16 100af0 0000 sub_work
B 004446 R32 101a5e 00800ff8 sub_work
B 00447c W32 1007f0 00004480 sub_work
B 00495a R32 102c98 00108020 sub_work
B 004960 W16 108020 009e shared
B 004972 R16 1021c0 009e sub_work
B 004974 W16 1021c0 009e sub_work
B 004992 R32 1007f0 00004480 sub_work
B 004480 R32 1007f4 000041bc sub_work
B 0041c2 R16 101a5c 0000 sub_work
B 0041c2 W16 101a5c 0001 sub_work
B 0041ca R16 102ba8 0000 sub_work
B 004214 R32 1007f8 00000812 sub_work
B 000812 R16 102cec 0000 sub_work
B 000812 W16 102cfc 0000 sub_work
B 00081c R16 102626 0000 sub_work
B 00081c W16 10801c 0000 shared
B 000826 R16 102ba4 0000 sub_work
B 000826 W16 108086 0000 shared
B 000830 R16 102ba6 0000 sub_work
B 000830 W16 108088 0000 shared
B 00083a R16 102c9c 0000 sub_work
B 00083a W16 108090 0000 shared
B 000852 W16 10803e 0000 shared
B 000858 R16 102ba8 0000 sub_work
B 000858 W16 10800e 0000 shared
B 000862 R16 10227a 0000 sub_work
B 000862 W16 108080 0000 shared
B 000870 R16 101a5c 0001 sub_work
B 00087a R16 102ba8 0000 sub_work
B 00088e W16 101a58 0500 sub_work
B 000894 W16 101a5a ffff sub_work
B 00089c R8 10080b 8c sub_work
B 0008a6 W32 1007f8 000008ac sub_work
B 004f70 W32 1007f4 00004f74 sub_work
B 004fc8 R16 108a00 a0c0 shared
B 004fcc R32 10a0f2 00000000 shared
B 004fd0 R16 108a02 a140 shared
B 004fd4 R32 10a172 00000000 shared
B 004fe2 R32 10a178 00000000 shared
B 004fe6 R32 10a0f8 00000000 shared
B 004fd0 R16 108a04 a180 shared
B 004fd4 R32 10a1b2 00000000 shared
B 004fe2 R32 10a1b8 00000000 shared
B 004fe6 R32 10a178 00000000 shared
B 004fd0 R16 108a06 a1c0 shared
B 004fd4 R32 10a1f2 00000000 shared
B 004fe2 R32 10a1f8 00000000 shared
B 004fe6 R32 10a1b8 00000000 shared
B 004fd0 R16 108a08 a280 shared
B 004fd4 R32 10a2b2 00000000 shared
B 004fe2 R32 10a2b8 00000000 shared
B 004fe6 R32 10a1f8 00000000 shared
B 004fd0 R16 108a0a a2c0 shared
B 004fd4 R32 10a2f2 00000000 shared
B 004fe2 R32 10a2f8 00000000 shared
B 004fe6 R32 10a2b8 00000000 shared
B 004fd0 R16 108a0c a300 shared
B 004fd4 R32 10a332 00000000 shared
B 004fe2 R32 10a338 00000000 shared
B 004fe6 R32 10a2f8 00000000 shared
B 004fd0 R16 108a0e a340 shared
B 004fd4 R32 10a372 00000000 shared
B 004fe2 R32 10a378 00000000 shared
B 004fe6 R32 10a338 00000000 shared
B 004fd0 R16 108a10 a380 shared
B 004fd4 R32 10a3b2 00000000 shared
B 004fe2 R32 10a3b8 00000000 shared
B 004fe6 R32 10a378 00000000 shared
B 004fd0 R16 108a12 a3c0 shared
B 004fd4 R32 10a3f2 00000000 shared
B 004fe2 R32 10a3f8 00000000 shared
B 004fe6 R32 10a3b8 00000000 shared
B 004fd0 R16 108a14 a400 shared
B 004fd4 R32 10a432 00000000 shared
B 004fe2 R32 10a438 00000000 shared
B 004fe6 R32 10a3f8 00000000 shared
B 004fd0 R16 108a16 a500 shared
B 004fd4 R32 10a532 00000000 shared
B 004fe2 R32 10a538 00000000 shared
B 004fe6 R32 10a438 00000000 shared
B 004fd0 R16 108a18 a040 shared
B 004fd4 R32 10a072 00000000 shared
B 004fe2 R32 10a078 00000080 shared
B 004fe6 R32 10a538 00000000 shared
B 004fd0 R16 108a1a a440 shared
B 004fd4 R32 10a472 00000000 shared
B 004fe2 R32 10a478 00000800 shared
B 004fe6 R32 10a078 00000080 shared
B 004fd0 R16 108a1c a540 shared
B 004fd4 R32 10a572 00000000 shared
B 004fe2 R32 10a578 00000800 shared
B 004fe6 R32 10a478 00000800 shared
B 004fd0 R16 108a1e a480 shared
B 004fd4 R32 10a4b2 00000000 shared
B 004fe2 R32 10a4b8 00001000 shared
B 004fe6 R32 10a578 00000800 shared
B 004fd0 R16 108a20 a580 shared
B 004fd4 R32 10a5b2 00000000 shared
B 004fe2 R32 10a5b8 00001000 shared
B 004fe6 R32 10a4b8 00001000 shared
B 004fd0 R16 108a22 a4c0 shared
B 004fd4 R32 10a4f2 00000000 shared
B 004fe2 R32 10a4f8 00001800 shared
B 004fe6 R32 10a5b8 00001000 shared
B 004fd0 R16 108a24 a5c0 shared
B 004fd4 R32 10a5f2 00000000 shared
B 004fe2 R32 10a5f8 00001800 shared
B 004fe6 R32 10a4f8 00001800 shared
B 004fd0 R16 108a26 a600 shared
B 004fd4 R32 10a632 00000000 shared
B 004fe2 R32 10a638 00002000 shared
B 004fe6 R32 10a5f8 00001800 shared
B 004fd0 R16 108a28 a700 shared
B 004fd4 R32 10a732 00000000 shared
B 004fe2 R32 10a738 00002000 shared
B 004fe6 R32 10a638 00002000 shared
B 004fd0 R16 108a2a a640 shared
B 004fd4 R32 10a672 00000000 shared
B 004fe2 R32 10a678 00002800 shared
B 004fe6 R32 10a738 00002000 shared
B 004fd0 R16 108a2c a740 shared
B 004fd4 R32 10a772 00000000 shared
B 004fe2 R32 10a778 00002800 shared
B 004fe6 R32 10a678 00002800 shared
B 004fd0 R16 108a2e a680 shared
B 004fd4 R32 10a6b2 00000000 shared
B 004fe2 R32 10a6b8 00003000 shared
B 004fe6 R32 10a778 00002800 shared
B 004fd0 R16 108a30 a780 shared
B 004fd4 R32 10a7b2 00000000 shared
B 004fe2 R32 10a7b8 00003000 shared
B 004fe6 R32 10a6b8 00003000 shared
B 004fd0 R16 108a32 a6c0 shared
B 004fd4 R32 10a6f2 00000000 shared
B 004fe2 R32 10a6f8 00003800 shared
B 004fe6 R32 10a7b8 00003000 shared
B 004fd0 R16 108a34 a7c0 shared
B 004fd4 R32 10a7f2 00000000 shared
B 004fe2 R32 10a7f8 00003800 shared
B 004fe6 R32 10a6f8 00003800 shared
B 004fd0 R16 108a36 a800 shared
B 004fd4 R32 10a832 00000000 shared
B 004fe2 R32 10a838 00004000 shared
B 004fe6 R32 10a7f8 00003800 shared
B 004fd0 R16 108a38 a900 shared
B 004fd4 R32 10a932 00000000 shared
B 004fe2 R32 10a938 00004000 shared
B 004fe6 R32 10a838 00004000 shared
B 004fd0 R16 108a3a a840 shared
B 004fd4 R32 10a872 00000000 shared
B 004fe2 R32 10a878 00004800 shared
B 004fe6 R32 10a938 00004000 shared
B 004fd0 R16 108a3c a940 shared
B 004fd4 R32 10a972 00000000 shared
B 004fe2 R32 10a978 00004800 shared
B 004fe6 R32 10a878 00004800 shared
B 004fd0 R16 108a3e a880 shared
B 004fd4 R32 10a8b2 00000000 shared
B 004fe2 R32 10a8b8 00005000 shared
B 004fe6 R32 10a978 00004800 shared
B 004fd0 R16 108a40 a980 shared
B 004fd4 R32 10a9b2 00000000 shared
B 004fe2 R32 10a9b8 00005000 shared
B 004fe6 R32 10a8b8 00005000 shared
B 004fd0 R16 108a42 a8c0 shared
B 004fd4 R32 10a8f2 00000000 shared
B 004fe2 R32 10a8f8 00005800 shared
B 004fe6 R32 10a9b8 00005000 shared
B 004fd0 R16 108a44 a9c0 shared
B 004fd4 R32 10a9f2 00000000 shared
B 004fe2 R32 10a9f8 00005800 shared
B 004fe6 R32 10a8f8 00005800 shared
B 004fd0 R16 108a46 aa00 shared
B 004fd4 R32 10aa32 00000000 shared
B 004fe2 R32 10aa38 00006000 shared
B 004fe6 R32 10a9f8 00005800 shared
B 004fd0 R16 108a48 ab00 shared
B 004fd4 R32 10ab32 00000000 shared
B 004fe2 R32 10ab38 00006000 shared
B 004fe6 R32 10aa38 00006000 shared
B 004fd0 R16 108a4a aa40 shared
B 004fd4 R32 10aa72 00000000 shared
B 004fe2 R32 10aa78 00006800 shared
B 004fe6 R32 10ab38 00006000 shared
B 004fd0 R16 108a4c ab40 shared
B 004fd4 R32 10ab72 00000000 shared
B 004fe2 R32 10ab78 00006800 shared
B 004fe6 R32 10aa78 00006800 shared
B 004fd0 R16 108a4e aa80 shared
B 004fd4 R32 10aab2 00000000 shared
B 004fe2 R32 10aab8 00007000 shared
B 004fe6 R32 10ab78 00006800 shared
B 004fd0 R16 108a50 ab80 shared
B 004fd4 R32 10abb2 00000000 shared
B 004fe2 R32 10abb8 00007000 shared
B 004fe6 R32 10aab8 00007000 shared
B 004fd0 R16 108a52 aac0 shared
B 004fd4 R32 10aaf2 00000000 shared
B 004fe2 R32 10aaf8 00007800 shared
B 004fe6 R32 10abb8 00007000 shared
B 004fd0 R16 108a54 abc0 shared
B 004fd4 R32 10abf2 00000000 shared
B 004fe2 R32 10abf8 00007800 shared
B 004fe6 R32 10aaf8 00007800 shared
B 004fd0 R16 108a56 ac00 shared
B 004fd4 R32 10ac32 00000000 shared
B 004fe2 R32 10ac38 00008000 shared
B 004fe6 R32 10abf8 00007800 shared
B 004fd0 R16 108a58 ad00 shared
B 004fd4 R32 10ad32 00000000 shared
B 004fe2 R32 10ad38 00008000 shared
B 004fe6 R32 10ac38 00008000 shared
B 004fd0 R16 108a5a ac40 shared
B 004fd4 R32 10ac72 00000000 shared
B 004fe2 R32 10ac78 00008800 shared
B 004fe6 R32 10ad38 00008000 shared
B 004fd0 R16 108a5c ad40 shared
B 004fd4 R32 10ad72 00000000 shared
B 004fe2 R32 10ad78 00008800 shared
B 004fe6 R32 10ac78 00008800 shared
B 004fd0 R16 108a5e ac80 shared
B 004fd4 R32 10acb2 00000000 shared
B 004fe2 R32 10acb8 00009000 shared
B 004fe6 R32 10ad78 00008800 shared
B 004fd0 R16 108a60 ad80 shared
B 004fd4 R32 10adb2 00000000 shared
B 004fe2 R32 10adb8 00009000 shared
B 004fe6 R32 10acb8 00009000 shared
B 004fd0 R16 108a62 acc0 shared
B 004fd4 R32 10acf2 00000000 shared
B 004fe2 R32 10acf8 00009800 shared
B 004fe6 R32 10adb8 00009000 shared
B 004fd0 R16 108a64 adc0 shared
B 004fd4 R32 10adf2 00000000 shared
B 004fe2 R32 10adf8 00009800 shared
B 004fe6 R32 10acf8 00009800 shared
B 004fd0 R16 108a66 ae00 shared
B 004fd4 R32 10ae32 00000000 shared
B 004fe2 R32 10ae38 0000a000 shared
B 004fe6 R32 10adf8 00009800 shared
B 004fd0 R16 108a68 af00 shared
B 004fd4 R32 10af32 00000000 shared
B 004fe2 R32 10af38 0000a000 shared
B 004fe6 R32 10ae38 0000a000 shared
B 004fd0 R16 108a6a ae40 shared
B 004fd4 R32 10ae72 00000000 shared
B 004fe2 R32 10ae78 0000a800 shared
B 004fe6 R32 10af38 0000a000 shared
B 004fd0 R16 108a6c af40 shared
B 004fd4 R32 10af72 00000000 shared
B 004fe2 R32 10af78 0000a800 shared
B 004fe6 R32 10ae78 0000a800 shared
B 004fd0 R16 108a6e ae80 shared
B 004fd4 R32 10aeb2 00000000 shared
B 004fe2 R32 10aeb8 0000b000 shared
B 004fe6 R32 10af78 0000a800 shared
B 004fd0 R16 108a70 af80 shared
B 004fd4 R32 10afb2 00000000 shared
B 004fe2 R32 10afb8 0000b000 shared
B 004fe6 R32 10aeb8 0000b000 shared
B 004fd0 R16 108a72 aec0 shared
B 004fd4 R32 10aef2 00000000 shared
B 004fe2 R32 10aef8 0000b800 shared
B 004fe6 R32 10afb8 0000b000 shared
B 004fd0 R16 108a74 afc0 shared
B 004fd4 R32 10aff2 00000000 shared
A 042d0a W32 10b078 ffffffff shared
A 042d10 R8 10b058 00 shared
A 042d16 W8 10b070 ff shared
A 042d22 R32 101900 ffffffff work_low
A 042d3a R16 10b076 0000 shared
A 042d4a W32 10b072 00000000 shared
A 042cba R16 108a82 b080 shared
A 042cbe R32 10b080 ffffffff shared
A 042cc0 R16 10b08a 0000 shared
A 042cc4 W16 10b0b6 0000 shared
A 042d0a W32 10b0b8 ffffffff shared
A 042d10 R8 10b098 00 shared
A 042d16 W8 10b0b0 ff shared
A 042d22 R32 101900 ffffffff work_low
A 042d3a R16 10b0b6 0000 shared
A 042d4a W32 10b0b2 00000000 shared
A 042cba R16 108a84 b0c0 shared
A 042cbe R32 10b0c0 ffffffff shared
A 042cc0 R16 10b0ca 0000 shared
A 042cc4 W16 10b0f6 0000 shared
A 042d0a W32 10b0f8 ffffffff shared
A 042d10 R8 10b0d8 00 shared
A 042d16 W8 10b0f0 ff shared
A 042d22 R32 101900 ffffffff work_low
A 042d3a R16 10b0f6 0000 shared
A 042d4a W32 10b0f2 00000000 shared
A 042cba R16 108a86 b100 shared
A 042cbe R32 10b100 ffffffff shared
A 042cc0 R16 10b10a 0000 shared
A 042cc4 W16 10b136 0000 shared
A 042d0a W32 10b138 ffffffff shared
A 042d10 R8 10b118 00 shared
A 042d16 W8 10b130 ff shared
A 042d22 R32 101900 ffffffff work_low
A 042d3a R16 10b136 0000 shared
A 042d4a W32 10b132 00000000 shared
A 042cba R16 108a88 b140 shared
A 042cbe R32 10b140 ffffffff shared
A 042cc0 R16 10b14a 0000 shared
A 042cc4 W16 10b176 0000 shared
A 042d0a W32 10b178 ffffffff shared
A 042d10 R8 10b158 00 shared
A 042d16 W8 10b170 ff shared
A 042d22 R32 101900 ffffffff work_low
A 042d3a R16 10b176 0000 shared
A 042d4a W32 10b172 00000000 shared
A 042cba R16 108a8a b180 shared
A 042cbe R32 10b180 ffffffff shared
A 042cc0 R16 10b18a 0000 shared
A 042cc4 W16 10b1b6 0000 shared
A 042d0a W32 10b1b8 ffffffff shared
A 042d10 R8 10b198 00 shared
A 042d16 W8 10b1b0 ff shared
A 042d22 R32 101900 ffffffff work_low
A 042d3a R16 10b1b6 0000 shared
A 042d4a W32 10b1b2 00000000 shared
A 042cba R16 108a8c b1c0 shared
A 042cbe R32 10b1c0 ffffffff shared
A 042cc0 R16 10b1ca 0000 shared
A 042cc4 W16 10b1f6 0000 shared
A 042d0a W32 10b1f8 ffffffff shared
A 042d10 R8 10b1d8 00 shared
A 042d16 W8 10b1f0 ff shared
A 042d22 R32 101900 ffffffff work_low
A 042d3a R16 10b1f6 0000 shared
A 042d4a W32 10b1f2 00000000 shared
A 042cba R16 108a8e b200 shared
A 042cbe R32 10b200 ffffffff shared
A 042cc0 R16 10b20a 0000 shared
A 042cc4 W16 10b236 0000 shared
A 042d0a W32 10b238 ffffffff shared
A 042d10 R8 10b218 00 shared
A 042d16 W8 10b230 ff shared
A 042d22 R32 101900 ffffffff work_low
A 042d3a R16 10b236 0000 shared
A 042d4a W32 10b232 00000000 shared
A 042cba R16 108a90 b240 shared
A 042cbe R32 10b240 ffffffff shared
A 042cc0 R16 10b24a 0000 shared
A 042cc4 W16 10b276 0000 shared
A 042d0a W32 10b278 ffffffff shared
A 042d10 R8 10b258 00 shared
A 042d16 W8 10b270 ff shared
A 042d22 R32 101900 ffffffff work_low
A 042d3a R16 10b276 0000 shared
A 042d4a W32 10b272 00000000 shared
A 042cba R16 108a92 b280 shared
A 042cbe R32 10b280 ffffffff shared
A 042cc0 R16 10b28a 0000 shared
A 042cc4 W16 10b2b6 0000 shared
A 042d0a W32 10b2b8 ffffffff shared
A 042d10 R8 10b298 00 shared
A 042d16 W8 10b2b0 ff shared
A 042d22 R32 101900 ffffffff work_low
A 042d3a R16 10b2b6 0000 shared
A 042d4a W32 10b2b2 00000000 shared
A 042cba R16 108a94 b2c0 shared
A 042cbe R32 10b2c0 ffffffff shared
A 042cc0 R16 10b2ca 0000 shared
A 042cc4 W16 10b2f6 0000 shared
A 042d0a W32 10b2f8 ffffffff shared
A 042d10 R8 10b2d8 00 shared
A 042d16 W8 10b2f0 ff shared
A 042d22 R32 101900 ffffffff work_low
A 042d3a R16 10b2f6 0000 shared
A 042d4a W32 10b2f2 00000000 shared
A 042cba R16 108a96 b300 shared
A 042cbe R32 10b300 ffffffff shared
A 042cc0 R16 10b30a 0000 shared
A 042cc4 W16 10b336 0000 shared
A 042d0a W32 10b338 ffffffff shared
A 042d10 R8 10b318 00 shared
A 042d16 W8 10b330 ff shared
A 042d22 R32 101900 ffffffff work_low
A 042d3a R16 10b336 0000 shared
A 042d4a W32 10b332 00000000 shared
A 042cba R16 108a98 b340 shared
A 042cbe R32 10b340 ffffffff shared
A 042cc0 R16 10b34a 0000 shared
A 042cc4 W16 10b376 0000 shared
A 042d0a W32 10b378 ffffffff shared
A 042d10 R8 10b358 00 shared
A 042d16 W8 10b370 ff shared
A 042d22 R32 101900 ffffffff work_low
A 042d3a R16 10b376 0000 shared
A 042d4a W32 10b372 00000000 shared
A 042cba R16 108a9a b380 shared
A 042cbe R32 10b380 ffffffff shared
A 042cc0 R16 10b38a 0000 shared
A 042cc4 W16 10b3b6 0000 shared
A 042d0a W32 10b3b8 ffffffff shared
A 042d10 R8 10b398 00 shared
A 042d16 W8 10b3b0 ff shared
A 042d22 R32 101900 ffffffff work_low
A 042d3a R16 10b3b6 0000 shared
A 042d4a W32 10b3b2 00000000 shared
A 042cba R16 108a9c b3c0 shared
A 042cbe R32 10b3c0 ffffffff shared
A 042cc0 R16 10b3ca 0000 shared
A 042cc4 W16 10b3f6 0000 shared
A 042d0a W32 10b3f8 ffffffff shared
A 042d10 R8 10b3d8 00 shared
A 042d16 W8 10b3f0 ff shared
A 042d22 R32 101900 ffffffff work_low
A 042d3a R16 10b3f6 0000 shared
A 042d4a W32 10b3f2 00000000 shared
A 042cba R16 108a9e b400 shared
A 042cbe R32 10b400 ffffffff shared
A 042cc0 R16 10b40a 0000 shared
A 042cc4 W16 10b436 0000 shared
A 042d0a W32 10b438 ffffffff shared
A 042d10 R8 10b418 00 shared
A 042d16 W8 10b430 ff shared
A 042d22 R32 101900 ffffffff work_low
A 042d3a R16 10b436 0000 shared
A 042d4a W32 10b432 00000000 shared
A 042cba R16 108aa0 b440 shared
A 042cbe R32 10b440 ffffffff shared
A 042cc0 R16 10b44a 0000 shared
A 042cc4 W16 10b476 0000 shared
A 042d0a W32 10b478 ffffffff shared
A 042d10 R8 10b458 00 shared
A 042d16 W8 10b470 ff shared
A 042d22 R32 101900 ffffffff work_low
A 042d3a R16 10b476 0000 shared
A 042d4a W32 10b472 00000000 shared
A 042cba R16 108aa2 b480 shared
A 042cbe R32 10b480 ffffffff shared
A 042cc0 R16 10b48a 0000 shared
A 042cc4 W16 10b4b6 0000 shared
A 042d0a W32 10b4b8 ffffffff shared
A 042d10 R8 10b498 00 shared
A 042d16 W8 10b4b0 ff shared
A 042d22 R32 101900 ffffffff work_low
A 042d3a R16 10b4b6 0000 shared
A 042d4a W32 10b4b2 00000000 shared
A 042cba R16 108aa4 b4c0 shared
A 042cbe R32 10b4c0 ffffffff shared
A 042cc0 R16 10b4ca 0000 shared
A 042cc4 W16 10b4f6 0000 shared
A 042d0a W32 10b4f8 ffffffff shared
A 042d10 R8 10b4d8 00 shared
A 042d16 W8 10b4f0 ff shared
A 042d22 R32 101900 ffffffff work_low
A 042d3a R16 10b4f6 0000 shared
A 042d4a W32 10b4f2 00000000 shared
A 042cba R16 108aa6 b500 shared
A 042cbe R32 10b500 ffffffff shared
A 042cc0 R16 10b50a 0000 shared
A 042cc4 W16 10b536 0000 shared
A 042d0a W32 10b538 ffffffff shared
A 042d10 R8 10b518 00 shared
A 042d16 W8 10b530 ff shared
A 042d22 R32 101900 ffffffff work_low
A 042d3a R16 10b536 0000 shared
A 042d4a W32 10b532 00000000 shared
A 042cba R16 108aa8 b540 shared
A 042cbe R32 10b540 ffffffff shared
A 042cc0 R16 10b54a 0000 shared
A 042cc4 W16 10b576 0000 shared
A 042d0a W32 10b578 ffffffff shared
A 042d10 R8 10b558 00 shared
A 042d16 W8 10b570 ff shared
A 042d22 R32 101900 ffffffff work_low
A 042d3a R16 10b576 0000 shared
A 042d4a W32 10b572 00000000 shared
A 042cba R16 108aaa b580 shared
A 042cbe R32 10b580 ffffffff shared
A 042cc0 R16 10b58a 0000 shared
A 042cc4 W16 10b5b6 0000 shared
A 042d0a W32 10b5b8 ffffffff shared
A 042d10 R8 10b598 00 shared
A 042d16 W8 10b5b0 ff shared
A 042d22 R32 101900 ffffffff work_low
A 042d3a R16 10b5b6 0000 shared
A 042d4a W32 10b5b2 00000000 shared
A 042cba R16 108aac b5c0 shared
A 042cbe R32 10b5c0 ffffffff shared
A 042cc0 R16 10b5ca 0000 shared
A 042cc4 W16 10b5f6 0000 shared
A 042d0a W32 10b5f8 ffffffff shared
A 042d10 R8 10b5d8 00 shared
A 042d16 W8 10b5f0 ff shared
A 042d22 R32 101900 ffffffff work_low
A 042d3a R16 10b5f6 0000 shared
A 042d4a W32 10b5f2 00000000 shared
A 042cba R16 108aae b600 shared
A 042cbe R32 10b600 ffffffff shared
A 042cc0 R16 10b60a 0000 shared
A 042cc4 W16 10b636 0000 shared
A 042d0a W32 10b638 ffffffff shared
A 042d10 R8 10b618 00 shared
A 042d16 W8 10b630 ff shared
A 042d22 R32 101900 ffffffff work_low
A 042d3a R16 10b636 0000 shared
A 042d4a W32 10b632 00000000 shared
A 042cba R16 108ab0 b640 shared
A 042cbe R32 10b640 ffffffff shared
A 042cc0 R16 10b64a 0000 shared
A 042cc4 W16 10b676 0000 shared
A 042d0a W32 10b678 ffffffff shared
A 042d10 R8 10b658 00 shared
A 042d16 W8 10b670 ff shared
A 042d22 R32 101900 ffffffff work_low
A 042d3a R16 10b676 0000 shared
A 042d4a W32 10b672 00000000 shared
A 042cba R16 108ab2 b680 shared
A 042cbe R32 10b680 ffffffff shared
A 042cc0 R16 10b68a 0000 shared
A 042cc4 W16 10b6b6 0000 shared
A 042d0a W32 10b6b8 ffffffff shared
A 042d10 R8 10b698 00 shared
A 042d16 W8 10b6b0 ff shared
A 042d22 R32 101900 ffffffff work_low
A 042d3a R16 10b6b6 0000 shared
A 042d4a W32 10b6b2 00000000 shared
A 042cba R16 108ab4 b6c0 shared
A 042cbe R32 10b6c0 ffffffff shared
A 042cc0 R16 10b6ca 0000 shared
A 042cc4 W16 10b6f6 0000 shared
A 042d0a W32 10b6f8 ffffffff shared
A 042d10 R8 10b6d8 00 shared
A 042d16 W8 10b6f0 ff shared
A 042d22 R32 101900 ffffffff work_low
A 042d3a R16 10b6f6 0000 shared
A 042d4a W32 10b6f2 00000000 shared
A 042cba R16 108ab6 b700 shared
A 042cbe R32 10b700 ffffffff shared
A 042cc0 R16 10b70a 0000 shared
A 042cc4 W16 10b736 0000 shared
A 042d0a W32 10b738 ffffffff shared
A 042d10 R8 10b718 00 shared
A 042d16 W8 10b730 ff shared
A 042d22 R32 101900 ffffffff work_low
A 042d3a R16 10b736 0000 shared
A 042d4a W32 10b732 00000000 shared
A 042cba R16 108ab8 b740 shared
A 042cbe R32 10b740 ffffffff shared
A 042cc0 R16 10b74a 0000 shared
A 042cc4 W16 10b776 0000 shared
A 042d0a W32 10b778 ffffffff shared
A 042d10 R8 10b758 00 shared
A 042d16 W8 10b770 ff shared
A 042d22 R32 101900 ffffffff work_low
A 042d3a R16 10b776 0000 shared
A 042d4a W32 10b772 00000000 shared
A 042cba R16 108aba b780 shared
A 042cbe R32 10b780 ffffffff shared
A 042cc0 R16 10b78a 0000 shared
A 042cc4 W16 10b7b6 0000 shared
A 042d0a W32 10b7b8 ffffffff shared
A 042d10 R8 10b798 00 shared
A 042d16 W8 10b7b0 ff shared
A 042d22 R32 101900 ffffffff work_low
A 042d3a R16 10b7b6 0000 shared
A 042d4a W32 10b7b2 00000000 shared
A 042cba R16 108abc b7c0 shared
A 042cbe R32 10b7c0 ffffffff shared
A 042cc0 R16 10b7ca 0000 shared
A 042cc4 W16 10b7f6 0000 shared
A 042d0a W32 10b7f8 ffffffff shared
A 042d10 R8 10b7d8 00 shared
A 042d16 W8 10b7f0 ff shared
A 042d22 R32 101900 ffffffff work_low
A 042d3a R16 10b7f6 0000 shared
A 042d4a W32 10b7f2 00000000 shared
A 042cba R16 108abe b800 shared
A 042cbe R32 10b800 ffffffff shared
A 042cc0 R16 10b80a 0000 shared
A 042cc4 W16 10b836 0000 shared
A 042d0a W32 10b838 ffffffff shared
A 042d10 R8 10b818 00 shared
A 042d16 W8 10b830 ff shared
A 042d22 R32 101900 ffffffff work_low
A 042d3a R16 10b836 0000 shared
A 042d4a W32 10b832 00000000 shared
A 042cba R16 108ac0 b840 shared
A 042cbe R32 10b840 ffffffff shared
A 042cc0 R16 10b84a 0000 shared
A 042cc4 W16 10b876 0000 shared
A 042d0a W32 10b878 ffffffff shared
A 042d10 R8 10b858 00 shared
A 042d16 W8 10b870 ff shared
A 042d22 R32 101900 ffffffff work_low
A 042d3a R16 10b876 0000 shared
A 042d4a W32 10b872 00000000 shared
A 042cba R16 108ac2 b880 shared
A 042cbe R32 10b880 ffffffff shared
A 042cc0 R16 10b88a 0000 shared
A 042cc4 W16 10b8b6 0000 shared
A 042d0a W32 10b8b8 ffffffff shared
A 042d10 R8 10b898 00 shared
A 042d16 W8 10b8b0 ff shared
A 042d22 R32 101900 ffffffff work_low
A 042d3a R16 10b8b6 0000 shared
A 042d4a W32 10b8b2 00000000 shared
A 042cba R16 108ac4 b8c0 shared
A 042cbe R32 10b8c0 ffffffff shared
A 042cc0 R16 10b8ca 0000 shared
A 042cc4 W16 10b8f6 0000 shared
A 042d0a W32 10b8f8 ffffffff shared
A 042d10 R8 10b8d8 00 shared
A 042d16 W8 10b8f0 ff shared
A 042d22 R32 101900 ffffffff work_low
A 042d3a R16 10b8f6 0000 shared
A 042d4a W32 10b8f2 00000000 shared
A 042cba R16 108ac6 b900 shared
A 042cbe R32 10b900 ffffffff shared
A 042cc0 R16 10b90a 0000 shared
A 042cc4 W16 10b936 0000 shared
A 042d0a W32 10b938 ffffffff shared
A 042d10 R8 10b918 00 shared
A 042d16 W8 10b930 ff shared
A 042d22 R32 101900 ffffffff work_low
A 042d3a R16 10b936 0000 shared
A 042d4a W32 10b932 00000000 shared
A 042cba R16 108ac8 b940 shared
A 042cbe R32 10b940 ffffffff shared
A 042cc0 R16 10b94a 0000 shared
A 042cc4 W16 10b976 0000 shared
A 042d0a W32 10b978 ffffffff shared
A 042d10 R8 10b958 00 shared
A 042d16 W8 10b970 ff shared
A 042d22 R32 101900 ffffffff work_low
A 042d3a R16 10b976 0000 shared
A 042d4a W32 10b972 00000000 shared
A 042cba R16 108aca b980 shared
A 042cbe R32 10b980 ffffffff shared
A 042cc0 R16 10b98a 0000 shared
A 042cc4 W16 10b9b6 0000 shared
A 042d0a W32 10b9b8 ffffffff shared
A 042d10 R8 10b998 00 shared
A 042d16 W8 10b9b0 ff shared
A 042d22 R32 101900 ffffffff work_low
A 042d3a R16 10b9b6 0000 shared
A 042d4a W32 10b9b2 00000000 shared
A 042cba R16 108acc b9c0 shared
A 042cbe R32 10b9c0 ffffffff shared
A 042cc0 R16 10b9ca 0000 shared
A 042cc4 W16 10b9f6 0000 shared
A 042d0a W32 10b9f8 ffffffff shared
A 042d10 R8 10b9d8 00 shared
A 042d16 W8 10b9f0 ff shared
A 042d22 R32 101900 ffffffff work_low
A 042d3a R16 10b9f6 0000 shared
A 042d4a W32 10b9f2 00000000 shared
A 042cba R16 108ace ba00 shared
A 042cbe R32 10ba00 ffffffff shared
A 042cc0 R16 10ba0a 0000 shared
A 042cc4 W16 10ba36 0000 shared
A 042d0a W32 10ba38 ffffffff shared
A 042d10 R8 10ba18 00 shared
A 042d16 W8 10ba30 ff shared
A 042d22 R32 101900 ffffffff work_low
A 042d3a R16 10ba36 0000 shared
A 042d4a W32 10ba32 00000000 shared
A 042cba R16 108ad0 ba40 shared
A 042cbe R32 10ba40 ffffffff shared
A 042cc0 R16 10ba4a 0000 shared
A 042cc4 W16 10ba76 0000 shared
A 042d0a W32 10ba78 ffffffff shared
A 042d10 R8 10ba58 00 shared
A 042d16 W8 10ba70 ff shared
A 042d22 R32 101900 ffffffff work_low
A 042d3a R16 10ba76 0000 shared
A 042d4a W32 10ba72 00000000 shared
A 042cba R16 108ad2 ba80 shared
A 042cbe R32 10ba80 ffffffff shared
A 042cc0 R16 10ba8a 0000 shared
A 042cc4 W16 10bab6 0000 shared
A 042d0a W32 10bab8 ffffffff shared
A 042d10 R8 10ba98 00 shared
A 042d16 W8 10bab0 ff shared
A 042d22 R32 101900 ffffffff work_low
A 042d3a R16 10bab6 0000 shared
A 042d4a W32 10bab2 00000000 shared
A 042cba R16 108ad4 bac0 shared
A 042cbe R32 10bac0 ffffffff shared
A 042cc0 R16 10baca 0000 shared
A 042cc4 W16 10baf6 0000 shared
A 042d0a W32 10baf8 ffffffff shared
A 042d10 R8 10bad8 00 shared
A 042d16 W8 10baf0 ff shared
A 042d22 R32 101900 ffffffff work_low
A 042d3a R16 10baf6 0000 shared
A 042d4a W32 10baf2 00000000 shared
A 042cba R16 108ad6 bb00 shared
A 042cbe R32 10bb00 ffffffff shared
A 042cc0 R16 10bb0a 0000 shared
A 042cc4 W16 10bb36 0000 shared
A 042d0a W32 10bb38 ffffffff shared
A 042d10 R8 10bb18 00 shared
A 042d16 W8 10bb30 ff shared
A 042d22 R32 101900 ffffffff work_low
A 042d3a R16 10bb36 0000 shared
A 042d4a W32 10bb32 00000000 shared
A 042cba R16 108ad8 bb40 shared
A 042cbe R32 10bb40 ffffffff shared
A 042cc0 R16 10bb4a 0000 shared
A 042cc4 W16 10bb76 0000 shared
A 042d0a W32 10bb78 ffffffff shared
A 042d10 R8 10bb58 00 shared
A 042d16 W8 10bb70 ff shared
A 042d22 R32 101900 ffffffff work_low
A 042d3a R16 10bb76 0000 shared
A 042d4a W32 10bb72 00000000 shared
A 042cba R16 108ada bb80 shared
A 042cbe R32 10bb80 ffffffff shared
A 042cc0 R16 10bb8a 0000 shared
A 042cc4 W16 10bbb6 0000 shared
A 042d0a W32 10bbb8 ffffffff shared
A 042d10 R8 10bb98 00 shared
A 042d16 W8 10bbb0 ff shared
A 042d22 R32 101900 ffffffff work_low
A 042d3a R16 10bbb6 0000 shared
A 042d4a W32 10bbb2 00000000 shared
A 042cba R16 108adc bbc0 shared
A 042cbe R32 10bbc0 ffffffff shared
A 042cc0 R16 10bbca 0000 shared
A 042cc4 W16 10bbf6 0000 shared
A 042d0a W32 10bbf8 ffffffff shared
A 042d10 R8 10bbd8 00 shared
A 042d16 W8 10bbf0 ff shared
A 042d22 R32 101900 ffffffff work_low
A 042d3a R16 10bbf6 0000 shared
A 042d4a W32 10bbf2 00000000 shared
A 042cba R16 108ade bc00 shared
A 042cbe R32 10bc00 ffffffff shared
A 042cc0 R16 10bc0a 0000 shared
A 042cc4 W16 10bc36 0000 shared
A 042d0a W32 10bc38 ffffffff shared
A 042d10 R8 10bc18 00 shared
A 042d16 W8 10bc30 ff shared
A 042d22 R32 101900 ffffffff work_low
A 042d3a R16 10bc36 0000 shared
A 042d4a W32 10bc32 00000000 shared
A 042cba R16 108ae0 bc40 shared
A 042cbe R32 10bc40 ffffffff shared
A 042cc0 R16 10bc4a 0000 shared
A 042cc4 W16 10bc76 0000 shared
A 042d0a W32 10bc78 ffffffff shared
A 042d10 R8 10bc58 00 shared
A 042d16 W8 10bc70 ff shared
A 042d22 R32 101900 ffffffff work_low
A 042d3a R16 10bc76 0000 shared
A 042d4a W32 10bc72 00000000 shared
A 042cba R16 108ae2 bc80 shared
A 042cbe R32 10bc80 ffffffff shared
A 042cc0 R16 10bc8a 0000 shared
A 042cc4 W16 10bcb6 0000 shared
A 042d0a W32 10bcb8 ffffffff shared
A 042d10 R8 10bc98 00 shared
A 042d16 W8 10bcb0 ff shared
A 042d22 R32 101900 ffffffff work_low
A 042d3a R16 10bcb6 0000 shared
A 042d4a W32 10bcb2 00000000 shared
A 042cba R16 108ae4 bcc0 shared
A 042cbe R32 10bcc0 ffffffff shared
A 042cc0 R16 10bcca 0000 shared
A 042cc4 W16 10bcf6 0000 shared
A 042d0a W32 10bcf8 ffffffff shared
A 042d10 R8 10bcd8 00 shared
A 042d16 W8 10bcf0 ff shared
A 042d22 R32 101900 ffffffff work_low
A 042d3a R16 10bcf6 0000 shared
A 042d4a W32 10bcf2 00000000 shared
A 042cba R16 108ae6 bd00 shared
A 042cbe R32 10bd00 ffffffff shared
A 042cc0 R16 10bd0a 0000 shared
A 042cc4 W16 10bd36 0000 shared
A 042d0a W32 10bd38 ffffffff shared
A 042d10 R8 10bd18 00 shared
A 042d16 W8 10bd30 ff shared
A 042d22 R32 101900 ffffffff work_low
A 042d3a R16 10bd36 0000 shared
A 042d4a W32 10bd32 00000000 shared
A 042cba R16 108ae8 bd40 shared
A 042cbe R32 10bd40 ffffffff shared
A 042cc0 R16 10bd4a 0000 shared
A 042cc4 W16 10bd76 0000 shared
A 042d0a W32 10bd78 ffffffff shared
A 042d10 R8 10bd58 00 shared
A 042d16 W8 10bd70 ff shared
A 042d22 R32 101900 ffffffff work_low
A 042d3a R16 10bd76 0000 shared
A 042d4a W32 10bd72 00000000 shared
A 042cba R16 108aea bd80 shared
A 042cbe R32 10bd80 ffffffff shared
A 042cc0 R16 10bd8a 0000 shared
A 042cc4 W16 10bdb6 0000 shared
A 042d0a W32 10bdb8 ffffffff shared
A 042d10 R8 10bd98 00 shared
A 042d16 W8 10bdb0 ff shared
A 042d22 R32 101900 ffffffff work_low
A 042d3a R16 10bdb6 0000 shared
A 042d4a W32 10bdb2 00000000 shared
A 042cba R16 108aec bdc0 shared
A 042cbe R32 10bdc0 ffffffff shared
A 042cc0 R16 10bdca 0000 shared
A 042cc4 W16 10bdf6 0000 shared
A 042d0a W32 10bdf8 ffffffff shared
A 042d10 R8 10bdd8 00 shared
A 042d16 W8 10bdf0 ff shared
A 042d22 R32 101900 ffffffff work_low
A 042d3a R16 10bdf6 0000 shared
A 042d4a W32 10bdf2 00000000 shared
A 042cba R16 108aee be00 shared
A 042cbe R32 10be00 ffffffff shared
A 042cc0 R16 10be0a 0600 shared
A 042cc4 W16 10be36 0600 shared
A 042d0a W32 10be38 ffffffff shared
A 042d10 R8 10be18 01 shared
A 042d16 W8 10be30 ff shared
A 042d22 R32 101900 ffffffff work_low
A 042d3a R16 10be36 0600 shared
A 042d40 R16 10be36 0600 shared
A 042d4a W32 10be32 ffffffff shared
A 042cba R16 108af0 be40 shared
A 042cbe R32 10be40 ffffffff shared
A 042cc0 R16 10be4a 0600 shared
A 042cc4 W16 10be76 0600 shared
A 042d0a W32 10be78 ffffffff shared
A 042d10 R8 10be58 01 shared
A 042d16 W8 10be70 ff shared
A 042d22 R32 101900 ffffffff work_low
A 042d3a R16 10be76 0600 shared
A 042d40 R16 10be76 0600 shared
A 042d4a W32 10be72 ffffffff shared
A 042cba R16 108af2 be80 shared
A 042cbe R32 10be80 ffffffff shared
A 042cc0 R16 10be8a 0600 shared
A 042cc4 W16 10beb6 0600 shared
A 042d0a W32 10beb8 ffffffff shared
A 042d10 R8 10be98 01 shared
A 042d16 W8 10beb0 ff shared
A 042d22 R32 101900 ffffffff work_low
A 042d3a R16 10beb6 0600 shared
A 042d40 R16 10beb6 0600 shared
A 042d4a W32 10beb2 ffffffff shared
A 042cba R16 108af4 bec0 shared
A 042cbe R32 10bec0 ffffffff shared
A 042cc0 R16 10beca 0600 shared
A 042cc4 W16 10bef6 0600 shared
A 042d0a W32 10bef8 ffffffff shared
A 042d10 R8 10bed8 01 shared
A 042d16 W8 10bef0 ff shared
A 042d22 R32 101900 ffffffff work_low
A 042d3a R16 10bef6 0600 shared
A 042d40 R16 10bef6 0600 shared
A 042d4a W32 10bef2 ffffffff shared
A 042cba R16 108af6 bf00 shared
A 042cbe R32 10bf00 ffffffff shared
A 042cc0 R16 10bf0a 0600 shared
A 042cc4 W16 10bf36 0600 shared
A 042d0a W32 10bf38 ffffffff shared
A 042d10 R8 10bf18 02 shared
A 042d16 W8 10bf30 00 shared
A 042d22 R32 101910 ffffffff work_low
B 004fe2 R32 10aff8 0000b800 shared
B 004fe6 R32 10aef8 0000b800 shared
B 004fd0 R16 108a76 a080 shared
B 004fd4 R32 10a0b2 00000000 shared
B 004fe2 R32 10a0b8 00040083 shared
B 004fe6 R32 10aff8 0000b800 shared
B 004fd0 R16 108a78 a100 shared
B 004fd4 R32 10a132 00000000 shared
B 004fe2 R32 10a138 ffffffff shared
B 004fe6 R32 10a0b8 00040083 shared
B 004fd0 R16 108a7a a200 shared
B 004fd4 R32 10a232 00000000 shared
B 004fe2 R32 10a238 ffffffff shared
B 004fe6 R32 10a138 ffffffff shared
B 004fd0 R16 108a7c a240 shared
B 004fd4 R32 10a272 00000000 shared
B 004fe2 R32 10a278 ffffffff shared
B 004fe6 R32 10a238 ffffffff shared
B 004fd0 R16 108a7e b000 shared
B 004fd4 R32 10b032 00000000 shared
B 004fe2 R32 10b038 ffffffff shared
B 004fe6 R32 10a278 ffffffff shared
B 004fd0 R16 108a80 b040 shared
B 004fd4 R32 10b072 00000000 shared
B 004fe2 R32 10b078 ffffffff shared
B 004fe6 R32 10b038 ffffffff shared
B 004fd0 R16 108a82 b080 shared
B 004fd4 R32 10b0b2 00000000 shared
B 004fe2 R32 10b0b8 ffffffff shared
B 004fe6 R32 10b078 ffffffff shared
B 004fd0 R16 108a84 b0c0 shared
B 004fd4 R32 10b0f2 00000000 shared
B 004fe2 R32 10b0f8 ffffffff shared
B 004fe6 R32 10b0b8 ffffffff shared
B 004fd0 R16 108a86 b100 shared
B 004fd4 R32 10b132 00000000 shared
B 004fe2 R32 10b138 ffffffff shared
B 004fe6 R32 10b0f8 ffffffff shared
B 004fd0 R16 108a88 b140 shared
B 004fd4 R32 10b172 00000000 shared
B 004fe2 R32 10b178 ffffffff shared
B 004fe6 R32 10b138 ffffffff shared
B 004fd0 R16 108a8a b180 shared
B 004fd4 R32 10b1b2 00000000 shared
B 004fe2 R32 10b1b8 ffffffff shared
B 004fe6 R32 10b178 ffffffff shared
B 004fd0 R16 108a8c b1c0 shared
B 004fd4 R32 10b1f2 00000000 shared
B 004fe2 R32 10b1f8 ffffffff shared
B 004fe6 R32 10b1b8 ffffffff shared
B 004fd0 R16 108a8e b200 shared
B 004fd4 R32 10b232 00000000 shared
B 004fe2 R32 10b238 ffffffff shared
B 004fe6 R32 10b1f8 ffffffff shared
B 004fd0 R16 108a90 b240 shared
B 004fd4 R32 10b272 00000000 shared
B 004fe2 R32 10b278 ffffffff shared
B 004fe6 R32 10b238 ffffffff shared
B 004fd0 R16 108a92 b280 shared
B 004fd4 R32 10b2b2 00000000 shared
B 004fe2 R32 10b2b8 ffffffff shared
B 004fe6 R32 10b278 ffffffff shared
B 004fd0 R16 108a94 b2c0 shared
B 004fd4 R32 10b2f2 00000000 shared
B 004fe2 R32 10b2f8 ffffffff shared
B 004fe6 R32 10b2b8 ffffffff shared
B 004fd0 R16 108a96 b300 shared
B 004fd4 R32 10b332 00000000 shared
B 004fe2 R32 10b338 ffffffff shared
B 004fe6 R32 10b2f8 ffffffff shared
B 004fd0 R16 108a98 b340 shared
B 004fd4 R32 10b372 00000000 shared
B 004fe2 R32 10b378 ffffffff shared
B 004fe6 R32 10b338 ffffffff shared
B 004fd0 R16 108a9a b380 shared
B 004fd4 R32 10b3b2 00000000 shared
B 004fe2 R32 10b3b8 ffffffff shared
B 004fe6 R32 10b378 ffffffff shared
B 004fd0 R16 108a9c b3c0 shared
B 004fd4 R32 10b3f2 00000000 shared
B 004fe2 R32 10b3f8 ffffffff shared
B 004fe6 R32 10b3b8 ffffffff shared
B 004fd0 R16 108a9e b400 shared
B 004fd4 R32 10b432 00000000 shared
B 004fe2 R32 10b438 ffffffff shared
B 004fe6 R32 10b3f8 ffffffff shared
B 004fd0 R16 108aa0 b440 shared
B 004fd4 R32 10b472 00000000 shared
B 004fe2 R32 10b478 ffffffff shared
B 004fe6 R32 10b438 ffffffff shared
B 004fd0 R16 108aa2 b480 shared
B 004fd4 R32 10b4b2 00000000 shared
B 004fe2 R32 10b4b8 ffffffff shared
B 004fe6 R32 10b478 ffffffff shared
B 004fd0 R16 108aa4 b4c0 shared
B 004fd4 R32 10b4f2 00000000 shared
B 004fe2 R32 10b4f8 ffffffff shared
B 004fe6 R32 10b4b8 ffffffff shared
B 004fd0 R16 108aa6 b500 shared
B 004fd4 R32 10b532 00000000 shared
B 004fe2 R32 10b538 ffffffff shared
B 004fe6 R32 10b4f8 ffffffff shared
B 004fd0 R16 108aa8 b540 shared
B 004fd4 R32 10b572 00000000 shared
B 004fe2 R32 10b578 ffffffff shared
B 004fe6 R32 10b538 ffffffff shared
B 004fd0 R16 108aaa b580 shared
B 004fd4 R32 10b5b2 00000000 shared
B 004fe2 R32 10b5b8 ffffffff shared
B 004fe6 R32 10b578 ffffffff shared
B 004fd0 R16 108aac b5c0 shared
B 004fd4 R32 10b5f2 00000000 shared
B 004fe2 R32 10b5f8 ffffffff shared
B 004fe6 R32 10b5b8 ffffffff shared
B 004fd0 R16 108aae b600 shared
B 004fd4 R32 10b632 00000000 shared
B 004fe2 R32 10b638 ffffffff shared
B 004fe6 R32 10b5f8 ffffffff shared
B 004fd0 R16 108ab0 b640 shared
B 004fd4 R32 10b672 00000000 shared
B 004fe2 R32 10b678 ffffffff shared
B 004fe6 R32 10b638 ffffffff shared
B 004fd0 R16 108ab2 b680 shared
B 004fd4 R32 10b6b2 00000000 shared
B 004fe2 R32 10b6b8 ffffffff shared
B 004fe6 R32 10b678 ffffffff shared
B 004fd0 R16 108ab4 b6c0 shared
B 004fd4 R32 10b6f2 00000000 shared
B 004fe2 R32 10b6f8 ffffffff shared
B 004fe6 R32 10b6b8 ffffffff shared
B 004fd0 R16 108ab6 b700 shared
B 004fd4 R32 10b732 00000000 shared
B 004fe2 R32 10b738 ffffffff shared
B 004fe6 R32 10b6f8 ffffffff shared
B 004fd0 R16 108ab8 b740 shared
B 004fd4 R32 10b772 00000000 shared
B 004fe2 R32 10b778 ffffffff shared
B 004fe6 R32 10b738 ffffffff shared
B 004fd0 R16 108aba b780 shared
B 004fd4 R32 10b7b2 00000000 shared
B 004fe2 R32 10b7b8 ffffffff shared
B 004fe6 R32 10b778 ffffffff shared
B 004fd0 R16 108abc b7c0 shared
B 004fd4 R32 10b7f2 00000000 shared
B 004fe2 R32 10b7f8 ffffffff shared
B 004fe6 R32 10b7b8 ffffffff shared
B 004fd0 R16 108abe b800 shared
B 004fd4 R32 10b832 00000000 shared
B 004fe2 R32 10b838 ffffffff shared
B 004fe6 R32 10b7f8 ffffffff shared
B 004fd0 R16 108ac0 b840 shared
B 004fd4 R32 10b872 00000000 shared
B 004fe2 R32 10b878 ffffffff shared
B 004fe6 R32 10b838 ffffffff shared
B 004fd0 R16 108ac2 b880 shared
B 004fd4 R32 10b8b2 00000000 shared
B 004fe2 R32 10b8b8 ffffffff shared
B 004fe6 R32 10b878 ffffffff shared
B 004fd0 R16 108ac4 b8c0 shared
B 004fd4 R32 10b8f2 00000000 shared
B 004fe2 R32 10b8f8 ffffffff shared
B 004fe6 R32 10b8b8 ffffffff shared
B 004fd0 R16 108ac6 b900 shared
B 004fd4 R32 10b932 00000000 shared
B 004fe2 R32 10b938 ffffffff shared
B 004fe6 R32 10b8f8 ffffffff shared
B 004fd0 R16 108ac8 b940 shared
B 004fd4 R32 10b972 00000000 shared
B 004fe2 R32 10b978 ffffffff shared
B 004fe6 R32 10b938 ffffffff shared
B 004fd0 R16 108aca b980 shared
B 004fd4 R32 10b9b2 00000000 shared
B 004fe2 R32 10b9b8 ffffffff shared
B 004fe6 R32 10b978 ffffffff shared
B 004fd0 R16 108acc b9c0 shared
B 004fd4 R32 10b9f2 00000000 shared
B 004fe2 R32 10b9f8 ffffffff shared
B 004fe6 R32 10b9b8 ffffffff shared
B 004fd0 R16 108ace ba00 shared
B 004fd4 R32 10ba32 00000000 shared
B 004fe2 R32 10ba38 ffffffff shared
B 004fe6 R32 10b9f8 ffffffff shared
B 004fd0 R16 108ad0 ba40 shared
B 004fd4 R32 10ba72 00000000 shared
B 004fe2 R32 10ba78 ffffffff shared
B 004fe6 R32 10ba38 ffffffff shared
B 004fd0 R16 108ad2 ba80 shared
B 004fd4 R32 10bab2 00000000 shared
B 004fe2 R32 10bab8 ffffffff shared
B 004fe6 R32 10ba78 ffffffff shared
B 004fd0 R16 108ad4 bac0 shared
B 004fd4 R32 10baf2 00000000 shared
B 004fe2 R32 10baf8 ffffffff shared
B 004fe6 R32 10bab8 ffffffff shared
B 004fd0 R16 108ad6 bb00 shared
B 004fd4 R32 10bb32 00000000 shared
B 004fe2 R32 10bb38 ffffffff shared
B 004fe6 R32 10baf8 ffffffff shared
B 004fd0 R16 108ad8 bb40 shared
B 004fd4 R32 10bb72 00000000 shared
B 004fe2 R32 10bb78 ffffffff shared
B 004fe6 R32 10bb38 ffffffff shared
B 004fd0 R16 108ada bb80 shared
B 004fd4 R32 10bbb2 00000000 shared
B 004fe2 R32 10bbb8 ffffffff shared
B 004fe6 R32 10bb78 ffffffff shared
B 004fd0 R16 108adc bbc0 shared
B 004fd4 R32 10bbf2 00000000 shared
B 004fe2 R32 10bbf8 ffffffff shared
B 004fe6 R32 10bbb8 ffffffff shared
B 004fd0 R16 108ade bc00 shared
B 004fd4 R32 10bc32 00000000 shared
B 004fe2 R32 10bc38 ffffffff shared
B 004fe6 R32 10bbf8 ffffffff shared
B 004fd0 R16 108ae0 bc40 shared
B 004fd4 R32 10bc72 00000000 shared
B 004fe2 R32 10bc78 ffffffff shared
B 004fe6 R32 10bc38 ffffffff shared
B 004fd0 R16 108ae2 bc80 shared
B 004fd4 R32 10bcb2 00000000 shared
B 004fe2 R32 10bcb8 ffffffff shared
B 004fe6 R32 10bc78 ffffffff shared
B 004fd0 R16 108ae4 bcc0 shared
B 004fd4 R32 10bcf2 00000000 shared
B 004fe2 R32 10bcf8 ffffffff shared
B 004fe6 R32 10bcb8 ffffffff shared
B 004fd0 R16 108ae6 bd00 shared
B 004fd4 R32 10bd32 00000000 shared
B 004fe2 R32 10bd38 ffffffff shared
B 004fe6 R32 10bcf8 ffffffff shared
B 004fd0 R16 108ae8 bd40 shared
B 004fd4 R32 10bd72 00000000 shared
B 004fe2 R32 10bd78 ffffffff shared
B 004fe6 R32 10bd38 ffffffff shared
B 004fd0 R16 108aea bd80 shared
B 004fd4 R32 10bdb2 00000000 shared
B 004fe2 R32 10bdb8 ffffffff shared
B 004fe6 R32 10bd78 ffffffff shared
B 004fd0 R16 108aec bdc0 shared
B 004fd4 R32 10bdf2 00000000 shared
B 004fe2 R32 10bdf8 ffffffff shared
B 004fe6 R32 10bdb8 ffffffff shared
B 004fd0 R16 108aee be00 shared
B 004fd4 R32 10be32 ffffffff shared
B 004fd0 R16 108af0 be40 shared
B 004fd4 R32 10be72 ffffffff shared
B 004fe2 R32 10be78 ffffffff shared
B 004fe6 R32 10be38 ffffffff shared
B 004fd0 R16 108af2 be80 shared
B 004fd4 R32 10beb2 ffffffff shared
B 004fe2 R32 10beb8 ffffffff shared
B 004fe6 R32 10be78 ffffffff shared
B 004fd0 R16 108af4 bec0 shared
B 004fd4 R32 10bef2 ffffffff shared
B 004fe2 R32 10bef8 ffffffff shared
B 004fe6 R32 10beb8 ffffffff shared
B 004fd0 R16 108af6 bf00 shared
B 004fd4 R32 10bf32 ffffffff shared
B 004fe2 R32 10bf38 ffffffff shared
B 004fe6 R32 10bef8 ffffffff shared
B 004fd0 R16 108af8 bf40 shared
B 004fd4 R32 10bf72 ffffffff shared
B 004fe2 R32 10bf78 ffffffff shared
B 004fe6 R32 10bf38 ffffffff shared
B 004fd0 R16 108afa bf80 shared
B 004fd4 R32 10bfb2 ffffffff shared
B 004fe2 R32 10bfb8 ffffffff shared
B 004fe6 R32 10bf78 ffffffff shared
B 004fd0 R16 108afc bfc0 shared
B 004fd4 R32 10bff2 ffffffff shared
B 004fe2 R32 10bff8 ffffffff shared
B 004fe6 R32 10bfb8 ffffffff shared
B 00501e R16 108afa bf80 shared
B 005022 R32 10bfb2 ffffffff shared
B 005030 R32 10bff8 ffffffff shared
B 005034 R32 10bfb8 ffffffff shared
B 00501e R16 108af8 bf40 shared
B 005022 R32 10bf72 ffffffff shared
B 005030 R32 10bfb8 ffffffff shared
B 005034 R32 10bf78 ffffffff shared
B 00501e R16 108af6 bf00 shared
B 005022 R32 10bf32 ffffffff shared
B 005030 R32 10bf78 ffffffff shared
B 005034 R32 10bf38 ffffffff shared
B 00501e R16 108af4 bec0 shared
B 005022 R32 10bef2 ffffffff shared
B 005030 R32 10bf38 ffffffff shared
B 005034 R32 10bef8 ffffffff shared
B 00501e R16 108af2 be80 shared
B 005022 R32 10beb2 ffffffff shared
B 005030 R32 10bef8 ffffffff shared
B 005034 R32 10beb8 ffffffff shared
B 00501e R16 108af0 be40 shared
B 005022 R32 10be72 ffffffff shared
B 005030 R32 10beb8 ffffffff shared
B 005034 R32 10be78 ffffffff shared
B 00501e R16 108aee be00 shared
B 005022 R32 10be32 ffffffff shared
B 005030 R32 10be78 ffffffff shared
B 005034 R32 10be38 ffffffff shared
B 00501e R16 108aec bdc0 shared
B 005022 R32 10bdf2 00000000 shared
B 00501e R16 108aea bd80 shared
B 005022 R32 10bdb2 00000000 shared
B 005030 R32 10bdf8 ffffffff shared
B 005034 R32 10bdb8 ffffffff shared
B 00501e R16 108ae8 bd40 shared
B 005022 R32 10bd72 00000000 shared
B 005030 R32 10bdb8 ffffffff shared
B 005034 R32 10bd78 ffffffff shared
B 00501e R16 108ae6 bd00 shared
B 005022 R32 10bd32 00000000 shared
B 005030 R32 10bd78 ffffffff shared
B 005034 R32 10bd38 ffffffff shared
B 00501e R16 108ae4 bcc0 shared
B 005022 R32 10bcf2 00000000 shared
B 005030 R32 10bd38 ffffffff shared
B 005034 R32 10bcf8 ffffffff shared
B 00501e R16 108ae2 bc80 shared
B 005022 R32 10bcb2 00000000 shared
B 005030 R32 10bcf8 ffffffff shared
B 005034 R32 10bcb8 ffffffff shared
B 00501e R16 108ae0 bc40 shared
B 005022 R32 10bc72 00000000 shared
B 005030 R32 10bcb8 ffffffff shared
B 005034 R32 10bc78 ffffffff shared
B 00501e R16 108ade bc00 shared
B 005022 R32 10bc32 00000000 shared
B 005030 R32 10bc78 ffffffff shared
B 005034 R32 10bc38 ffffffff shared
B 00501e R16 108adc bbc0 shared
B 005022 R32 10bbf2 00000000 shared
B 005030 R32 10bc38 ffffffff shared
B 005034 R32 10bbf8 ffffffff shared
B 00501e R16 108ada bb80 shared
B 005022 R32 10bbb2 00000000 shared
B 005030 R32 10bbf8 ffffffff shared
B 005034 R32 10bbb8 ffffffff shared
B 00501e R16 108ad8 bb40 shared
B 005022 R32 10bb72 00000000 shared
B 005030 R32 10bbb8 ffffffff shared
B 005034 R32 10bb78 ffffffff shared
B 00501e R16 108ad6 bb00 shared
B 005022 R32 10bb32 00000000 shared
B 005030 R32 10bb78 ffffffff shared
B 005034 R32 10bb38 ffffffff shared
B 00501e R16 108ad4 bac0 shared
B 005022 R32 10baf2 00000000 shared
B 005030 R32 10bb38 ffffffff shared
B 005034 R32 10baf8 ffffffff shared
B 00501e R16 108ad2 ba80 shared
B 005022 R32 10bab2 00000000 shared
B 005030 R32 10baf8 ffffffff shared
B 005034 R32 10bab8 ffffffff shared
B 00501e R16 108ad0 ba40 shared
B 005022 R32 10ba72 00000000 shared
B 005030 R32 10bab8 ffffffff shared
B 005034 R32 10ba78 ffffffff shared
B 00501e R16 108ace ba00 shared
B 005022 R32 10ba32 00000000 shared
B 005030 R32 10ba78 ffffffff shared
B 005034 R32 10ba38 ffffffff shared
B 00501e R16 108acc b9c0 shared
B 005022 R32 10b9f2 00000000 shared
B 005030 R32 10ba38 ffffffff shared
B 005034 R32 10b9f8 ffffffff shared
B 00501e R16 108aca b980 shared
B 005022 R32 10b9b2 00000000 shared
B 005030 R32 10b9f8 ffffffff shared
B 005034 R32 10b9b8 ffffffff shared
B 00501e R16 108ac8 b940 shared
B 005022 R32 10b972 00000000 shared
B 005030 R32 10b9b8 ffffffff shared
B 005034 R32 10b978 ffffffff shared
B 00501e R16 108ac6 b900 shared
B 005022 R32 10b932 00000000 shared
B 005030 R32 10b978 ffffffff shared
B 005034 R32 10b938 ffffffff shared
B 00501e R16 108ac4 b8c0 shared
B 005022 R32 10b8f2 00000000 shared
B 005030 R32 10b938 ffffffff shared
B 005034 R32 10b8f8 ffffffff shared
B 00501e R16 108ac2 b880 shared
B 005022 R32 10b8b2 00000000 shared
B 005030 R32 10b8f8 ffffffff shared
B 005034 R32 10b8b8 ffffffff shared
B 00501e R16 108ac0 b840 shared
B 005022 R32 10b872 00000000 shared
B 005030 R32 10b8b8 ffffffff shared
B 005034 R32 10b878 ffffffff shared
B 00501e R16 108abe b800 shared
B 005022 R32 10b832 00000000 shared
B 005030 R32 10b878 ffffffff shared
B 005034 R32 10b838 ffffffff shared
B 00501e R16 108abc b7c0 shared
B 005022 R32 10b7f2 00000000 shared
B 005030 R32 10b838 ffffffff shared
B 005034 R32 10b7f8 ffffffff shared
B 00501e R16 108aba b780 shared
B 005022 R32 10b7b2 00000000 shared
B 005030 R32 10b7f8 ffffffff shared
B 005034 R32 10b7b8 ffffffff shared
B 00501e R16 108ab8 b740 shared
B 005022 R32 10b772 00000000 shared
B 005030 R32 10b7b8 ffffffff shared
B 005034 R32 10b778 ffffffff shared
B 00501e R16 108ab6 b700 shared
B 005022 R32 10b732 00000000 shared
B 005030 R32 10b778 ffffffff shared
B 005034 R32 10b738 ffffffff shared
B 00501e R16 108ab4 b6c0 shared
B 005022 R32 10b6f2 00000000 shared
B 005030 R32 10b738 ffffffff shared
A 042d3a R16 10bf36 0600 shared
A 042d40 R16 10bf36 0600 shared
A 042d4a W32 10bf32 ffffffff shared
A 042cba R16 108af8 bf40 shared
A 042cbe R32 10bf40 ffffffff shared
A 042cc0 R16 10bf4a 0600 shared
A 042cc4 W16 10bf76 0600 shared
A 042d0a W32 10bf78 ffffffff shared
A 042d10 R8 10bf58 02 shared
A 042d16 W8 10bf70 00 shared
A 042d22 R32 101910 ffffffff work_low
A 042d3a R16 10bf76 0600 shared
A 042d40 R16 10bf76 0600 shared
A 042d4a W32 10bf72 ffffffff shared
A 042cba R16 108afa bf80 shared
A 042cbe R32 10bf80 ffffffff shared
A 042cc0 R16 10bf8a 0600 shared
A 042cc4 W16 10bfb6 0600 shared
A 042d0a W32 10bfb8 ffffffff shared
A 042d10 R8 10bf98 02 shared
A 042d16 W8 10bfb0 00 shared
A 042d22 R32 101910 ffffffff work_low
A 042d3a R16 10bfb6 0600 shared
A 042d40 R16 10bfb6 0600 shared
A 042d4a W32 10bfb2 ffffffff shared
A 042cba R16 108afc bfc0 shared
A 042cbe R32 10bfc0 ffffffff shared
A 042cc0 R16 10bfca 0600 shared
A 042cc4 W16 10bff6 0600 shared
A 042d0a W32 10bff8 ffffffff shared
A 042d10 R8 10bfd8 02 shared
A 042d16 W8 10bff0 00 shared
A 042d22 R32 101910 ffffffff work_low
A 042d3a R16 10bff6 0600 shared
A 042d40 R16 10bff6 0600 shared
A 042d4a W32 10bff2 ffffffff shared
A 042d52 R32 103eae 00042ba0 work_low
A 042ba0 R32 103eb2 000405c4 work_low
A 0405c4 W32 103eb2 000405c8 work_low
A 04064c R32 1018f0 00000000 work_low
A 04064c W32 108034 00000000 shared
A 040652 R32 1018f4 00000000 work_low
A 040652 W32 108038 00000000 shared
A 040658 R32 1018e0 00000000 work_low
A 040658 W32 108024 00000000 shared
A 04065e R32 1018e4 00000000 work_low
A 04065e W32 108028 00000000 shared
A 040664 R32 1018e8 00000000 work_low
A 040664 W32 10802c 00000000 shared
A 04066a R32 1018ec 00000000 work_low
A 04066a W32 108030 00000000 shared
A 040670 R32 103eb2 000405c8 work_low
A 0405c8 W32 103eb2 000405cc work_low
A 040cb4 R16 101a02 0000 work_low
A 040cbe W16 101894 0000 work_low
A 040cc2 R16 108200 0000 shared
A 040cce W16 10188e 0000 work_low
A 040cd8 R16 108400 0000 shared
A 040ce4 W16 1018aa 0000 work_low
A 040cee R16 108316 0000 shared
A 040d06 W16 101886 0000 work_low
A 040d0a R16 108716 0000 shared
A 040d22 W16 101888 0000 work_low
A 040d26 R16 108516 0000 shared
A 040d3c W16 10188a 0000 work_low
A 040d40 R16 108f16 0000 shared
A 040d56 W16 10188c 0000 work_low
A 040d5a R32 101a40 00000080 work_low
A 040d5e R32 101a00 00000000 work_low
A 040d76 W16 10187c 0000 work_low
A 040d7a W16 101852 0000 work_low
A 040d7e R16 101a46 0000 work_low
A 040da2 R32 103eb2 000405cc work_low
A 0405cc W32 103eb2 000405d0 work_low
A 040ab6 R8 101803 92 work_low
A 040ac0 R16 10180a 03c9 work_low
A 040b06 R32 103eb2 000405d0 work_low
A 0405d0 W32 103eb2 000405d4 work_low
A 040b08 R8 101803 92 work_low
A 040b12 W16 101858 2380 work_low
A 040b1e R16 101854 0000 work_low
A 040b26 R16 108082 0000 shared
A 040b5c W16 101854 0000 work_low
A 040b7a R32 103eb2 000405d4 work_low
A 0405d4 W32 103eb2 000405d8 work_low
A 040b8e R8 101803 92 work_low
A 040b9e R16 10186a 0000 work_low
A 040ba6 R16 108094 0000 shared
A 040bf4 W16 10186a 0000 work_low
A 040c08 W16 101876 0000 work_low
A 040c0c R32 103eb2 000405d8 work_low
A 0405d8 W32 103eb2 000405dc work_low
A 040c20 R8 101803 92 work_low
A 040c2a R16 10809c 0000 shared
A 040c52 W16 10187a 0000 work_low
A 040c56 R32 103eb2 000405dc work_low
A 0405dc W32 103eb2 000405e0 work_low
A 040c5a R16 108080 0000 shared
A 040c5e R16 108090 0000 shared
A 040c8e W16 101866 0000 work_low
A 040c92 W16 101868 0000 work_low
A 040c96 R16 10185c 0000 work_low
A 040c9a W16 10185c 0000 work_low
A 040ca0 W8 10185e 00 work_low
A 040ca4 R32 103eb2 000405e0 work_low
A 0405e0 W32 103eb2 000405e4 work_low
A 0410c8 R16 10809e 0000 shared
A 0410cc R16 10187e 0000 work_low
A 041146 R16 101860 0000 work_low
A 041196 W16 101e70 0000 work_low
A 041196 W16 101e80 0000 work_low
A 041196 W16 101e90 0000 work_low
A 041196 W16 101ea0 0000 work_low
A 041196 W16 101eb0 0000 work_low
A 0411a0 R32 103eb2 000405e4 work_low
A 0405e4 W32 103eb2 000405e8 work_low
A 040db0 W16 1018b0 7f80 work_low
A 040db6 R32 101a00 00000000 work_low
A 040dba W32 1018f0 00000000 work_low
A 040dbe W32 1018f4 00000000 work_low
A 040dc2 W16 101870 0000 work_low
A 040dc6 W16 101840 0000 work_low
A 040dcc W32 1018e0 00000000 work_low
A 040dd0 W32 1018e4 00000000 work_low
A 040dd4 W32 1018e8 00000000 work_low
A 040dd8 W32 1018ec 00000000 work_low
A 040ddc W32 1018f8 00000000 work_low
A 040de0 W32 1018fc 00000000 work_low
A 040de4 R16 10189c 0000 work_low
A 040e12 W16 101842 0000 work_low
A 040e16 W16 10189e 0000 work_low
A 040e1a W16 1018a0 0000 work_low
A 040e1e W16 1018a2 ff80 work_low
A 040e24 W16 1018a4 007f work_low
A 040e30 R32 108104 012901d7 shared
A 040e30 W16 1027fe 01d7 work_low
A 040e30 W16 1027fc 0129 work_low
A 040e32 R32 108100 fe403f10 shared
A 040e32 W16 1027fa 3f10 work_low
A 040e32 W16 1027f8 fe40 work_low
A 040e34 R16 101842 0000 work_low
A 040e34 W16 101842 0001 work_low
A 040e38 R16 101840 0000 work_low
A 040e38 W16 101840 017d work_low
A 040e48 R16 108108 0000 shared
A 040e66 R16 101872 0000 work_low
A 040e76 R16 1018be 0000 work_low
A 040e92 W16 1018be 0000 work_low
A 040e96 W16 10185a 0000 work_low
A 040e9e W16 108afe 007e shared
A 040eb2 R16 108a00 a0c0 shared
A 040eb6 R16 10a0f6 0000 shared
A 040eba R16 101866 0000 work_low
A 040ec2 R8 10a0f0 ff shared
A 046902 R16 10a0f6 0000 shared
A 040e9e W16 108afe 007d shared
A 040eb2 R16 108a02 a140 shared
A 040eb6 R16 10a176 0000 shared
A 040eba R16 101866 0000 work_low
A 040ec2 R8 10a170 ff shared
A 046902 R16 10a176 0000 shared
A 040e9e W16 108afe 007c shared
A 040eb2 R16 108a04 a180 shared
A 040eb6 R16 10a1b6 0000 shared
A 040eba R16 101866 0000 work_low
A 040ec2 R8 10a1b0 ff shared
A 046902 R16 10a1b6 0000 shared
A 040e9e W16 108afe 007b shared
A 040eb2 R16 108a06 a1c0 shared
A 040eb6 R16 10a1f6 0000 shared
A 040eba R16 101866 0000 work_low
A 040ec2 R8 10a1f0 ff shared
A 046902 R16 10a1f6 0000 shared
A 040e9e W16 108afe 007a shared
A 040eb2 R16 108a08 a280 shared
A 040eb6 R16 10a2b6 0000 shared
A 040eba R16 101866 0000 work_low
A 040ec2 R8 10a2b0 ff shared
A 046902 R16 10a2b6 0000 shared
A 040e9e W16 108afe 0079 shared
A 040eb2 R16 108a0a a2c0 shared
A 040eb6 R16 10a2f6 0000 shared
A 040eba R16 101866 0000 work_low
A 040ec2 R8 10a2f0 ff shared
A 046902 R16 10a2f6 0000 shared
A 040e9e W16 108afe 0078 shared
A 040eb2 R16 108a0c a300 shared
A 040eb6 R16 10a336 0000 shared
A 040eba R16 101866 0000 work_low
A 040ec2 R8 10a330 ff shared
A 046902 R16 10a336 0000 shared
A 040e9e W16 108afe 0077 shared
A 040eb2 R16 108a0e a340 shared
A 040eb6 R16 10a376 0000 shared
A 040eba R16 101866 0000 work_low
A 040ec2 R8 10a370 ff shared
A 046902 R16 10a376 0000 shared
A 040e9e W16 108afe 0076 shared
A 040eb2 R16 108a10 a380 shared
A 040eb6 R16 10a3b6 0000 shared
A 040eba R16 101866 0000 work_low
A 040ec2 R8 10a3b0 ff shared
A 046902 R16 10a3b6 0000 shared
A 040e9e W16 108afe 0075 shared
A 040eb2 R16 108a12 a3c0 shared
A 040eb6 R16 10a3f6 0000 shared
A 040eba R16 101866 0000 work_low
A 040ec2 R8 10a3f0 ff shared
A 046902 R16 10a3f6 0000 shared
A 040e9e W16 108afe 0074 shared
A 040eb2 R16 108a14 a400 shared
A 040eb6 R16 10a436 036a shared
A 040eba R16 101866 0000 work_low
A 040ec2 R8 10a430 ff shared
A 0440ec R8 10a432 00 shared
A 0440f4 R8 10185a 00 work_low
A 0440fc R32 10a438 00000000 shared
A 040e9e W16 108afe 0073 shared
A 040eb2 R16 108a16 a500 shared
A 040eb6 R16 10a536 034e shared
A 040eba R16 101866 0000 work_low
A 040ec2 R8 10a530 ff shared
A 0440ec R8 10a532 00 shared
A 0440f4 R8 10185a 00 work_low
A 0440fc R32 10a538 00000000 shared
A 040e9e W16 108afe 0072 shared
A 040eb2 R16 108a18 a040 shared
A 040eb6 R16 10a076 0050 shared
A 040eba R16 101866 0000 work_low
A 040ec2 R8 10a070 ff shared
A 046902 R16 10a076 0050 shared
A 046910 R32 101a40 00000080 work_low
A 046918 R32 101a00 00000000 work_low
A 046946 R16 101894 0000 work_low
A 0469d2 R16 10187c 0000 work_low
A 0469e0 R16 101a44 86f0 work_low
A 0469ea R16 101a04 86f0 work_low
A 046a58 R16 10a076 0050 shared
A 046ab8 R16 101876 0000 work_low
A 046b4e R16 101854 0000 work_low
A 046cca R16 10186a 0000 work_low
A 046da6 R16 10a068 2000 shared
A 046de0 R16 101840 017d work_low
A 046de0 W16 101840 0771 work_low
A 046de8 W16 1027f6 0204 work_low
A 046de8 W16 1027f4 0060 work_low
A 046dea W16 1027f2 207f work_low
A 046dea W16 1027f0 feb2 work_low
A 046dec R16 101842 0001 work_low
A 046dec W16 101842 0002 work_low
A 046e86 R16 101854 0000 work_low
A 046f80 R16 10186a 0000 work_low
A 047032 R16 10187c 0000 work_low
A 047036 R16 101852 0000 work_low
A 04703a R16 10a076 0050 shared
A 0470a4 R16 101840 0771 work_low
A 0470a4 W16 101840 0d65 work_low
A 0470ac W16 1027ee 0252 work_low
A 0470ac W16 1027ec 0060 work_low
A 0470ae W16 1027ea 237f work_low
A 0470ae W16 1027e8 feb2 work_low
A 0470b0 R16 101842 0002 work_low
A 0470b0 W16 101842 0003 work_low
A 0470b4 R16 10187e 0000 work_low
A 040e9e W16 108afe 0071 shared
A 040eb2 R16 108a1a a440 shared
A 040eb6 R16 10a476 036a shared
A 040eba R16 101866 0000 work_low
A 040ec2 R8 10a470 ff shared
A 0440ec R8 10a472 00 shared
A 0440f4 R8 10185a 00 work_low
A 0440fc R32 10a478 00000800 shared
A 044104 R32 101a00 00000000 work_low
A 044122 R32 1018b2 00000000 work_low
A 04414a R16 101894 0000 work_low
A 044162 R8 10a470 ff shared
A 04418e R16 101886 0000 work_low
A 044192 R16 10188a 0000 work_low
A 0441a6 R16 10820e 0000 shared
A 0441aa R16 108210 0000 shared
A 0441b6 R16 10188e 0000 work_low
A 0441ce R16 10a444 8f00 shared
A 0441d2 R8 10a470 ff shared
A 0441de R16 101a04 86f0 work_low
A 0441f2 R16 108088 0000 shared
A 04421c R16 10840e 0000 shared
A 044220 R16 108410 0000 shared
A 044240 R16 1018aa 0000 work_low
A 04425c R16 10a476 036a shared
A 044274 R16 10a446 0000 shared
A 04427c R16 101852 0000 work_low
A 0442c6 R16 10a468 4c80 shared
A 044300 R16 101840 0d65 work_low
A 044300 W16 101840 0ee2 work_low
A 044308 W16 1027e6 0146 work_low
A 044308 W16 1027e4 40d5 work_low
A 04430a W16 1027e2 4cb5 work_low
A 04430a W16 1027e0 6a39 work_low
A 04430c R16 101842 0003 work_low
A 04430c W16 101842 0004 work_low
A 04438e R16 101840 0ee2 work_low
A 04438e W16 101840 105f work_low
A 044396 W16 1027de 01b1 work_low
A 044396 W16 1027dc 40d5 work_low
A 044398 W16 1027da 4cb5 work_low
A 044398 W16 1027d8 6a03 work_low
A 04439a R16 101842 0004 work_low
A 04439a W16 101842 0005 work_low
A 040e9e W16 108afe 0070 shared
A 040eb2 R16 108a1c a540 shared
A 040eb6 R16 10a576 034e shared
A 040eba R16 101866 0000 work_low
A 040ec2 R8 10a570 ff shared
A 0440ec R8 10a572 00 shared
A 0440f4 R8 10185a 00 work_low
A 0440fc R32 10a578 00000800 shared
A 044104 R32 101a00 00000000 work_low
A 044122 R32 1018b2 00000000 work_low
A 04414a R16 101894 0000 work_low
A 044162 R8 10a570 ff shared
A 04418e R16 101886 0000 work_low
A 044192 R16 10188a 0000 work_low
A 0441a6 R16 10820e 0000 shared
A 0441aa R16 108210 0000 shared
A 0441b6 R16 10188e 0000 work_low
A 0441ce R16 10a544 6c60 shared
A 0441d2 R8 10a570 ff shared
A 0441de R16 101a04 86f0 work_low
A 0441f2 R16 108088 0000 shared
A 04421c R16 10840e 0000 shared
A 044220 R16 108410 0000 shared
A 044240 R16 1018aa 0000 work_low
A 04425c R16 10a576 034e shared
A 044274 R16 10a546 0000 shared
A 04427c R16 101852 0000 work_low
A 0442c6 R16 10a568 5880 shared
A 040e9e W16 108afe 006f shared
A 040eb2 R16 108a1e a480 shared
A 040eb6 R16 10a4b6 036a shared
A 040eba R16 101866 0000 work_low
A 040ec2 R8 10a4b0 ff shared
A 0440ec R8 10a4b2 00 shared
A 0440f4 R8 10185a 00 work_low
A 0440fc R32 10a4b8 00001000 shared
A 044104 R32 101a00 00000000 work_low
A 04414a R16 101894 0000 work_low
A 044162 R8 10a4b0 ff shared
A 04418e R16 101886 0000 work_low
A 044192 R16 10188a 0000 work_low
A 0441a6 R16 10821e 0000 shared
A 0441aa R16 108220 0000 shared
A 0441b6 R16 10188e 0000 work_low
A 0441ce R16 10a484 8f00 shared
A 0441d2 R8 10a4b0 ff shared
A 0441de R16 101a04 86f0 work_low
A 0441f2 R16 108088 0000 shared
A 04421c R16 10841e 0000 shared
A 044220 R16 108420 0000 shared
A 044240 R16 1018aa 0000 work_low
A 04425c R16 10a4b6 036a shared
A 044274 R16 10a486 0000 shared
A 04427c R16 101852 0000 work_low
B 005034 R32 10b6f8 ffffffff shared
B 00501e R16 108ab2 b680 shared
B 005022 R32 10b6b2 00000000 shared
B 005030 R32 10b6f8 ffffffff shared
B 005034 R32 10b6b8 ffffffff shared
B 00501e R16 108ab0 b640 shared
B 005022 R32 10b672 00000000 shared
B 005030 R32 10b6b8 ffffffff shared
B 005034 R32 10b678 ffffffff shared
B 00501e R16 108aae b600 shared
B 005022 R32 10b632 00000000 shared
B 005030 R32 10b678 ffffffff shared
B 005034 R32 10b638 ffffffff shared
B 00501e R16 108aac b5c0 shared
B 005022 R32 10b5f2 00000000 shared
B 005030 R32 10b638 ffffffff shared
B 005034 R32 10b5f8 ffffffff shared
B 00501e R16 108aaa b580 shared
B 005022 R32 10b5b2 00000000 shared
B 005030 R32 10b5f8 ffffffff shared
B 005034 R32 10b5b8 ffffffff shared
B 00501e R16 108aa8 b540 shared
B 005022 R32 10b572 00000000 shared
B 005030 R32 10b5b8 ffffffff shared
B 005034 R32 10b578 ffffffff shared
B 00501e R16 108aa6 b500 shared
B 005022 R32 10b532 00000000 shared
B 005030 R32 10b578 ffffffff shared
B 005034 R32 10b538 ffffffff shared
B 00501e R16 108aa4 b4c0 shared
B 005022 R32 10b4f2 00000000 shared
B 005030 R32 10b538 ffffffff shared
B 005034 R32 10b4f8 ffffffff shared
B 00501e R16 108aa2 b480 shared
B 005022 R32 10b4b2 00000000 shared
B 005030 R32 10b4f8 ffffffff shared
B 005034 R32 10b4b8 ffffffff shared
B 00501e R16 108aa0 b440 shared
B 005022 R32 10b472 00000000 shared
B 005030 R32 10b4b8 ffffffff shared
B 005034 R32 10b478 ffffffff shared
B 00501e R16 108a9e b400 shared
B 005022 R32 10b432 00000000 shared
B 005030 R32 10b478 ffffffff shared
B 005034 R32 10b438 ffffffff shared
B 00501e R16 108a9c b3c0 shared
B 005022 R32 10b3f2 00000000 shared
B 005030 R32 10b438 ffffffff shared
B 005034 R32 10b3f8 ffffffff shared
B 00501e R16 108a9a b380 shared
B 005022 R32 10b3b2 00000000 shared
B 005030 R32 10b3f8 ffffffff shared
B 005034 R32 10b3b8 ffffffff shared
B 00501e R16 108a98 b340 shared
B 005022 R32 10b372 00000000 shared
B 005030 R32 10b3b8 ffffffff shared
B 005034 R32 10b378 ffffffff shared
B 00501e R16 108a96 b300 shared
B 005022 R32 10b332 00000000 shared
B 005030 R32 10b378 ffffffff shared
B 005034 R32 10b338 ffffffff shared
B 00501e R16 108a94 b2c0 shared
B 005022 R32 10b2f2 00000000 shared
B 005030 R32 10b338 ffffffff shared
B 005034 R32 10b2f8 ffffffff shared
B 00501e R16 108a92 b280 shared
B 005022 R32 10b2b2 00000000 shared
B 005030 R32 10b2f8 ffffffff shared
B 005034 R32 10b2b8 ffffffff shared
B 00501e R16 108a90 b240 shared
B 005022 R32 10b272 00000000 shared
B 005030 R32 10b2b8 ffffffff shared
B 005034 R32 10b278 ffffffff shared
B 00501e R16 108a8e b200 shared
B 005022 R32 10b232 00000000 shared
B 005030 R32 10b278 ffffffff shared
B 005034 R32 10b238 ffffffff shared
B 00501e R16 108a8c b1c0 shared
B 005022 R32 10b1f2 00000000 shared
B 005030 R32 10b238 ffffffff shared
B 005034 R32 10b1f8 ffffffff shared
B 00501e R16 108a8a b180 shared
B 005022 R32 10b1b2 00000000 shared
B 005030 R32 10b1f8 ffffffff shared
B 005034 R32 10b1b8 ffffffff shared
B 00501e R16 108a88 b140 shared
B 005022 R32 10b172 00000000 shared
B 005030 R32 10b1b8 ffffffff shared
B 005034 R32 10b178 ffffffff shared
B 00501e R16 108a86 b100 shared
B 005022 R32 10b132 00000000 shared
B 005030 R32 10b178 ffffffff shared
B 005034 R32 10b138 ffffffff shared
B 00501e R16 108a84 b0c0 shared
B 005022 R32 10b0f2 00000000 shared
B 005030 R32 10b138 ffffffff shared
B 005034 R32 10b0f8 ffffffff shared
B 00501e R16 108a82 b080 shared
B 005022 R32 10b0b2 00000000 shared
B 005030 R32 10b0f8 ffffffff shared
B 005034 R32 10b0b8 ffffffff shared
B 00501e R16 108a80 b040 shared
B 005022 R32 10b072 00000000 shared
B 005030 R32 10b0b8 ffffffff shared
B 005034 R32 10b078 ffffffff shared
B 00501e R16 108a7e b000 shared
B 005022 R32 10b032 00000000 shared
B 005030 R32 10b078 ffffffff shared
B 005034 R32 10b038 ffffffff shared
B 00501e R16 108a7c a240 shared
B 005022 R32 10a272 00000000 shared
B 005030 R32 10b038 ffffffff shared
B 005034 R32 10a278 ffffffff shared
B 00501e R16 108a7a a200 shared
B 005022 R32 10a232 00000000 shared
B 005030 R32 10a278 ffffffff shared
B 005034 R32 10a238 ffffffff shared
B 00501e R16 108a78 a100 shared
B 005022 R32 10a132 00000000 shared
B 005030 R32 10a238 ffffffff shared
B 005034 R32 10a138 ffffffff shared
B 00501e R16 108a76 a080 shared
B 005022 R32 10a0b2 00000000 shared
B 005030 R32 10a138 ffffffff shared
B 005034 R32 10a0b8 00040083 shared
B 00501e R16 108a74 afc0 shared
B 005022 R32 10aff2 00000000 shared
B 005030 R32 10a0b8 00040083 shared
B 005034 R32 10aff8 0000b800 shared
B 00501e R16 108a72 aec0 shared
B 005022 R32 10aef2 00000000 shared
B 005030 R32 10aff8 0000b800 shared
B 005034 R32 10aef8 0000b800 shared
B 00501e R16 108a70 af80 shared
B 005022 R32 10afb2 00000000 shared
B 005030 R32 10aef8 0000b800 shared
B 005034 R32 10afb8 0000b000 shared
B 00501e R16 108a6e ae80 shared
B 005022 R32 10aeb2 00000000 shared
B 005030 R32 10afb8 0000b000 shared
B 005034 R32 10aeb8 0000b000 shared
B 00501e R16 108a6c af40 shared
B 005022 R32 10af72 00000000 shared
B 005030 R32 10aeb8 0000b000 shared
B 005034 R32 10af78 0000a800 shared
B 00501e R16 108a6a ae40 shared
B 005022 R32 10ae72 00000000 shared
B 005030 R32 10af78 0000a800 shared
B 005034 R32 10ae78 0000a800 shared
B 00501e R16 108a68 af00 shared
B 005022 R32 10af32 00000000 shared
B 005030 R32 10ae78 0000a800 shared
B 005034 R32 10af38 0000a000 shared
B 00501e R16 108a66 ae00 shared
B 005022 R32 10ae32 00000000 shared
B 005030 R32 10af38 0000a000 shared
B 005034 R32 10ae38 0000a000 shared
B 00501e R16 108a64 adc0 shared
B 005022 R32 10adf2 00000000 shared
B 005030 R32 10ae38 0000a000 shared
B 005034 R32 10adf8 00009800 shared
B 00501e R16 108a62 acc0 shared
B 005022 R32 10acf2 00000000 shared
B 005030 R32 10adf8 00009800 shared
B 005034 R32 10acf8 00009800 shared
B 00501e R16 108a60 ad80 shared
B 005022 R32 10adb2 00000000 shared
B 005030 R32 10acf8 00009800 shared
B 005034 R32 10adb8 00009000 shared
B 00501e R16 108a5e ac80 shared
B 005022 R32 10acb2 00000000 shared
B 005030 R32 10adb8 00009000 shared
B 005034 R32 10acb8 00009000 shared
B 00501e R16 108a5c ad40 shared
B 005022 R32 10ad72 00000000 shared
B 005030 R32 10acb8 00009000 shared
B 005034 R32 10ad78 00008800 shared
B 00501e R16 108a5a ac40 shared
B 005022 R32 10ac72 00000000 shared
B 005030 R32 10ad78 00008800 shared
B 005034 R32 10ac78 00008800 shared
B 00501e R16 108a58 ad00 shared
B 005022 R32 10ad32 00000000 shared
B 005030 R32 10ac78 00008800 shared
B 005034 R32 10ad38 00008000 shared
B 00501e R16 108a56 ac00 shared
B 005022 R32 10ac32 00000000 shared
B 005030 R32 10ad38 00008000 shared
B 005034 R32 10ac38 00008000 shared
B 00501e R16 108a54 abc0 shared
B 005022 R32 10abf2 00000000 shared
B 005030 R32 10ac38 00008000 shared
B 005034 R32 10abf8 00007800 shared
B 00501e R16 108a52 aac0 shared
B 005022 R32 10aaf2 00000000 shared
B 005030 R32 10abf8 00007800 shared
B 005034 R32 10aaf8 00007800 shared
B 00501e R16 108a50 ab80 shared
B 005022 R32 10abb2 00000000 shared
B 005030 R32 10aaf8 00007800 shared
B 005034 R32 10abb8 00007000 shared
B 00501e R16 108a4e aa80 shared
B 005022 R32 10aab2 00000000 shared
B 005030 R32 10abb8 00007000 shared
B 005034 R32 10aab8 00007000 shared
B 00501e R16 108a4c ab40 shared
B 005022 R32 10ab72 00000000 shared
B 005030 R32 10aab8 00007000 shared
B 005034 R32 10ab78 00006800 shared
B 00501e R16 108a4a aa40 shared
B 005022 R32 10aa72 00000000 shared
B 005030 R32 10ab78 00006800 shared
B 005034 R32 10aa78 00006800 shared
B 00501e R16 108a48 ab00 shared
B 005022 R32 10ab32 00000000 shared
B 005030 R32 10aa78 00006800 shared
B 005034 R32 10ab38 00006000 shared
B 00501e R16 108a46 aa00 shared
B 005022 R32 10aa32 00000000 shared
B 005030 R32 10ab38 00006000 shared
B 005034 R32 10aa38 00006000 shared
B 00501e R16 108a44 a9c0 shared
B 005022 R32 10a9f2 00000000 shared
B 005030 R32 10aa38 00006000 shared
B 005034 R32 10a9f8 00005800 shared
B 00501e R16 108a42 a8c0 shared
B 005022 R32 10a8f2 00000000 shared
B 005030 R32 10a9f8 00005800 shared
B 005034 R32 10a8f8 00005800 shared
B 00501e R16 108a40 a980 shared
B 005022 R32 10a9b2 00000000 shared
B 005030 R32 10a8f8 00005800 shared
B 005034 R32 10a9b8 00005000 shared
B 00501e R16 108a3e a880 shared
B 005022 R32 10a8b2 00000000 shared
B 005030 R32 10a9b8 00005000 shared
B 005034 R32 10a8b8 00005000 shared
B 00501e R16 108a3c a940 shared
B 005022 R32 10a972 00000000 shared
B 005030 R32 10a8b8 00005000 shared
B 005034 R32 10a978 00004800 shared
B 00501e R16 108a3a a840 shared
B 005022 R32 10a872 00000000 shared
B 005030 R32 10a978 00004800 shared
B 005034 R32 10a878 00004800 shared
B 00501e R16 108a38 a900 shared
B 005022 R32 10a932 00000000 shared
B 005030 R32 10a878 00004800 shared
B 005034 R32 10a938 00004000 shared
B 00501e R16 108a36 a800 shared
B 005022 R32 10a832 00000000 shared
B 005030 R32 10a938 00004000 shared
B 005034 R32 10a838 00004000 shared
B 00501e R16 108a34 a7c0 shared
B 005022 R32 10a7f2 00000000 shared
B 005030 R32 10a838 00004000 shared
B 005034 R32 10a7f8 00003800 shared
B 00501e R16 108a32 a6c0 shared
B 005022 R32 10a6f2 00000000 shared
B 005030 R32 10a7f8 00003800 shared
B 005034 R32 10a6f8 00003800 shared
B 00501e R16 108a30 a780 shared
B 005022 R32 10a7b2 00000000 shared
B 005030 R32 10a6f8 00003800 shared
B 005034 R32 10a7b8 00003000 shared
B 00501e R16 108a2e a680 shared
B 005022 R32 10a6b2 00000000 shared
B 005030 R32 10a7b8 00003000 shared
B 005034 R32 10a6b8 00003000 shared
B 00501e R16 108a2c a740 shared
B 005022 R32 10a772 00000000 shared
B 005030 R32 10a6b8 00003000 shared
B 005034 R32 10a778 00002800 shared
B 00501e R16 108a2a a640 shared
B 005022 R32 10a672 00000000 shared
B 005030 R32 10a778 00002800 shared
B 005034 R32 10a678 00002800 shared
B 00501e R16 108a28 a700 shared
B 005022 R32 10a732 00000000 shared
B 005030 R32 10a678 00002800 shared
B 005034 R32 10a738 00002000 shared
B 00501e R16 108a26 a600 shared
B 005022 R32 10a632 00000000 shared
B 005030 R32 10a738 00002000 shared
B 005034 R32 10a638 00002000 shared
B 00501e R16 108a24 a5c0 shared
B 005022 R32 10a5f2 00000000 shared
B 005030 R32 10a638 00002000 shared
B 005034 R32 10a5f8 00001800 shared
B 00501e R16 108a22 a4c0 shared
B 005022 R32 10a4f2 00000000 shared
B 005030 R32 10a5f8 00001800 shared
B 005034 R32 10a4f8 00001800 shared
B 00501e R16 108a20 a580 shared
B 005022 R32 10a5b2 00000000 shared
B 005030 R32 10a4f8 00001800 shared
B 005034 R32 10a5b8 00001000 shared
B 00501e R16 108a1e a480 shared
B 005022 R32 10a4b2 00000000 shared
B 005030 R32 10a5b8 00001000 shared
B 005034 R32 10a4b8 00001000 shared
B 00501e R16 108a1c a540 shared
B 005022 R32 10a572 00000000 shared
B 005030 R32 10a4b8 00001000 shared
B 005034 R32 10a578 00000800 shared
B 00501e R16 108a1a a440 shared
B 005022 R32 10a472 00000000 shared
B 005030 R32 10a578 00000800 shared
B 005034 R32 10a478 00000800 shared
B 00501e R16 108a18 a040 shared
B 005022 R32 10a072 00000000 shared
B 005030 R32 10a478 00000800 shared
B 005034 R32 10a078 00000080 shared
B 00501e R16 108a16 a500 shared
B 005022 R32 10a532 00000000 shared
B 005030 R32 10a078 00000080 shared
B 005034 R32 10a538 00000000 shared
B 00501e R16 108a14 a400 shared
B 005022 R32 10a432 00000000 shared
B 005030 R32 10a538 00000000 shared
B 005034 R32 10a438 00000000 shared
B 00501e R16 108a12 a3c0 shared
B 005022 R32 10a3f2 00000000 shared
B 005030 R32 10a438 00000000 shared
B 005034 R32 10a3f8 00000000 shared
B 00501e R16 108a10 a380 shared
B 005022 R32 10a3b2 00000000 shared
B 005030 R32 10a3f8 00000000 shared
B 005034 R32 10a3b8 00000000 shared
B 00501e R16 108a0e a340 shared
B 005022 R32 10a372 00000000 shared
B 005030 R32 10a3b8 00000000 shared
B 005034 R32 10a378 00000000 shared
B 00501e R16 108a0c a300 shared
B 005022 R32 10a332 00000000 shared
B 005030 R32 10a378 00000000 shared
B 005034 R32 10a338 00000000 shared
B 00501e R16 108a0a a2c0 shared
B 005022 R32 10a2f2 00000000 shared
B 005030 R32 10a338 00000000 shared
B 005034 R32 10a2f8 00000000 shared
B 00501e R16 108a08 a280 shared
B 005022 R32 10a2b2 00000000 shared
B 005030 R32 10a2f8 00000000 shared
B 005034 R32 10a2b8 00000000 shared
B 00501e R16 108a06 a1c0 shared
B 005022 R32 10a1f2 00000000 shared
B 005030 R32 10a2b8 00000000 shared
B 005034 R32 10a1f8 00000000 shared
B 00501e R16 108a04 a180 shared
B 005022 R32 10a1b2 00000000 shared
B 005030 R32 10a1f8 00000000 shared
B 005034 R32 10a1b8 00000000 shared
B 00501e R16 108a02 a140 shared
B 005022 R32 10a172 00000000 shared
B 005030 R32 10a1b8 00000000 shared
B 005034 R32 10a178 00000000 shared
B 00501e R16 108a00 a0c0 shared
B 005022 R32 10a0f2 00000000 shared
B 005030 R32 10a178 00000000 shared
B 005034 R32 10a0f8 00000000 shared
B 005062 R32 1007f4 00004f74 sub_work
B 004f74 W32 1007f4 00004f78 sub_work
B 004fc8 R16 108a00 a0c0 shared
B 004fcc R32 10a0f2 00000000 shared
B 004fd0 R16 108a02 a140 shared
B 004fd4 R32 10a172 00000000 shared
B 004fe2 R32 10a178 00000000 shared
B 004fe6 R32 10a0f8 00000000 shared
B 004fd0 R16 108a04 a180 shared
B 004fd4 R32 10a1b2 00000000 shared
B 004fe2 R32 10a1b8 00000000 shared
B 004fe6 R32 10a178 00000000 shared
B 004fd0 R16 108a06 a1c0 shared
B 004fd4 R32 10a1f2 00000000 shared
B 004fe2 R32 10a1f8 00000000 shared
B 004fe6 R32 10a1b8 00000000 shared
B 004fd0 R16 108a08 a280 shared
B 004fd4 R32 10a2b2 00000000 shared
B 004fe2 R32 10a2b8 00000000 shared
B 004fe6 R32 10a1f8 00000000 shared
B 004fd0 R16 108a0a a2c0 shared
B 004fd4 R32 10a2f2 00000000 shared
B 004fe2 R32 10a2f8 00000000 shared
B 004fe6 R32 10a2b8 00000000 shared
B 004fd0 R16 108a0c a300 shared
B 004fd4 R32 10a332 00000000 shared
B 004fe2 R32 10a338 00000000 shared
B 004fe6 R32 10a2f8 00000000 shared
B 004fd0 R16 108a0e a340 shared
B 004fd4 R32 10a372 00000000 shared
B 004fe2 R32 10a378 00000000 shared
B 004fe6 R32 10a338 00000000 shared
B 004fd0 R16 108a10 a380 shared
B 004fd4 R32 10a3b2 00000000 shared
B 004fe2 R32 10a3b8 00000000 shared
B 004fe6 R32 10a378 00000000 shared
B 004fd0 R16 108a12 a3c0 shared
B 004fd4 R32 10a3f2 00000000 shared
B 004fe2 R32 10a3f8 00000000 shared
B 004fe6 R32 10a3b8 00000000 shared
B 004fd0 R16 108a14 a400 shared
B 004fd4 R32 10a432 00000000 shared
B 004fe2 R32 10a438 00000000 shared
B 004fe6 R32 10a3f8 00000000 shared
B 004fd0 R16 108a16 a500 shared
B 004fd4 R32 10a532 00000000 shared
B 004fe2 R32 10a538 00000000 shared
B 004fe6 R32 10a438 00000000 shared
B 004fd0 R16 108a18 a040 shared
B 004fd4 R32 10a072 00000000 shared
A 0442c6 R16 10a4a8 4c80 shared
A 044300 R16 101840 105f work_low
A 044300 W16 101840 115f work_low
A 044308 W16 1027d6 0146 work_low
A 044308 W16 1027d4 40c0 work_low
A 04430a W16 1027d2 4c9f work_low
A 04430a W16 1027d0 3e2a work_low
A 04430c R16 101842 0005 work_low
A 04430c W16 101842 0006 work_low
A 04438e R16 101840 115f work_low
A 04438e W16 101840 125f work_low
A 044396 W16 1027ce 01b1 work_low
A 044396 W16 1027cc 40c0 work_low
A 044398 W16 1027ca 4c9f work_low
A 044398 W16 1027c8 3e0a work_low
A 04439a R16 101842 0006 work_low
A 04439a W16 101842 0007 work_low
A 040e9e W16 108afe 006e shared
A 040eb2 R16 108a20 a580 shared
A 040eb6 R16 10a5b6 034e shared
A 040eba R16 101866 0000 work_low
A 040ec2 R8 10a5b0 ff shared
A 0440ec R8 10a5b2 00 shared
A 0440f4 R8 10185a 00 work_low
A 0440fc R32 10a5b8 00001000 shared
A 044104 R32 101a00 00000000 work_low
A 04414a R16 101894 0000 work_low
A 044162 R8 10a5b0 ff shared
A 04418e R16 101886 0000 work_low
A 044192 R16 10188a 0000 work_low
A 0441a6 R16 10821e 0000 shared
A 0441aa R16 108220 0000 shared
A 0441b6 R16 10188e 0000 work_low
A 0441ce R16 10a584 6c60 shared
A 0441d2 R8 10a5b0 ff shared
A 0441de R16 101a04 86f0 work_low
A 0441f2 R16 108088 0000 shared
A 04421c R16 10841e 0000 shared
A 044220 R16 108420 0000 shared
A 044240 R16 1018aa 0000 work_low
A 04425c R16 10a5b6 034e shared
A 044274 R16 10a586 0000 shared
A 04427c R16 101852 0000 work_low
A 0442c6 R16 10a5a8 5880 shared
A 044300 R16 101840 125f work_low
A 044300 W16 101840 135f work_low
A 044308 W16 1027c6 019a work_low
A 044308 W16 1027c4 01f6 work_low
A 04430a W16 1027c2 589f work_low
A 04430a W16 1027c0 3e2a work_low
A 04430c R16 101842 0007 work_low
A 04430c W16 101842 0008 work_low
A 040e9e W16 108afe 006d shared
A 040eb2 R16 108a22 a4c0 shared
A 040eb6 R16 10a4f6 036a shared
A 040eba R16 101866 0000 work_low
A 040ec2 R8 10a4f0 ff shared
A 0440ec R8 10a4f2 00 shared
A 0440f4 R8 10185a 00 work_low
A 0440fc R32 10a4f8 00001800 shared
A 044104 R32 101a00 00000000 work_low
A 04414a R16 101894 0000 work_low
A 044162 R8 10a4f0 ff shared
A 04418e R16 101886 0000 work_low
A 044192 R16 10188a 0000 work_low
A 0441a6 R16 10822e 0000 shared
A 0441aa R16 108230 0000 shared
A 0441b6 R16 10188e 0000 work_low
A 0441ce R16 10a4c4 8f00 shared
A 0441d2 R8 10a4f0 ff shared
A 0441de R16 101a04 86f0 work_low
A 0441f2 R16 108088 0000 shared
A 04421c R16 10842e 0000 shared
A 044220 R16 108430 0000 shared
A 044240 R16 1018aa 0000 work_low
A 04425c R16 10a4f6 036a shared
A 044274 R16 10a4c6 0000 shared
A 04427c R16 101852 0000 work_low
A 0442c6 R16 10a4e8 4c80 shared
A 044300 R16 101840 135f work_low
A 044300 W16 101840 145f work_low
A 044308 W16 1027be 0146 work_low
A 044308 W16 1027bc 40b6 work_low
A 04430a W16 1027ba 4c96 work_low
A 04430a W16 1027b8 2c24 work_low
A 04430c R16 101842 0008 work_low
A 04430c W16 101842 0009 work_low
A 04438e R16 101840 145f work_low
A 04438e W16 101840 155f work_low
A 044396 W16 1027b6 01b1 work_low
A 044396 W16 1027b4 40b6 work_low
A 044398 W16 1027b2 4c96 work_low
A 044398 W16 1027b0 2c0d work_low
A 04439a R16 101842 0009 work_low
A 04439a W16 101842 000a work_low
A 040e9e W16 108afe 006c shared
A 040eb2 R16 108a24 a5c0 shared
A 040eb6 R16 10a5f6 034e shared
A 040eba R16 101866 0000 work_low
A 040ec2 R8 10a5f0 ff shared
A 0440ec R8 10a5f2 00 shared
A 0440f4 R8 10185a 00 work_low
A 0440fc R32 10a5f8 00001800 shared
A 044104 R32 101a00 00000000 work_low
A 04414a R16 101894 0000 work_low
A 044162 R8 10a5f0 ff shared
A 04418e R16 101886 0000 work_low
A 044192 R16 10188a 0000 work_low
A 0441a6 R16 10822e 0000 shared
A 0441aa R16 108230 0000 shared
A 0441b6 R16 10188e 0000 work_low
A 0441ce R16 10a5c4 6c60 shared
A 0441d2 R8 10a5f0 ff shared
A 0441de R16 101a04 86f0 work_low
A 0441f2 R16 108088 0000 shared
A 04421c R16 10842e 0000 shared
A 044220 R16 108430 0000 shared
A 044240 R16 1018aa 0000 work_low
A 04425c R16 10a5f6 034e shared
A 044274 R16 10a5c6 0000 shared
A 04427c R16 101852 0000 work_low
A 0442c6 R16 10a5e8 5880 shared
A 044300 R16 101840 155f work_low
A 044300 W16 101840 165f work_low
A 044308 W16 1027ae 019a work_low
A 044308 W16 1027ac 0027 work_low
A 04430a W16 1027aa 5896 work_low
A 04430a W16 1027a8 2c24 work_low
A 04430c R16 101842 000a work_low
A 04430c W16 101842 000b work_low
A 040e9e W16 108afe 006b shared
A 040eb2 R16 108a26 a600 shared
A 040eb6 R16 10a636 036a shared
A 040eba R16 101866 0000 work_low
A 040ec2 R8 10a630 ff shared
A 0440ec R8 10a632 00 shared
A 0440f4 R8 10185a 00 work_low
A 0440fc R32 10a638 00002000 shared
A 044104 R32 101a00 00000000 work_low
A 04414a R16 101894 0000 work_low
A 044162 R8 10a630 ff shared
A 04418e R16 101886 0000 work_low
A 044192 R16 10188a 0000 work_low
A 0441a6 R16 10823e 0000 shared
A 0441aa R16 108240 0000 shared
A 0441b6 R16 10188e 0000 work_low
A 0441ce R16 10a604 8f00 shared
A 0441d2 R8 10a630 ff shared
A 0441de R16 101a04 86f0 work_low
A 0441f2 R16 108088 0000 shared
A 04421c R16 10843e 0000 shared
A 044220 R16 108440 0000 shared
A 044240 R16 1018aa 0000 work_low
A 04425c R16 10a636 036a shared
A 044274 R16 10a606 0000 shared
A 04427c R16 101852 0000 work_low
A 0442c6 R16 10a628 4c80 shared
A 044300 R16 101840 165f work_low
A 044300 W16 101840 175f work_low
A 044308 W16 1027a6 0146 work_low
A 044308 W16 1027a4 40b1 work_low
A 04430a W16 1027a2 4c91 work_low
A 04430a W16 1027a0 2221 work_low
A 04430c R16 101842 000b work_low
A 04430c W16 101842 000c work_low
A 04438e R16 101840 175f work_low
A 04438e W16 101840 185f work_low
A 044396 W16 10279e 01b1 work_low
A 044396 W16 10279c 40b1 work_low
A 044398 W16 10279a 4c91 work_low
A 044398 W16 102798 220f work_low
A 04439a R16 101842 000c work_low
A 04439a W16 101842 000d work_low
A 040e9e W16 108afe 006a shared
A 040eb2 R16 108a28 a700 shared
A 040eb6 R16 10a736 034e shared
A 040eba R16 101866 0000 work_low
A 040ec2 R8 10a730 ff shared
A 0440ec R8 10a732 00 shared
A 0440f4 R8 10185a 00 work_low
A 0440fc R32 10a738 00002000 shared
A 044104 R32 101a00 00000000 work_low
A 04414a R16 101894 0000 work_low
A 044162 R8 10a730 ff shared
A 04418e R16 101886 0000 work_low
A 044192 R16 10188a 0000 work_low
A 0441a6 R16 10823e 0000 shared
A 0441aa R16 108240 0000 shared
A 0441b6 R16 10188e 0000 work_low
A 0441ce R16 10a704 6c60 shared
A 0441d2 R8 10a730 ff shared
A 0441de R16 101a04 86f0 work_low
A 0441f2 R16 108088 0000 shared
A 04421c R16 10843e 0000 shared
A 044220 R16 108440 0000 shared
A 044240 R16 1018aa 0000 work_low
A 04425c R16 10a736 034e shared
A 044274 R16 10a706 0000 shared
A 04427c R16 101852 0000 work_low
A 0442c6 R16 10a728 5880 shared
A 044300 R16 101840 185f work_low
A 044300 W16 101840 195f work_low
A 044308 W16 102796 019a work_low
A 044308 W16 102794 0044 work_low
A 04430a W16 102792 5891 work_low
A 04430a W16 102790 2221 work_low
A 04430c R16 101842 000d work_low
A 04430c W16 101842 000e work_low
A 040e9e W16 108afe 0069 shared
A 040eb2 R16 108a2a a640 shared
A 040eb6 R16 10a676 036a shared
A 040eba R16 101866 0000 work_low
A 040ec2 R8 10a670 ff shared
A 0440ec R8 10a672 00 shared
A 0440f4 R8 10185a 00 work_low
A 0440fc R32 10a678 00002800 shared
A 044104 R32 101a00 00000000 work_low
A 04414a R16 101894 0000 work_low
A 044162 R8 10a670 ff shared
A 04418e R16 101886 0000 work_low
A 044192 R16 10188a 0000 work_low
A 0441a6 R16 10824e 0000 shared
A 0441aa R16 108250 0000 shared
A 0441b6 R16 10188e 0000 work_low
A 0441ce R16 10a644 8f00 shared
A 0441d2 R8 10a670 ff shared
A 0441de R16 101a04 86f0 work_low
A 0441f2 R16 108088 0000 shared
A 04421c R16 10844e 0000 shared
A 044220 R16 108450 0000 shared
A 044240 R16 1018aa 0000 work_low
A 04425c R16 10a676 036a shared
A 044274 R16 10a646 0000 shared
A 04427c R16 101852 0000 work_low
A 0442c6 R16 10a668 4c80 shared
A 044300 R16 101840 195f work_low
A 044300 W16 101840 1a5f work_low
A 044308 W16 10278e 0146 work_low
A 044308 W16 10278c 40ad work_low
A 04430a W16 10278a 4c8e work_low
A 04430a W16 102788 1c1f work_low
A 04430c R16 101842 000e work_low
A 04430c W16 101842 000f work_low
A 04438e R16 101840 1a5f work_low
A 04438e W16 101840 1b5f work_low
A 044396 W16 102786 01b1 work_low
A 044396 W16 102784 40ad work_low
A 044398 W16 102782 4c8e work_low
A 044398 W16 102780 1c10 work_low
A 04439a R16 101842 000f work_low
A 04439a W16 101842 0010 work_low
A 040e9e W16 108afe 0068 shared
A 040eb2 R16 108a2c a740 shared
A 040eb6 R16 10a776 034e shared
A 040eba R16 101866 0000 work_low
A 040ec2 R8 10a770 ff shared
A 0440ec R8 10a772 00 shared
A 0440f4 R8 10185a 00 work_low
A 0440fc R32 10a778 00002800 shared
A 044104 R32 101a00 00000000 work_low
A 04414a R16 101894 0000 work_low
A 044162 R8 10a770 ff shared
A 04418e R16 101886 0000 work_low
A 044192 R16 10188a 0000 work_low
A 0441a6 R16 10824e 0000 shared
A 0441aa R16 108250 0000 shared
A 0441b6 R16 10188e 0000 work_low
A 0441ce R16 10a744 6c60 shared
A 0441d2 R8 10a770 ff shared
A 0441de R16 101a04 86f0 work_low
A 0441f2 R16 108088 0000 shared
A 04421c R16 10844e 0000 shared
A 044220 R16 108450 0000 shared
A 044240 R16 1018aa 0000 work_low
A 04425c R16 10a776 034e shared
B 004fe2 R32 10a078 00000080 shared
B 004fe6 R32 10a538 00000000 shared
B 004fd0 R16 108a1a a440 shared
B 004fd4 R32 10a472 00000000 shared
B 004fe2 R32 10a478 00000800 shared
B 004fe6 R32 10a078 00000080 shared
B 004fd0 R16 108a1c a540 shared
B 004fd4 R32 10a572 00000000 shared
B 004fe2 R32 10a578 00000800 shared
B 004fe6 R32 10a478 00000800 shared
B 004fd0 R16 108a1e a480 shared
B 004fd4 R32 10a4b2 00000000 shared
B 004fe2 R32 10a4b8 00001000 shared
B 004fe6 R32 10a578 00000800 shared
B 004fd0 R16 108a20 a580 shared
B 004fd4 R32 10a5b2 00000000 shared
B 004fe2 R32 10a5b8 00001000 shared
B 004fe6 R32 10a4b8 00001000 shared
B 004fd0 R16 108a22 a4c0 shared
B 004fd4 R32 10a4f2 00000000 shared
B 004fe2 R32 10a4f8 00001800 shared
B 004fe6 R32 10a5b8 00001000 shared
B 004fd0 R16 108a24 a5c0 shared
B 004fd4 R32 10a5f2 00000000 shared
B 004fe2 R32 10a5f8 00001800 shared
B 004fe6 R32 10a4f8 00001800 shared
B 004fd0 R16 108a26 a600 shared
B 004fd4 R32 10a632 00000000 shared
B 004fe2 R32 10a638 00002000 shared
B 004fe6 R32 10a5f8 00001800 shared
B 004fd0 R16 108a28 a700 shared
B 004fd4 R32 10a732 00000000 shared
B 004fe2 R32 10a738 00002000 shared
B 004fe6 R32 10a638 00002000 shared
B 004fd0 R16 108a2a a640 shared
B 004fd4 R32 10a672 00000000 shared
B 004fe2 R32 10a678 00002800 shared
B 004fe6 R32 10a738 00002000 shared
B 004fd0 R16 108a2c a740 shared
B 004fd4 R32 10a772 00000000 shared
B 004fe2 R32 10a778 00002800 shared
B 004fe6 R32 10a678 00002800 shared
B 004fd0 R16 108a2e a680 shared
B 004fd4 R32 10a6b2 00000000 shared
B 004fe2 R32 10a6b8 00003000 shared
B 004fe6 R32 10a778 00002800 shared
B 004fd0 R16 108a30 a780 shared
B 004fd4 R32 10a7b2 00000000 shared
B 004fe2 R32 10a7b8 00003000 shared
B 004fe6 R32 10a6b8 00003000 shared
B 004fd0 R16 108a32 a6c0 shared
B 004fd4 R32 10a6f2 00000000 shared
B 004fe2 R32 10a6f8 00003800 shared
B 004fe6 R32 10a7b8 00003000 shared
B 004fd0 R16 108a34 a7c0 shared
B 004fd4 R32 10a7f2 00000000 shared
B 004fe2 R32 10a7f8 00003800 shared
B 004fe6 R32 10a6f8 00003800 shared
B 004fd0 R16 108a36 a800 shared
B 004fd4 R32 10a832 00000000 shared
B 004fe2 R32 10a838 00004000 shared
B 004fe6 R32 10a7f8 00003800 shared
B 004fd0 R16 108a38 a900 shared
B 004fd4 R32 10a932 00000000 shared
B 004fe2 R32 10a938 00004000 shared
B 004fe6 R32 10a838 00004000 shared
B 004fd0 R16 108a3a a840 shared
B 004fd4 R32 10a872 00000000 shared
B 004fe2 R32 10a878 00004800 shared
B 004fe6 R32 10a938 00004000 shared
B 004fd0 R16 108a3c a940 shared
B 004fd4 R32 10a972 00000000 shared
B 004fe2 R32 10a978 00004800 shared
B 004fe6 R32 10a878 00004800 shared
B 004fd0 R16 108a3e a880 shared
B 004fd4 R32 10a8b2 00000000 shared
B 004fe2 R32 10a8b8 00005000 shared
B 004fe6 R32 10a978 00004800 shared
B 004fd0 R16 108a40 a980 shared
B 004fd4 R32 10a9b2 00000000 shared
B 004fe2 R32 10a9b8 00005000 shared
B 004fe6 R32 10a8b8 00005000 shared
B 004fd0 R16 108a42 a8c0 shared
B 004fd4 R32 10a8f2 00000000 shared
B 004fe2 R32 10a8f8 00005800 shared
B 004fe6 R32 10a9b8 00005000 shared
B 004fd0 R16 108a44 a9c0 shared
B 004fd4 R32 10a9f2 00000000 shared
B 004fe2 R32 10a9f8 00005800 shared
B 004fe6 R32 10a8f8 00005800 shared
B 004fd0 R16 108a46 aa00 shared
B 004fd4 R32 10aa32 00000000 shared
B 004fe2 R32 10aa38 00006000 shared
B 004fe6 R32 10a9f8 00005800 shared
B 004fd0 R16 108a48 ab00 shared
B 004fd4 R32 10ab32 00000000 shared
B 004fe2 R32 10ab38 00006000 shared
B 004fe6 R32 10aa38 00006000 shared
B 004fd0 R16 108a4a aa40 shared
B 004fd4 R32 10aa72 00000000 shared
B 004fe2 R32 10aa78 00006800 shared
B 004fe6 R32 10ab38 00006000 shared
B 004fd0 R16 108a4c ab40 shared
B 004fd4 R32 10ab72 00000000 shared
B 004fe2 R32 10ab78 00006800 shared
B 004fe6 R32 10aa78 00006800 shared
B 004fd0 R16 108a4e aa80 shared
B 004fd4 R32 10aab2 00000000 shared
B 004fe2 R32 10aab8 00007000 shared
B 004fe6 R32 10ab78 00006800 shared
B 004fd0 R16 108a50 ab80 shared
B 004fd4 R32 10abb2 00000000 shared
B 004fe2 R32 10abb8 00007000 shared
B 004fe6 R32 10aab8 00007000 shared
B 004fd0 R16 108a52 aac0 shared
B 004fd4 R32 10aaf2 00000000 shared
B 004fe2 R32 10aaf8 00007800 shared
B 004fe6 R32 10abb8 00007000 shared
B 004fd0 R16 108a54 abc0 shared
B 004fd4 R32 10abf2 00000000 shared
B 004fe2 R32 10abf8 00007800 shared
B 004fe6 R32 10aaf8 00007800 shared
B 004fd0 R16 108a56 ac00 shared
B 004fd4 R32 10ac32 00000000 shared
B 004fe2 R32 10ac38 00008000 shared
B 004fe6 R32 10abf8 00007800 shared
B 004fd0 R16 108a58 ad00 shared
B 004fd4 R32 10ad32 00000000 shared
B 004fe2 R32 10ad38 00008000 shared
B 004fe6 R32 10ac38 00008000 shared
B 004fd0 R16 108a5a ac40 shared
B 004fd4 R32 10ac72 00000000 shared
B 004fe2 R32 10ac78 00008800 shared
B 004fe6 R32 10ad38 00008000 shared
B 004fd0 R16 108a5c ad40 shared
B 004fd4 R32 10ad72 00000000 shared
B 004fe2 R32 10ad78 00008800 shared
B 004fe6 R32 10ac78 00008800 shared
B 004fd0 R16 108a5e ac80 shared
B 004fd4 R32 10acb2 00000000 shared
B 004fe2 R32 10acb8 00009000 shared
B 004fe6 R32 10ad78 00008800 shared
B 004fd0 R16 108a60 ad80 shared
B 004fd4 R32 10adb2 00000000 shared
B 004fe2 R32 10adb8 00009000 shared
B 004fe6 R32 10acb8 00009000 shared
B 004fd0 R16 108a62 acc0 shared
B 004fd4 R32 10acf2 00000000 shared
B 004fe2 R32 10acf8 00009800 shared
B 004fe6 R32 10adb8 00009000 shared
B 004fd0 R16 108a64 adc0 shared
B 004fd4 R32 10adf2 00000000 shared
B 004fe2 R32 10adf8 00009800 shared
B 004fe6 R32 10acf8 00009800 shared
B 004fd0 R16 108a66 ae00 shared
B 004fd4 R32 10ae32 00000000 shared
B 004fe2 R32 10ae38 0000a000 shared
B 004fe6 R32 10adf8 00009800 shared
B 004fd0 R16 108a68 af00 shared
B 004fd4 R32 10af32 00000000 shared
B 004fe2 R32 10af38 0000a000 shared
B 004fe6 R32 10ae38 0000a000 shared
B 004fd0 R16 108a6a ae40 shared
B 004fd4 R32 10ae72 00000000 shared
B 004fe2 R32 10ae78 0000a800 shared
B 004fe6 R32 10af38 0000a000 shared
B 004fd0 R16 108a6c af40 shared
B 004fd4 R32 10af72 00000000 shared
B 004fe2 R32 10af78 0000a800 shared
B 004fe6 R32 10ae78 0000a800 shared
B 004fd0 R16 108a6e ae80 shared
B 004fd4 R32 10aeb2 00000000 shared
B 004fe2 R32 10aeb8 0000b000 shared
B 004fe6 R32 10af78 0000a800 shared
B 004fd0 R16 108a70 af80 shared
B 004fd4 R32 10afb2 00000000 shared
B 004fe2 R32 10afb8 0000b000 shared
B 004fe6 R32 10aeb8 0000b000 shared
B 004fd0 R16 108a72 aec0 shared
B 004fd4 R32 10aef2 00000000 shared
B 004fe2 R32 10aef8 0000b800 shared
B 004fe6 R32 10afb8 0000b000 shared
B 004fd0 R16 108a74 afc0 shared
B 004fd4 R32 10aff2 00000000 shared
B 004fe2 R32 10aff8 0000b800 shared
B 004fe6 R32 10aef8 0000b800 shared
B 004fd0 R16 108a76 a080 shared
B 004fd4 R32 10a0b2 00000000 shared
B 004fe2 R32 10a0b8 00040083 shared
B 004fe6 R32 10aff8 0000b800 shared
B 004fd0 R16 108a78 a100 shared
B 004fd4 R32 10a132 00000000 shared
B 004fe2 R32 10a138 ffffffff shared
B 004fe6 R32 10a0b8 00040083 shared
B 004fd0 R16 108a7a a200 shared
B 004fd4 R32 10a232 00000000 shared
B 004fe2 R32 10a238 ffffffff shared
B 004fe6 R32 10a138 ffffffff shared
B 004fd0 R16 108a7c a240 shared
B 004fd4 R32 10a272 00000000 shared
B 004fe2 R32 10a278 ffffffff shared
B 004fe6 R32 10a238 ffffffff shared
B 004fd0 R16 108a7e b000 shared
B 004fd4 R32 10b032 00000000 shared
B 004fe2 R32 10b038 ffffffff shared
B 004fe6 R32 10a278 ffffffff shared
B 004fd0 R16 108a80 b040 shared
B 004fd4 R32 10b072 00000000 shared
B 004fe2 R32 10b078 ffffffff shared
B 004fe6 R32 10b038 ffffffff shared
B 004fd0 R16 108a82 b080 shared
B 004fd4 R32 10b0b2 00000000 shared
B 004fe2 R32 10b0b8 ffffffff shared
B 004fe6 R32 10b078 ffffffff shared
B 004fd0 R16 108a84 b0c0 shared
B 004fd4 R32 10b0f2 00000000 shared
B 004fe2 R32 10b0f8 ffffffff shared
B 004fe6 R32 10b0b8 ffffffff shared
B 004fd0 R16 108a86 b100 shared
B 004fd4 R32 10b132 00000000 shared
B 004fe2 R32 10b138 ffffffff shared
B 004fe6 R32 10b0f8 ffffffff shared
B 004fd0 R16 108a88 b140 shared
B 004fd4 R32 10b172 00000000 shared
B 004fe2 R32 10b178 ffffffff shared
B 004fe6 R32 10b138 ffffffff shared
B 004fd0 R16 108a8a b180 shared
B 004fd4 R32 10b1b2 00000000 shared
B 004fe2 R32 10b1b8 ffffffff shared
B 004fe6 R32 10b178 ffffffff shared
B 004fd0 R16 108a8c b1c0 shared
B 004fd4 R32 10b1f2 00000000 shared
B 004fe2 R32 10b1f8 ffffffff shared
B 004fe6 R32 10b1b8 ffffffff shared
B 004fd0 R16 108a8e b200 shared
B 004fd4 R32 10b232 00000000 shared
B 004fe2 R32 10b238 ffffffff shared
B 004fe6 R32 10b1f8 ffffffff shared
B 004fd0 R16 108a90 b240 shared
B 004fd4 R32 10b272 00000000 shared
B 004fe2 R32 10b278 ffffffff shared
B 004fe6 R32 10b238 ffffffff shared
B 004fd0 R16 108a92 b280 shared
B 004fd4 R32 10b2b2 00000000 shared
B 004fe2 R32 10b2b8 ffffffff shared
B 004fe6 R32 10b278 ffffffff shared
B 004fd0 R16 108a94 b2c0 shared
B 004fd4 R32 10b2f2 00000000 shared
B 004fe2 R32 10b2f8 ffffffff shared
B 004fe6 R32 10b2b8 ffffffff shared
B 004fd0 R16 108a96 b300 shared
B 004fd4 R32 10b332 00000000 shared
B 004fe2 R32 10b338 ffffffff shared
B 004fe6 R32 10b2f8 ffffffff shared
B 004fd0 R16 108a98 b340 shared
B 004fd4 R32 10b372 00000000 shared
B 004fe2 R32 10b378 ffffffff shared
B 004fe6 R32 10b338 ffffffff shared
B 004fd0 R16 108a9a b380 shared
B 004fd4 R32 10b3b2 00000000 shared
B 004fe2 R32 10b3b8 ffffffff shared
B 004fe6 R32 10b378 ffffffff shared
B 004fd0 R16 108a9c b3c0 shared
B 004fd4 R32 10b3f2 00000000 shared
B 004fe2 R32 10b3f8 ffffffff shared
B 004fe6 R32 10b3b8 ffffffff shared
B 004fd0 R16 108a9e b400 shared
B 004fd4 R32 10b432 00000000 shared
B 004fe2 R32 10b438 ffffffff shared
B 004fe6 R32 10b3f8 ffffffff shared
B 004fd0 R16 108aa0 b440 shared
B 004fd4 R32 10b472 00000000 shared
B 004fe2 R32 10b478 ffffffff shared
B 004fe6 R32 10b438 ffffffff shared
B 004fd0 R16 108aa2 b480 shared
B 004fd4 R32 10b4b2 00000000 shared
B 004fe2 R32 10b4b8 ffffffff shared
B 004fe6 R32 10b478 ffffffff shared
B 004fd0 R16 108aa4 b4c0 shared
B 004fd4 R32 10b4f2 00000000 shared
B 004fe2 R32 10b4f8 ffffffff shared
B 004fe6 R32 10b4b8 ffffffff shared
B 004fd0 R16 108aa6 b500 shared
B 004fd4 R32 10b532 00000000 shared
B 004fe2 R32 10b538 ffffffff shared
B 004fe6 R32 10b4f8 ffffffff shared
B 004fd0 R16 108aa8 b540 shared
B 004fd4 R32 10b572 00000000 shared
B 004fe2 R32 10b578 ffffffff shared
B 004fe6 R32 10b538 ffffffff shared
B 004fd0 R16 108aaa b580 shared
B 004fd4 R32 10b5b2 00000000 shared
B 004fe2 R32 10b5b8 ffffffff shared
B 004fe6 R32 10b578 ffffffff shared
B 004fd0 R16 108aac b5c0 shared
B 004fd4 R32 10b5f2 00000000 shared
B 004fe2 R32 10b5f8 ffffffff shared
B 004fe6 R32 10b5b8 ffffffff shared
B 004fd0 R16 108aae b600 shared
B 004fd4 R32 10b632 00000000 shared
B 004fe2 R32 10b638 ffffffff shared
B 004fe6 R32 10b5f8 ffffffff shared
B 004fd0 R16 108ab0 b640 shared
B 004fd4 R32 10b672 00000000 shared
B 004fe2 R32 10b678 ffffffff shared
B 004fe6 R32 10b638 ffffffff shared
B 004fd0 R16 108ab2 b680 shared
B 004fd4 R32 10b6b2 00000000 shared
B 004fe2 R32 10b6b8 ffffffff shared
B 004fe6 R32 10b678 ffffffff shared
B 004fd0 R16 108ab4 b6c0 shared
B 004fd4 R32 10b6f2 00000000 shared
B 004fe2 R32 10b6f8 ffffffff shared
B 004fe6 R32 10b6b8 ffffffff shared
B 004fd0 R16 108ab6 b700 shared
B 004fd4 R32 10b732 00000000 shared
B 004fe2 R32 10b738 ffffffff shared
B 004fe6 R32 10b6f8 ffffffff shared
B 004fd0 R16 108ab8 b740 shared
B 004fd4 R32 10b772 00000000 shared
B 004fe2 R32 10b778 ffffffff shared
B 004fe6 R32 10b738 ffffffff shared
B 004fd0 R16 108aba b780 shared
B 004fd4 R32 10b7b2 00000000 shared
B 004fe2 R32 10b7b8 ffffffff shared
B 004fe6 R32 10b778 ffffffff shared
B 004fd0 R16 108abc b7c0 shared
B 004fd4 R32 10b7f2 00000000 shared
B 004fe2 R32 10b7f8 ffffffff shared
B 004fe6 R32 10b7b8 ffffffff shared
B 004fd0 R16 108abe b800 shared
B 004fd4 R32 10b832 00000000 shared
B 004fe2 R32 10b838 ffffffff shared
B 004fe6 R32 10b7f8 ffffffff shared
B 004fd0 R16 108ac0 b840 shared
B 004fd4 R32 10b872 00000000 shared
B 004fe2 R32 10b878 ffffffff shared
B 004fe6 R32 10b838 ffffffff shared
B 004fd0 R16 108ac2 b880 shared
B 004fd4 R32 10b8b2 00000000 shared
B 004fe2 R32 10b8b8 ffffffff shared
B 004fe6 R32 10b878 ffffffff shared
B 004fd0 R16 108ac4 b8c0 shared
B 004fd4 R32 10b8f2 00000000 shared
B 004fe2 R32 10b8f8 ffffffff shared
B 004fe6 R32 10b8b8 ffffffff shared
B 004fd0 R16 108ac6 b900 shared
B 004fd4 R32 10b932 00000000 shared
B 004fe2 R32 10b938 ffffffff shared
B 004fe6 R32 10b8f8 ffffffff shared
B 004fd0 R16 108ac8 b940 shared
B 004fd4 R32 10b972 00000000 shared
B 004fe2 R32 10b978 ffffffff shared
B 004fe6 R32 10b938 ffffffff shared
B 004fd0 R16 108aca b980 shared
B 004fd4 R32 10b9b2 00000000 shared
B 004fe2 R32 10b9b8 ffffffff shared
B 004fe6 R32 10b978 ffffffff shared
B 004fd0 R16 108acc b9c0 shared
B 004fd4 R32 10b9f2 00000000 shared
B 004fe2 R32 10b9f8 ffffffff shared
B 004fe6 R32 10b9b8 ffffffff shared
B 004fd0 R16 108ace ba00 shared
B 004fd4 R32 10ba32 00000000 shared
B 004fe2 R32 10ba38 ffffffff shared
B 004fe6 R32 10b9f8 ffffffff shared
B 004fd0 R16 108ad0 ba40 shared
B 004fd4 R32 10ba72 00000000 shared
B 004fe2 R32 10ba78 ffffffff shared
B 004fe6 R32 10ba38 ffffffff shared
B 004fd0 R16 108ad2 ba80 shared
B 004fd4 R32 10bab2 00000000 shared
B 004fe2 R32 10bab8 ffffffff shared
B 004fe6 R32 10ba78 ffffffff shared
B 004fd0 R16 108ad4 bac0 shared
B 004fd4 R32 10baf2 00000000 shared
B 004fe2 R32 10baf8 ffffffff shared
B 004fe6 R32 10bab8 ffffffff shared
B 004fd0 R16 108ad6 bb00 shared
B 004fd4 R32 10bb32 00000000 shared
B 004fe2 R32 10bb38 ffffffff shared
B 004fe6 R32 10baf8 ffffffff shared
B 004fd0 R16 108ad8 bb40 shared
B 004fd4 R32 10bb72 00000000 shared
B 004fe2 R32 10bb78 ffffffff shared
B 004fe6 R32 10bb38 ffffffff shared
B 004fd0 R16 108ada bb80 shared
B 004fd4 R32 10bbb2 00000000 shared
B 004fe2 R32 10bbb8 ffffffff shared
B 004fe6 R32 10bb78 ffffffff shared
B 004fd0 R16 108adc bbc0 shared
B 004fd4 R32 10bbf2 00000000 shared
B 004fe2 R32 10bbf8 ffffffff shared
B 004fe6 R32 10bbb8 ffffffff shared
B 004fd0 R16 108ade bc00 shared
B 004fd4 R32 10bc32 00000000 shared
B 004fe2 R32 10bc38 ffffffff shared
B 004fe6 R32 10bbf8 ffffffff shared
B 004fd0 R16 108ae0 bc40 shared
B 004fd4 R32 10bc72 00000000 shared
B 004fe2 R32 10bc78 ffffffff shared
B 004fe6 R32 10bc38 ffffffff shared
B 004fd0 R16 108ae2 bc80 shared
B 004fd4 R32 10bcb2 00000000 shared
B 004fe2 R32 10bcb8 ffffffff shared
B 004fe6 R32 10bc78 ffffffff shared
B 004fd0 R16 108ae4 bcc0 shared
B 004fd4 R32 10bcf2 00000000 shared
B 004fe2 R32 10bcf8 ffffffff shared
B 004fe6 R32 10bcb8 ffffffff shared
B 004fd0 R16 108ae6 bd00 shared
B 004fd4 R32 10bd32 00000000 shared
B 004fe2 R32 10bd38 ffffffff shared
B 004fe6 R32 10bcf8 ffffffff shared
B 004fd0 R16 108ae8 bd40 shared
B 004fd4 R32 10bd72 00000000 shared
B 004fe2 R32 10bd78 ffffffff shared
A 044274 R16 10a746 0000 shared
A 04427c R16 101852 0000 work_low
A 0442c6 R16 10a768 5880 shared
A 044300 R16 101840 1b5f work_low
A 044300 W16 101840 1c5f work_low
A 044308 W16 10277e 019a work_low
A 044308 W16 10277c 0055 work_low
A 04430a W16 10277a 588e work_low
A 04430a W16 102778 1c1f work_low
A 04430c R16 101842 0010 work_low
A 04430c W16 101842 0011 work_low
A 040e9e W16 108afe 0067 shared
A 040eb2 R16 108a2e a680 shared
A 040eb6 R16 10a6b6 036a shared
A 040eba R16 101866 0000 work_low
A 040ec2 R8 10a6b0 ff shared
A 0440ec R8 10a6b2 00 shared
A 0440f4 R8 10185a 00 work_low
A 0440fc R32 10a6b8 00003000 shared
A 044104 R32 101a00 00000000 work_low
A 04414a R16 101894 0000 work_low
A 044162 R8 10a6b0 ff shared
A 04418e R16 101886 0000 work_low
A 044192 R16 10188a 0000 work_low
A 0441a6 R16 10825e 0000 shared
A 0441aa R16 108260 0000 shared
A 0441b6 R16 10188e 0000 work_low
A 0441ce R16 10a684 8f00 shared
A 0441d2 R8 10a6b0 ff shared
A 0441de R16 101a04 86f0 work_low
A 0441f2 R16 108088 0000 shared
A 04421c R16 10845e 0000 shared
A 044220 R16 108460 0000 shared
A 044240 R16 1018aa 0000 work_low
A 04425c R16 10a6b6 036a shared
A 044274 R16 10a686 0000 shared
A 04427c R16 101852 0000 work_low
A 0442c6 R16 10a6a8 4c80 shared
A 044300 R16 101840 1c5f work_low
A 044300 W16 101840 1d5f work_low
A 044308 W16 102776 0146 work_low
A 044308 W16 102774 40ab work_low
A 04430a W16 102772 4c8c work_low
A 04430a W16 102770 181d work_low
A 04430c R16 101842 0011 work_low
A 04430c W16 101842 0012 work_low
A 04438e R16 101840 1d5f work_low
A 04438e W16 101840 1e5f work_low
A 044396 W16 10276e 01b1 work_low
A 044396 W16 10276c 40ab work_low
A 044398 W16 10276a 4c8c work_low
A 044398 W16 102768 1810 work_low
A 04439a R16 101842 0012 work_low
A 04439a W16 101842 0013 work_low
A 040e9e W16 108afe 0066 shared
A 040eb2 R16 108a30 a780 shared
A 040eb6 R16 10a7b6 034e shared
A 040eba R16 101866 0000 work_low
A 040ec2 R8 10a7b0 ff shared
A 0440ec R8 10a7b2 00 shared
A 0440f4 R8 10185a 00 work_low
A 0440fc R32 10a7b8 00003000 shared
A 044104 R32 101a00 00000000 work_low
A 04414a R16 101894 0000 work_low
A 044162 R8 10a7b0 ff shared
A 04418e R16 101886 0000 work_low
A 044192 R16 10188a 0000 work_low
A 0441a6 R16 10825e 0000 shared
A 0441aa R16 108260 0000 shared
A 0441b6 R16 10188e 0000 work_low
A 0441ce R16 10a784 6c60 shared
A 0441d2 R8 10a7b0 ff shared
A 0441de R16 101a04 86f0 work_low
A 0441f2 R16 108088 0000 shared
A 04421c R16 10845e 0000 shared
A 044220 R16 108460 0000 shared
A 044240 R16 1018aa 0000 work_low
A 04425c R16 10a7b6 034e shared
A 044274 R16 10a786 0000 shared
A 04427c R16 101852 0000 work_low
A 0442c6 R16 10a7a8 5880 shared
A 044300 R16 101840 1e5f work_low
A 044300 W16 101840 1f5f work_low
A 044308 W16 102766 019a work_low
A 044308 W16 102764 0061 work_low
A 04430a W16 102762 588c work_low
A 04430a W16 102760 181d work_low
A 04430c R16 101842 0013 work_low
A 04430c W16 101842 0014 work_low
A 040e9e W16 108afe 0065 shared
A 040eb2 R16 108a32 a6c0 shared
A 040eb6 R16 10a6f6 036a shared
A 040eba R16 101866 0000 work_low
A 040ec2 R8 10a6f0 ff shared
A 0440ec R8 10a6f2 00 shared
A 0440f4 R8 10185a 00 work_low
A 0440fc R32 10a6f8 00003800 shared
A 044104 R32 101a00 00000000 work_low
A 04414a R16 101894 0000 work_low
A 044162 R8 10a6f0 ff shared
A 04418e R16 101886 0000 work_low
A 044192 R16 10188a 0000 work_low
A 0441a6 R16 10826e 0000 shared
A 0441aa R16 108270 0000 shared
A 0441b6 R16 10188e 0000 work_low
A 0441ce R16 10a6c4 8f00 shared
A 0441d2 R8 10a6f0 ff shared
A 0441de R16 101a04 86f0 work_low
A 0441f2 R16 108088 0000 shared
A 04421c R16 10846e 0000 shared
A 044220 R16 108470 0000 shared
A 044240 R16 1018aa 0000 work_low
A 04425c R16 10a6f6 036a shared
A 044274 R16 10a6c6 0000 shared
A 04427c R16 101852 0000 work_low
A 0442c6 R16 10a6e8 4c80 shared
A 044300 R16 101840 1f5f work_low
A 044300 W16 101840 205f work_low
A 044308 W16 10275e 0146 work_low
A 044308 W16 10275c 40aa work_low
A 04430a W16 10275a 4c8a work_low
A 04430a W16 102758 141c work_low
A 04430c R16 101842 0014 work_low
A 04430c W16 101842 0015 work_low
A 04438e R16 101840 205f work_low
A 04438e W16 101840 215f work_low
A 044396 W16 102756 01b1 work_low
A 044396 W16 102754 40aa work_low
A 044398 W16 102752 4c8a work_low
A 044398 W16 102750 1411 work_low
A 04439a R16 101842 0015 work_low
A 04439a W16 101842 0016 work_low
A 040e9e W16 108afe 0064 shared
A 040eb2 R16 108a34 a7c0 shared
A 040eb6 R16 10a7f6 034e shared
A 040eba R16 101866 0000 work_low
A 040ec2 R8 10a7f0 ff shared
A 0440ec R8 10a7f2 00 shared
A 0440f4 R8 10185a 00 work_low
A 0440fc R32 10a7f8 00003800 shared
A 044104 R32 101a00 00000000 work_low
A 04414a R16 101894 0000 work_low
A 044162 R8 10a7f0 ff shared
A 04418e R16 101886 0000 work_low
A 044192 R16 10188a 0000 work_low
A 0441a6 R16 10826e 0000 shared
A 0441aa R16 108270 0000 shared
A 0441b6 R16 10188e 0000 work_low
A 0441ce R16 10a7c4 6c60 shared
A 0441d2 R8 10a7f0 ff shared
A 0441de R16 101a04 86f0 work_low
A 0441f2 R16 108088 0000 shared
A 04421c R16 10846e 0000 shared
A 044220 R16 108470 0000 shared
A 044240 R16 1018aa 0000 work_low
A 04425c R16 10a7f6 034e shared
A 044274 R16 10a7c6 0000 shared
A 04427c R16 101852 0000 work_low
A 0442c6 R16 10a7e8 5880 shared
A 044300 R16 101840 215f work_low
A 044300 W16 101840 225f work_low
A 044308 W16 10274e 019a work_low
A 044308 W16 10274c 006a work_low
A 04430a W16 10274a 588a work_low
A 04430a W16 102748 141c work_low
A 04430c R16 101842 0016 work_low
A 04430c W16 101842 0017 work_low
A 040e9e W16 108afe 0063 shared
A 040eb2 R16 108a36 a800 shared
A 040eb6 R16 10a836 036a shared
A 040eba R16 101866 0000 work_low
A 040ec2 R8 10a830 ff shared
A 0440ec R8 10a832 00 shared
A 0440f4 R8 10185a 00 work_low
A 0440fc R32 10a838 00004000 shared
A 044104 R32 101a00 00000000 work_low
A 04414a R16 101894 0000 work_low
A 044162 R8 10a830 ff shared
A 04418e R16 101886 0000 work_low
A 044192 R16 10188a 0000 work_low
A 0441a6 R16 10827e 0000 shared
A 0441aa R16 108280 0000 shared
A 0441b6 R16 10188e 0000 work_low
A 0441ce R16 10a804 8f00 shared
A 0441d2 R8 10a830 ff shared
A 0441de R16 101a04 86f0 work_low
A 0441f2 R16 108088 0000 shared
A 04421c R16 10847e 0000 shared
A 044220 R16 108480 0000 shared
A 044240 R16 1018aa 0000 work_low
A 04425c R16 10a836 036a shared
A 044274 R16 10a806 0000 shared
A 04427c R16 101852 0000 work_low
A 0442c6 R16 10a828 4c80 shared
A 044300 R16 101840 225f work_low
A 044300 W16 101840 235f work_low
A 044308 W16 102746 0146 work_low
A 044308 W16 102744 40a9 work_low
A 04430a W16 102742 4c89 work_low
A 04430a W16 102740 121b work_low
A 04430c R16 101842 0017 work_low
A 04430c W16 101842 0018 work_low
A 04438e R16 101840 235f work_low
A 04438e W16 101840 245f work_low
A 044396 W16 10273e 01b1 work_low
A 044396 W16 10273c 40a9 work_low
A 044398 W16 10273a 4c89 work_low
A 044398 W16 102738 1211 work_low
A 04439a R16 101842 0018 work_low
A 04439a W16 101842 0019 work_low
A 040e9e W16 108afe 0062 shared
A 040eb2 R16 108a38 a900 shared
A 040eb6 R16 10a936 034e shared
A 040eba R16 101866 0000 work_low
A 040ec2 R8 10a930 ff shared
A 0440ec R8 10a932 00 shared
A 0440f4 R8 10185a 00 work_low
A 0440fc R32 10a938 00004000 shared
A 044104 R32 101a00 00000000 work_low
A 04414a R16 101894 0000 work_low
A 044162 R8 10a930 ff shared
A 04418e R16 101886 0000 work_low
A 044192 R16 10188a 0000 work_low
A 0441a6 R16 10827e 0000 shared
A 0441aa R16 108280 0000 shared
A 0441b6 R16 10188e 0000 work_low
A 0441ce R16 10a904 6c60 shared
A 0441d2 R8 10a930 ff shared
A 0441de R16 101a04 86f0 work_low
A 0441f2 R16 108088 0000 shared
A 04421c R16 10847e 0000 shared
A 044220 R16 108480 0000 shared
A 044240 R16 1018aa 0000 work_low
A 04425c R16 10a936 034e shared
A 044274 R16 10a906 0000 shared
A 04427c R16 101852 0000 work_low
A 0442c6 R16 10a928 5880 shared
A 044300 R16 101840 245f work_low
A 044300 W16 101840 255f work_low
A 044308 W16 102736 019a work_low
A 044308 W16 102734 0071 work_low
A 04430a W16 102732 5889 work_low
A 04430a W16 102730 121b work_low
A 04430c R16 101842 0019 work_low
A 04430c W16 101842 001a work_low
A 040e9e W16 108afe 0061 shared
A 040eb2 R16 108a3a a840 shared
A 040eb6 R16 10a876 036a shared
A 040eba R16 101866 0000 work_low
A 040ec2 R8 10a870 ff shared
A 0440ec R8 10a872 00 shared
A 0440f4 R8 10185a 00 work_low
A 0440fc R32 10a878 00004800 shared
A 044104 R32 101a00 00000000 work_low
A 04414a R16 101894 0000 work_low
A 044162 R8 10a870 ff shared
A 04418e R16 101886 0000 work_low
A 044192 R16 10188a 0000 work_low
A 0441a6 R16 10828e 0000 shared
A 0441aa R16 108290 0000 shared
A 0441b6 R16 10188e 0000 work_low
A 0441ce R16 10a844 8f00 shared
A 0441d2 R8 10a870 ff shared
A 0441de R16 101a04 86f0 work_low
A 0441f2 R16 108088 0000 shared
A 04421c R16 10848e 0000 shared
A 044220 R16 108490 0000 shared
A 044240 R16 1018aa 0000 work_low
A 04425c R16 10a876 036a shared
A 044274 R16 10a846 0000 shared
A 04427c R16 101852 0000 work_low
A 0442c6 R16 10a868 4c80 shared
B 004fe6 R32 10bd38 ffffffff shared
B 004fd0 R16 108aea bd80 shared
B 004fd4 R32 10bdb2 00000000 shared
B 004fe2 R32 10bdb8 ffffffff shared
B 004fe6 R32 10bd78 ffffffff shared
B 004fd0 R16 108aec bdc0 shared
B 004fd4 R32 10bdf2 00000000 shared
B 004fe2 R32 10bdf8 ffffffff shared
B 004fe6 R32 10bdb8 ffffffff shared
B 004fd0 R16 108aee be00 shared
B 004fd4 R32 10be32 ffffffff shared
B 004fd0 R16 108af0 be40 shared
B 004fd4 R32 10be72 ffffffff shared
B 004fe2 R32 10be78 ffffffff shared
B 004fe6 R32 10be38 ffffffff shared
B 004fd0 R16 108af2 be80 shared
B 004fd4 R32 10beb2 ffffffff shared
B 004fe2 R32 10beb8 ffffffff shared
B 004fe6 R32 10be78 ffffffff shared
B 004fd0 R16 108af4 bec0 shared
B 004fd4 R32 10bef2 ffffffff shared
B 004fe2 R32 10bef8 ffffffff shared
B 004fe6 R32 10beb8 ffffffff shared
B 004fd0 R16 108af6 bf00 shared
B 004fd4 R32 10bf32 ffffffff shared
B 004fe2 R32 10bf38 ffffffff shared
B 004fe6 R32 10bef8 ffffffff shared
B 004fd0 R16 108af8 bf40 shared
B 004fd4 R32 10bf72 ffffffff shared
B 004fe2 R32 10bf78 ffffffff shared
B 004fe6 R32 10bf38 ffffffff shared
B 004fd0 R16 108afa bf80 shared
B 004fd4 R32 10bfb2 ffffffff shared
B 004fe2 R32 10bfb8 ffffffff shared
B 004fe6 R32 10bf78 ffffffff shared
B 004fd0 R16 108afc bfc0 shared
B 004fd4 R32 10bff2 ffffffff shared
B 004fe2 R32 10bff8 ffffffff shared
B 004fe6 R32 10bfb8 ffffffff shared
B 00501e R16 108afa bf80 shared
B 005022 R32 10bfb2 ffffffff shared
B 005030 R32 10bff8 ffffffff shared
B 005034 R32 10bfb8 ffffffff shared
B 00501e R16 108af8 bf40 shared
B 005022 R32 10bf72 ffffffff shared
B 005030 R32 10bfb8 ffffffff shared
B 005034 R32 10bf78 ffffffff shared
B 00501e R16 108af6 bf00 shared
B 005022 R32 10bf32 ffffffff shared
B 005030 R32 10bf78 ffffffff shared
B 005034 R32 10bf38 ffffffff shared
B 00501e R16 108af4 bec0 shared
B 005022 R32 10bef2 ffffffff shared
B 005030 R32 10bf38 ffffffff shared
B 005034 R32 10bef8 ffffffff shared
B 00501e R16 108af2 be80 shared
B 005022 R32 10beb2 ffffffff shared
B 005030 R32 10bef8 ffffffff shared
B 005034 R32 10beb8 ffffffff shared
B 00501e R16 108af0 be40 shared
B 005022 R32 10be72 ffffffff shared
B 005030 R32 10beb8 ffffffff shared
B 005034 R32 10be78 ffffffff shared
B 00501e R16 108aee be00 shared
B 005022 R32 10be32 ffffffff shared
B 005030 R32 10be78 ffffffff shared
B 005034 R32 10be38 ffffffff shared
B 00501e R16 108aec bdc0 shared
B 005022 R32 10bdf2 00000000 shared
B 00501e R16 108aea bd80 shared
B 005022 R32 10bdb2 00000000 shared
B 005030 R32 10bdf8 ffffffff shared
B 005034 R32 10bdb8 ffffffff shared
B 00501e R16 108ae8 bd40 shared
B 005022 R32 10bd72 00000000 shared
B 005030 R32 10bdb8 ffffffff shared
B 005034 R32 10bd78 ffffffff shared
B 00501e R16 108ae6 bd00 shared
B 005022 R32 10bd32 00000000 shared
B 005030 R32 10bd78 ffffffff shared
B 005034 R32 10bd38 ffffffff shared
B 00501e R16 108ae4 bcc0 shared
B 005022 R32 10bcf2 00000000 shared
B 005030 R32 10bd38 ffffffff shared
B 005034 R32 10bcf8 ffffffff shared
B 00501e R16 108ae2 bc80 shared
B 005022 R32 10bcb2 00000000 shared
B 005030 R32 10bcf8 ffffffff shared
B 005034 R32 10bcb8 ffffffff shared
B 00501e R16 108ae0 bc40 shared
B 005022 R32 10bc72 00000000 shared
B 005030 R32 10bcb8 ffffffff shared
B 005034 R32 10bc78 ffffffff shared
B 00501e R16 108ade bc00 shared
B 005022 R32 10bc32 00000000 shared
B 005030 R32 10bc78 ffffffff shared
B 005034 R32 10bc38 ffffffff shared
B 00501e R16 108adc bbc0 shared
B 005022 R32 10bbf2 00000000 shared
B 005030 R32 10bc38 ffffffff shared
B 005034 R32 10bbf8 ffffffff shared
B 00501e R16 108ada bb80 shared
B 005022 R32 10bbb2 00000000 shared
B 005030 R32 10bbf8 ffffffff shared
B 005034 R32 10bbb8 ffffffff shared
B 00501e R16 108ad8 bb40 shared
B 005022 R32 10bb72 00000000 shared
B 005030 R32 10bbb8 ffffffff shared
B 005034 R32 10bb78 ffffffff shared
B 00501e R16 108ad6 bb00 shared
B 005022 R32 10bb32 00000000 shared
B 005030 R32 10bb78 ffffffff shared
B 005034 R32 10bb38 ffffffff shared
B 00501e R16 108ad4 bac0 shared
B 005022 R32 10baf2 00000000 shared
B 005030 R32 10bb38 ffffffff shared
B 005034 R32 10baf8 ffffffff shared
B 00501e R16 108ad2 ba80 shared
B 005022 R32 10bab2 00000000 shared
B 005030 R32 10baf8 ffffffff shared
B 005034 R32 10bab8 ffffffff shared
B 00501e R16 108ad0 ba40 shared
B 005022 R32 10ba72 00000000 shared
B 005030 R32 10bab8 ffffffff shared
B 005034 R32 10ba78 ffffffff shared
B 00501e R16 108ace ba00 shared
B 005022 R32 10ba32 00000000 shared
B 005030 R32 10ba78 ffffffff shared
B 005034 R32 10ba38 ffffffff shared
B 00501e R16 108acc b9c0 shared
B 005022 R32 10b9f2 00000000 shared
B 005030 R32 10ba38 ffffffff shared
B 005034 R32 10b9f8 ffffffff shared
B 00501e R16 108aca b980 shared
B 005022 R32 10b9b2 00000000 shared
B 005030 R32 10b9f8 ffffffff shared
B 005034 R32 10b9b8 ffffffff shared
B 00501e R16 108ac8 b940 shared
B 005022 R32 10b972 00000000 shared
B 005030 R32 10b9b8 ffffffff shared
B 005034 R32 10b978 ffffffff shared
B 00501e R16 108ac6 b900 shared
B 005022 R32 10b932 00000000 shared
B 005030 R32 10b978 ffffffff shared
B 005034 R32 10b938 ffffffff shared
B 00501e R16 108ac4 b8c0 shared
B 005022 R32 10b8f2 00000000 shared
B 005030 R32 10b938 ffffffff shared
B 005034 R32 10b8f8 ffffffff shared
B 00501e R16 108ac2 b880 shared
B 005022 R32 10b8b2 00000000 shared
B 005030 R32 10b8f8 ffffffff shared
# trace lim