# space PC R/W bits address value region; hex values. ROM reads omitted unless --trace-all
A 00014e W8 800001 00 cpu_control_stub
A 000156 W16 a00004 0001 palette_registers
A 00015e W16 c2000c 0028 tile_control
A 000166 W16 c2000e 0000 tile_control
A 00043e W16 a00000 0bff palette_registers
A 000440 W16 a00002 1084 palette_registers
A 00043e W16 a00000 0bfe palette_registers
A 000440 W16 a00002 1084 palette_registers
A 00043e W16 a00000 0bfd palette_registers
A 000440 W16 a00002 1084 palette_registers
A 00043e W16 a00000 0bfc palette_registers
A 000440 W16 a00002 1084 palette_registers
A 00043e W16 a00000 0bfb palette_registers
A 000440 W16 a00002 1084 palette_registers
A 00043e W16 a00000 0bfa palette_registers
A 000440 W16 a00002 1084 palette_registers
A 00043e W16 a00000 0bf9 palette_registers
A 000440 W16 a00002 1084 palette_registers
A 00043e W16 a00000 0bf8 palette_registers
A 000440 W16 a00002 1084 palette_registers
A 00043e W16 a00000 0bf7 palette_registers
A 000440 W16 a00002 1084 palette_registers
A 00043e W16 a00000 0bf6 palette_registers
A 000440 W16 a00002 1084 palette_registers
A 00043e W16 a00000 0bf5 palette_registers
A 000440 W16 a00002 1084 palette_registers
A 00043e W16 a00000 0bf4 palette_registers
A 000440 W16 a00002 1084 palette_registers
A 00043e W16 a00000 0bf3 palette_registers
A 000440 W16 a00002 1084 palette_registers
A 00043e W16 a00000 0bf2 palette_registers
A 000440 W16 a00002 1084 palette_registers
A 00043e W16 a00000 0bf1 palette_registers
A 000440 W16 a00002 1084 palette_registers
A 00043e W16 a00000 0bf0 palette_registers
A 000440 W16 a00002 0000 palette_registers
A 00043e W16 a00000 0bef palette_registers
A 000440 W16 a00002 218c palette_registers
A 00043e W16 a00000 0bee palette_registers
A 000440 W16 a00002 3a52 palette_registers
A 00043e W16 a00000 0bed palette_registers
A 000440 W16 a00002 5b5a palette_registers
A 00043e W16 a00000 0bec palette_registers
A 000440 W16 a00002 3140 palette_registers
A 00043e W16 a00000 0beb palette_registers
A 000440 W16 a00002 4a00 palette_registers
A 00043e W16 a00000 0bea palette_registers
A 000440 W16 a00002 7352 palette_registers
A 00043e W16 a00000 0be9 palette_registers
A 000440 W16 a00002 4212 palette_registers
A 00043e W16 a00000 0be8 palette_registers
A 000440 W16 a00002 0000 palette_registers
A 00043e W16 a00000 0be7 palette_registers
A 000440 W16 a00002 18c8 palette_registers
A 00043e W16 a00000 0be6 palette_registers
A 000440 W16 a00002 294c palette_registers
A 00043e W16 a00000 0be5 palette_registers
A 000440 W16 a00002 318e palette_registers
A 00043e W16 a00000 0be4 palette_registers
A 000440 W16 a00002 4a54 palette_registers
A 00043e W16 a00000 0be3 palette_registers
A 000440 W16 a00002 631a palette_registers
A 00043e W16 a00000 0be2 palette_registers
A 000440 W16 a00002 739e palette_registers
A 00043e W16 a00000 0be1 palette_registers
A 000440 W16 a00002 7bde palette_registers
A 00043e W16 a00000 0be0 palette_registers
A 000440 W16 a00002 0000 palette_registers
A 00043e W16 a00000 0bdf palette_registers
A 000440 W16 a00002 0000 palette_registers
A 00043e W16 a00000 0bde palette_registers
A 000440 W16 a00002 0000 palette_registers
A 00043e W16 a00000 0bdd palette_registers
A 000440 W16 a00002 0000 palette_registers
A 00043e W16 a00000 0bdc palette_registers
A 000440 W16 a00002 0000 palette_registers
A 00043e W16 a00000 0bdb palette_registers
A 000440 W16 a00002 0000 palette_registers
A 00043e W16 a00000 0bda palette_registers
A 000440 W16 a00002 0000 palette_registers
A 00043e W16 a00000 0bd9 palette_registers
A 000440 W16 a00002 0000 palette_registers
A 00043e W16 a00000 0bd8 palette_registers
A 000440 W16 a00002 0000 palette_registers
A 00043e W16 a00000 0bd7 palette_registers
A 000440 W16 a00002 0000 palette_registers
A 00043e W16 a00000 0bd6 palette_registers
A 000440 W16 a00002 0210 palette_registers
A 00043e W16 a00000 0bd5 palette_registers
A 000440 W16 a00002 4010 palette_registers
A 00043e W16 a00000 0bd4 palette_registers
A 000440 W16 a00002 6b5a palette_registers
A 00043e W16 a00000 0bd3 palette_registers
A 000440 W16 a00002 5ad6 palette_registers
A 00043e W16 a00000 0bd2 palette_registers
A 000440 W16 a00002 4a52 palette_registers
A 00043e W16 a00000 0bd1 palette_registers
A 000440 W16 a00002 39ce palette_registers
A 00043e W16 a00000 0bd0 palette_registers
A 000440 W16 a00002 0000 palette_registers
A 00043e W16 a00000 0bcf palette_registers
A 000440 W16 a00002 0000 palette_registers
A 00043e W16 a00000 0bce palette_registers
A 000440 W16 a00002 0000 palette_registers
A 00043e W16 a00000 0bcd palette_registers
A 000440 W16 a00002 0000 palette_registers
A 00043e W16 a00000 0bcc palette_registers
A 000440 W16 a00002 0000 palette_registers
A 00043e W16 a00000 0bcb palette_registers
A 000440 W16 a00002 0000 palette_registers
A 00043e W16 a00000 0bca palette_registers
A 000440 W16 a00002 0000 palette_registers
A 00043e W16 a00000 0bc9 palette_registers
A 000440 W16 a00002 0000 palette_registers
A 00043e W16 a00000 0bc8 palette_registers
A 000440 W16 a00002 0000 palette_registers
A 00043e W16 a00000 0bc7 palette_registers
A 000440 W16 a00002 0000 palette_registers
A 00043e W16 a00000 0bc6 palette_registers
A 000440 W16 a00002 0210 palette_registers
A 00043e W16 a00000 0bc5 palette_registers
A 000440 W16 a00002 4010 palette_registers
A 00043e W16 a00000 0bc4 palette_registers
A 000440 W16 a00002 2ad6 palette_registers
A 00043e W16 a00000 0bc3 palette_registers
A 000440 W16 a00002 29da palette_registers
A 00043e W16 a00000 0bc2 palette_registers
A 000440 W16 a00002 0154 palette_registers
A 00043e W16 a00000 0bc1 palette_registers
A 000440 W16 a00002 0190 palette_registers
A 00043e W16 a00000 0bc0 palette_registers
A 000440 W16 a00002 0000 palette_registers
A 00043e W16 a00000 0bbf palette_registers
A 000440 W16 a00002 318c palette_registers
A 00043e W16 a00000 0bbe palette_registers
A 000440 W16 a00002 4a52 palette_registers
A 00043e W16 a00000 0bbd palette_registers
A 000440 W16 a00002 6b5a palette_registers
A 00043e W16 a00000 0bbc palette_registers
A 000440 W16 a00002 3140 palette_registers
A 00043e W16 a00000 0bbb palette_registers
A 000440 W16 a00002 4a00 palette_registers
A 00043e W16 a00000 0bba palette_registers
A 000440 W16 a00002 7352 palette_registers
A 00043e W16 a00000 0bb9 palette_registers
A 000440 W16 a00002 4252 palette_registers
A 00043e W16 a00000 0bb8 palette_registers
A 000440 W16 a00002 0000 palette_registers
A 00043e W16 a00000 0bb7 palette_registers
A 000440 W16 a00002 1908 palette_registers
A 00043e W16 a00000 0bb6 palette_registers
A 000440 W16 a00002 298c palette_registers
A 00043e W16 a00000 0bb5 palette_registers
A 000440 W16 a00002 31ce palette_registers
A 00043e W16 a00000 0bb4 palette_registers
A 000440 W16 a00002 4a94 palette_registers
A 00043e W16 a00000 0bb3 palette_registers
A 000440 W16 a00002 635a palette_registers
A 00043e W16 a00000 0bb2 palette_registers
A 000440 W16 a00002 73de palette_registers
A 00043e W16 a00000 0bb1 palette_registers
A 000440 W16 a00002 7bde palette_registers
A 00043e W16 a00000 0bb0 palette_registers
A 000440 W16 a00002 0000 palette_registers
A 00043e W16 a00000 0baf palette_registers
A 000440 W16 a00002 0000 palette_registers
A 00043e W16 a00000 0bae palette_registers
A 000440 W16 a00002 0000 palette_registers
A 00043e W16 a00000 0bad palette_registers
A 000440 W16 a00002 0000 palette_registers
A 00043e W16 a00000 0bac palette_registers
A 000440 W16 a00002 0000 palette_registers
A 00043e W16 a00000 0bab palette_registers
A 000440 W16 a00002 0000 palette_registers
A 00043e W16 a00000 0baa palette_registers
A 000440 W16 a00002 0000 palette_registers
A 00043e W16 a00000 0ba9 palette_registers
A 000440 W16 a00002 0000 palette_registers
A 00043e W16 a00000 0ba8 palette_registers
A 000440 W16 a00002 0000 palette_registers
A 00043e W16 a00000 0ba7 palette_registers
A 000440 W16 a00002 0000 palette_registers
A 00043e W16 a00000 0ba6 palette_registers
A 000440 W16 a00002 0000 palette_registers
A 00043e W16 a00000 0ba5 palette_registers
A 000440 W16 a00002 0000 palette_registers
A 00043e W16 a00000 0ba4 palette_registers
A 000440 W16 a00002 0000 palette_registers
A 00043e W16 a00000 0ba3 palette_registers
A 000440 W16 a00002 0000 palette_registers
A 00043e W16 a00000 0ba2 palette_registers
A 000440 W16 a00002 0000 palette_registers
A 00043e W16 a00000 0ba1 palette_registers
A 000440 W16 a00002 18c6 palette_registers
A 00043e W16 a00000 0ba0 palette_registers
A 000440 W16 a00002 0000 palette_registers
A 00043e W16 a00000 0b9f palette_registers
A 000440 W16 a00002 5ad6 palette_registers
A 00043e W16 a00000 0b9e palette_registers
A 000440 W16 a00002 7bde palette_registers
A 00043e W16 a00000 0b9d palette_registers
A 000440 W16 a00002 2906 palette_registers
A 00043e W16 a00000 0b9c palette_registers
A 000440 W16 a00002 398a palette_registers
A 00043e W16 a00000 0b9b palette_registers
A 000440 W16 a00002 70d6 palette_registers
A 00043e W16 a00000 0b9a palette_registers
A 000440 W16 a00002 18dc palette_registers
A 00043e W16 a00000 0b99 palette_registers
A 000440 W16 a00002 3800 palette_registers
A 00043e W16 a00000 0b98 palette_registers
A 000440 W16 a00002 4800 palette_registers
A 00043e W16 a00000 0b97 palette_registers
A 000440 W16 a00002 5800 palette_registers
A 00043e W16 a00000 0b96 palette_registers
A 000440 W16 a00002 7008 palette_registers
A 00043e W16 a00000 0b95 palette_registers
A 000440 W16 a00002 2108 palette_registers
A 00043e W16 a00000 0b94 palette_registers
A 000440 W16 a00002 294a palette_registers
A 00043e W16 a00000 0b93 palette_registers
A 000440 W16 a00002 39ce palette_registers
A 00043e W16 a00000 0b92 palette_registers
A 000440 W16 a00002 4a52 palette_registers
A 00043e W16 a00000 0b91 palette_registers
A 000440 W16 a00002 739c palette_registers
A 00043e W16 a00000 0b90 palette_registers
A 000440 W16 a00002 0000 palette_registers
A 00043e W16 a00000 0b8f palette_registers
A 000440 W16 a00002 0000 palette_registers
A 00043e W16 a00000 0b8e palette_registers
A 000440 W16 a00002 0086 palette_registers
A 00043e W16 a00000 0b8d palette_registers
A 000440 W16 a00002 190a palette_registers
A 00043e W16 a00000 0b8c palette_registers
A 000440 W16 a00002 2150 palette_registers
A 00043e W16 a00000 0b8b palette_registers
A 000440 W16 a00002 2992 palette_registers
A 00043e W16 a00000 0b8a palette_registers
A 000440 W16 a00002 31d4 palette_registers
A 00043e W16 a00000 0b89 palette_registers
A 000440 W16 a00002 18c0 palette_registers
A 00043e W16 a00000 0b88 palette_registers
A 000440 W16 a00002 1100 palette_registers
A 00043e W16 a00000 0b87 palette_registers
A 000440 W16 a00002 1140 palette_registers
A 00043e W16 a00000 0b86 palette_registers
A 000440 W16 a00002 01c4 palette_registers
A 00043e W16 a00000 0b85 palette_registers
A 000440 W16 a00002 1a04 palette_registers
A 00043e W16 a00000 0b84 palette_registers
A 000440 W16 a00002 1a88 palette_registers
A 00043e W16 a00000 0b83 palette_registers
A 000440 W16 a00002 230a palette_registers
A 00043e W16 a00000 0b82 palette_registers
A 000440 W16 a00002 334c palette_registers
A 00043e W16 a00000 0b81 palette_registers
A 000440 W16 a00002 0314 palette_registers
A 00043e W16 a00000 0b80 palette_registers
A 000440 W16 a00002 0000 palette_registers
A 00043e W16 a00000 0b7f palette_registers
A 000440 W16 a00002 0000 palette_registers
A 00043e W16 a00000 0b7e palette_registers
A 000440 W16 a00002 2ad2 palette_registers
A 00043e W16 a00000 0b7d palette_registers
A 000440 W16 a00002 1900 palette_registers
A 00043e W16 a00000 0b7c palette_registers
A 000440 W16 a00002 2144 palette_registers
A 00043e W16 a00000 0b7b palette_registers
A 000440 W16 a00002 2186 palette_registers
A 00043e W16 a00000 0b7a palette_registers
A 000440 W16 a00002 21c6 palette_registers
A 00043e W16 a00000 0b79 palette_registers
A 000440 W16 a00002 2a08 palette_registers
A 00043e W16 a00000 0b78 palette_registers
A 000440 W16 a00002 2a4c palette_registers
A 00043e W16 a00000 0b77 palette_registers
A 000440 W16 a00002 328e palette_registers
A 00043e W16 a00000 0b76 palette_registers
A 000440 W16 a00002 00c8 palette_registers
A 00043e W16 a00000 0b75 palette_registers
A 000440 W16 a00002 110a palette_registers
A 00043e W16 a00000 0b74 palette_registers
A 000440 W16 a00002 194c palette_registers
A 00043e W16 a00000 0b73 palette_registers
A 000440 W16 a00002 218e palette_registers
A 00043e W16 a00000 0b72 palette_registers
A 000440 W16 a00002 29d0 palette_registers
A 00043e W16 a00000 0b71 palette_registers
A 000440 W16 a00002 3212 palette_registers
A 00043e W16 a00000 0b70 palette_registers
A 000440 W16 a00002 0000 palette_registers
A 00043e W16 a00000 0b6f palette_registers
A 000440 W16 a00002 2106 palette_registers
A 00043e W16 a00000 0b6e palette_registers
A 000440 W16 a00002 2948 palette_registers
A 00043e W16 a00000 0b6d palette_registers
A 000440 W16 a00002 3a56 palette_registers
A 00043e W16 a00000 0b6c palette_registers
A 000440 W16 a00002 4298 palette_registers
A 00043e W16 a00000 0b6b palette_registers
A 000440 W16 a00002 4ada palette_registers
A 00043e W16 a00000 0b6a palette_registers
A 000440 W16 a00002 531a palette_registers
A 00043e W16 a00000 0b69 palette_registers
A 000440 W16 a00002 0000 palette_registers
A 00043e W16 a00000 0b68 palette_registers
A 000440 W16 a00002 00c6 palette_registers
A 00043e W16 a00000 0b67 palette_registers
A 000440 W16 a00002 10c8 palette_registers
A 00043e W16 a00000 0b66 palette_registers
A 000440 W16 a00002 190a palette_registers
A 00043e W16 a00000 0b65 palette_registers
A 000440 W16 a00002 2192 palette_registers
A 00043e W16 a00000 0b64 palette_registers
A 000440 W16 a00002 3216 palette_registers
A 00043e W16 a00000 0b63 palette_registers
A 000440 W16 a00002 3a58 palette_registers
A 00043e W16 a00000 0b62 palette_registers
A 000440 W16 a00002 4adc palette_registers
A 00043e W16 a00000 0b61 palette_registers
A 000440 W16 a00002 5b5e palette_registers
A 00043e W16 a00000 0b60 palette_registers
A 000440 W16 a00002 0000 palette_registers
A 00043e W16 a00000 0b5f palette_registers
A 000440 W16 a00002 4210 palette_registers
A 00043e W16 a00000 0b5e palette_registers
A 000440 W16 a00002 4210 palette_registers
A 00043e W16 a00000 0b5d palette_registers
A 000440 W16 a00002 4210 palette_registers
A 00043e W16 a00000 0b5c palette_registers
A 000440 W16 a00002 4210 palette_registers
A 00043e W16 a00000 0b5b palette_registers
A 000440 W16 a00002 4210 palette_registers
A 00043e W16 a00000 0b5a palette_registers
A 000440 W16 a00002 0000 palette_registers
A 00043e W16 a00000 0b59 palette_registers
A 000440 W16 a00002 294e palette_registers
A 00043e W16 a00000 0b58 palette_registers
A 000440 W16 a00002 2190 palette_registers
A 00043e W16 a00000 0b57 palette_registers
A 000440 W16 a00002 29d2 palette_registers
A 00043e W16 a00000 0b56 palette_registers
A 000440 W16 a00002 3214 palette_registers
A 00043e W16 a00000 0b55 palette_registers
A 000440 W16 a00002 3a56 palette_registers
A 00043e W16 a00000 0b54 palette_registers
A 000440 W16 a00002 4298 palette_registers
A 00043e W16 a00000 0b53 palette_registers
A 000440 W16 a00002 4ada palette_registers
A 00043e W16 a00000 0b52 palette_registers
A 000440 W16 a00002 531c palette_registers
A 00043e W16 a00000 0b51 palette_registers
A 000440 W16 a00002 5b5e palette_registers
A 00043e W16 a00000 0b50 palette_registers
A 000440 W16 a00002 0000 palette_registers
A 00043e W16 a00000 0b4f palette_registers
A 000440 W16 a00002 0000 palette_registers
A 00043e W16 a00000 0b4e palette_registers
A 000440 W16 a00002 0000 palette_registers
A 00043e W16 a00000 0b4d palette_registers
A 000440 W16 a00002 0000 palette_registers
A 00043e W16 a00000 0b4c palette_registers
A 000440 W16 a00002 0000 palette_registers
A 00043e W16 a00000 0b4b palette_registers
A 000440 W16 a00002 0000 palette_registers
A 00043e W16 a00000 0b4a palette_registers
A 000440 W16 a00002 0000 palette_registers
A 00043e W16 a00000 0b49 palette_registers
A 000440 W16 a00002 010c palette_registers
A 00043e W16 a00000 0b48 palette_registers
A 000440 W16 a00002 014e palette_registers
A 00043e W16 a00000 0b47 palette_registers
A 000440 W16 a00002 0190 palette_registers
A 00043e W16 a00000 0b46 palette_registers
A 000440 W16 a00002 01d2 palette_registers
A 00043e W16 a00000 0b45 palette_registers
A 000440 W16 a00002 0000 palette_registers
A 00043e W16 a00000 0b44 palette_registers
A 000440 W16 a00002 0140 palette_registers
A 00043e W16 a00000 0b43 palette_registers
A 000440 W16 a00002 0180 palette_registers
A 00043e W16 a00000 0b42 palette_registers
A 000440 W16 a00002 0200 palette_registers
A 00043e W16 a00000 0b41 palette_registers
A 000440 W16 a00002 0280 palette_registers
A 00043e W16 a00000 0b40 palette_registers
A 000440 W16 a00002 0000 palette_registers
A 00043e W16 a00000 0b3f palette_registers
A 000440 W16 a00002 0000 palette_registers
A 00043e W16 a00000 0b3e palette_registers
A 000440 W16 a00002 0000 palette_registers
A 00043e W16 a00000 0b3d palette_registers
A 000440 W16 a00002 3b5e palette_registers
A 00043e W16 a00000 0b3c palette_registers
A 000440 W16 a00002 294a palette_registers
A 00043e W16 a00000 0b3b palette_registers
A 000440 W16 a00002 325a palette_registers
A 00043e W16 a00000 0b3a palette_registers
A 000440 W16 a00002 2192 palette_registers
A 00043e W16 a00000 0b39 palette_registers
A 000440 W16 a00002 0112 palette_registers
A 00043e W16 a00000 0b38 palette_registers
A 000440 W16 a00002 0154 palette_registers
A 00043e W16 a00000 0b37 palette_registers
A 000440 W16 a00002 00ca palette_registers
A 00043e W16 a00000 0b36 palette_registers
A 000440 W16 a00002 2992 palette_registers
A 00043e W16 a00000 0b35 palette_registers
A 000440 W16 a00002 010e palette_registers
A 00043e W16 a00000 0b34 palette_registers
A 000440 W16 a00002 1950 palette_registers
A 00043e W16 a00000 0b33 palette_registers
A 000440 W16 a00002 00cc palette_registers
A 00043e W16 a00000 0b32 palette_registers
A 000440 W16 a00002 29d4 palette_registers
A 00043e W16 a00000 0b31 palette_registers
A 000440 W16 a00002 2a16 palette_registers
A 00043e W16 a00000 0b30 palette_registers
A 000440 W16 a00002 0000 palette_registers
A 00043e W16 a00000 0b2f palette_registers
A 000440 W16 a00002 008a palette_registers
A 00043e W16 a00000 0b2e palette_registers
A 000440 W16 a00002 010e palette_registers
A 00043e W16 a00000 0b2d palette_registers
A 000440 W16 a00002 1952 palette_registers
A 00043e W16 a00000 0b2c palette_registers
A 000440 W16 a00002 31d6 palette_registers
A 00043e W16 a00000 0b2b palette_registers
A 000440 W16 a00002 30c0 palette_registers
A 00043e W16 a00000 0b2a palette_registers
A 000440 W16 a00002 0000 palette_registers
A 00043e W16 a00000 0b29 palette_registers
A 000440 W16 a00002 0000 palette_registers
A 00043e W16 a00000 0b28 palette_registers
A 000440 W16 a00002 11d0 palette_registers
A 00043e W16 a00000 0b27 palette_registers
A 000440 W16 a00002 2254 palette_registers
A 00043e W16 a00000 0b26 palette_registers
A 000440 W16 a00002 32d8 palette_registers
A 00043e W16 a00000 0b25 palette_registers
A 000440 W16 a00002 0100 palette_registers
A 00043e W16 a00000 0b24 palette_registers
A 000440 W16 a00002 1186 palette_registers
A 00043e W16 a00000 0b23 palette_registers
A 000440 W16 a00002 1a0c palette_registers
A 00043e W16 a00000 0b22 palette_registers
A 000440 W16 a00002 2a8e palette_registers
A 00043e W16 a00000 0b21 palette_registers
A 000440 W16 a00002 4352 palette_registers
A 00043e W16 a00000 0b20 palette_registers
A 000440 W16 a00002 0000 palette_registers
A 00043e W16 a00000 0b1f palette_registers
A 000440 W16 a00002 0008 palette_registers
A 00043e W16 a00000 0b1e palette_registers
A 000440 W16 a00002 108c palette_registers
A 00043e W16 a00000 0b1d palette_registers
A 000440 W16 a00002 2110 palette_registers
A 00043e W16 a00000 0b1c palette_registers
A 000440 W16 a00002 3192 palette_registers
A 00043e W16 a00000 0b1b palette_registers
A 000440 W16 a00002 4216 palette_registers
A 00043e W16 a00000 0b1a palette_registers
A 000440 W16 a00002 0000 palette_registers
A 00043e W16 a00000 0b19 palette_registers
A 000440 W16 a00002 3100 palette_registers
A 00043e W16 a00000 0b18 palette_registers
A 000440 W16 a00002 0000 palette_registers
A 00043e W16 a00000 0b17 palette_registers
A 000440 W16 a00002 018c palette_registers
A 00043e W16 a00000 0b16 palette_registers
A 000440 W16 a00002 22da palette_registers
A 00043e W16 a00000 0b15 palette_registers
A 000440 W16 a00002 0100 palette_registers
A 00043e W16 a00000 0b14 palette_registers
A 000440 W16 a00002 1186 palette_registers
A 00043e W16 a00000 0b13 palette_registers
A 000440 W16 a00002 1a0c palette_registers
A 00043e W16 a00000 0b12 palette_registers
A 000440 W16 a00002 2a8e palette_registers
A 00043e W16 a00000 0b11 palette_registers
A 000440 W16 a00002 5358 palette_registers
A 00043e W16 a00000 0b10 palette_registers
A 000440 W16 a00002 0000 palette_registers
A 00043e W16 a00000 0b0f palette_registers
A 000440 W16 a00002 0000 palette_registers
A 00043e W16 a00000 0b0e palette_registers
A 000440 W16 a00002 0106 palette_registers
A 00043e W16 a00000 0b0d palette_registers
A 000440 W16 a00002 198a palette_registers
A 00043e W16 a00000 0b0c palette_registers
A 000440 W16 a00002 2a0e palette_registers
A 00043e W16 a00000 0b0b palette_registers
A 000440 W16 a00002 2a92 palette_registers
A 00043e W16 a00000 0b0a palette_registers
A 000440 W16 a00002 3b16 palette_registers
A 00043e W16 a00000 0b09 palette_registers
A 000440 W16 a00002 1906 palette_registers
A 00043e W16 a00000 0b08 palette_registers
A 000440 W16 a00002 2148 palette_registers
A 00043e W16 a00000 0b07 palette_registers
A 000440 W16 a00002 298a palette_registers
A 00043e W16 a00000 0b06 palette_registers
A 000440 W16 a00002 31cc palette_registers
A 00043e W16 a00000 0b05 palette_registers
A 000440 W16 a00002 3a4e palette_registers
A 00043e W16 a00000 0b04 palette_registers
A 000440 W16 a00002 3a90 palette_registers
A 00043e W16 a00000 0b03 palette_registers
A 000440 W16 a00002 42d2 palette_registers
A 00043e W16 a00000 0b02 palette_registers
A 000440 W16 a00002 4b14 palette_registers
A 00043e W16 a00000 0b01 palette_registers
A 000440 W16 a00002 4b56 palette_registers
A 00043e W16 a00000 0b00 palette_registers
A 000440 W16 a00002 0000 palette_registers
A 00043e W16 a00000 0aff palette_registers
A 000440 W16 a00002 4210 palette_registers
A 00043e W16 a00000 0afe palette_registers
A 000440 W16 a00002 0210 palette_registers
A 00043e W16 a00000 0afd palette_registers
A 000440 W16 a00002 4010 palette_registers
A 00043e W16 a00000 0afc palette_registers
A 000440 W16 a00002 4000 palette_registers
A 00043e W16 a00000 0afb palette_registers
A 000440 W16 a00002 4140 palette_registers
A 00043e W16 a00000 0afa palette_registers
A 000440 W16 a00002 4200 palette_registers
A 00043e W16 a00000 0af9 palette_registers
A 000440 W16 a00002 418a palette_registers
A 00043e W16 a00000 0af8 palette_registers
A 000440 W16 a00002 0000 palette_registers
A 00043e W16 a00000 0af7 palette_registers
A 000440 W16 a00002 781e palette_registers
A 00043e W16 a00000 0af6 palette_registers
A 000440 W16 a00002 4210 palette_registers
A 00043e W16 a00000 0af5 palette_registers
A 000440 W16 a00002 4a52 palette_registers
A 00043e W16 a00000 0af4 palette_registers
A 000440 W16 a00002 5294 palette_registers
A 00043e W16 a00000 0af3 palette_registers
A 000440 W16 a00002 5ad6 palette_registers
A 00043e W16 a00000 0af2 palette_registers
A 000440 W16 a00002 6318 palette_registers
A 00043e W16 a00000 0af1 palette_registers
A 000440 W16 a00002 7b5c palette_registers
A 00043e W16 a00000 0af0 palette_registers
A 000440 W16 a00002 0000 palette_registers
A 00043e W16 a00000 0aef palette_registers
A 000440 W16 a00002 0212 palette_registers
A 00043e W16 a00000 0aee palette_registers
A 000440 W16 a00002 0296 palette_registers
A 00043e W16 a00000 0aed palette_registers
A 000440 W16 a00002 6b9e palette_registers
A 00043e W16 a00000 0aec palette_registers
A 000440 W16 a00002 398a palette_registers
A 00043e W16 a00000 0aeb palette_registers
A 000440 W16 a00002 51cc palette_registers
A 00043e W16 a00000 0aea palette_registers
A 000440 W16 a00002 6250 palette_registers
A 00043e W16 a00000 0ae9 palette_registers
A 000440 W16 a00002 7b4e palette_registers
A 00043e W16 a00000 0ae8 palette_registers
A 000440 W16 a00002 0000 palette_registers
A 00043e W16 a00000 0ae7 palette_registers
A 000440 W16 a00002 29cc palette_registers
A 00043e W16 a00000 0ae6 palette_registers
A 000440 W16 a00002 4292 palette_registers
A 00043e W16 a00000 0ae5 palette_registers
A 000440 W16 a00002 4ad4 palette_registers
A 00043e W16 a00000 0ae4 palette_registers
A 000440 W16 a00002 4b16 palette_registers
A 00043e W16 a00000 0ae3 palette_registers
A 000440 W16 a00002 5b58 palette_registers
A 00043e W16 a00000 0ae2 palette_registers
A 000440 W16 a00002 6bdc palette_registers
A 00043e W16 a00000 0ae1 palette_registers
A 000440 W16 a00002 7bde palette_registers
A 00043e W16 a00000 0ae0 palette_registers
A 000440 W16 a00002 0000 palette_registers
A 00043e W16 a00000 0adf palette_registers
A 000440 W16 a00002 0212 palette_registers
A 00043e W16 a00000 0ade palette_registers
A 000440 W16 a00002 0296 palette_registers
A 00043e W16 a00000 0add palette_registers
A 000440 W16 a00002 3b9e palette_registers
A 00043e W16 a00000 0adc palette_registers
A 000440 W16 a00002 398a palette_registers
A 00043e W16 a00000 0adb palette_registers
A 000440 W16 a00002 51cc palette_registers
A 00043e W16 a00000 0ada palette_registers
A 000440 W16 a00002 4a50 palette_registers
A 00043e W16 a00000 0ad9 palette_registers
A 000440 W16 a00002 7b4e palette_registers
A 00043e W16 a00000 0ad8 palette_registers
A 000440 W16 a00002 0000 palette_registers
A 00043e W16 a00000 0ad7 palette_registers
A 000440 W16 a00002 218e palette_registers
A 00043e W16 a00000 0ad6 palette_registers
A 000440 W16 a00002 29d0 palette_registers
A 00043e W16 a00000 0ad5 palette_registers
A 000440 W16 a00002 3212 palette_registers
A 00043e W16 a00000 0ad4 palette_registers
A 000440 W16 a00002 3a54 palette_registers
A 00043e W16 a00000 0ad3 palette_registers
A 000440 W16 a00002 5b5c palette_registers
A 00043e W16 a00000 0ad2 palette_registers
A 000440 W16 a00002 6bde palette_registers
A 00043e W16 a00000 0ad1 palette_registers
A 000440 W16 a00002 7bde palette_registers
A 00043e W16 a00000 0ad0 palette_registers
A 000440 W16 a00002 0000 palette_registers
A 00043e W16 a00000 0acf palette_registers
A 000440 W16 a00002 0212 palette_registers
A 00043e W16 a00000 0ace palette_registers
A 000440 W16 a00002 0296 palette_registers
A 00043e W16 a00000 0acd palette_registers
A 000440 W16 a00002 3b9e palette_registers
A 00043e W16 a00000 0acc palette_registers
A 000440 W16 a00002 3988 palette_registers
A 00043e W16 a00000 0acb palette_registers
A 000440 W16 a00002 5a0a palette_registers
A 00043e W16 a00000 0aca palette_registers
A 000440 W16 a00002 7248 palette_registers
A 00043e W16 a00000 0ac9 palette_registers
A 000440 W16 a00002 7b4e palette_registers
A 00043e W16 a00000 0ac8 palette_registers
A 000440 W16 a00002 0000 palette_registers
A 00043e W16 a00000 0ac7 palette_registers
A 000440 W16 a00002 39ca palette_registers
A 00043e W16 a00000 0ac6 palette_registers
A 000440 W16 a00002 420c palette_registers
A 00043e W16 a00000 0ac5 palette_registers
A 000440 W16 a00002 4a4e palette_registers
A 00043e W16 a00000 0ac4 palette_registers
A 000440 W16 a00002 5ad2 palette_registers
A 00043e W16 a00000 0ac3 palette_registers
A 000440 W16 a00002 7bd8 palette_registers
A 00043e W16 a00000 0ac2 palette_registers
A 000440 W16 a00002 7bdc palette_registers
A 00043e W16 a00000 0ac1 palette_registers
A 000440 W16 a00002 7bde palette_registers
A 00043e W16 a00000 0ac0 palette_registers
A 000440 W16 a00002 0000 palette_registers
A 00043e W16 a00000 0abf palette_registers
A 000440 W16 a00002 3186 palette_registers
A 00043e W16 a00000 0abe palette_registers
A 000440 W16 a00002 3a06 palette_registers
A 00043e W16 a00000 0abd palette_registers
A 000440 W16 a00002 3a90 palette_registers
A 00043e W16 a00000 0abc palette_registers
A 000440 W16 a00002 0000 palette_registers
A 00043e W16 a00000 0abb palette_registers
A 000440 W16 a00002 7b16 palette_registers
A 00043e W16 a00000 0aba palette_registers
A 000440 W16 a00002 5940 palette_registers
A 00043e W16 a00000 0ab9 palette_registers
A 000440 W16 a00002 7a92 palette_registers
A 00043e W16 a00000 0ab8 palette_registers
A 000440 W16 a00002 01d2 palette_registers
A 00043e W16 a00000 0ab7 palette_registers
A 000440 W16 a00002 2258 palette_registers
A 00043e W16 a00000 0ab6 palette_registers
A 000440 W16 a00002 3adc palette_registers
A 00043e W16 a00000 0ab5 palette_registers
A 000440 W16 a00002 4210 palette_registers
A 00043e W16 a00000 0ab4 palette_registers
A 000440 W16 a00002 4a52 palette_registers
A 00043e W16 a00000 0ab3 palette_registers
A 000440 W16 a00002 6318 palette_registers
A 00043e W16 a00000 0ab2 palette_registers
A 000440 W16 a00002 739c palette_registers
A 00043e W16 a00000 0ab1 palette_registers
A 000440 W16 a00002 7bde palette_registers
A 00043e W16 a00000 0ab0 palette_registers
A 000440 W16 a00002 0000 palette_registers
A 00043e W16 a00000 0aaf palette_registers
A 000440 W16 a00002 3186 palette_registers
A 00043e W16 a00000 0aae palette_registers
A 000440 W16 a00002 3a06 palette_registers
A 00043e W16 a00000 0aad palette_registers
A 000440 W16 a00002 3a90 palette_registers
A 00043e W16 a00000 0aac palette_registers
A 000440 W16 a00002 0000 palette_registers
A 00043e W16 a00000 0aab palette_registers
A 000440 W16 a00002 7b16 palette_registers
A 00043e W16 a00000 0aaa palette_registers
A 000440 W16 a00002 5940 palette_registers
A 00043e W16 a00000 0aa9 palette_registers
A 000440 W16 a00002 7a92 palette_registers
A 00043e W16 a00000 0aa8 palette_registers
A 000440 W16 a00002 024e palette_registers
A 00043e W16 a00000 0aa7 palette_registers
A 000440 W16 a00002 2314 palette_registers
A 00043e W16 a00000 0aa6 palette_registers
A 000440 W16 a00002 3bd6 palette_registers
A 00043e W16 a00000 0aa5 palette_registers
A 000440 W16 a00002 29d2 palette_registers
A 00043e W16 a00000 0aa4 palette_registers
A 000440 W16 a00002 2a16 palette_registers
A 00043e W16 a00000 0aa3 palette_registers
A 000440 W16 a00002 3258 palette_registers
A 00043e W16 a00000 0aa2 palette_registers
A 000440 W16 a00002 3a9c palette_registers
A 00043e W16 a00000 0aa1 palette_registers
A 000440 W16 a00002 631e palette_registers
A 00043e W16 a00000 0aa0 palette_registers
A 000440 W16 a00002 0000 palette_registers
A 00043e W16 a00000 0a9f palette_registers
A 000440 W16 a00002 3186 palette_registers
A 00043e W16 a00000 0a9e palette_registers
A 000440 W16 a00002 3a06 palette_registers
A 00043e W16 a00000 0a9d palette_registers
A 000440 W16 a00002 3a90 palette_registers
A 00043e W16 a00000 0a9c palette_registers
A 000440 W16 a00002 0000 palette_registers
A 00043e W16 a00000 0a9b palette_registers
A 000440 W16 a00002 7b16 palette_registers
A 00043e W16 a00000 0a9a palette_registers
A 000440 W16 a00002 5940 palette_registers
A 00043e W16 a00000 0a99 palette_registers
A 000440 W16 a00002 7a92 palette_registers
A 00043e W16 a00000 0a98 palette_registers
A 000440 W16 a00002 220a palette_registers
A 00043e W16 a00000 0a97 palette_registers
A 000440 W16 a00002 228a palette_registers
A 00043e W16 a00000 0a96 palette_registers
A 000440 W16 a00002 4392 palette_registers
A 00043e W16 a00000 0a95 palette_registers
A 000440 W16 a00002 4210 palette_registers
A 00043e W16 a00000 0a94 palette_registers
A 000440 W16 a00002 4a52 palette_registers
A 00043e W16 a00000 0a93 palette_registers
A 000440 W16 a00002 6318 palette_registers
A 00043e W16 a00000 0a92 palette_registers
A 000440 W16 a00002 739c palette_registers
A 00043e W16 a00000 0a91 palette_registers
A 000440 W16 a00002 7bde palette_registers
A 00043e W16 a00000 0a90 palette_registers
A 000440 W16 a00002 0000 palette_registers
A 00043e W16 a00000 0a8f palette_registers
A 000440 W16 a00002 2946 palette_registers
A 00043e W16 a00000 0a8e palette_registers
A 000440 W16 a00002 3a06 palette_registers
A 00043e W16 a00000 0a8d palette_registers
A 000440 W16 a00002 3a90 palette_registers
A 00043e W16 a00000 0a8c palette_registers
A 000440 W16 a00002 0000 palette_registers
A 00043e W16 a00000 0a8b palette_registers
A 000440 W16 a00002 7b98 palette_registers
A 00043e W16 a00000 0a8a palette_registers
A 000440 W16 a00002 5940 palette_registers
A 00043e W16 a00000 0a89 palette_registers
A 000440 W16 a00002 7a92 palette_registers
A 00043e W16 a00000 0a88 palette_registers
A 000440 W16 a00002 220a palette_registers
A 00043e W16 a00000 0a87 palette_registers
A 000440 W16 a00002 228a palette_registers
A 00043e W16 a00000 0a86 palette_registers
A 000440 W16 a00002 4392 palette_registers
A 00043e W16 a00000 0a85 palette_registers
A 000440 W16 a00002 218e palette_registers
A 00043e W16 a00000 0a84 palette_registers
A 000440 W16 a00002 29d2 palette_registers
A 00043e W16 a00000 0a83 palette_registers
A 000440 W16 a00002 3a98 palette_registers
A 00043e W16 a00000 0a82 palette_registers
A 000440 W16 a00002 535e palette_registers
A 00043e W16 a00000 0a81 palette_registers
A 000440 W16 a00002 63de palette_registers
A 00043e W16 a00000 0a80 palette_registers
A 000440 W16 a00002 0000 palette_registers
A 00043e W16 a00000 0a7f palette_registers
A 000440 W16 a00002 3186 palette_registers
A 00043e W16 a00000 0a7e palette_registers
A 000440 W16 a00002 3a06 palette_registers
A 00043e W16 a00000 0a7d palette_registers
A 000440 W16 a00002 3a90 palette_registers
A 00043e W16 a00000 0a7c palette_registers
A 000440 W16 a00002 0000 palette_registers
A 00043e W16 a00000 0a7b palette_registers
A 000440 W16 a00002 7b5e palette_registers
A 00043e W16 a00000 0a7a palette_registers
A 000440 W16 a00002 5940 palette_registers
A 00043e W16 a00000 0a79 palette_registers
A 000440 W16 a00002 7ad8 palette_registers
A 00043e W16 a00000 0a78 palette_registers
A 000440 W16 a00002 014e palette_registers
A 00043e W16 a00000 0a77 palette_registers
A 000440 W16 a00002 21d4 palette_registers
A 00043e W16 a00000 0a76 palette_registers
A 000440 W16 a00002 3a98 palette_registers
A 00043e W16 a00000 0a75 palette_registers
A 000440 W16 a00002 3188 palette_registers
A 00043e W16 a00000 0a74 palette_registers
A 000440 W16 a00002 31ce palette_registers
A 00043e W16 a00000 0a73 palette_registers
A 000440 W16 a00002 4a94 palette_registers
A 00043e W16 a00000 0a72 palette_registers
A 000440 W16 a00002 5318 palette_registers
A 00043e W16 a00000 0a71 palette_registers
A 000440 W16 a00002 6bde palette_registers
A 00043e W16 a00000 0a70 palette_registers
A 000440 W16 a00002 0000 palette_registers
A 00043e W16 a00000 0a6f palette_registers
A 000440 W16 a00002 3186 palette_registers
A 00043e W16 a00000 0a6e palette_registers
A 000440 W16 a00002 3a06 palette_registers
A 00043e W16 a00000 0a6d palette_registers
A 000440 W16 a00002 3a90 palette_registers
A 00043e W16 a00000 0a6c palette_registers
A 000440 W16 a00002 0000 palette_registers
A 00043e W16 a00000 0a6b palette_registers
A 000440 W16 a00002 7b5e palette_registers
A 00043e W16 a00000 0a6a palette_registers
A 000440 W16 a00002 5940 palette_registers
A 00043e W16 a00000 0a69 palette_registers
A 000440 W16 a00002 7ad8 palette_registers
A 00043e W16 a00000 0a68 palette_registers
A 000440 W16 a00002 014e palette_registers
A 00043e W16 a00000 0a67 palette_registers
A 000440 W16 a00002 21d4 palette_registers
A 00043e W16 a00000 0a66 palette_registers
A 000440 W16 a00002 3a98 palette_registers
A 00043e W16 a00000 0a65 palette_registers
A 000440 W16 a00002 3212 palette_registers
A 00043e W16 a00000 0a64 palette_registers
A 000440 W16 a00002 3254 palette_registers
A 00043e W16 a00000 0a63 palette_registers
A 000440 W16 a00002 42d6 palette_registers
A 00043e W16 a00000 0a62 palette_registers
A 000440 W16 a00002 539c palette_registers
A 00043e W16 a00000 0a61 palette_registers
A 000440 W16 a00002 6bde palette_registers
A 00043e W16 a00000 0a60 palette_registers
A 000440 W16 a00002 0000 palette_registers
A 00043e W16 a00000 0a5f palette_registers
A 000440 W16 a00002 3186 palette_registers
A 00043e W16 a00000 0a5e palette_registers
A 000440 W16 a00002 3a46 palette_registers
A 00043e W16 a00000 0a5d palette_registers
A 000440 W16 a00002 3a90 palette_registers
A 00043e W16 a00000 0a5c palette_registers
A 000440 W16 a00002 0000 palette_registers
A 00043e W16 a00000 0a5b palette_registers
A 000440 W16 a00002 7b16 palette_registers
A 00043e W16 a00000 0a5a palette_registers
A 000440 W16 a00002 5940 palette_registers
A 00043e W16 a00000 0a59 palette_registers
A 000440 W16 a00002 7a92 palette_registers
A 00043e W16 a00000 0a58 palette_registers
A 000440 W16 a00002 0194 palette_registers
A 00043e W16 a00000 0a57 palette_registers
A 000440 W16 a00002 21d6 palette_registers
A 00043e W16 a00000 0a56 palette_registers
A 000440 W16 a00002 3a98 palette_registers
A 00043e W16 a00000 0a55 palette_registers
A 000440 W16 a00002 39ce palette_registers
A 00043e W16 a00000 0a54 palette_registers
A 000440 W16 a00002 4a52 palette_registers
A 00043e W16 a00000 0a53 palette_registers
A 000440 W16 a00002 5ad6 palette_registers
A 00043e W16 a00000 0a52 palette_registers
A 000440 W16 a00002 6b5a palette_registers
A 00043e W16 a00000 0a51 palette_registers
A 000440 W16 a00002 7bde palette_registers
A 00043e W16 a00000 0a50 palette_registers
A 000440 W16 a00002 0000 palette_registers
A 00043e W16 a00000 0a4f palette_registers
A 000440 W16 a00002 3186 palette_registers
A 00043e W16 a00000 0a4e palette_registers
A 000440 W16 a00002 3a46 palette_registers
A 00043e W16 a00000 0a4d palette_registers
A 000440 W16 a00002 3a90 palette_registers
A 00043e W16 a00000 0a4c palette_registers
A 000440 W16 a00002 0000 palette_registers
A 00043e W16 a00000 0a4b palette_registers
A 000440 W16 a00002 7b16 palette_registers
A 00043e W16 a00000 0a4a palette_registers
A 000440 W16 a00002 5940 palette_registers
A 00043e W16 a00000 0a49 palette_registers
A 000440 W16 a00002 7a92 palette_registers
A 00043e W16 a00000 0a48 palette_registers
A 000440 W16 a00002 0194 palette_registers
A 00043e W16 a00000 0a47 palette_registers
A 000440 W16 a00002 21d6 palette_registers
A 00043e W16 a00000 0a46 palette_registers
A 000440 W16 a00002 3a98 palette_registers
A 00043e W16 a00000 0a45 palette_registers
A 000440 W16 a00002 39ce palette_registers
A 00043e W16 a00000 0a44 palette_registers
A 000440 W16 a00002 4210 palette_registers
A 00043e W16 a00000 0a43 palette_registers
A 000440 W16 a00002 5294 palette_registers
A 00043e W16 a00000 0a42 palette_registers
A 000440 W16 a00002 6318 palette_registers
A 00043e W16 a00000 0a41 palette_registers
A 000440 W16 a00002 739c palette_registers
A 00043e W16 a00000 0a40 palette_registers
A 000440 W16 a00002 0000 palette_registers
A 00043e W16 a00000 0a3f palette_registers
A 000440 W16 a00002 0000 palette_registers
A 00043e W16 a00000 0a3e palette_registers
A 000440 W16 a00002 0000 palette_registers
A 00043e W16 a00000 0a3d palette_registers
A 000440 W16 a00002 0000 palette_registers
A 00043e W16 a00000 0a3c palette_registers
A 000440 W16 a00002 0000 palette_registers
A 00043e W16 a00000 0a3b palette_registers
A 000440 W16 a00002 0000 palette_registers
A 00043e W16 a00000 0a3a palette_registers
A 000440 W16 a00002 0000 palette_registers
A 00043e W16 a00000 0a39 palette_registers
A 000440 W16 a00002 014e palette_registers
A 00043e W16 a00000 0a38 palette_registers
A 000440 W16 a00002 1190 palette_registers
A 00043e W16 a00000 0a37 palette_registers
A 000440 W16 a00002 19d2 palette_registers
A 00043e W16 a00000 0a36 palette_registers
A 000440 W16 a00002 2214 palette_registers
A 00043e W16 a00000 0a35 palette_registers
A 000440 W16 a00002 2a56 palette_registers
A 00043e W16 a00000 0a34 palette_registers
A 000440 W16 a00002 3298 palette_registers
A 00043e W16 a00000 0a33 palette_registers
A 000440 W16 a00002 3ada palette_registers
A 00043e W16 a00000 0a32 palette_registers
A 000440 W16 a00002 431c palette_registers
A 00043e W16 a00000 0a31 palette_registers
A 000440 W16 a00002 4b5e palette_registers
A 00043e W16 a00000 0a30 palette_registers
A 000440 W16 a00002 0000 palette_registers
A 00043e W16 a00000 0a2f palette_registers
A 000440 W16 a00002 0000 palette_registers
A 00043e W16 a00000 0a2e palette_registers
A 000440 W16 a00002 0000 palette_registers
A 00043e W16 a00000 0a2d palette_registers
A 000440 W16 a00002 6a0c palette_registers
A 00043e W16 a00000 0a2c palette_registers
A 000440 W16 a00002 5988 palette_registers
A 00043e W16 a00000 0a2b palette_registers
A 000440 W16 a00002 61ca palette_registers
A 00043e W16 a00000 0a2a palette_registers
A 000440 W16 a00002 4100 palette_registers
A 00043e W16 a00000 0a29 palette_registers
A 000440 W16 a00002 4944 palette_registers
A 00043e W16 a00000 0a28 palette_registers
A 000440 W16 a00002 5186 palette_registers
A 00043e W16 a00000 0a27 palette_registers
A 000440 W16 a00002 59c8 palette_registers
A 00043e W16 a00000 0a26 palette_registers
A 000440 W16 a00002 620a palette_registers
A 00043e W16 a00000 0a25 palette_registers
A 000440 W16 a00002 6a4c palette_registers
A 00043e W16 a00000 0a24 palette_registers
A 000440 W16 a00002 728e palette_registers
A 00043e W16 a00000 0a23 palette_registers
A 000440 W16 a00002 7ad0 palette_registers
A 00043e W16 a00000 0a22 palette_registers
A 000440 W16 a00002 7b54 palette_registers
A 00043e W16 a00000 0a21 palette_registers
A 000440 W16 a00002 7bde palette_registers
A 00043e W16 a00000 0a20 palette_registers
A 000440 W16 a00002 0000 palette_registers
A 00043e W16 a00000 0a1f palette_registers
A 000440 W16 a00002 2944 palette_registers
A 00043e W16 a00000 0a1e palette_registers
A 000440 W16 a00002 2a0e palette_registers
A 00043e W16 a00000 0a1d palette_registers
A 000440 W16 a00002 311e palette_registers
A 00043e W16 a00000 0a1c palette_registers
A 000440 W16 a00002 0000 palette_registers
A 00043e W16 a00000 0a1b palette_registers
A 000440 W16 a00002 4a10 palette_registers
A 00043e W16 a00000 0a1a palette_registers
A 000440 W16 a00002 4210 palette_registers
A 00043e W16 a00000 0a19 palette_registers
A 000440 W16 a00002 6b5a palette_registers
A 00043e W16 a00000 0a18 palette_registers
A 000440 W16 a00002 2900 palette_registers
A 00043e W16 a00000 0a17 palette_registers
A 000440 W16 a00002 3946 palette_registers
A 00043e W16 a00000 0a16 palette_registers
A 000440 W16 a00002 4988 palette_registers
A 00043e W16 a00000 0a15 palette_registers
A 000440 W16 a00002 294a palette_registers
A 00043e W16 a00000 0a14 palette_registers
A 000440 W16 a00002 39d0 palette_registers
A 00043e W16 a00000 0a13 palette_registers
A 000440 W16 a00002 4a54 palette_registers
A 00043e W16 a00000 0a12 palette_registers
A 000440 W16 a00002 631a palette_registers
A 00043e W16 a00000 0a11 palette_registers
A 000440 W16 a00002 7bde palette_registers
A 00043e W16 a00000 0a10 palette_registers
A 000440 W16 a00002 0000 palette_registers
A 00043e W16 a00000 0a0f palette_registers
A 000440 W16 a00002 3186 palette_registers
A 00043e W16 a00000 0a0e palette_registers
A 000440 W16 a00002 3a0a palette_registers
A 00043e W16 a00000 0a0d palette_registers
A 000440 W16 a00002 3a90 palette_registers
A 00043e W16 a00000 0a0c palette_registers
A 000440 W16 a00002 0000 palette_registers
A 00043e W16 a00000 0a0b palette_registers
A 000440 W16 a00002 4a10 palette_registers
A 00043e W16 a00000 0a0a palette_registers
A 000440 W16 a00002 3a14 palette_registers
A 00043e W16 a00000 0a09 palette_registers
A 000440 W16 a00002 5b1c palette_registers
A 00043e W16 a00000 0a08 palette_registers
A 000440 W16 a00002 2944 palette_registers
A 00043e W16 a00000 0a07 palette_registers
A 000440 W16 a00002 3186 palette_registers
A 00043e W16 a00000 0a06 palette_registers
A 000440 W16 a00002 39c8 palette_registers
A 00043e W16 a00000 0a05 palette_registers
A 000440 W16 a00002 294a palette_registers
A 00043e W16 a00000 0a04 palette_registers
A 000440 W16 a00002 39ce palette_registers
A 00043e W16 a00000 0a03 palette_registers
A 000440 W16 a00002 5294 palette_registers
A 00043e W16 a00000 0a02 palette_registers
A 000440 W16 a00002 6b5a palette_registers
A 00043e W16 a00000 0a01 palette_registers
A 000440 W16 a00002 7bde palette_registers
A 00043e W16 a00000 0a00 palette_registers
A 000440 W16 a00002 0000 palette_registers
A 00043e W16 a00000 09ff palette_registers
A 000440 W16 a00002 2100 palette_registers
A 00043e W16 a00000 09fe palette_registers
A 000440 W16 a00002 31c6 palette_registers
A 00043e W16 a00000 09fd palette_registers
A 000440 W16 a00002 3a50 palette_registers
A 00043e W16 a00000 09fc palette_registers
A 000440 W16 a00002 0000 palette_registers
A 00043e W16 a00000 09fb palette_registers
A 000440 W16 a00002 41ce palette_registers
A 00043e W16 a00000 09fa palette_registers
A 000440 W16 a00002 210c palette_registers
A 00043e W16 a00000 09f9 palette_registers
A 000440 W16 a00002 3190 palette_registers
A 00043e W16 a00000 09f8 palette_registers
A 000440 W16 a00002 294c palette_registers
A 00043e W16 a00000 09f7 palette_registers
A 000440 W16 a00002 39d0 palette_registers
A 00043e W16 a00000 09f6 palette_registers
A 000440 W16 a00002 5ad8 palette_registers
A 00043e W16 a00000 09f5 palette_registers
A 000440 W16 a00002 214c palette_registers
A 00043e W16 a00000 09f4 palette_registers
A 000440 W16 a00002 31d0 palette_registers
A 00043e W16 a00000 09f3 palette_registers
A 000440 W16 a00002 3a12 palette_registers
A 00043e W16 a00000 09f2 palette_registers
A 000440 W16 a00002 4a96 palette_registers
A 00043e W16 a00000 09f1 palette_registers
A 000440 W16 a00002 5b1a palette_registers
A 00043e W16 a00000 09f0 palette_registers
A 000440 W16 a00002 0000 palette_registers
A 00043e W16 a00000 09ef palette_registers
A 000440 W16 a00002 2100 palette_registers
A 00043e W16 a00000 09ee palette_registers
A 000440 W16 a00002 31c6 palette_registers
A 00043e W16 a00000 09ed palette_registers
A 000440 W16 a00002 3a50 palette_registers
A 00043e W16 a00000 09ec palette_registers
A 000440 W16 a00002 0000 palette_registers
A 00043e W16 a00000 09eb palette_registers
A 000440 W16 a00002 41ce palette_registers
A 00043e W16 a00000 09ea palette_registers
A 000440 W16 a00002 210c palette_registers
A 00043e W16 a00000 09e9 palette_registers
A 000440 W16 a00002 3190 palette_registers
A 00043e W16 a00000 09e8 palette_registers
A 000440 W16 a00002 214c palette_registers
A 00043e W16 a00000 09e7 palette_registers
A 000440 W16 a00002 31d0 palette_registers
A 00043e W16 a00000 09e6 palette_registers
A 000440 W16 a00002 52d8 palette_registers
A 00043e W16 a00000 09e5 palette_registers
A 000440 W16 a00002 294a palette_registers
A 00043e W16 a00000 09e4 palette_registers
A 000440 W16 a00002 4210 palette_registers
A 00043e W16 a00000 09e3 palette_registers
A 000440 W16 a00002 4a52 palette_registers
A 00043e W16 a00000 09e2 palette_registers
A 000440 W16 a00002 5ad6 palette_registers
A 00043e W16 a00000 09e1 palette_registers
A 000440 W16 a00002 6b5a palette_registers
A 00043e W16 a00000 09e0 palette_registers
A 000440 W16 a00002 0000 palette_registers
A 00043e W16 a00000 09df palette_registers
A 000440 W16 a00002 2100 palette_registers
A 00043e W16 a00000 09de palette_registers
A 000440 W16 a00002 31c6 palette_registers
A 00043e W16 a00000 09dd palette_registers
A 000440 W16 a00002 3a50 palette_registers
A 00043e W16 a00000 09dc palette_registers
A 000440 W16 a00002 0000 palette_registers
A 00043e W16 a00000 09db palette_registers
A 000440 W16 a00002 41ce palette_registers
A 00043e W16 a00000 09da palette_registers
A 000440 W16 a00002 210c palette_registers
A 00043e W16 a00000 09d9 palette_registers
A 000440 W16 a00002 3190 palette_registers
A 00043e W16 a00000 09d8 palette_registers
A 000440 W16 a00002 214c palette_registers
A 00043e W16 a00000 09d7 palette_registers
A 000440 W16 a00002 31d0 palette_registers
A 00043e W16 a00000 09d6 palette_registers
A 000440 W16 a00002 4a96 palette_registers
A 00043e W16 a00000 09d5 palette_registers
A 000440 W16 a00002 294a palette_registers
A 00043e W16 a00000 09d4 palette_registers
A 000440 W16 a00002 39ce palette_registers
A 00043e W16 a00000 09d3 palette_registers
A 000440 W16 a00002 4a52 palette_registers
A 00043e W16 a00000 09d2 palette_registers
A 000440 W16 a00002 5ad6 palette_registers
A 00043e W16 a00000 09d1 palette_registers
A 000440 W16 a00002 6b5a palette_registers
A 00043e W16 a00000 09d0 palette_registers
A 000440 W16 a00002 0000 palette_registers
A 00043e W16 a00000 09cf palette_registers
A 000440 W16 a00002 2100 palette_registers
A 00043e W16 a00000 09ce palette_registers
A 000440 W16 a00002 31c6 palette_registers
A 00043e W16 a00000 09cd palette_registers
A 000440 W16 a00002 3a50 palette_registers
A 00043e W16 a00000 09cc palette_registers
A 000440 W16 a00002 0000 palette_registers
A 00043e W16 a00000 09cb palette_registers
A 000440 W16 a00002 41ce palette_registers
A 00043e W16 a00000 09ca palette_registers
A 000440 W16 a00002 1950 palette_registers
A 00043e W16 a00000 09c9 palette_registers
A 000440 W16 a00002 29d4 palette_registers
A 00043e W16 a00000 09c8 palette_registers
A 000440 W16 a00002 1990 palette_registers
A 00043e W16 a00000 09c7 palette_registers
A 000440 W16 a00002 3214 palette_registers
A 00043e W16 a00000 09c6 palette_registers
A 000440 W16 a00002 4ada palette_registers
A 00043e W16 a00000 09c5 palette_registers
A 000440 W16 a00002 190a palette_registers
A 00043e W16 a00000 09c4 palette_registers
A 000440 W16 a00002 298e palette_registers
A 00043e W16 a00000 09c3 palette_registers
A 000440 W16 a00002 3a12 palette_registers
A 00043e W16 a00000 09c2 palette_registers
A 000440 W16 a00002 52d8 palette_registers
A 00043e W16 a00000 09c1 palette_registers
A 000440 W16 a00002 635c palette_registers
A 00043e W16 a00000 09c0 palette_registers
A 000440 W16 a00002 0000 palette_registers
A 00043e W16 a00000 09bf palette_registers
A 000440 W16 a00002 2100 palette_registers
A 00043e W16 a00000 09be palette_registers
A 000440 W16 a00002 31c6 palette_registers
A 00043e W16 a00000 09bd palette_registers
A 000440 W16 a00002 3a50 palette_registers
A 00043e W16 a00000 09bc palette_registers
A 000440 W16 a00002 0000 palette_registers
A 00043e W16 a00000 09bb palette_registers
A 000440 W16 a00002 41ce palette_registers
A 00043e W16 a00000 09ba palette_registers
A 000440 W16 a00002 1950 palette_registers
A 00043e W16 a00000 09b9 palette_registers
A 000440 W16 a00002 29d4 palette_registers
A 00043e W16 a00000 09b8 palette_registers
A 000440 W16 a00002 218e palette_registers
A 00043e W16 a00000 09b7 palette_registers
A 000440 W16 a00002 3212 palette_registers
A 00043e W16 a00000 09b6 palette_registers
A 000440 W16 a00002 4ad8 palette_registers
A 00043e W16 a00000 09b5 palette_registers
A 000440 W16 a00002 2108 palette_registers
A 00043e W16 a00000 09b4 palette_registers
A 000440 W16 a00002 318c palette_registers
A 00043e W16 a00000 09b3 palette_registers
A 000440 W16 a00002 4210 palette_registers
A 00043e W16 a00000 09b2 palette_registers
A 000440 W16 a00002 5ad6 palette_registers
A 00043e W16 a00000 09b1 palette_registers
A 000440 W16 a00002 6b5a palette_registers
A 00043e W16 a00000 09b0 palette_registers
A 000440 W16 a00002 0000 palette_registers
A 00043e W16 a00000 09af palette_registers
A 000440 W16 a00002 2100 palette_registers
A 00043e W16 a00000 09ae palette_registers
A 000440 W16 a00002 31c6 palette_registers
A 00043e W16 a00000 09ad palette_registers
A 000440 W16 a00002 3a50 palette_registers
A 00043e W16 a00000 09ac palette_registers
A 000440 W16 a00002 0000 palette_registers
A 00043e W16 a00000 09ab palette_registers
A 000440 W16 a00002 41ce palette_registers
A 00043e W16 a00000 09aa palette_registers
A 000440 W16 a00002 194e palette_registers
A 00043e W16 a00000 09a9 palette_registers
A 000440 W16 a00002 29d2 palette_registers
A 00043e W16 a00000 09a8 palette_registers
A 000440 W16 a00002 214c palette_registers
A 00043e W16 a00000 09a7 palette_registers
A 000440 W16 a00002 31d0 palette_registers
A 00043e W16 a00000 09a6 palette_registers
A 000440 W16 a00002 4a96 palette_registers
A 00043e W16 a00000 09a5 palette_registers
A 000440 W16 a00002 1908 palette_registers
A 00043e W16 a00000 09a4 palette_registers
A 000440 W16 a00002 298c palette_registers
A 00043e W16 a00000 09a3 palette_registers
A 000440 W16 a00002 3a10 palette_registers
A 00043e W16 a00000 09a2 palette_registers
A 000440 W16 a00002 52d6 palette_registers
A 00043e W16 a00000 09a1 palette_registers
A 000440 W16 a00002 6b5a palette_registers
A 00043e W16 a00000 09a0 palette_registers
A 000440 W16 a00002 0000 palette_registers
A 00043e W16 a00000 099f palette_registers
A 000440 W16 a00002 4210 palette_registers
A 00043e W16 a00000 099e palette_registers
A 000440 W16 a00002 6b1e palette_registers
A 00043e W16 a00000 099d palette_registers
A 000440 W16 a00002 0310 palette_registers
A 00043e W16 a00000 099c palette_registers
A 000440 W16 a00002 1a80 palette_registers
A 00043e W16 a00000 099b palette_registers
A 000440 W16 a00002 2a0a palette_registers
A 00043e W16 a00000 099a palette_registers
A 000440 W16 a00002 2188 palette_registers
A 00043e W16 a00000 0999 palette_registers
A 000440 W16 a00002 2148 palette_registers
A 00043e W16 a00000 0998 palette_registers
A 000440 W16 a00002 4a96 palette_registers
A 00043e W16 a00000 0997 palette_registers
A 000440 W16 a00002 3254 palette_registers
A 00043e W16 a00000 0996 palette_registers
A 000440 W16 a00002 3212 palette_registers
A 00043e W16 a00000 0995 palette_registers
A 000440 W16 a00002 31d0 palette_registers
A 00043e W16 a00000 0994 palette_registers
A 000440 W16 a00002 298e palette_registers
A 00043e W16 a00000 0993 palette_registers
A 000440 W16 a00002 210a palette_registers
A 00043e W16 a00000 0992 palette_registers
A 000440 W16 a00002 18c6 palette_registers
A 00043e W16 a00000 0991 palette_registers
A 000440 W16 a00002 10c4 palette_registers
A 00043e W16 a00000 0990 palette_registers
A 000440 W16 a00002 0000 palette_registers
A 00043e W16 a00000 098f palette_registers
A 000440 W16 a00002 4210 palette_registers
A 00043e W16 a00000 098e palette_registers
A 000440 W16 a00002 4294 palette_registers
A 00043e W16 a00000 098d palette_registers
A 000440 W16 a00002 02d2 palette_registers
A 00043e W16 a00000 098c palette_registers
A 000440 W16 a00002 0288 palette_registers
A 00043e W16 a00000 098b palette_registers
A 000440 W16 a00002 2a00 palette_registers
A 00043e W16 a00000 098a palette_registers
A 000440 W16 a00002 0180 palette_registers
A 00043e W16 a00000 0989 palette_registers
A 000440 W16 a00002 0140 palette_registers
A 00043e W16 a00000 0988 palette_registers
A 000440 W16 a00002 4a94 palette_registers
A 00043e W16 a00000 0987 palette_registers
A 000440 W16 a00002 4252 palette_registers
A 00043e W16 a00000 0986 palette_registers
A 000440 W16 a00002 3a10 palette_registers
A 00043e W16 a00000 0985 palette_registers
A 000440 W16 a00002 31ce palette_registers
A 00043e W16 a00000 0984 palette_registers
A 000440 W16 a00002 298c palette_registers
A 00043e W16 a00000 0983 palette_registers
A 000440 W16 a00002 214a palette_registers
A 00043e W16 a00000 0982 palette_registers
A 000440 W16 a00002 1908 palette_registers
A 00043e W16 a00000 0981 palette_registers
A 000440 W16 a00002 10c8 palette_registers
A 00043e W16 a00000 0980 palette_registers
A 000440 W16 a00002 0000 palette_registers
A 00043e W16 a00000 097f palette_registers
A 000440 W16 a00002 635a palette_registers
A 00043e W16 a00000 097e palette_registers
A 000440 W16 a00002 398c palette_registers
A 00043e W16 a00000 097d palette_registers
A 000440 W16 a00002 5a94 palette_registers
A 00043e W16 a00000 097c palette_registers
A 000440 W16 a00002 39da palette_registers
A 00043e W16 a00000 097b palette_registers
A 000440 W16 a00002 0018 palette_registers
A 00043e W16 a00000 097a palette_registers
A 000440 W16 a00002 0000 palette_registers
A 00043e W16 a00000 0979 palette_registers
A 000440 W16 a00002 318c palette_registers
A 00043e W16 a00000 0978 palette_registers
A 000440 W16 a00002 4210 palette_registers
A 00043e W16 a00000 0977 palette_registers
A 000440 W16 a00002 5ad6 palette_registers
A 00043e W16 a00000 0976 palette_registers
A 000440 W16 a00002 2990 palette_registers
A 00043e W16 a00000 0975 palette_registers
A 000440 W16 a00002 4256 palette_registers
A 00043e W16 a00000 0974 palette_registers
A 000440 W16 a00002 210e palette_registers
A 00043e W16 a00000 0973 palette_registers
A 000440 W16 a00002 39d4 palette_registers
A 00043e W16 a00000 0972 palette_registers
A 000440 W16 a00002 529a palette_registers
A 00043e W16 a00000 0971 palette_registers
A 000440 W16 a00002 6b5e palette_registers
A 00043e W16 a00000 0970 palette_registers
A 000440 W16 a00002 0000 palette_registers
A 00043e W16 a00000 096f palette_registers
A 000440 W16 a00002 635a palette_registers
A 00043e W16 a00000 096e palette_registers
A 000440 W16 a00002 398c palette_registers
A 00043e W16 a00000 096d palette_registers
A 000440 W16 a00002 5a94 palette_registers
A 00043e W16 a00000 096c palette_registers
A 000440 W16 a00002 294a palette_registers
A 00043e W16 a00000 096b palette_registers
A 000440 W16 a00002 318e palette_registers
A 00043e W16 a00000 096a palette_registers
A 000440 W16 a00002 39ce palette_registers
A 00043e W16 a00000 0969 palette_registers
A 000440 W16 a00002 4210 palette_registers
A 00043e W16 a00000 0968 palette_registers
A 000440 W16 a00002 0000 palette_registers
A 00043e W16 a00000 0967 palette_registers
A 000440 W16 a00002 214a palette_registers
A 00043e W16 a00000 0966 palette_registers
A 000440 W16 a00002 298c palette_registers
A 00043e W16 a00000 0965 palette_registers
A 000440 W16 a00002 3a10 palette_registers
A 00043e W16 a00000 0964 palette_registers
A 000440 W16 a00002 4252 palette_registers
A 00043e W16 a00000 0963 palette_registers
A 000440 W16 a00002 4a94 palette_registers
A 00043e W16 a00000 0962 palette_registers
A 000440 W16 a00002 5318 palette_registers
A 00043e W16 a00000 0961 palette_registers
A 000440 W16 a00002 639c palette_registers
A 00043e W16 a00000 0960 palette_registers
A 000440 W16 a00002 0000 palette_registers
A 00043e W16 a00000 095f palette_registers
A 000440 W16 a00002 635a palette_registers
A 00043e W16 a00000 095e palette_registers
A 000440 W16 a00002 398c palette_registers
A 00043e W16 a00000 095d palette_registers
A 000440 W16 a00002 5a94 palette_registers
A 00043e W16 a00000 095c palette_registers
A 000440 W16 a00002 0000 palette_registers
A 00043e W16 a00000 095b palette_registers
A 000440 W16 a00002 294a palette_registers
A 00043e W16 a00000 095a palette_registers
A 000440 W16 a00002 4210 palette_registers
A 00043e W16 a00000 0959 palette_registers
A 000440 W16 a00002 4a52 palette_registers
A 00043e W16 a00000 0958 palette_registers
A 000440 W16 a00002 3a10 palette_registers
A 00043e W16 a00000 0957 palette_registers
A 000440 W16 a00002 10ca palette_registers
A 00043e W16 a00000 0956 palette_registers
A 000440 W16 a00002 31d2 palette_registers
A 00043e W16 a00000 0955 palette_registers
A 000440 W16 a00002 214c palette_registers
A 00043e W16 a00000 0954 palette_registers
A 000440 W16 a00002 298e palette_registers
A 00043e W16 a00000 0953 palette_registers
A 000440 W16 a00002 3a12 palette_registers
A 00043e W16 a00000 0952 palette_registers
A 000440 W16 a00002 4254 palette_registers
A 00043e W16 a00000 0951 palette_registers
A 000440 W16 a00002 5294 palette_registers
A 00043e W16 a00000 0950 palette_registers
A 000440 W16 a00002 0000 palette_registers
A 00043e W16 a00000 094f palette_registers
A 000440 W16 a00002 0000 palette_registers
A 00043e W16 a00000 094e palette_registers
A 000440 W16 a00002 2906 palette_registers
A 00043e W16 a00000 094d palette_registers
A 000440 W16 a00002 3148 palette_registers
A 00043e W16 a00000 094c palette_registers
A 000440 W16 a00002 398a palette_registers
A 00043e W16 a00000 094b palette_registers
A 000440 W16 a00002 41cc palette_registers
A 00043e W16 a00000 094a palette_registers
A 000440 W16 a00002 4a0e palette_registers
A 00043e W16 a00000 0949 palette_registers
A 000440 W16 a00002 5250 palette_registers
A 00043e W16 a00000 0948 palette_registers
A 000440 W16 a00002 62d4 palette_registers
A 00043e W16 a00000 0947 palette_registers
A 000440 W16 a00002 7358 palette_registers
A 00043e W16 a00000 0946 palette_registers
A 000440 W16 a00002 7bdc palette_registers
A 00043e W16 a00000 0945 palette_registers
A 000440 W16 a00002 4a52 palette_registers
A 00043e W16 a00000 0944 palette_registers
A 000440 W16 a00002 5294 palette_registers
A 00043e W16 a00000 0943 palette_registers
A 000440 W16 a00002 5ad6 palette_registers
A 00043e W16 a00000 0942 palette_registers
A 000440 W16 a00002 6b5a palette_registers
A 00043e W16 a00000 0941 palette_registers
A 000440 W16 a00002 7bde palette_registers
A 00043e W16 a00000 0940 palette_registers
A 000440 W16 a00002 0000 palette_registers
A 00043e W16 a00000 093f palette_registers
A 000440 W16 a00002 30c0 palette_registers
A 00043e W16 a00000 093e palette_registers
A 000440 W16 a00002 3940 palette_registers
A 00043e W16 a00000 093d palette_registers
A 000440 W16 a00002 5980 palette_registers
A 00043e W16 a00000 093c palette_registers
A 000440 W16 a00002 7b0a palette_registers
A 00043e W16 a00000 093b palette_registers
A 000440 W16 a00002 7814 palette_registers
A 00043e W16 a00000 093a palette_registers
A 000440 W16 a00002 601a palette_registers
A 00043e W16 a00000 0939 palette_registers
A 000440 W16 a00002 0250 palette_registers
A 00043e W16 a00000 0938 palette_registers
A 000440 W16 a00002 03dc palette_registers
A 00043e W16 a00000 0937 palette_registers
A 000440 W16 a00002 0000 palette_registers
A 00043e W16 a00000 0936 palette_registers
A 000440 W16 a00002 294a palette_registers
A 00043e W16 a00000 0935 palette_registers
A 000440 W16 a00002 318c palette_registers
A 00043e W16 a00000 0934 palette_registers
A 000440 W16 a00002 4210 palette_registers
A 00043e W16 a00000 0933 palette_registers
A 000440 W16 a00002 5294 palette_registers
A 00043e W16 a00000 0932 palette_registers
A 000440 W16 a00002 6b5a palette_registers
A 00043e W16 a00000 0931 palette_registers
A 000440 W16 a00002 7bde palette_registers
A 00043e W16 a00000 0930 palette_registers
A 000440 W16 a00002 0000 palette_registers
A 00043e W16 a00000 092f palette_registers
A 000440 W16 a00002 0000 palette_registers
A 00043e W16 a00000 092e palette_registers
A 000440 W16 a00002 18c8 palette_registers
A 00043e W16 a00000 092d palette_registers
A 000440 W16 a00002 210a palette_registers
A 00043e W16 a00000 092c palette_registers
A 000440 W16 a00002 294c palette_registers
A 00043e W16 a00000 092b palette_registers
A 000440 W16 a00002 318e palette_registers
A 00043e W16 a00000 092a palette_registers
A 000440 W16 a00002 39d0 palette_registers
A 00043e W16 a00000 0929 palette_registers
A 000440 W16 a00002 4212 palette_registers
A 00043e W16 a00000 0928 palette_registers
A 000440 W16 a00002 5ad8 palette_registers
A 00043e W16 a00000 0927 palette_registers
A 000440 W16 a00002 631a palette_registers
A 00043e W16 a00000 0926 palette_registers
A 000440 W16 a00002 294a palette_registers
A 00043e W16 a00000 0925 palette_registers
A 000440 W16 a00002 318c palette_registers
A 00043e W16 a00000 0924 palette_registers
A 000440 W16 a00002 4210 palette_registers
A 00043e W16 a00000 0923 palette_registers
A 000440 W16 a00002 5294 palette_registers
A 00043e W16 a00000 0922 palette_registers
A 000440 W16 a00002 6b5a palette_registers
A 00043e W16 a00000 0921 palette_registers
A 000440 W16 a00002 7bde palette_registers
A 00043e W16 a00000 0920 palette_registers
A 000440 W16 a00002 0000 palette_registers
A 00043e W16 a00000 091f palette_registers
A 000440 W16 a00002 18c8 palette_registers
A 00043e W16 a00000 091e palette_registers
A 000440 W16 a00002 18cc palette_registers
A 00043e W16 a00000 091d palette_registers
A 000440 W16 a00002 2110 palette_registers
A 00043e W16 a00000 091c palette_registers
A 000440 W16 a00002 211a palette_registers
A 00043e W16 a00000 091b palette_registers
A 000440 W16 a00002 4a5e palette_registers
A 00043e W16 a00000 091a palette_registers
A 000440 W16 a00002 429e palette_registers
A 00043e W16 a00000 0919 palette_registers
A 000440 W16 a00002 3adc palette_registers
A 00043e W16 a00000 0918 palette_registers
A 000440 W16 a00002 0000 palette_registers
A 00043e W16 a00000 0917 palette_registers
A 000440 W16 a00002 4100 palette_registers
A 00043e W16 a00000 0916 palette_registers
A 000440 W16 a00002 6a80 palette_registers
A 00043e W16 a00000 0915 palette_registers
A 000440 W16 a00002 2108 palette_registers
A 00043e W16 a00000 0914 palette_registers
A 000440 W16 a00002 294a palette_registers
A 00043e W16 a00000 0913 palette_registers
A 000440 W16 a00002 39ce palette_registers
A 00043e W16 a00000 0912 palette_registers
A 000440 W16 a00002 5294 palette_registers
A 00043e W16 a00000 0911 palette_registers
A 000440 W16 a00002 7bde palette_registers
A 00043e W16 a00000 0910 palette_registers
A 000440 W16 a00002 0000 palette_registers
A 00043e W16 a00000 090f palette_registers
A 000440 W16 a00002 0000 palette_registers
A 00043e W16 a00000 090e palette_registers
A 000440 W16 a00002 4156 palette_registers
A 00043e W16 a00000 090d palette_registers
A 000440 W16 a00002 51d8 palette_registers
A 00043e W16 a00000 090c palette_registers
A 000440 W16 a00002 521a palette_registers
A 00043e W16 a00000 090b palette_registers
A 000440 W16 a00002 625e palette_registers
A 00043e W16 a00000 090a palette_registers
A 000440 W16 a00002 7a9e palette_registers
A 00043e W16 a00000 0909 palette_registers
A 000440 W16 a00002 0292 palette_registers
A 00043e W16 a00000 0908 palette_registers
A 000440 W16 a00002 10c4 palette_registers
A 00043e W16 a00000 0907 palette_registers
A 000440 W16 a00002 1104 palette_registers
A 00043e W16 a00000 0906 palette_registers
A 000440 W16 a00002 1944 palette_registers
A 00043e W16 a00000 0905 palette_registers
A 000440 W16 a00002 1984 palette_registers
A 00043e W16 a00000 0904 palette_registers
A 000440 W16 a00002 21c4 palette_registers
A 00043e W16 a00000 0903 palette_registers
A 000440 W16 a00002 2a04 palette_registers
A 00043e W16 a00000 0902 palette_registers
A 000440 W16 a00002 3280 palette_registers
A 00043e W16 a00000 0901 palette_registers
A 000440 W16 a00002 328e palette_registers
A 00043e W16 a00000 0900 palette_registers
A 000440 W16 a00002 0000 palette_registers
A 00043e W16 a00000 08ff palette_registers
A 000440 W16 a00002 0000 palette_registers
A 00043e W16 a00000 08fe palette_registers
A 000440 W16 a00002 4156 palette_registers
A 00043e W16 a00000 08fd palette_registers
A 000440 W16 a00002 51d8 palette_registers
A 00043e W16 a00000 08fc palette_registers
A 000440 W16 a00002 521a palette_registers
A 00043e W16 a00000 08fb palette_registers
A 000440 W16 a00002 625e palette_registers
A 00043e W16 a00000 08fa palette_registers
A 000440 W16 a00002 7a9e palette_registers
A 00043e W16 a00000 08f9 palette_registers
A 000440 W16 a00002 0292 palette_registers
A 00043e W16 a00000 08f8 palette_registers
A 000440 W16 a00002 10c4 palette_registers
A 00043e W16 a00000 08f7 palette_registers
A 000440 W16 a00002 1104 palette_registers
A 00043e W16 a00000 08f6 palette_registers
A 000440 W16 a00002 1944 palette_registers
A 00043e W16 a00000 08f5 palette_registers
A 000440 W16 a00002 1984 palette_registers
A 00043e W16 a00000 08f4 palette_registers
A 000440 W16 a00002 21c4 palette_registers
A 00043e W16 a00000 08f3 palette_registers
A 000440 W16 a00002 2a04 palette_registers
A 00043e W16 a00000 08f2 palette_registers
A 000440 W16 a00002 3280 palette_registers
A 00043e W16 a00000 08f1 palette_registers
A 000440 W16 a00002 328e palette_registers
A 00043e W16 a00000 08f0 palette_registers
A 000440 W16 a00002 0000 palette_registers
A 00043e W16 a00000 08ef palette_registers
A 000440 W16 a00002 0000 palette_registers
A 00043e W16 a00000 08ee palette_registers
A 000440 W16 a00002 2906 palette_registers
A 00043e W16 a00000 08ed palette_registers
A 000440 W16 a00002 3148 palette_registers
A 00043e W16 a00000 08ec palette_registers
A 000440 W16 a00002 398a palette_registers
A 00043e W16 a00000 08eb palette_registers
A 000440 W16 a00002 4a0e palette_registers
A 00043e W16 a00000 08ea palette_registers
A 000440 W16 a00002 62d4 palette_registers
A 00043e W16 a00000 08e9 palette_registers
A 000440 W16 a00002 7358 palette_registers
A 00043e W16 a00000 08e8 palette_registers
A 000440 W16 a00002 2080 palette_registers
A 00043e W16 a00000 08e7 palette_registers
A 000440 W16 a00002 30c0 palette_registers
A 00043e W16 a00000 08e6 palette_registers
A 000440 W16 a00002 3900 palette_registers
A 00043e W16 a00000 08e5 palette_registers
A 000440 W16 a00002 5180 palette_registers
A 00043e W16 a00000 08e4 palette_registers
A 000440 W16 a00002 6280 palette_registers
A 00043e W16 a00000 08e3 palette_registers
A 000440 W16 a00002 5294 palette_registers
A 00043e W16 a00000 08e2 palette_registers
A 000440 W16 a00002 6b5a palette_registers
A 00043e W16 a00000 08e1 palette_registers
A 000440 W16 a00002 7bde palette_registers
A 00043e W16 a00000 08e0 palette_registers
A 000440 W16 a00002 0000 palette_registers
A 00043e W16 a00000 08df palette_registers
A 000440 W16 a00002 0000 palette_registers
A 00043e W16 a00000 08de palette_registers
A 000440 W16 a00002 4a10 palette_registers
A 00043e W16 a00000 08dd palette_registers
A 000440 W16 a00002 5252 palette_registers
A 00043e W16 a00000 08dc palette_registers
A 000440 W16 a00002 62d6 palette_registers
A 00043e W16 a00000 08db palette_registers
A 000440 W16 a00002 735c palette_registers
A 00043e W16 a00000 08da palette_registers
A 000440 W16 a00002 6b5a palette_registers
A 00043e W16 a00000 08d9 palette_registers
A 000440 W16 a00002 18c6 palette_registers
A 00043e W16 a00000 08d8 palette_registers
A 000440 W16 a00002 2108 palette_registers
A 00043e W16 a00000 08d7 palette_registers
A 000440 W16 a00002 294a palette_registers
A 00043e W16 a00000 08d6 palette_registers
A 000440 W16 a00002 318c palette_registers
A 00043e W16 a00000 08d5 palette_registers
A 000440 W16 a00002 39ce palette_registers
A 00043e W16 a00000 08d4 palette_registers
A 000440 W16 a00002 4210 palette_registers
A 00043e W16 a00000 08d3 palette_registers
A 000440 W16 a00002 4a52 palette_registers
A 00043e W16 a00000 08d2 palette_registers
A 000440 W16 a00002 5294 palette_registers
A 00043e W16 a00000 08d1 palette_registers
A 000440 W16 a00002 6318 palette_registers
A 00043e W16 a00000 08d0 palette_registers
A 000440 W16 a00002 0000 palette_registers
A 00043e W16 a00000 08cf palette_registers
A 000440 W16 a00002 0000 palette_registers
A 00043e W16 a00000 08ce palette_registers
A 000440 W16 a00002 731a palette_registers
A 00043e W16 a00000 08cd palette_registers
A 000440 W16 a00002 5294 palette_registers
A 00043e W16 a00000 08cc palette_registers
A 000440 W16 a00002 4a50 palette_registers
A 00043e W16 a00000 08cb palette_registers
A 000440 W16 a00002 39ce palette_registers
A 00043e W16 a00000 08ca palette_registers
A 000440 W16 a00002 294a palette_registers
A 00043e W16 a00000 08c9 palette_registers
A 000440 W16 a00002 4a98 palette_registers
A 00043e W16 a00000 08c8 palette_registers
A 000440 W16 a00002 10c6 palette_registers
A 00043e W16 a00000 08c7 palette_registers
A 000440 W16 a00002 1908 palette_registers
A 00043e W16 a00000 08c6 palette_registers
A 000440 W16 a00002 214a palette_registers
A 00043e W16 a00000 08c5 palette_registers
A 000440 W16 a00002 214c palette_registers
A 00043e W16 a00000 08c4 palette_registers
A 000440 W16 a00002 2190 palette_registers
A 00043e W16 a00000 08c3 palette_registers
A 000440 W16 a00002 31d2 palette_registers
A 00043e W16 a00000 08c2 palette_registers
A 000440 W16 a00002 3a14 palette_registers
A 00043e W16 a00000 08c1 palette_registers
A 000440 W16 a00002 4254 palette_registers
A 00043e W16 a00000 08c0 palette_registers
A 000440 W16 a00002 0000 palette_registers
A 00043e W16 a00000 08bf palette_registers
A 000440 W16 a00002 0000 palette_registers
A 00043e W16 a00000 08be palette_registers
A 000440 W16 a00002 1392 palette_registers
A 00043e W16 a00000 08bd palette_registers
A 000440 W16 a00002 3bda palette_registers
A 00043e W16 a00000 08bc palette_registers
A 000440 W16 a00002 12d2 palette_registers
A 00043e W16 a00000 08bb palette_registers
A 000440 W16 a00002 10c0 palette_registers
A 00043e W16 a00000 08ba palette_registers
A 000440 W16 a00002 1900 palette_registers
A 00043e W16 a00000 08b9 palette_registers
A 000440 W16 a00002 1940 palette_registers
A 00043e W16 a00000 08b8 palette_registers
A 000440 W16 a00002 1980 palette_registers
A 00043e W16 a00000 08b7 palette_registers
A 000440 W16 a00002 21c0 palette_registers
A 00043e W16 a00000 08b6 palette_registers
A 000440 W16 a00002 0200 palette_registers
A 00043e W16 a00000 08b5 palette_registers
A 000440 W16 a00002 2248 palette_registers
A 00043e W16 a00000 08b4 palette_registers
A 000440 W16 a00002 3a8c palette_registers
A 00043e W16 a00000 08b3 palette_registers
A 000440 W16 a00002 3acc palette_registers
A 00043e W16 a00000 08b2 palette_registers
A 000440 W16 a00002 3b4e palette_registers
A 00043e W16 a00000 08b1 palette_registers
A 000440 W16 a00002 33c6 palette_registers
A 00043e W16 a00000 08b0 palette_registers
A 000440 W16 a00002 0000 palette_registers
A 00043e W16 a00000 08af palette_registers
A 000440 W16 a00002 0000 palette_registers
A 00043e W16 a00000 08ae palette_registers
A 000440 W16 a00002 1106 palette_registers
A 00043e W16 a00000 08ad palette_registers
A 000440 W16 a00002 294a palette_registers
A 00043e W16 a00000 08ac palette_registers
A 000440 W16 a00002 31ce palette_registers
A 00043e W16 a00000 08ab palette_registers
A 000440 W16 a00002 4212 palette_registers
A 00043e W16 a00000 08aa palette_registers
A 000440 W16 a00002 4a54 palette_registers
A 00043e W16 a00000 08a9 palette_registers
A 000440 W16 a00002 439a palette_registers
A 00043e W16 a00000 08a8 palette_registers
A 000440 W16 a00002 1900 palette_registers
A 00043e W16 a00000 08a7 palette_registers
A 000440 W16 a00002 1940 palette_registers
A 00043e W16 a00000 08a6 palette_registers
A 000440 W16 a00002 2180 palette_registers
A 00043e W16 a00000 08a5 palette_registers
A 000440 W16 a00002 3200 palette_registers
A 00043e W16 a00000 08a4 palette_registers
A 000440 W16 a00002 2248 palette_registers
A 00043e W16 a00000 08a3 palette_registers
A 000440 W16 a00002 3a8c palette_registers
A 00043e W16 a00000 08a2 palette_registers
A 000440 W16 a00002 430e palette_registers
A 00043e W16 a00000 08a1 palette_registers
A 000440 W16 a00002 5394 palette_registers
A 00043e W16 a00000 08a0 palette_registers
A 000440 W16 a00002 0000 palette_registers
A 00043e W16 a00000 089f palette_registers
A 000440 W16 a00002 0000 palette_registers
A 00043e W16 a00000 089e palette_registers
A 000440 W16 a00002 290c palette_registers
A 00043e W16 a00000 089d palette_registers
A 000440 W16 a00002 398e palette_registers
A 00043e W16 a00000 089c palette_registers
A 000440 W16 a00002 418e palette_registers
A 00043e W16 a00000 089b palette_registers
A 000440 W16 a00002 49ce palette_registers
A 00043e W16 a00000 089a palette_registers
A 000440 W16 a00002 0188 palette_registers
A 00043e W16 a00000 0899 palette_registers
A 000440 W16 a00002 024e palette_registers
A 00043e W16 a00000 0898 palette_registers
A 000440 W16 a00002 230c palette_registers
A 00043e W16 a00000 0897 palette_registers
A 000440 W16 a00002 029e palette_registers
A 00043e W16 a00000 0896 palette_registers
A 000440 W16 a00002 214c palette_registers
A 00043e W16 a00000 0895 palette_registers
A 000440 W16 a00002 325a palette_registers
A 00043e W16 a00000 0894 palette_registers
A 000440 W16 a00002 431e palette_registers
A 00043e W16 a00000 0893 palette_registers
A 000440 W16 a00002 2108 palette_registers
A 00043e W16 a00000 0892 palette_registers
A 000440 W16 a00002 6318 palette_registers
A 00043e W16 a00000 0891 palette_registers
A 000440 W16 a00002 7bde palette_registers
A 00043e W16 a00000 0890 palette_registers
A 000440 W16 a00002 0000 palette_registers
A 00043e W16 a00000 088f palette_registers
A 000440 W16 a00002 0000 palette_registers
A 00043e W16 a00000 088e palette_registers
A 000440 W16 a00002 0090 palette_registers
A 00043e W16 a00000 088d palette_registers
A 000440 W16 a00002 0116 palette_registers
A 00043e W16 a00000 088c palette_registers
A 000440 W16 a00002 635a palette_registers
A 00043e W16 a00000 088b palette_registers
A 000440 W16 a00002 73de palette_registers
A 00043e W16 a00000 088a palette_registers
A 000440 W16 a00002 3084 palette_registers
A 00043e W16 a00000 0889 palette_registers
A 000440 W16 a00002 40c6 palette_registers
A 00043e W16 a00000 0888 palette_registers
A 000440 W16 a00002 5108 palette_registers
A 00043e W16 a00000 0887 palette_registers
A 000440 W16 a00002 1940 palette_registers
A 00043e W16 a00000 0886 palette_registers
A 000440 W16 a00002 198e palette_registers
A 00043e W16 a00000 0885 palette_registers
A 000440 W16 a00002 0254 palette_registers
A 00043e W16 a00000 0884 palette_registers
A 000440 W16 a00002 51cc palette_registers
A 00043e W16 a00000 0883 palette_registers
A 000440 W16 a00002 6294 palette_registers
A 00043e W16 a00000 0882 palette_registers
A 000440 W16 a00002 7318 palette_registers
A 00043e W16 a00000 0881 palette_registers
A 000440 W16 a00002 7bde palette_registers
A 00043e W16 a00000 0880 palette_registers
A 000440 W16 a00002 0000 palette_registers
A 00043e W16 a00000 087f palette_registers
A 000440 W16 a00002 0000 palette_registers
A 00043e W16 a00000 087e palette_registers
A 000440 W16 a00002 2108 palette_registers
A 00043e W16 a00000 087d palette_registers
A 000440 W16 a00002 491e palette_registers
A 00043e W16 a00000 087c palette_registers
A 000440 W16 a00002 599e palette_registers
A 00043e W16 a00000 087b palette_registers
A 000440 W16 a00002 6a1e palette_registers
A 00043e W16 a00000 087a palette_registers
A 000440 W16 a00002 1812 palette_registers
A 00043e W16 a00000 0879 palette_registers
A 000440 W16 a00002 1816 palette_registers
A 00043e W16 a00000 0878 palette_registers
A 000440 W16 a00002 181e palette_registers
A 00043e W16 a00000 0877 palette_registers
A 000440 W16 a00002 3a5c palette_registers
A 00043e W16 a00000 0876 palette_registers
A 000440 W16 a00002 029a palette_registers
A 00043e W16 a00000 0875 palette_registers
A 000440 W16 a00002 294a palette_registers
A 00043e W16 a00000 0874 palette_registers
A 000440 W16 a00002 39ce palette_registers
A 00043e W16 a00000 0873 palette_registers
A 000440 W16 a00002 5ad6 palette_registers
A 00043e W16 a00000 0872 palette_registers
A 000440 W16 a00002 7bde palette_registers
A 00043e W16 a00000 0871 palette_registers
A 000440 W16 a00002 7ac0 palette_registers
A 00043e W16 a00000 0870 palette_registers
A 000440 W16 a00002 0000 palette_registers
A 00043e W16 a00000 086f palette_registers
A 000440 W16 a00002 029e palette_registers
A 00043e W16 a00000 086e palette_registers
A 000440 W16 a00002 231e palette_registers
A 00043e W16 a00000 086d palette_registers
A 000440 W16 a00002 7200 palette_registers
A 00043e W16 a00000 086c palette_registers
A 000440 W16 a00002 72c6 palette_registers
A 00043e W16 a00000 086b palette_registers
A 000440 W16 a00002 7b96 palette_registers
A 00043e W16 a00000 086a palette_registers
A 000440 W16 a00002 03de palette_registers
A 00043e W16 a00000 0869 palette_registers
A 000440 W16 a00002 0000 palette_registers
A 00043e W16 a00000 0868 palette_registers
A 000440 W16 a00002 6108 palette_registers
A 00043e W16 a00000 0867 palette_registers
A 000440 W16 a00002 4800 palette_registers
A 00043e W16 a00000 0866 palette_registers
A 000440 W16 a00002 294a palette_registers
A 00043e W16 a00000 0865 palette_registers
A 000440 W16 a00002 318c palette_registers
A 00043e W16 a00000 0864 palette_registers
A 000440 W16 a00002 39ce palette_registers
A 00043e W16 a00000 0863 palette_registers
A 000440 W16 a00002 4a52 palette_registers
A 00043e W16 a00000 0862 palette_registers
A 000440 W16 a00002 6318 palette_registers
A 00043e W16 a00000 0861 palette_registers
A 000440 W16 a00002 7bde palette_registers
A 00043e W16 a00000 0860 palette_registers
A 000440 W16 a00002 0000 palette_registers
A 00043e W16 a00000 085f palette_registers
A 000440 W16 a00002 0000 palette_registers
A 00043e W16 a00000 085e palette_registers
A 000440 W16 a00002 014c palette_registers
A 00043e W16 a00000 085d palette_registers
A 000440 W16 a00002 0254 palette_registers
A 00043e W16 a00000 085c palette_registers
A 000440 W16 a00002 1186 palette_registers
A 00043e W16 a00000 085b palette_registers
A 000440 W16 a00002 1900 palette_registers
A 00043e W16 a00000 085a palette_registers
A 000440 W16 a00002 0092 palette_registers
A 00043e W16 a00000 0859 palette_registers
A 000440 W16 a00002 011a palette_registers
A 00043e W16 a00000 0858 palette_registers
A 000440 W16 a00002 2192 palette_registers
A 00043e W16 a00000 0857 palette_registers
A 000440 W16 a00002 0150 palette_registers
A 00043e W16 a00000 0856 palette_registers
A 000440 W16 a00002 02dc palette_registers
A 00043e W16 a00000 0855 palette_registers
A 000440 W16 a00002 2a56 palette_registers
A 00043e W16 a00000 0854 palette_registers
A 000440 W16 a00002 18c6 palette_registers
A 00043e W16 a00000 0853 palette_registers
A 000440 W16 a00002 2108 palette_registers
A 00043e W16 a00000 0852 palette_registers
A 000440 W16 a00002 5294 palette_registers
A 00043e W16 a00000 0851 palette_registers
A 000440 W16 a00002 739c palette_registers
A 00043e W16 a00000 0850 palette_registers
A 000440 W16 a00002 0000 palette_registers
A 00043e W16 a00000 084f palette_registers
A 000440 W16 a00002 39cc palette_registers
A 00043e W16 a00000 084e palette_registers
A 000440 W16 a00002 020a palette_registers
A 00043e W16 a00000 084d palette_registers
A 000440 W16 a00002 021e palette_registers
A 00043e W16 a00000 084c palette_registers
A 000440 W16 a00002 2108 palette_registers
A 00043e W16 a00000 084b palette_registers
A 000440 W16 a00002 325a palette_registers
A 00043e W16 a00000 084a palette_registers
A 000440 W16 a00002 0010 palette_registers
A 00043e W16 a00000 0849 palette_registers
A 000440 W16 a00002 294a palette_registers
A 00043e W16 a00000 0848 palette_registers
A 000440 W16 a00002 39ce palette_registers
A 00043e W16 a00000 0847 palette_registers
A 000440 W16 a00002 39ce palette_registers
A 00043e W16 a00000 0846 palette_registers
A 000440 W16 a00002 4a52 palette_registers
A 00043e W16 a00000 0845 palette_registers
A 000440 W16 a00002 5ad6 palette_registers
A 00043e W16 a00000 0844 palette_registers
A 000440 W16 a00002 318c palette_registers
A 00043e W16 a00000 0843 palette_registers
A 000440 W16 a00002 6b5a palette_registers
A 00043e W16 a00000 0842 palette_registers
A 000440 W16 a00002 739c palette_registers
A 00043e W16 a00000 0841 palette_registers
A 000440 W16 a00002 7bde palette_registers
A 00043e W16 a00000 0840 palette_registers
A 000440 W16 a00002 0000 palette_registers
A 00043e W16 a00000 083f palette_registers
A 000440 W16 a00002 6bde palette_registers
A 00043e W16 a00000 083e palette_registers
A 000440 W16 a00002 4bde palette_registers
A 00043e W16 a00000 083d palette_registers
A 000440 W16 a00002 03de palette_registers
A 00043e W16 a00000 083c palette_registers
A 000440 W16 a00002 039e palette_registers
A 00043e W16 a00000 083b palette_registers
A 000440 W16 a00002 035e palette_registers
A 00043e W16 a00000 083a palette_registers
A 000440 W16 a00002 235e palette_registers
A 00043e W16 a00000 0839 palette_registers
A 000440 W16 a00002 22dc palette_registers
A 00043e W16 a00000 0838 palette_registers
A 000440 W16 a00002 225c palette_registers
A 00043e W16 a00000 0837 palette_registers
A 000440 W16 a00002 21d4 palette_registers
A 00043e W16 a00000 0836 palette_registers
A 000440 W16 a00002 2192 palette_registers
A 00043e W16 a00000 0835 palette_registers
A 000440 W16 a00002 2150 palette_registers
A 00043e W16 a00000 0834 palette_registers
A 000440 W16 a00002 214c palette_registers
A 00043e W16 a00000 0833 palette_registers
A 000440 W16 a00002 014a palette_registers
A 00043e W16 a00000 0832 palette_registers
A 000440 W16 a00002 010a palette_registers
A 00043e W16 a00000 0831 palette_registers
A 000440 W16 a00002 010c palette_registers
A 00043e W16 a00000 0830 palette_registers
A 000440 W16 a00002 0000 palette_registers
A 00043e W16 a00000 082f palette_registers
A 000440 W16 a00002 318c palette_registers
A 00043e W16 a00000 082e palette_registers
A 000440 W16 a00002 39ce palette_registers
A 00043e W16 a00000 082d palette_registers
A 000440 W16 a00002 4210 palette_registers
A 00043e W16 a00000 082c palette_registers
A 000440 W16 a00002 4a52 palette_registers
A 00043e W16 a00000 082b palette_registers
A 000440 W16 a00002 5296 palette_registers
A 00043e W16 a00000 082a palette_registers
A 000440 W16 a00002 1084 palette_registers
A 00043e W16 a00000 0829 palette_registers
A 000440 W16 a00002 4a52 palette_registers
A 00043e W16 a00000 0828 palette_registers
A 000440 W16 a00002 30c8 palette_registers
A 00043e W16 a00000 0827 palette_registers
A 000440 W16 a00002 518c palette_registers
A 00043e W16 a00000 0826 palette_registers
A 000440 W16 a00002 59ce palette_registers
A 00043e W16 a00000 0825 palette_registers
A 000440 W16 a00002 6210 palette_registers
A 00043e W16 a00000 0824 palette_registers
A 000440 W16 a00002 6a52 palette_registers
A 00043e W16 a00000 0823 palette_registers
A 000440 W16 a00002 7294 palette_registers
A 00043e W16 a00000 0822 palette_registers
A 000440 W16 a00002 7ad6 palette_registers
A 00043e W16 a00000 0821 palette_registers
A 000440 W16 a00002 7b18 palette_registers
A 00043e W16 a00000 0820 palette_registers
A 000440 W16 a00002 0000 palette_registers
A 00043e W16 a00000 081f palette_registers
A 000440 W16 a00002 318c palette_registers
A 00043e W16 a00000 081e palette_registers
A 000440 W16 a00002 39ce palette_registers
A 00043e W16 a00000 081d palette_registers
A 000440 W16 a00002 4210 palette_registers
A 00043e W16 a00000 081c palette_registers
A 000440 W16 a00002 4a52 palette_registers
A 00043e W16 a00000 081b palette_registers
A 000440 W16 a00002 5296 palette_registers
A 00043e W16 a00000 081a palette_registers
A 000440 W16 a00002 1084 palette_registers
A 00043e W16 a00000 0819 palette_registers
A 000440 W16 a00002 294a palette_registers
A 00043e W16 a00000 0818 palette_registers
A 000440 W16 a00002 318c palette_registers
A 00043e W16 a00000 0817 palette_registers
A 000440 W16 a00002 4210 palette_registers
A 00043e W16 a00000 0816 palette_registers
A 000440 W16 a00002 4a52 palette_registers
A 00043e W16 a00000 0815 palette_registers
A 000440 W16 a00002 5294 palette_registers
A 00043e W16 a00000 0814 palette_registers
A 000440 W16 a00002 5ad6 palette_registers
A 00043e W16 a00000 0813 palette_registers
A 000440 W16 a00002 6318 palette_registers
A 00043e W16 a00000 0812 palette_registers
A 000440 W16 a00002 7bde palette_registers
A 00043e W16 a00000 0811 palette_registers
A 000440 W16 a00002 39ce palette_registers
A 00043e W16 a00000 0810 palette_registers
A 000440 W16 a00002 0000 palette_registers
A 00043e W16 a00000 080f palette_registers
A 000440 W16 a00002 0000 palette_registers
A 00043e W16 a00000 080e palette_registers
A 000440 W16 a00002 0000 palette_registers
A 00043e W16 a00000 080d palette_registers
A 000440 W16 a00002 0000 palette_registers
A 00043e W16 a00000 080c palette_registers
A 000440 W16 a00002 0000 palette_registers
A 00043e W16 a00000 080b palette_registers
A 000440 W16 a00002 0000 palette_registers
A 00043e W16 a00000 080a palette_registers
A 000440 W16 a00002 0000 palette_registers
A 00043e W16 a00000 0809 palette_registers
A 000440 W16 a00002 0000 palette_registers
A 00043e W16 a00000 0808 palette_registers
A 000440 W16 a00002 0000 palette_registers
A 00043e W16 a00000 0807 palette_registers
A 000440 W16 a00002 0000 palette_registers
A 00043e W16 a00000 0806 palette_registers
A 000440 W16 a00002 4a10 palette_registers
A 00043e W16 a00000 0805 palette_registers
A 000440 W16 a00002 001c palette_registers
A 00043e W16 a00000 0804 palette_registers
A 000440 W16 a00002 314a palette_registers
A 00043e W16 a00000 0803 palette_registers
A 000440 W16 a00002 41ce palette_registers
A 00043e W16 a00000 0802 palette_registers
A 000440 W16 a00002 5a94 palette_registers
A 00043e W16 a00000 0801 palette_registers
A 000440 W16 a00002 6b9c palette_registers
A 00043e W16 a00000 0800 palette_registers
A 000440 W16 a00002 0000 palette_registers
A 00043e W16 a00000 07ff palette_registers
A 000440 W16 a00002 010c palette_registers
A 00043e W16 a00000 07fe palette_registers
A 000440 W16 a00002 010c palette_registers
A 00043e W16 a00000 07fd palette_registers
A 000440 W16 a00002 010c palette_registers
A 00043e W16 a00000 07fc palette_registers
A 000440 W16 a00002 010c palette_registers
A 00043e W16 a00000 07fb palette_registers
A 000440 W16 a00002 010c palette_registers
A 00043e W16 a00000 07fa palette_registers
A 000440 W16 a00002 010c palette_registers
A 00043e W16 a00000 07f9 palette_registers
A 000440 W16 a00002 010c palette_registers
A 00043e W16 a00000 07f8 palette_registers
A 000440 W16 a00002 010c palette_registers
A 00043e W16 a00000 07f7 palette_registers
A 000440 W16 a00002 010c palette_registers
A 00043e W16 a00000 07f6 palette_registers
A 000440 W16 a00002 010c palette_registers
A 00043e W16 a00000 07f5 palette_registers
A 000440 W16 a00002 010c palette_registers
A 00043e W16 a00000 07f4 palette_registers
A 000440 W16 a00002 010c palette_registers
A 00043e W16 a00000 07f3 palette_registers
A 000440 W16 a00002 010c palette_registers
A 00043e W16 a00000 07f2 palette_registers
A 000440 W16 a00002 010c palette_registers
A 00043e W16 a00000 07f1 palette_registers
A 000440 W16 a00002 010c palette_registers
A 00043e W16 a00000 07f0 palette_registers
A 000440 W16 a00002 0000 palette_registers
A 00043e W16 a00000 07ef palette_registers
A 000440 W16 a00002 0210 palette_registers
A 00043e W16 a00000 07ee palette_registers
A 000440 W16 a00002 4010 palette_registers
A 00043e W16 a00000 07ed palette_registers
A 000440 W16 a00002 4000 palette_registers
A 00043e W16 a00000 07ec palette_registers
A 000440 W16 a00002 4140 palette_registers
A 00043e W16 a00000 07eb palette_registers
A 000440 W16 a00002 4200 palette_registers
A 00043e W16 a00000 07ea palette_registers
A 000440 W16 a00002 418a palette_registers
A 00043e W16 a00000 07e9 palette_registers
A 000440 W16 a00002 0000 palette_registers
A 00043e W16 a00000 07e8 palette_registers
A 000440 W16 a00002 4210 palette_registers
A 00043e W16 a00000 07e7 palette_registers
A 000440 W16 a00002 0210 palette_registers
A 00043e W16 a00000 07e6 palette_registers
A 000440 W16 a00002 4010 palette_registers
A 00043e W16 a00000 07e5 palette_registers
A 000440 W16 a00002 4000 palette_registers
A 00043e W16 a00000 07e4 palette_registers
A 000440 W16 a00002 4140 palette_registers
A 00043e W16 a00000 07e3 palette_registers
A 000440 W16 a00002 4200 palette_registers
A 00043e W16 a00000 07e2 palette_registers
A 000440 W16 a00002 5a50 palette_registers
A 00043e W16 a00000 07e1 palette_registers
A 000440 W16 a00002 02d6 palette_registers
A 00043e W16 a00000 07e0 palette_registers
A 000440 W16 a00002 0000 palette_registers
A 00043e W16 a00000 07df palette_registers
A 000440 W16 a00002 4210 palette_registers
A 00043e W16 a00000 07de palette_registers
A 000440 W16 a00002 0210 palette_registers
A 00043e W16 a00000 07dd palette_registers
A 000440 W16 a00002 4010 palette_registers
A 00043e W16 a00000 07dc palette_registers
A 000440 W16 a00002 4000 palette_registers
A 00043e W16 a00000 07db palette_registers
A 000440 W16 a00002 4140 palette_registers
A 00043e W16 a00000 07da palette_registers
A 000440 W16 a00002 4200 palette_registers
A 00043e W16 a00000 07d9 palette_registers
A 000440 W16 a00002 418a palette_registers
A 00043e W16 a00000 07d8 palette_registers
A 000440 W16 a00002 0000 palette_registers
A 00043e W16 a00000 07d7 palette_registers
A 000440 W16 a00002 025c palette_registers
A 00043e W16 a00000 07d6 palette_registers
A 000440 W16 a00002 029c palette_registers
A 00043e W16 a00000 07d5 palette_registers
A 000440 W16 a00002 02de palette_registers
A 00043e W16 a00000 07d4 palette_registers
A 000440 W16 a00002 031e palette_registers
A 00043e W16 a00000 07d3 palette_registers
A 000440 W16 a00002 035e palette_registers
A 00043e W16 a00000 07d2 palette_registers
A 000440 W16 a00002 03de palette_registers
A 00043e W16 a00000 07d1 palette_registers
A 000440 W16 a00002 0000 palette_registers
A 00043e W16 a00000 07d0 palette_registers
A 000440 W16 a00002 0000 palette_registers
A 00043e W16 a00000 07cf palette_registers
A 000440 W16 a00002 39cc palette_registers
A 00043e W16 a00000 07ce palette_registers
A 000440 W16 a00002 020a palette_registers
A 00043e W16 a00000 07cd palette_registers
A 000440 W16 a00002 021e palette_registers
A 00043e W16 a00000 07cc palette_registers
A 000440 W16 a00002 2108 palette_registers
A 00043e W16 a00000 07cb palette_registers
A 000440 W16 a00002 325a palette_registers
A 00043e W16 a00000 07ca palette_registers
A 000440 W16 a00002 4a58 palette_registers
A 00043e W16 a00000 07c9 palette_registers
A 000440 W16 a00002 0008 palette_registers
A 00043e W16 a00000 07c8 palette_registers
A 000440 W16 a00002 03d2 palette_registers
A 00043e W16 a00000 07c7 palette_registers
A 000440 W16 a00002 000e palette_registers
A 00043e W16 a00000 07c6 palette_registers
A 000440 W16 a00002 0010 palette_registers
A 00043e W16 a00000 07c5 palette_registers
A 000440 W16 a00002 0014 palette_registers
A 00043e W16 a00000 07c4 palette_registers
A 000440 W16 a00002 2112 palette_registers
A 00043e W16 a00000 07c3 palette_registers
A 000440 W16 a00002 295e palette_registers
A 00043e W16 a00000 07c2 palette_registers
A 000440 W16 a00002 395e palette_registers
A 00043e W16 a00000 07c1 palette_registers
A 000440 W16 a00002 4a5e palette_registers
A 00043e W16 a00000 07c0 palette_registers
A 000440 W16 a00002 0000 palette_registers
A 00043e W16 a00000 07bf palette_registers
A 000440 W16 a00002 0000 palette_registers
A 00043e W16 a00000 07be palette_registers
A 000440 W16 a00002 0000 palette_registers
A 00043e W16 a00000 07bd palette_registers
A 000440 W16 a00002 0000 palette_registers
A 00043e W16 a00000 07bc palette_registers
A 000440 W16 a00002 0000 palette_registers
A 00043e W16 a00000 07bb palette_registers
A 000440 W16 a00002 0000 palette_registers
A 00043e W16 a00000 07ba palette_registers
A 000440 W16 a00002 0000 palette_registers
A 00043e W16 a00000 07b9 palette_registers
A 000440 W16 a00002 0000 palette_registers
A 00043e W16 a00000 07b8 palette_registers
A 000440 W16 a00002 0000 palette_registers
A 00043e W16 a00000 07b7 palette_registers
A 000440 W16 a00002 0000 palette_registers
A 00043e W16 a00000 07b6 palette_registers
A 000440 W16 a00002 1944 palette_registers
A 00043e W16 a00000 07b5 palette_registers
A 000440 W16 a00002 1984 palette_registers
A 00043e W16 a00000 07b4 palette_registers
A 000440 W16 a00002 21c4 palette_registers
A 00043e W16 a00000 07b3 palette_registers
A 000440 W16 a00002 2a04 palette_registers
A 00043e W16 a00000 07b2 palette_registers
A 000440 W16 a00002 3280 palette_registers
A 00043e W16 a00000 07b1 palette_registers
A 000440 W16 a00002 328e palette_registers
A 00043e W16 a00000 07b0 palette_registers
A 000440 W16 a00002 0000 palette_registers
A 00043e W16 a00000 07af palette_registers
A 000440 W16 a00002 0000 palette_registers
A 00043e W16 a00000 07ae palette_registers
A 000440 W16 a00002 0000 palette_registers
A 00043e W16 a00000 07ad palette_registers
A 000440 W16 a00002 0000 palette_registers
A 00043e W16 a00000 07ac palette_registers
A 000440 W16 a00002 0000 palette_registers
A 00043e W16 a00000 07ab palette_registers
A 000440 W16 a00002 2908 palette_registers
A 00043e W16 a00000 07aa palette_registers
A 000440 W16 a00002 314a palette_registers
A 00043e W16 a00000 07a9 palette_registers
A 000440 W16 a00002 398c palette_registers
A 00043e W16 a00000 07a8 palette_registers
A 000440 W16 a00002 41ce palette_registers
A 00043e W16 a00000 07a7 palette_registers
A 000440 W16 a00002 4a10 palette_registers
A 00043e W16 a00000 07a6 palette_registers
A 000440 W16 a00002 5252 palette_registers
A 00043e W16 a00000 07a5 palette_registers
A 000440 W16 a00002 5a94 palette_registers
A 00043e W16 a00000 07a4 palette_registers
A 000440 W16 a00002 62d6 palette_registers
A 00043e W16 a00000 07a3 palette_registers
A 000440 W16 a00002 6b18 palette_registers
A 00043e W16 a00000 07a2 palette_registers
A 000440 W16 a00002 7b9c palette_registers
A 00043e W16 a00000 07a1 palette_registers
A 000440 W16 a00002 7bde palette_registers
A 00043e W16 a00000 07a0 palette_registers
A 000440 W16 a00002 0000 palette_registers
A 00043e W16 a00000 079f palette_registers
A 000440 W16 a00002 0000 palette_registers
A 00043e W16 a00000 079e palette_registers
A 000440 W16 a00002 0000 palette_registers
A 00043e W16 a00000 079d palette_registers
A 000440 W16 a00002 0000 palette_registers
A 00043e W16 a00000 079c palette_registers
A 000440 W16 a00002 0000 palette_registers
A 00043e W16 a00000 079b palette_registers
A 000440 W16 a00002 0000 palette_registers
A 00043e W16 a00000 079a palette_registers
A 000440 W16 a00002 0000 palette_registers
A 00043e W16 a00000 0799 palette_registers
A 000440 W16 a00002 318c palette_registers
A 00043e W16 a00000 0798 palette_registers
A 000440 W16 a00002 2108 palette_registers
A 00043e W16 a00000 0797 palette_registers
A 000440 W16 a00002 0000 palette_registers
A 00043e W16 a00000 0796 palette_registers
A 000440 W16 a00002 7bde palette_registers
A 00043e W16 a00000 0795 palette_registers
A 000440 W16 a00002 01d0 palette_registers
A 00043e W16 a00000 0794 palette_registers
A 000440 W16 a00002 0254 palette_registers
A 00043e W16 a00000 0793 palette_registers
A 000440 W16 a00002 031a palette_registers
A 00043e W16 a00000 0792 palette_registers
A 000440 W16 a00002 039e palette_registers
A 00043e W16 a00000 0791 palette_registers
A 000440 W16 a00002 4bde palette_registers
A 00043e W16 a00000 0790 palette_registers
A 000440 W16 a00002 0000 palette_registers
A 00043e W16 a00000 078f palette_registers
A 000440 W16 a00002 214c palette_registers
A 00043e W16 a00000 078e palette_registers
A 000440 W16 a00002 3a12 palette_registers
A 00043e W16 a00000 078d palette_registers
A 000440 W16 a00002 5b1a palette_registers
A 00043e W16 a00000 078c palette_registers
A 000440 W16 a00002 3140 palette_registers
A 00043e W16 a00000 078b palette_registers
A 000440 W16 a00002 4a00 palette_registers
A 00043e W16 a00000 078a palette_registers
A 000440 W16 a00002 7352 palette_registers
A 00043e W16 a00000 0789 palette_registers
A 000440 W16 a00002 424e palette_registers
A 00043e W16 a00000 0788 palette_registers
A 000440 W16 a00002 0000 palette_registers
A 00043e W16 a00000 0787 palette_registers
A 000440 W16 a00002 1904 palette_registers
A 00043e W16 a00000 0786 palette_registers
A 000440 W16 a00002 2988 palette_registers
A 00043e W16 a00000 0785 palette_registers
A 000440 W16 a00002 31ca palette_registers
A 00043e W16 a00000 0784 palette_registers
A 000440 W16 a00002 4a90 palette_registers
A 00043e W16 a00000 0783 palette_registers
A 000440 W16 a00002 6356 palette_registers
A 00043e W16 a00000 0782 palette_registers
A 000440 W16 a00002 73da palette_registers
A 00043e W16 a00000 0781 palette_registers
A 000440 W16 a00002 7bde palette_registers
A 00043e W16 a00000 0780 palette_registers
A 000440 W16 a00002 0000 palette_registers
A 00043e W16 a00000 077f palette_registers
A 000440 W16 a00002 0000 palette_registers
A 00043e W16 a00000 077e palette_registers
A 000440 W16 a00002 0000 palette_registers
A 00043e W16 a00000 077d palette_registers
A 000440 W16 a00002 0000 palette_registers
A 00043e W16 a00000 077c palette_registers
A 000440 W16 a00002 0000 palette_registers
A 00043e W16 a00000 077b palette_registers
A 000440 W16 a00002 0000 palette_registers
A 00043e W16 a00000 077a palette_registers
A 000440 W16 a00002 0000 palette_registers
A 00043e W16 a00000 0779 palette_registers
A 000440 W16 a00002 0000 palette_registers
A 00043e W16 a00000 0778 palette_registers
A 000440 W16 a00002 0000 palette_registers
A 00043e W16 a00000 0777 palette_registers
A 000440 W16 a00002 0000 palette_registers
A 00043e W16 a00000 0776 palette_registers
A 000440 W16 a00002 0000 palette_registers
A 00043e W16 a00000 0775 palette_registers
A 000440 W16 a00002 029e palette_registers
A 00043e W16 a00000 0774 palette_registers
A 000440 W16 a00002 031e palette_registers
A 00043e W16 a00000 0773 palette_registers
A 000440 W16 a00002 53de palette_registers
A 00043e W16 a00000 0772 palette_registers
A 000440 W16 a00002 43de palette_registers
A 00043e W16 a00000 0771 palette_registers
A 000440 W16 a00002 03de palette_registers
A 00043e W16 a00000 0770 palette_registers
A 000440 W16 a00002 0000 palette_registers
A 00043e W16 a00000 076f palette_registers
A 000440 W16 a00002 0000 palette_registers
A 00043e W16 a00000 076e palette_registers
A 000440 W16 a00002 0000 palette_registers
A 00043e W16 a00000 076d palette_registers
A 000440 W16 a00002 0000 palette_registers
A 00043e W16 a00000 076c palette_registers
A 000440 W16 a00002 0000 palette_registers
A 00043e W16 a00000 076b palette_registers
A 000440 W16 a00002 0000 palette_registers
A 00043e W16 a00000 076a palette_registers
A 000440 W16 a00002 2148 palette_registers
A 00043e W16 a00000 0769 palette_registers
A 000440 W16 a00002 298a palette_registers
A 00043e W16 a00000 0768 palette_registers
A 000440 W16 a00002 31cc palette_registers
A 00043e W16 a00000 0767 palette_registers
A 000440 W16 a00002 3a0e palette_registers
A 00043e W16 a00000 0766 palette_registers
A 000440 W16 a00002 4250 palette_registers
A 00043e W16 a00000 0765 palette_registers
A 000440 W16 a00002 4a92 palette_registers
A 00043e W16 a00000 0764 palette_registers
A 000440 W16 a00002 52d4 palette_registers
A 00043e W16 a00000 0763 palette_registers
A 000440 W16 a00002 5b16 palette_registers
A 00043e W16 a00000 0762 palette_registers
A 000440 W16 a00002 6358 palette_registers
A 00043e W16 a00000 0761 palette_registers
A 000440 W16 a00002 6b9a palette_registers
A 00043e W16 a00000 0760 palette_registers
A 000440 W16 a00002 0000 palette_registers
A 00043e W16 a00000 075f palette_registers
A 000440 W16 a00002 0000 palette_registers
A 00043e W16 a00000 075e palette_registers
A 000440 W16 a00002 0000 palette_registers
A 00043e W16 a00000 075d palette_registers
A 000440 W16 a00002 0000 palette_registers
A 00043e W16 a00000 075c palette_registers
A 000440 W16 a00002 0000 palette_registers
A 00043e W16 a00000 075b palette_registers
A 000440 W16 a00002 0000 palette_registers
A 00043e W16 a00000 075a palette_registers
A 000440 W16 a00002 0000 palette_registers
A 00043e W16 a00000 0759 palette_registers
A 000440 W16 a00002 0000 palette_registers
A 00043e W16 a00000 0758 palette_registers
A 000440 W16 a00002 2108 palette_registers
A 00043e W16 a00000 0757 palette_registers
A 000440 W16 a00002 318c palette_registers
A 00043e W16 a00000 0756 palette_registers
A 000440 W16 a00002 0000 palette_registers
A 00043e W16 a00000 0755 palette_registers
A 000440 W16 a00002 48c0 palette_registers
A 00043e W16 a00000 0754 palette_registers
A 000440 W16 a00002 610c palette_registers
A 00043e W16 a00000 0753 palette_registers
A 000440 W16 a00002 698e palette_registers
A 00043e W16 a00000 0752 palette_registers
A 000440 W16 a00002 5294 palette_registers
A 00043e W16 a00000 0751 palette_registers
A 000440 W16 a00002 739c palette_registers
A 00043e W16 a00000 0750 palette_registers
A 000440 W16 a00002 0000 palette_registers
A 00043e W16 a00000 074f palette_registers
A 000440 W16 a00002 0000 palette_registers
A 00043e W16 a00000 074e palette_registers
A 000440 W16 a00002 0000 palette_registers
A 00043e W16 a00000 074d palette_registers
A 000440 W16 a00002 0000 palette_registers
A 00043e W16 a00000 074c palette_registers
A 000440 W16 a00002 0000 palette_registers
A 00043e W16 a00000 074b palette_registers
A 000440 W16 a00002 0000 palette_registers
A 00043e W16 a00000 074a palette_registers
A 000440 W16 a00002 00c6 palette_registers
A 00043e W16 a00000 0749 palette_registers
A 000440 W16 a00002 10ca palette_registers
A 00043e W16 a00000 0748 palette_registers
A 000440 W16 a00002 210c palette_registers
A 00043e W16 a00000 0747 palette_registers
A 000440 W16 a00002 2150 palette_registers
A 00043e W16 a00000 0746 palette_registers
A 000440 W16 a00002 2992 palette_registers
A 00043e W16 a00000 0745 palette_registers
A 000440 W16 a00002 3216 palette_registers
A 00043e W16 a00000 0744 palette_registers
A 000440 W16 a00002 3a58 palette_registers
A 00043e W16 a00000 0743 palette_registers
A 000440 W16 a00002 429a palette_registers
A 00043e W16 a00000 0742 palette_registers
A 000440 W16 a00002 4adc palette_registers
A 00043e W16 a00000 0741 palette_registers
A 000440 W16 a00002 5b5e palette_registers
A 00043e W16 a00000 0740 palette_registers
A 000440 W16 a00002 0000 palette_registers
A 00043e W16 a00000 073f palette_registers
A 000440 W16 a00002 0000 palette_registers
A 00043e W16 a00000 073e palette_registers
A 000440 W16 a00002 0000 palette_registers
A 00043e W16 a00000 073d palette_registers
A 000440 W16 a00002 0000 palette_registers
A 00043e W16 a00000 073c palette_registers
A 000440 W16 a00002 0084 palette_registers
A 00043e W16 a00000 073b palette_registers
A 000440 W16 a00002 00c6 palette_registers
A 00043e W16 a00000 073a palette_registers
A 000440 W16 a00002 10ca palette_registers
A 00043e W16 a00000 0739 palette_registers
A 000440 W16 a00002 210c palette_registers
A 00043e W16 a00000 0738 palette_registers
A 000440 W16 a00002 2150 palette_registers
A 00043e W16 a00000 0737 palette_registers
A 000440 W16 a00002 2992 palette_registers
A 00043e W16 a00000 0736 palette_registers
A 000440 W16 a00002 31d4 palette_registers
A 00043e W16 a00000 0735 palette_registers
A 000440 W16 a00002 3216 palette_registers
A 00043e W16 a00000 0734 palette_registers
A 000440 W16 a00002 39d8 palette_registers
A 00043e W16 a00000 0733 palette_registers
A 000440 W16 a00002 429a palette_registers
A 00043e W16 a00000 0732 palette_registers
A 000440 W16 a00002 4adc palette_registers
A 00043e W16 a00000 0731 palette_registers
A 000440 W16 a00002 5b5e palette_registers
A 00043e W16 a00000 0730 palette_registers
A 000440 W16 a00002 0000 palette_registers
A 00043e W16 a00000 072f palette_registers
A 000440 W16 a00002 18c6 palette_registers
A 00043e W16 a00000 072e palette_registers
A 000440 W16 a00002 1084 palette_registers
A 00043e W16 a00000 072d palette_registers
A 000440 W16 a00002 0004 palette_registers
A 00043e W16 a00000 072c palette_registers
A 000440 W16 a00002 0086 palette_registers
A 00043e W16 a00000 072b palette_registers
A 000440 W16 a00002 1084 palette_registers
A 00043e W16 a00000 072a palette_registers
A 000440 W16 a00002 1084 palette_registers
A 00043e W16 a00000 0729 palette_registers
A 000440 W16 a00002 0000 palette_registers
A 00043e W16 a00000 0728 palette_registers
A 000440 W16 a00002 18c6 palette_registers
A 00043e W16 a00000 0727 palette_registers
A 000440 W16 a00002 2108 palette_registers
A 00043e W16 a00000 0726 palette_registers
A 000440 W16 a00002 18c6 palette_registers
A 00043e W16 a00000 0725 palette_registers
A 000440 W16 a00002 18c6 palette_registers
A 00043e W16 a00000 0724 palette_registers
A 000440 W16 a00002 18c6 palette_registers
A 00043e W16 a00000 0723 palette_registers
A 000440 W16 a00002 18c6 palette_registers
A 00043e W16 a00000 0722 palette_registers
A 000440 W16 a00002 1084 palette_registers
A 00043e W16 a00000 0721 palette_registers
A 000440 W16 a00002 0000 palette_registers
A 00043e W16 a00000 0720 palette_registers
A 000440 W16 a00002 0000 palette_registers
A 00043e W16 a00000 071f palette_registers
A 000440 W16 a00002 0000 palette_registers
A 00043e W16 a00000 071e palette_registers
A 000440 W16 a00002 314a palette_registers
A 00043e W16 a00000 071d palette_registers
A 000440 W16 a00002 0010 palette_registers
A 00043e W16 a00000 071c palette_registers
A 000440 W16 a00002 01d6 palette_registers
A 00043e W16 a00000 071b palette_registers
A 000440 W16 a00002 31ce palette_registers
A 00043e W16 a00000 071a palette_registers
A 000440 W16 a00002 298c palette_registers
A 00043e W16 a00000 0719 palette_registers
A 000440 W16 a00002 0000 palette_registers
A 00043e W16 a00000 0718 palette_registers
A 000440 W16 a00002 41ce palette_registers
A 00043e W16 a00000 0717 palette_registers
A 000440 W16 a00002 739c palette_registers
A 00043e W16 a00000 0716 palette_registers
A 000440 W16 a00002 5a94 palette_registers
A 00043e W16 a00000 0715 palette_registers
A 000440 W16 a00002 52de palette_registers
A 00043e W16 a00000 0714 palette_registers
A 000440 W16 a00002 425e palette_registers
A 00043e W16 a00000 0713 palette_registers
A 000440 W16 a00002 319e palette_registers
A 00043e W16 a00000 0712 palette_registers
A 000440 W16 a00002 0018 palette_registers
A 00043e W16 a00000 0711 palette_registers
A 000440 W16 a00002 0012 palette_registers
A 00043e W16 a00000 0710 palette_registers
A 000440 W16 a00002 0000 palette_registers
A 00043e W16 a00000 070f palette_registers
A 000440 W16 a00002 4a10 palette_registers
A 00043e W16 a00000 070e palette_registers
A 000440 W16 a00002 314a palette_registers
A 00043e W16 a00000 070d palette_registers
A 000440 W16 a00002 0010 palette_registers
A 00043e W16 a00000 070c palette_registers
A 000440 W16 a00002 01d6 palette_registers
A 00043e W16 a00000 070b palette_registers
A 000440 W16 a00002 31ce palette_registers
A 00043e W16 a00000 070a palette_registers
A 000440 W16 a00002 298c palette_registers
A 00043e W16 a00000 0709 palette_registers
A 000440 W16 a00002 0000 palette_registers
A 00043e W16 a00000 0708 palette_registers
A 000440 W16 a00002 41ce palette_registers
A 00043e W16 a00000 0707 palette_registers
A 000440 W16 a00002 739c palette_registers
A 00043e W16 a00000 0706 palette_registers
A 000440 W16 a00002 5a94 palette_registers
A 00043e W16 a00000 0705 palette_registers
A 000440 W16 a00002 52de palette_registers
A 00043e W16 a00000 0704 palette_registers
A 000440 W16 a00002 425e palette_registers
A 00043e W16 a00000 0703 palette_registers
A 000440 W16 a00002 319e palette_registers
A 00043e W16 a00000 0702 palette_registers
A 000440 W16 a00002 0018 palette_registers
A 00043e W16 a00000 0701 palette_registers
A 000440 W16 a00002 0012 palette_registers
A 00043e W16 a00000 0700 palette_registers
A 000440 W16 a00002 0000 palette_registers
A 00043e W16 a00000 06ff palette_registers
A 000440 W16 a00002 0000 palette_registers
A 00043e W16 a00000 06fe palette_registers
A 000440 W16 a00002 0000 palette_registers
A 00043e W16 a00000 06fd palette_registers
A 000440 W16 a00002 0000 palette_registers
A 00043e W16 a00000 06fc palette_registers
A 000440 W16 a00002 0000 palette_registers
A 00043e W16 a00000 06fb palette_registers
A 000440 W16 a00002 0000 palette_registers
A 00043e W16 a00000 06fa palette_registers
A 000440 W16 a00002 10ca palette_registers
A 00043e W16 a00000 06f9 palette_registers
A 000440 W16 a00002 190c palette_registers
A 00043e W16 a00000 06f8 palette_registers
A 000440 W16 a00002 214e palette_registers
A 00043e W16 a00000 06f7 palette_registers
A 000440 W16 a00002 2990 palette_registers
A 00043e W16 a00000 06f6 palette_registers
A 000440 W16 a00002 31d2 palette_registers
A 00043e W16 a00000 06f5 palette_registers
A 000440 W16 a00002 3216 palette_registers
A 00043e W16 a00000 06f4 palette_registers
A 000440 W16 a00002 325a palette_registers
A 00043e W16 a00000 06f3 palette_registers
A 000440 W16 a00002 329c palette_registers
A 00043e W16 a00000 06f2 palette_registers
A 000440 W16 a00002 4b1e palette_registers
A 00043e W16 a00000 06f1 palette_registers
A 000440 W16 a00002 7bde palette_registers
A 00043e W16 a00000 06f0 palette_registers
A 000440 W16 a00002 0000 palette_registers
A 00043e W16 a00000 06ef palette_registers
A 000440 W16 a00002 0000 palette_registers
A 00043e W16 a00000 06ee palette_registers
A 000440 W16 a00002 0000 palette_registers
A 00043e W16 a00000 06ed palette_registers
A 000440 W16 a00002 0000 palette_registers
A 00043e W16 a00000 06ec palette_registers
A 000440 W16 a00002 0000 palette_registers
A 00043e W16 a00000 06eb palette_registers
A 000440 W16 a00002 0000 palette_registers
A 00043e W16 a00000 06ea palette_registers
A 000440 W16 a00002 0000 palette_registers
A 00043e W16 a00000 06e9 palette_registers
A 000440 W16 a00002 0000 palette_registers
A 00043e W16 a00000 06e8 palette_registers
A 000440 W16 a00002 0000 palette_registers
A 00043e W16 a00000 06e7 palette_registers
A 000440 W16 a00002 03de palette_registers
A 00043e W16 a00000 06e6 palette_registers
A 000440 W16 a00002 035e palette_registers
A 00043e W16 a00000 06e5 palette_registers
A 000440 W16 a00002 029e palette_registers
A 00043e W16 a00000 06e4 palette_registers
A 000440 W16 a00002 021e palette_registers
A 00043e W16 a00000 06e3 palette_registers
A 000440 W16 a00002 019e palette_registers
A 00043e W16 a00000 06e2 palette_registers
A 000440 W16 a00002 015e palette_registers
A 00043e W16 a00000 06e1 palette_registers
A 000440 W16 a00002 001e palette_registers
A 00043e W16 a00000 06e0 palette_registers
A 000440 W16 a00002 0000 palette_registers
A 00043e W16 a00000 06df palette_registers
A 000440 W16 a00002 0000 palette_registers
A 00043e W16 a00000 06de palette_registers
A 000440 W16 a00002 314a palette_registers
A 00043e W16 a00000 06dd palette_registers
A 000440 W16 a00002 0010 palette_registers
A 00043e W16 a00000 06dc palette_registers
A 000440 W16 a00002 01d6 palette_registers
A 00043e W16 a00000 06db palette_registers
A 000440 W16 a00002 31ce palette_registers
A 00043e W16 a00000 06da palette_registers
A 000440 W16 a00002 298c palette_registers
A 00043e W16 a00000 06d9 palette_registers
A 000440 W16 a00002 0000 palette_registers
A 00043e W16 a00000 06d8 palette_registers
A 000440 W16 a00002 41ce palette_registers
A 00043e W16 a00000 06d7 palette_registers
A 000440 W16 a00002 739c palette_registers
A 00043e W16 a00000 06d6 palette_registers
A 000440 W16 a00002 5a94 palette_registers
A 00043e W16 a00000 06d5 palette_registers
A 000440 W16 a00002 529e palette_registers
A 00043e W16 a00000 06d4 palette_registers
A 000440 W16 a00002 295e palette_registers
A 00043e W16 a00000 06d3 palette_registers
A 000440 W16 a00002 211a palette_registers
A 00043e W16 a00000 06d2 palette_registers
A 000440 W16 a00002 1096 palette_registers
A 00043e W16 a00000 06d1 palette_registers
A 000440 W16 a00002 000e palette_registers
A 00043e W16 a00000 06d0 palette_registers
A 000440 W16 a00002 0000 palette_registers
A 00043e W16 a00000 06cf palette_registers
A 000440 W16 a00002 4a10 palette_registers
A 00043e W16 a00000 06ce palette_registers
A 000440 W16 a00002 314a palette_registers
A 00043e W16 a00000 06cd palette_registers
A 000440 W16 a00002 0010 palette_registers
A 00043e W16 a00000 06cc palette_registers
A 000440 W16 a00002 01d6 palette_registers
A 00043e W16 a00000 06cb palette_registers
A 000440 W16 a00002 31ce palette_registers
A 00043e W16 a00000 06ca palette_registers
A 000440 W16 a00002 298c palette_registers
A 00043e W16 a00000 06c9 palette_registers
A 000440 W16 a00002 0000 palette_registers
A 00043e W16 a00000 06c8 palette_registers
A 000440 W16 a00002 41ce palette_registers
A 00043e W16 a00000 06c7 palette_registers
A 000440 W16 a00002 739c palette_registers
A 00043e W16 a00000 06c6 palette_registers
A 000440 W16 a00002 5a94 palette_registers
A 00043e W16 a00000 06c5 palette_registers
A 000440 W16 a00002 529e palette_registers
A 00043e W16 a00000 06c4 palette_registers
A 000440 W16 a00002 295e palette_registers
A 00043e W16 a00000 06c3 palette_registers
A 000440 W16 a00002 211a palette_registers
A 00043e W16 a00000 06c2 palette_registers
A 000440 W16 a00002 1096 palette_registers
A 00043e W16 a00000 06c1 palette_registers
A 000440 W16 a00002 000e palette_registers
A 00043e W16 a00000 06c0 palette_registers
A 000440 W16 a00002 0000 palette_registers
A 00043e W16 a00000 06bf palette_registers
A 000440 W16 a00002 4a10 palette_registers
A 00043e W16 a00000 06be palette_registers
A 000440 W16 a00002 314a palette_registers
A 00043e W16 a00000 06bd palette_registers
A 000440 W16 a00002 0010 palette_registers
A 00043e W16 a00000 06bc palette_registers
A 000440 W16 a00002 01d6 palette_registers
A 00043e W16 a00000 06bb palette_registers
A 000440 W16 a00002 31ce palette_registers
A 00043e W16 a00000 06ba palette_registers
A 000440 W16 a00002 298c palette_registers
A 00043e W16 a00000 06b9 palette_registers
A 000440 W16 a00002 0000 palette_registers
A 00043e W16 a00000 06b8 palette_registers
A 000440 W16 a00002 41ce palette_registers
A 00043e W16 a00000 06b7 palette_registers
A 000440 W16 a00002 739c palette_registers
A 00043e W16 a00000 06b6 palette_registers
A 000440 W16 a00002 5a94 palette_registers
A 00043e W16 a00000 06b5 palette_registers
A 000440 W16 a00002 73d0 palette_registers
A 00043e W16 a00000 06b4 palette_registers
A 000440 W16 a00002 5b0e palette_registers
A 00043e W16 a00000 06b3 palette_registers
A 000440 W16 a00002 4a8c palette_registers
A 00043e W16 a00000 06b2 palette_registers
A 000440 W16 a00002 3a0a palette_registers
A 00043e W16 a00000 06b1 palette_registers
A 000440 W16 a00002 2148 palette_registers
A 00043e W16 a00000 06b0 palette_registers
A 000440 W16 a00002 0000 palette_registers
A 00043e W16 a00000 06af palette_registers
A 000440 W16 a00002 0000 palette_registers
A 00043e W16 a00000 06ae palette_registers
A 000440 W16 a00002 314a palette_registers
A 00043e W16 a00000 06ad palette_registers
A 000440 W16 a00002 0010 palette_registers
A 00043e W16 a00000 06ac palette_registers
A 000440 W16 a00002 01d6 palette_registers
A 00043e W16 a00000 06ab palette_registers
A 000440 W16 a00002 31ce palette_registers
A 00043e W16 a00000 06aa palette_registers
A 000440 W16 a00002 298c palette_registers
A 00043e W16 a00000 06a9 palette_registers
A 000440 W16 a00002 0000 palette_registers
A 00043e W16 a00000 06a8 palette_registers
A 000440 W16 a00002 41ce palette_registers
A 00043e W16 a00000 06a7 palette_registers
A 000440 W16 a00002 739c palette_registers
A 00043e W16 a00000 06a6 palette_registers
A 000440 W16 a00002 5a94 palette_registers
A 00043e W16 a00000 06a5 palette_registers
A 000440 W16 a00002 73d0 palette_registers
A 00043e W16 a00000 06a4 palette_registers
A 000440 W16 a00002 5b0e palette_registers
A 00043e W16 a00000 06a3 palette_registers
A 000440 W16 a00002 4a8c palette_registers
A 00043e W16 a00000 06a2 palette_registers
A 000440 W16 a00002 3a0a palette_registers
A 00043e W16 a00000 06a1 palette_registers
A 000440 W16 a00002 2148 palette_registers
A 00043e W16 a00000 06a0 palette_registers
A 000440 W16 a00002 0000 palette_registers
A 00043e W16 a00000 069f palette_registers
A 000440 W16 a00002 0000 palette_registers
A 00043e W16 a00000 069e palette_registers
A 000440 W16 a00002 314a palette_registers
A 00043e W16 a00000 069d palette_registers
A 000440 W16 a00002 0010 palette_registers
A 00043e W16 a00000 069c palette_registers
A 000440 W16 a00002 01d6 palette_registers
A 00043e W16 a00000 069b palette_registers
A 000440 W16 a00002 31ce palette_registers
A 00043e W16 a00000 069a palette_registers
A 000440 W16 a00002 298c palette_registers
A 00043e W16 a00000 0699 palette_registers
A 000440 W16 a00002 0000 palette_registers
A 00043e W16 a00000 0698 palette_registers
A 000440 W16 a00002 4a94 palette_registers
A 00043e W16 a00000 0697 palette_registers
A 000440 W16 a00002 739c palette_registers
A 00043e W16 a00000 0696 palette_registers
A 000440 W16 a00002 5a94 palette_registers
A 00043e W16 a00000 0695 palette_registers
A 000440 W16 a00002 7bde palette_registers
A 00043e W16 a00000 0694 palette_registers
A 000440 W16 a00002 6318 palette_registers
A 00043e W16 a00000 0693 palette_registers
A 000440 W16 a00002 5294 palette_registers
A 00043e W16 a00000 0692 palette_registers
A 000440 W16 a00002 4a52 palette_registers
A 00043e W16 a00000 0691 palette_registers
A 000440 W16 a00002 318c palette_registers
A 00043e W16 a00000 0690 palette_registers
A 000440 W16 a00002 0000 palette_registers
A 00043e W16 a00000 068f palette_registers
A 000440 W16 a00002 4a10 palette_registers
A 00043e W16 a00000 068e palette_registers
A 000440 W16 a00002 314a palette_registers
A 00043e W16 a00000 068d palette_registers
A 000440 W16 a00002 0010 palette_registers
A 00043e W16 a00000 068c palette_registers
A 000440 W16 a00002 01d6 palette_registers
A 00043e W16 a00000 068b palette_registers
A 000440 W16 a00002 31ce palette_registers
A 00043e W16 a00000 068a palette_registers
A 000440 W16 a00002 298c palette_registers
A 00043e W16 a00000 0689 palette_registers
A 000440 W16 a00002 0000 palette_registers
A 00043e W16 a00000 0688 palette_registers
A 000440 W16 a00002 4a94 palette_registers
A 00043e W16 a00000 0687 palette_registers
A 000440 W16 a00002 739c palette_registers
A 00043e W16 a00000 0686 palette_registers
A 000440 W16 a00002 5a94 palette_registers
A 00043e W16 a00000 0685 palette_registers
A 000440 W16 a00002 7bde palette_registers
A 00043e W16 a00000 0684 palette_registers
A 000440 W16 a00002 6318 palette_registers
A 00043e W16 a00000 0683 palette_registers
A 000440 W16 a00002 5294 palette_registers
A 00043e W16 a00000 0682 palette_registers
A 000440 W16 a00002 4a52 palette_registers
A 00043e W16 a00000 0681 palette_registers
A 000440 W16 a00002 318c palette_registers
A 00043e W16 a00000 0680 palette_registers
A 000440 W16 a00002 0000 palette_registers
A 00043e W16 a00000 067f palette_registers
A 000440 W16 a00002 0000 palette_registers
A 00043e W16 a00000 067e palette_registers
A 000440 W16 a00002 0000 palette_registers
A 00043e W16 a00000 067d palette_registers
A 000440 W16 a00002 0000 palette_registers
A 00043e W16 a00000 067c palette_registers
A 000440 W16 a00002 0000 palette_registers
A 00043e W16 a00000 067b palette_registers
A 000440 W16 a00002 0000 palette_registers
A 00043e W16 a00000 067a palette_registers
A 000440 W16 a00002 0000 palette_registers
A 00043e W16 a00000 0679 palette_registers
A 000440 W16 a00002 0000 palette_registers
A 00043e W16 a00000 0678 palette_registers
A 000440 W16 a00002 0000 palette_registers
A 00043e W16 a00000 0677 palette_registers
A 000440 W16 a00002 000a palette_registers
A 00043e W16 a00000 0676 palette_registers
A 000440 W16 a00002 0010 palette_registers
A 00043e W16 a00000 0675 palette_registers
A 000440 W16 a00002 001c palette_registers
A 00043e W16 a00000 0674 palette_registers
A 000440 W16 a00002 001c palette_registers
A 00043e W16 a00000 0673 palette_registers
A 000440 W16 a00002 001e palette_registers
A 00043e W16 a00000 0672 palette_registers
A 000440 W16 a00002 001e palette_registers
A 00043e W16 a00000 0671 palette_registers
A 000440 W16 a00002 6b5e palette_registers
A 00043e W16 a00000 0670 palette_registers
A 000440 W16 a00002 0000 palette_registers
A 00043e W16 a00000 066f palette_registers
A 000440 W16 a00002 0000 palette_registers
A 00043e W16 a00000 066e palette_registers
A 000440 W16 a00002 0000 palette_registers
A 00043e W16 a00000 066d palette_registers
A 000440 W16 a00002 0000 palette_registers
A 00043e W16 a00000 066c palette_registers
A 000440 W16 a00002 0000 palette_registers
A 00043e W16 a00000 066b palette_registers
A 000440 W16 a00002 0000 palette_registers
A 00043e W16 a00000 066a palette_registers
A 000440 W16 a00002 0000 palette_registers
A 00043e W16 a00000 0669 palette_registers
A 000440 W16 a00002 2108 palette_registers
A 00043e W16 a00000 0668 palette_registers
A 000440 W16 a00002 294a palette_registers
A 00043e W16 a00000 0667 palette_registers
A 000440 W16 a00002 318c palette_registers
A 00043e W16 a00000 0666 palette_registers
A 000440 W16 a00002 4210 palette_registers
A 00043e W16 a00000 0665 palette_registers
A 000440 W16 a00002 5294 palette_registers
A 00043e W16 a00000 0664 palette_registers
A 000440 W16 a00002 6b5a palette_registers
A 00043e W16 a00000 0663 palette_registers
A 000440 W16 a00002 7bde palette_registers
A 00043e W16 a00000 0662 palette_registers
A 000440 W16 a00002 0000 palette_registers
A 00043e W16 a00000 0661 palette_registers
A 000440 W16 a00002 035e palette_registers
A 00043e W16 a00000 0660 palette_registers
A 000440 W16 a00002 0000 palette_registers
A 00043e W16 a00000 065f palette_registers
A 000440 W16 a00002 4a10 palette_registers
A 00043e W16 a00000 065e palette_registers
A 000440 W16 a00002 314a palette_registers
A 00043e W16 a00000 065d palette_registers
A 000440 W16 a00002 0010 palette_registers
A 00043e W16 a00000 065c palette_registers
A 000440 W16 a00002 01d6 palette_registers
A 00043e W16 a00000 065b palette_registers
A 000440 W16 a00002 31ce palette_registers
A 00043e W16 a00000 065a palette_registers
A 000440 W16 a00002 298c palette_registers
A 00043e W16 a00000 0659 palette_registers
A 000440 W16 a00002 0000 palette_registers
A 00043e W16 a00000 0658 palette_registers
A 000440 W16 a00002 41ce palette_registers
A 00043e W16 a00000 0657 palette_registers
A 000440 W16 a00002 739c palette_registers
A 00043e W16 a00000 0656 palette_registers
A 000440 W16 a00002 5a94 palette_registers
A 00043e W16 a00000 0655 palette_registers
A 000440 W16 a00002 7ade palette_registers
A 00043e W16 a00000 0654 palette_registers
A 000440 W16 a00002 515a palette_registers
A 00043e W16 a00000 0653 palette_registers
A 000440 W16 a00002 48d4 palette_registers
A 00043e W16 a00000 0652 palette_registers
A 000440 W16 a00002 38d0 palette_registers
A 00043e W16 a00000 0651 palette_registers
A 000440 W16 a00002 380e palette_registers
A 00043e W16 a00000 0650 palette_registers
A 000440 W16 a00002 0000 palette_registers
A 00043e W16 a00000 064f palette_registers
A 000440 W16 a00002 0000 palette_registers
A 00043e W16 a00000 064e palette_registers
A 000440 W16 a00002 314a palette_registers
A 00043e W16 a00000 064d palette_registers
A 000440 W16 a00002 0010 palette_registers
A 00043e W16 a00000 064c palette_registers
A 000440 W16 a00002 01d6 palette_registers
A 00043e W16 a00000 064b palette_registers
A 000440 W16 a00002 31ce palette_registers
A 00043e W16 a00000 064a palette_registers
A 000440 W16 a00002 298c palette_registers
A 00043e W16 a00000 0649 palette_registers
A 000440 W16 a00002 0000 palette_registers
A 00043e W16 a00000 0648 palette_registers
A 000440 W16 a00002 41ce palette_registers
A 00043e W16 a00000 0647 palette_registers
A 000440 W16 a00002 739c palette_registers
A 00043e W16 a00000 0646 palette_registers
A 000440 W16 a00002 5a94 palette_registers
A 00043e W16 a00000 0645 palette_registers
A 000440 W16 a00002 7ade palette_registers
A 00043e W16 a00000 0644 palette_registers
A 000440 W16 a00002 515a palette_registers
A 00043e W16 a00000 0643 palette_registers
A 000440 W16 a00002 48d4 palette_registers
A 00043e W16 a00000 0642 palette_registers
A 000440 W16 a00002 38d0 palette_registers
A 00043e W16 a00000 0641 palette_registers
A 000440 W16 a00002 380e palette_registers
A 00043e W16 a00000 0640 palette_registers
A 000440 W16 a00002 0000 palette_registers
A 00043e W16 a00000 063f palette_registers
A 000440 W16 a00002 4a10 palette_registers
A 00043e W16 a00000 063e palette_registers
A 000440 W16 a00002 314a palette_registers
A 00043e W16 a00000 063d palette_registers
A 000440 W16 a00002 0010 palette_registers
A 00043e W16 a00000 063c palette_registers
A 000440 W16 a00002 01d6 palette_registers
A 00043e W16 a00000 063b palette_registers
A 000440 W16 a00002 31ce palette_registers
A 00043e W16 a00000 063a palette_registers
A 000440 W16 a00002 298c palette_registers
A 00043e W16 a00000 0639 palette_registers
A 000440 W16 a00002 0000 palette_registers
A 00043e W16 a00000 0638 palette_registers
A 000440 W16 a00002 41ce palette_registers
A 00043e W16 a00000 0637 palette_registers
A 000440 W16 a00002 739c palette_registers
A 00043e W16 a00000 0636 palette_registers
A 000440 W16 a00002 5a94 palette_registers
A 00043e W16 a00000 0635 palette_registers
A 000440 W16 a00002 529e palette_registers
A 00043e W16 a00000 0634 palette_registers
A 000440 W16 a00002 295e palette_registers
A 00043e W16 a00000 0633 palette_registers
A 000440 W16 a00002 211a palette_registers
A 00043e W16 a00000 0632 palette_registers
A 000440 W16 a00002 1096 palette_registers
A 00043e W16 a00000 0631 palette_registers
A 000440 W16 a00002 000e palette_registers
A 00043e W16 a00000 0630 palette_registers
A 000440 W16 a00002 0000 palette_registers
A 00043e W16 a00000 062f palette_registers
A 000440 W16 a00002 0000 palette_registers
A 00043e W16 a00000 062e palette_registers
A 000440 W16 a00002 314a palette_registers
A 00043e W16 a00000 062d palette_registers
A 000440 W16 a00002 0010 palette_registers
A 00043e W16 a00000 062c palette_registers
A 000440 W16 a00002 01d6 palette_registers
A 00043e W16 a00000 062b palette_registers
A 000440 W16 a00002 31ce palette_registers
A 00043e W16 a00000 062a palette_registers
A 000440 W16 a00002 298c palette_registers
A 00043e W16 a00000 0629 palette_registers
A 000440 W16 a00002 0000 palette_registers
A 00043e W16 a00000 0628 palette_registers
A 000440 W16 a00002 41ce palette_registers
A 00043e W16 a00000 0627 palette_registers
A 000440 W16 a00002 739c palette_registers
A 00043e W16 a00000 0626 palette_registers
A 000440 W16 a00002 5a94 palette_registers
A 00043e W16 a00000 0625 palette_registers
A 000440 W16 a00002 529e palette_registers
A 00043e W16 a00000 0624 palette_registers
A 000440 W16 a00002 295e palette_registers
A 00043e W16 a00000 0623 palette_registers
A 000440 W16 a00002 211a palette_registers
A 00043e W16 a00000 0622 palette_registers
A 000440 W16 a00002 1096 palette_registers
A 00043e W16 a00000 0621 palette_registers
A 000440 W16 a00002 000e palette_registers
A 00043e W16 a00000 0620 palette_registers
A 000440 W16 a00002 0000 palette_registers
A 00043e W16 a00000 061f palette_registers
A 000440 W16 a00002 0000 palette_registers
A 00043e W16 a00000 061e palette_registers
A 000440 W16 a00002 314a palette_registers
A 00043e W16 a00000 061d palette_registers
A 000440 W16 a00002 0010 palette_registers
A 00043e W16 a00000 061c palette_registers
A 000440 W16 a00002 01d6 palette_registers
A 00043e W16 a00000 061b palette_registers
A 000440 W16 a00002 31ce palette_registers
A 00043e W16 a00000 061a palette_registers
A 000440 W16 a00002 298c palette_registers
A 00043e W16 a00000 0619 palette_registers
A 000440 W16 a00002 0000 palette_registers
A 00043e W16 a00000 0618 palette_registers
A 000440 W16 a00002 41ce palette_registers
A 00043e W16 a00000 0617 palette_registers
A 000440 W16 a00002 739c palette_registers
A 00043e W16 a00000 0616 palette_registers
A 000440 W16 a00002 5a94 palette_registers
A 00043e W16 a00000 0615 palette_registers
A 000440 W16 a00002 531e palette_registers
A 00043e W16 a00000 0614 palette_registers
A 000440 W16 a00002 3a58 palette_registers
A 00043e W16 a00000 0613 palette_registers
A 000440 W16 a00002 29d4 palette_registers
A 00043e W16 a00000 0612 palette_registers
A 000440 W16 a00002 2192 palette_registers
A 00043e W16 a00000 0611 palette_registers
A 000440 W16 a00002 110e palette_registers
A 00043e W16 a00000 0610 palette_registers
A 000440 W16 a00002 0000 palette_registers
A 00043e W16 a00000 060f palette_registers
A 000440 W16 a00002 4a10 palette_registers
A 00043e W16 a00000 060e palette_registers
A 000440 W16 a00002 314a palette_registers
A 00043e W16 a00000 060d palette_registers
A 000440 W16 a00002 0010 palette_registers
A 00043e W16 a00000 060c palette_registers
A 000440 W16 a00002 01d6 palette_registers
A 00043e W16 a00000 060b palette_registers
A 000440 W16 a00002 31ce palette_registers
A 00043e W16 a00000 060a palette_registers
A 000440 W16 a00002 298c palette_registers
A 00043e W16 a00000 0609 palette_registers
A 000440 W16 a00002 0000 palette_registers
A 00043e W16 a00000 0608 palette_registers
A 000440 W16 a00002 41ce palette_registers
A 00043e W16 a00000 0607 palette_registers
A 000440 W16 a00002 739c palette_registers
A 00043e W16 a00000 0606 palette_registers
A 000440 W16 a00002 5a94 palette_registers
A 00043e W16 a00000 0605 palette_registers
A 000440 W16 a00002 531e palette_registers
A 00043e W16 a00000 0604 palette_registers
A 000440 W16 a00002 3a58 palette_registers
A 00043e W16 a00000 0603 palette_registers
A 000440 W16 a00002 29d4 palette_registers
A 00043e W16 a00000 0602 palette_registers
A 000440 W16 a00002 2192 palette_registers
A 00043e W16 a00000 0601 palette_registers
A 000440 W16 a00002 110e palette_registers
A 00043e W16 a00000 0600 palette_registers
A 000440 W16 a00002 0000 palette_registers
A 00043e W16 a00000 05ff palette_registers
A 000440 W16 a00002 31d2 palette_registers
A 00043e W16 a00000 05fe palette_registers
A 000440 W16 a00002 52da palette_registers
A 00043e W16 a00000 05fd palette_registers
A 000440 W16 a00002 52da palette_registers
A 00043e W16 a00000 05fc palette_registers
A 000440 W16 a00002 4a00 palette_registers
A 00043e W16 a00000 05fb palette_registers
A 000440 W16 a00002 7352 palette_registers
A 00043e W16 a00000 05fa palette_registers
A 000440 W16 a00002 7bde palette_registers
A 00043e W16 a00000 05f9 palette_registers
A 000440 W16 a00002 6b5a palette_registers
A 00043e W16 a00000 05f8 palette_registers
A 000440 W16 a00002 190c palette_registers
A 00043e W16 a00000 05f7 palette_registers
A 000440 W16 a00002 318c palette_registers
A 00043e W16 a00000 05f6 palette_registers
A 000440 W16 a00002 39ce palette_registers
A 00043e W16 a00000 05f5 palette_registers
A 000440 W16 a00002 5294 palette_registers
A 00043e W16 a00000 05f4 palette_registers
A 000440 W16 a00002 6b5a palette_registers
A 00043e W16 a00000 05f3 palette_registers
A 000440 W16 a00002 7bde palette_registers
A 00043e W16 a00000 05f2 palette_registers
A 000440 W16 a00002 7bde palette_registers
A 00043e W16 a00000 05f1 palette_registers
A 000440 W16 a00002 7bde palette_registers
A 00043e W16 a00000 05f0 palette_registers
A 000440 W16 a00002 0000 palette_registers
A 00043e W16 a00000 05ef palette_registers
A 000440 W16 a00002 3a50 palette_registers
A 00043e W16 a00000 05ee palette_registers
A 000440 W16 a00002 5b58 palette_registers
A 00043e W16 a00000 05ed palette_registers
A 000440 W16 a00002 5b58 palette_registers
A 00043e W16 a00000 05ec palette_registers
A 000440 W16 a00002 4a00 palette_registers
A 00043e W16 a00000 05eb palette_registers
A 000440 W16 a00002 7352 palette_registers
A 00043e W16 a00000 05ea palette_registers
A 000440 W16 a00002 7bde palette_registers
A 00043e W16 a00000 05e9 palette_registers
A 000440 W16 a00002 52d8 palette_registers
A 00043e W16 a00000 05e8 palette_registers
A 000440 W16 a00002 218a palette_registers
A 00043e W16 a00000 05e7 palette_registers
A 000440 W16 a00002 214c palette_registers
A 00043e W16 a00000 05e6 palette_registers
A 000440 W16 a00002 31d0 palette_registers
A 00043e W16 a00000 05e5 palette_registers
A 000440 W16 a00002 4254 palette_registers
A 00043e W16 a00000 05e4 palette_registers
A 000440 W16 a00002 52d8 palette_registers
A 00043e W16 a00000 05e3 palette_registers
A 000440 W16 a00002 635c palette_registers
A 00043e W16 a00000 05e2 palette_registers
A 000440 W16 a00002 635c palette_registers
A 00043e W16 a00000 05e1 palette_registers
A 000440 W16 a00002 7bde palette_registers
A 00043e W16 a00000 05e0 palette_registers
A 000440 W16 a00002 0000 palette_registers
A 00043e W16 a00000 05df palette_registers
A 000440 W16 a00002 4a10 palette_registers
A 00043e W16 a00000 05de palette_registers
A 000440 W16 a00002 314a palette_registers
A 00043e W16 a00000 05dd palette_registers
A 000440 W16 a00002 0010 palette_registers
A 00043e W16 a00000 05dc palette_registers
A 000440 W16 a00002 01d6 palette_registers
A 00043e W16 a00000 05db palette_registers
A 000440 W16 a00002 31ce palette_registers
A 00043e W16 a00000 05da palette_registers
A 000440 W16 a00002 298c palette_registers
A 00043e W16 a00000 05d9 palette_registers
A 000440 W16 a00002 0000 palette_registers
A 00043e W16 a00000 05d8 palette_registers
A 000440 W16 a00002 41ce palette_registers
A 00043e W16 a00000 05d7 palette_registers
A 000440 W16 a00002 739c palette_registers
A 00043e W16 a00000 05d6 palette_registers
A 000440 W16 a00002 5a94 palette_registers
A 00043e W16 a00000 05d5 palette_registers
A 000440 W16 a00002 4a9e palette_registers
A 00043e W16 a00000 05d4 palette_registers
A 000440 W16 a00002 3198 palette_registers
A 00043e W16 a00000 05d3 palette_registers
A 000440 W16 a00002 2116 palette_registers
A 00043e W16 a00000 05d2 palette_registers
A 000440 W16 a00002 18d2 palette_registers
A 00043e W16 a00000 05d1 palette_registers
A 000440 W16 a00002 108c palette_registers
A 00043e W16 a00000 05d0 palette_registers
A 000440 W16 a00002 0000 palette_registers
A 00043e W16 a00000 05cf palette_registers
A 000440 W16 a00002 0000 palette_registers
A 00043e W16 a00000 05ce palette_registers
A 000440 W16 a00002 314a palette_registers
A 00043e W16 a00000 05cd palette_registers
A 000440 W16 a00002 0010 palette_registers
A 00043e W16 a00000 05cc palette_registers
A 000440 W16 a00002 01d6 palette_registers
A 00043e W16 a00000 05cb palette_registers
A 000440 W16 a00002 31ce palette_registers
A 00043e W16 a00000 05ca palette_registers
A 000440 W16 a00002 298c palette_registers
A 00043e W16 a00000 05c9 palette_registers
A 000440 W16 a00002 0000 palette_registers
A 00043e W16 a00000 05c8 palette_registers
A 000440 W16 a00002 41ce palette_registers
A 00043e W16 a00000 05c7 palette_registers
A 000440 W16 a00002 739c palette_registers
A 00043e W16 a00000 05c6 palette_registers
A 000440 W16 a00002 5a94 palette_registers
A 00043e W16 a00000 05c5 palette_registers
A 000440 W16 a00002 4a9e palette_registers
A 00043e W16 a00000 05c4 palette_registers
A 000440 W16 a00002 3198 palette_registers
A 00043e W16 a00000 05c3 palette_registers
A 000440 W16 a00002 2116 palette_registers
A 00043e W16 a00000 05c2 palette_registers
A 000440 W16 a00002 18d2 palette_registers
A 00043e W16 a00000 05c1 palette_registers
A 000440 W16 a00002 108c palette_registers
A 00043e W16 a00000 05c0 palette_registers
A 000440 W16 a00002 0000 palette_registers
A 00043e W16 a00000 05bf palette_registers
A 000440 W16 a00002 4a10 palette_registers
A 00043e W16 a00000 05be palette_registers
A 000440 W16 a00002 314a palette_registers
A 00043e W16 a00000 05bd palette_registers
A 000440 W16 a00002 0010 palette_registers
A 00043e W16 a00000 05bc palette_registers
A 000440 W16 a00002 01d6 palette_registers
A 00043e W16 a00000 05bb palette_registers
A 000440 W16 a00002 31ce palette_registers
A 00043e W16 a00000 05ba palette_registers
A 000440 W16 a00002 298c palette_registers
A 00043e W16 a00000 05b9 palette_registers
A 000440 W16 a00002 0000 palette_registers
A 00043e W16 a00000 05b8 palette_registers
A 000440 W16 a00002 41ce palette_registers
A 00043e W16 a00000 05b7 palette_registers
A 000440 W16 a00002 739c palette_registers
A 00043e W16 a00000 05b6 palette_registers
A 000440 W16 a00002 5a94 palette_registers
A 00043e W16 a00000 05b5 palette_registers
A 000440 W16 a00002 7ade palette_registers
A 00043e W16 a00000 05b4 palette_registers
A 000440 W16 a00002 621e palette_registers
A 00043e W16 a00000 05b3 palette_registers
A 000440 W16 a00002 519a palette_registers
A 00043e W16 a00000 05b2 palette_registers
A 000440 W16 a00002 3916 palette_registers
A 00043e W16 a00000 05b1 palette_registers
A 000440 W16 a00002 280e palette_registers
A 00043e W16 a00000 05b0 palette_registers
A 000440 W16 a00002 0000 palette_registers
A 00043e W16 a00000 05af palette_registers
A 000440 W16 a00002 0000 palette_registers
A 00043e W16 a00000 05ae palette_registers
A 000440 W16 a00002 314a palette_registers
A 00043e W16 a00000 05ad palette_registers
A 000440 W16 a00002 0010 palette_registers
A 00043e W16 a00000 05ac palette_registers
A 000440 W16 a00002 01d6 palette_registers
A 00043e W16 a00000 05ab palette_registers
A 000440 W16 a00002 31ce palette_registers
A 00043e W16 a00000 05aa palette_registers
A 000440 W16 a00002 298c palette_registers
A 00043e W16 a00000 05a9 palette_registers
A 000440 W16 a00002 0000 palette_registers
A 00043e W16 a00000 05a8 palette_registers
A 000440 W16 a00002 41ce palette_registers
A 00043e W16 a00000 05a7 palette_registers
A 000440 W16 a00002 739c palette_registers
A 00043e W16 a00000 05a6 palette_registers
A 000440 W16 a00002 5a94 palette_registers
A 00043e W16 a00000 05a5 palette_registers
A 000440 W16 a00002 7ade palette_registers
A 00043e W16 a00000 05a4 palette_registers
A 000440 W16 a00002 621e palette_registers
A 00043e W16 a00000 05a3 palette_registers
A 000440 W16 a00002 519a palette_registers
A 00043e W16 a00000 05a2 palette_registers
A 000440 W16 a00002 3916 palette_registers
A 00043e W16 a00000 05a1 palette_registers
A 000440 W16 a00002 280e palette_registers
A 00043e W16 a00000 05a0 palette_registers
A 000440 W16 a00002 0000 palette_registers
A 00043e W16 a00000 059f palette_registers
A 000440 W16 a00002 0000 palette_registers
A 00043e W16 a00000 059e palette_registers
A 000440 W16 a00002 314a palette_registers
A 00043e W16 a00000 059d palette_registers
A 000440 W16 a00002 0010 palette_registers
A 00043e W16 a00000 059c palette_registers
A 000440 W16 a00002 01d6 palette_registers
A 00043e W16 a00000 059b palette_registers
A 000440 W16 a00002 31ce palette_registers
A 00043e W16 a00000 059a palette_registers
A 000440 W16 a00002 298c palette_registers
A 00043e W16 a00000 0599 palette_registers
A 000440 W16 a00002 0000 palette_registers
A 00043e W16 a00000 0598 palette_registers
A 000440 W16 a00002 41ce palette_registers
A 00043e W16 a00000 0597 palette_registers
A 000440 W16 a00002 739c palette_registers
A 00043e W16 a00000 0596 palette_registers
A 000440 W16 a00002 5a94 palette_registers
A 00043e W16 a00000 0595 palette_registers
A 000440 W16 a00002 7ace palette_registers
A 00043e W16 a00000 0594 palette_registers
A 000440 W16 a00002 79c8 palette_registers
A 00043e W16 a00000 0593 palette_registers
A 000440 W16 a00002 790c palette_registers
A 00043e W16 a00000 0592 palette_registers
A 000440 W16 a00002 50c8 palette_registers
A 00043e W16 a00000 0591 palette_registers
A 000440 W16 a00002 40c8 palette_registers
A 00043e W16 a00000 0590 palette_registers
A 000440 W16 a00002 0000 palette_registers
A 00043e W16 a00000 058f palette_registers
A 000440 W16 a00002 4a10 palette_registers
A 00043e W16 a00000 058e palette_registers
A 000440 W16 a00002 314a palette_registers
A 00043e W16 a00000 058d palette_registers
A 000440 W16 a00002 0010 palette_registers
A 00043e W16 a00000 058c palette_registers
A 000440 W16 a00002 01d6 palette_registers
A 00043e W16 a00000 058b palette_registers
A 000440 W16 a00002 31ce palette_registers
A 00043e W16 a00000 058a palette_registers
A 000440 W16 a00002 298c palette_registers
A 00043e W16 a00000 0589 palette_registers
A 000440 W16 a00002 0000 palette_registers
A 00043e W16 a00000 0588 palette_registers
A 000440 W16 a00002 41ce palette_registers
A 00043e W16 a00000 0587 palette_registers
A 000440 W16 a00002 739c palette_registers
A 00043e W16 a00000 0586 palette_registers
A 000440 W16 a00002 5a94 palette_registers
A 00043e W16 a00000 0585 palette_registers
A 000440 W16 a00002 7ace palette_registers
A 00043e W16 a00000 0584 palette_registers
A 000440 W16 a00002 79c8 palette_registers
A 00043e W16 a00000 0583 palette_registers
A 000440 W16 a00002 790c palette_registers
A 00043e W16 a00000 0582 palette_registers
A 000440 W16 a00002 50c8 palette_registers
A 00043e W16 a00000 0581 palette_registers
A 000440 W16 a00002 40c8 palette_registers
A 00043e W16 a00000 0580 palette_registers
A 000440 W16 a00002 0000 palette_registers
A 00043e W16 a00000 057f palette_registers
A 000440 W16 a00002 0000 palette_registers
A 00043e W16 a00000 057e palette_registers
A 000440 W16 a00002 0000 palette_registers
A 00043e W16 a00000 057d palette_registers
A 000440 W16 a00002 0000 palette_registers
A 00043e W16 a00000 057c palette_registers
A 000440 W16 a00002 0004 palette_registers
A 00043e W16 a00000 057b palette_registers
A 000440 W16 a00002 0086 palette_registers
A 00043e W16 a00000 057a palette_registers
A 000440 W16 a00002 0088 palette_registers
A 00043e W16 a00000 0579 palette_registers
A 000440 W16 a00002 188a palette_registers
A 00043e W16 a00000 0578 palette_registers
A 000440 W16 a00002 00cc palette_registers
A 00043e W16 a00000 0577 palette_registers
A 000440 W16 a00002 00ce palette_registers
A 00043e W16 a00000 0576 palette_registers
A 000440 W16 a00002 0110 palette_registers
A 00043e W16 a00000 0575 palette_registers
A 000440 W16 a00002 0112 palette_registers
A 00043e W16 a00000 0574 palette_registers
A 000440 W16 a00002 00d4 palette_registers
A 00043e W16 a00000 0573 palette_registers
A 000440 W16 a00002 2158 palette_registers
A 00043e W16 a00000 0572 palette_registers
A 000440 W16 a00002 195a palette_registers
A 00043e W16 a00000 0571 palette_registers
A 000440 W16 a00002 219c palette_registers
A 00043e W16 a00000 0570 palette_registers
A 000440 W16 a00002 0000 palette_registers
A 00043e W16 a00000 056f palette_registers
A 000440 W16 a00002 4210 palette_registers
A 00043e W16 a00000 056e palette_registers
A 000440 W16 a00002 2900 palette_registers
A 00043e W16 a00000 056d palette_registers
A 000440 W16 a00002 3900 palette_registers
A 00043e W16 a00000 056c palette_registers
A 000440 W16 a00002 4294 palette_registers
A 00043e W16 a00000 056b palette_registers
A 000440 W16 a00002 63de palette_registers
A 00043e W16 a00000 056a palette_registers
A 000440 W16 a00002 0010 palette_registers
A 00043e W16 a00000 0569 palette_registers
A 000440 W16 a00002 001a palette_registers
A 00043e W16 a00000 0568 palette_registers
A 000440 W16 a00002 7a1e palette_registers
A 00043e W16 a00000 0567 palette_registers
A 000440 W16 a00002 4148 palette_registers
A 00043e W16 a00000 0566 palette_registers
A 000440 W16 a00002 59ca palette_registers
A 00043e W16 a00000 0565 palette_registers
A 000440 W16 a00002 724e palette_registers
A 00043e W16 a00000 0564 palette_registers
A 000440 W16 a00002 7ad2 palette_registers
A 00043e W16 a00000 0563 palette_registers
A 000440 W16 a00002 0150 palette_registers
A 00043e W16 a00000 0562 palette_registers
A 000440 W16 a00002 3a5a palette_registers
A 00043e W16 a00000 0561 palette_registers
A 000440 W16 a00002 531e palette_registers
A 00043e W16 a00000 0560 palette_registers
A 000440 W16 a00002 0000 palette_registers
A 00043e W16 a00000 055f palette_registers
A 000440 W16 a00002 0000 palette_registers
A 00043e W16 a00000 055e palette_registers
A 000440 W16 a00002 314a palette_registers
A 00043e W16 a00000 055d palette_registers
A 000440 W16 a00002 0010 palette_registers
A 00043e W16 a00000 055c palette_registers
A 000440 W16 a00002 01d6 palette_registers
A 00043e W16 a00000 055b palette_registers
A 000440 W16 a00002 31ce palette_registers
A 00043e W16 a00000 055a palette_registers
A 000440 W16 a00002 298c palette_registers
A 00043e W16 a00000 0559 palette_registers
A 000440 W16 a00002 0000 palette_registers
A 00043e W16 a00000 0558 palette_registers
A 000440 W16 a00002 41ce palette_registers
A 00043e W16 a00000 0557 palette_registers
A 000440 W16 a00002 739c palette_registers
A 00043e W16 a00000 0556 palette_registers
A 000440 W16 a00002 5a94 palette_registers
A 00043e W16 a00000 0555 palette_registers
A 000440 W16 a00002 7a52 palette_registers
A 00043e W16 a00000 0554 palette_registers
A 000440 W16 a00002 59ce palette_registers
A 00043e W16 a00000 0553 palette_registers
A 000440 W16 a00002 514a palette_registers
A 00043e W16 a00000 0552 palette_registers
A 000440 W16 a00002 4908 palette_registers
A 00043e W16 a00000 0551 palette_registers
A 000440 W16 a00002 38c6 palette_registers
A 00043e W16 a00000 0550 palette_registers
A 000440 W16 a00002 0000 palette_registers
A 00043e W16 a00000 054f palette_registers
A 000440 W16 a00002 4a10 palette_registers
A 00043e W16 a00000 054e palette_registers
A 000440 W16 a00002 314a palette_registers
A 00043e W16 a00000 054d palette_registers
A 000440 W16 a00002 0010 palette_registers
A 00043e W16 a00000 054c palette_registers
A 000440 W16 a00002 01d6 palette_registers
A 00043e W16 a00000 054b palette_registers
A 000440 W16 a00002 31ce palette_registers
A 00043e W16 a00000 054a palette_registers
A 000440 W16 a00002 298c palette_registers
A 00043e W16 a00000 0549 palette_registers
A 000440 W16 a00002 0000 palette_registers
A 00043e W16 a00000 0548 palette_registers
A 000440 W16 a00002 41ce palette_registers
A 00043e W16 a00000 0547 palette_registers
A 000440 W16 a00002 739c palette_registers
A 00043e W16 a00000 0546 palette_registers
A 000440 W16 a00002 5a94 palette_registers
A 00043e W16 a00000 0545 palette_registers
A 000440 W16 a00002 7a52 palette_registers
A 00043e W16 a00000 0544 palette_registers
A 000440 W16 a00002 59ce palette_registers
A 00043e W16 a00000 0543 palette_registers
A 000440 W16 a00002 514a palette_registers
A 00043e W16 a00000 0542 palette_registers
A 000440 W16 a00002 4908 palette_registers
A 00043e W16 a00000 0541 palette_registers
A 000440 W16 a00002 38c6 palette_registers
A 00043e W16 a00000 0540 palette_registers
A 000440 W16 a00002 0000 palette_registers
A 00043e W16 a00000 053f palette_registers
A 000440 W16 a00002 4a10 palette_registers
A 00043e W16 a00000 053e palette_registers
A 000440 W16 a00002 314a palette_registers
A 00043e W16 a00000 053d palette_registers
A 000440 W16 a00002 0010 palette_registers
A 00043e W16 a00000 053c palette_registers
A 000440 W16 a00002 01d6 palette_registers
A 00043e W16 a00000 053b palette_registers
A 000440 W16 a00002 31ce palette_registers
A 00043e W16 a00000 053a palette_registers
A 000440 W16 a00002 298c palette_registers
A 00043e W16 a00000 0539 palette_registers
A 000440 W16 a00002 0000 palette_registers
A 00043e W16 a00000 0538 palette_registers
A 000440 W16 a00002 41ce palette_registers
A 00043e W16 a00000 0537 palette_registers
A 000440 W16 a00002 739c palette_registers
A 00043e W16 a00000 0536 palette_registers
A 000440 W16 a00002 5a94 palette_registers
A 00043e W16 a00000 0535 palette_registers
A 000440 W16 a00002 5ade palette_registers
A 00043e W16 a00000 0534 palette_registers
A 000440 W16 a00002 421c palette_registers
A 00043e W16 a00000 0533 palette_registers
A 000440 W16 a00002 3196 palette_registers
A 00043e W16 a00000 0532 palette_registers
A 000440 W16 a00002 2950 palette_registers
A 00043e W16 a00000 0531 palette_registers
A 000440 W16 a00002 18cc palette_registers
A 00043e W16 a00000 0530 palette_registers
A 000440 W16 a00002 0000 palette_registers
A 00043e W16 a00000 052f palette_registers
A 000440 W16 a00002 0000 palette_registers
A 00043e W16 a00000 052e palette_registers
A 000440 W16 a00002 314a palette_registers
A 00043e W16 a00000 052d palette_registers
A 000440 W16 a00002 0010 palette_registers
A 00043e W16 a00000 052c palette_registers
A 000440 W16 a00002 01d6 palette_registers
A 00043e W16 a00000 052b palette_registers
A 000440 W16 a00002 31ce palette_registers
A 00043e W16 a00000 052a palette_registers
A 000440 W16 a00002 298c palette_registers
A 00043e W16 a00000 0529 palette_registers
A 000440 W16 a00002 0000 palette_registers
A 00043e W16 a00000 0528 palette_registers
A 000440 W16 a00002 41ce palette_registers
A 00043e W16 a00000 0527 palette_registers
A 000440 W16 a00002 739c palette_registers
A 00043e W16 a00000 0526 palette_registers
A 000440 W16 a00002 5a94 palette_registers
A 00043e W16 a00000 0525 palette_registers
A 000440 W16 a00002 5ade palette_registers
A 00043e W16 a00000 0524 palette_registers
A 000440 W16 a00002 421c palette_registers
A 00043e W16 a00000 0523 palette_registers
A 000440 W16 a00002 3196 palette_registers
A 00043e W16 a00000 0522 palette_registers
A 000440 W16 a00002 2950 palette_registers
A 00043e W16 a00000 0521 palette_registers
A 000440 W16 a00002 18cc palette_registers
A 00043e W16 a00000 0520 palette_registers
A 000440 W16 a00002 0000 palette_registers
A 00043e W16 a00000 051f palette_registers
A 000440 W16 a00002 0000 palette_registers
A 00043e W16 a00000 051e palette_registers
A 000440 W16 a00002 314a palette_registers
A 00043e W16 a00000 051d palette_registers
A 000440 W16 a00002 0010 palette_registers
A 00043e W16 a00000 051c palette_registers
A 000440 W16 a00002 01d6 palette_registers
A 00043e W16 a00000 051b palette_registers
A 000440 W16 a00002 31ce palette_registers
A 00043e W16 a00000 051a palette_registers
A 000440 W16 a00002 298c palette_registers
A 00043e W16 a00000 0519 palette_registers
A 000440 W16 a00002 0000 palette_registers
A 00043e W16 a00000 0518 palette_registers
A 000440 W16 a00002 41ce palette_registers
A 00043e W16 a00000 0517 palette_registers
A 000440 W16 a00002 739c palette_registers
A 00043e W16 a00000 0516 palette_registers
A 000440 W16 a00002 5a94 palette_registers
A 00043e W16 a00000 0515 palette_registers
A 000440 W16 a00002 7bde palette_registers
A 00043e W16 a00000 0514 palette_registers
A 000440 W16 a00002 739c palette_registers
A 00043e W16 a00000 0513 palette_registers
A 000440 W16 a00002 6318 palette_registers
A 00043e W16 a00000 0512 palette_registers
A 000440 W16 a00002 5ad6 palette_registers
A 00043e W16 a00000 0511 palette_registers
A 000440 W16 a00002 39ce palette_registers
A 00043e W16 a00000 0510 palette_registers
A 000440 W16 a00002 0000 palette_registers
A 00043e W16 a00000 050f palette_registers
A 000440 W16 a00002 4a10 palette_registers
A 00043e W16 a00000 050e palette_registers
A 000440 W16 a00002 314a palette_registers
A 00043e W16 a00000 050d palette_registers
A 000440 W16 a00002 0010 palette_registers
A 00043e W16 a00000 050c palette_registers
A 000440 W16 a00002 01d6 palette_registers
A 00043e W16 a00000 050b palette_registers
A 000440 W16 a00002 31ce palette_registers
A 00043e W16 a00000 050a palette_registers
A 000440 W16 a00002 298c palette_registers
A 00043e W16 a00000 0509 palette_registers
A 000440 W16 a00002 0000 palette_registers
A 00043e W16 a00000 0508 palette_registers
A 000440 W16 a00002 41ce palette_registers
A 00043e W16 a00000 0507 palette_registers
A 000440 W16 a00002 739c palette_registers
A 00043e W16 a00000 0506 palette_registers
A 000440 W16 a00002 5a94 palette_registers
A 00043e W16 a00000 0505 palette_registers
A 000440 W16 a00002 7bde palette_registers
A 00043e W16 a00000 0504 palette_registers
A 000440 W16 a00002 739c palette_registers
A 00043e W16 a00000 0503 palette_registers
A 000440 W16 a00002 6318 palette_registers
A 00043e W16 a00000 0502 palette_registers
A 000440 W16 a00002 5ad6 palette_registers
A 00043e W16 a00000 0501 palette_registers
A 000440 W16 a00002 39ce palette_registers
A 00043e W16 a00000 0500 palette_registers
A 000440 W16 a00002 0000 palette_registers
A 00043e W16 a00000 04ff palette_registers
A 000440 W16 a00002 0000 palette_registers
A 00043e W16 a00000 04fe palette_registers
A 000440 W16 a00002 0000 palette_registers
A 00043e W16 a00000 04fd palette_registers
A 000440 W16 a00002 0000 palette_registers
A 00043e W16 a00000 04fc palette_registers
A 000440 W16 a00002 0000 palette_registers
A 00043e W16 a00000 04fb palette_registers
A 000440 W16 a00002 0000 palette_registers
A 00043e W16 a00000 04fa palette_registers
A 000440 W16 a00002 0000 palette_registers
A 00043e W16 a00000 04f9 palette_registers
A 000440 W16 a00002 0000 palette_registers
A 00043e W16 a00000 04f8 palette_registers
A 000440 W16 a00002 218e palette_registers
A 00043e W16 a00000 04f7 palette_registers
A 000440 W16 a00002 2990 palette_registers
A 00043e W16 a00000 04f6 palette_registers
A 000440 W16 a00002 31d2 palette_registers
A 00043e W16 a00000 04f5 palette_registers
A 000440 W16 a00002 3a14 palette_registers
A 00043e W16 a00000 04f4 palette_registers
A 000440 W16 a00002 4256 palette_registers
A 00043e W16 a00000 04f3 palette_registers
A 000440 W16 a00002 4a96 palette_registers
A 00043e W16 a00000 04f2 palette_registers
A 000440 W16 a00002 52da palette_registers
A 00043e W16 a00000 04f1 palette_registers
A 000440 W16 a00002 5b1c palette_registers
A 00043e W16 a00000 04f0 palette_registers
A 000440 W16 a00002 0000 palette_registers
A 00043e W16 a00000 04ef palette_registers
A 000440 W16 a00002 0000 palette_registers
A 00043e W16 a00000 04ee palette_registers
A 000440 W16 a00002 0000 palette_registers
A 00043e W16 a00000 04ed palette_registers
A 000440 W16 a00002 0000 palette_registers
A 00043e W16 a00000 04ec palette_registers
A 000440 W16 a00002 5214 palette_registers
A 00043e W16 a00000 04eb palette_registers
A 000440 W16 a00002 5ade palette_registers
A 00043e W16 a00000 04ea palette_registers
A 000440 W16 a00002 001e palette_registers
A 00043e W16 a00000 04e9 palette_registers
A 000440 W16 a00002 029e palette_registers
A 00043e W16 a00000 04e8 palette_registers
A 000440 W16 a00002 0000 palette_registers
A 00043e W16 a00000 04e7 palette_registers
A 000440 W16 a00002 318c palette_registers
A 00043e W16 a00000 04e6 palette_registers
A 000440 W16 a00002 39ce palette_registers
A 00043e W16 a00000 04e5 palette_registers
A 000440 W16 a00002 4a52 palette_registers
A 00043e W16 a00000 04e4 palette_registers
A 000440 W16 a00002 5ad6 palette_registers
A 00043e W16 a00000 04e3 palette_registers
A 000440 W16 a00002 00ca palette_registers
A 00043e W16 a00000 04e2 palette_registers
A 000440 W16 a00002 014e palette_registers
A 00043e W16 a00000 04e1 palette_registers
A 000440 W16 a00002 01d4 palette_registers
A 00043e W16 a00000 04e0 palette_registers
A 000440 W16 a00002 0000 palette_registers
A 00043e W16 a00000 04df palette_registers
A 000440 W16 a00002 0000 palette_registers
A 00043e W16 a00000 04de palette_registers
A 000440 W16 a00002 314a palette_registers
A 00043e W16 a00000 04dd palette_registers
A 000440 W16 a00002 0010 palette_registers
A 00043e W16 a00000 04dc palette_registers
A 000440 W16 a00002 01d6 palette_registers
A 00043e W16 a00000 04db palette_registers
A 000440 W16 a00002 31ce palette_registers
A 00043e W16 a00000 04da palette_registers
A 000440 W16 a00002 298c palette_registers
A 00043e W16 a00000 04d9 palette_registers
A 000440 W16 a00002 0000 palette_registers
A 00043e W16 a00000 04d8 palette_registers
A 000440 W16 a00002 41ce palette_registers
A 00043e W16 a00000 04d7 palette_registers
A 000440 W16 a00002 739c palette_registers
A 00043e W16 a00000 04d6 palette_registers
A 000440 W16 a00002 5a94 palette_registers
A 00043e W16 a00000 04d5 palette_registers
A 000440 W16 a00002 6bde palette_registers
A 00043e W16 a00000 04d4 palette_registers
A 000440 W16 a00002 4b1c palette_registers
A 00043e W16 a00000 04d3 palette_registers
A 000440 W16 a00002 4298 palette_registers
A 00043e W16 a00000 04d2 palette_registers
A 000440 W16 a00002 3a14 palette_registers
A 00043e W16 a00000 04d1 palette_registers
A 000440 W16 a00002 214e palette_registers
A 00043e W16 a00000 04d0 palette_registers
A 000440 W16 a00002 0000 palette_registers
A 00043e W16 a00000 04cf palette_registers
A 000440 W16 a00002 4a10 palette_registers
A 00043e W16 a00000 04ce palette_registers
A 000440 W16 a00002 314a palette_registers
A 00043e W16 a00000 04cd palette_registers
A 000440 W16 a00002 0010 palette_registers
A 00043e W16 a00000 04cc palette_registers
A 000440 W16 a00002 01d6 palette_registers
A 00043e W16 a00000 04cb palette_registers
A 000440 W16 a00002 31ce palette_registers
A 00043e W16 a00000 04ca palette_registers
A 000440 W16 a00002 298c palette_registers
A 00043e W16 a00000 04c9 palette_registers
A 000440 W16 a00002 0000 palette_registers
A 00043e W16 a00000 04c8 palette_registers
A 000440 W16 a00002 41ce palette_registers
A 00043e W16 a00000 04c7 palette_registers
A 000440 W16 a00002 739c palette_registers
A 00043e W16 a00000 04c6 palette_registers
A 000440 W16 a00002 5a94 palette_registers
A 00043e W16 a00000 04c5 palette_registers
A 000440 W16 a00002 6bde palette_registers
A 00043e W16 a00000 04c4 palette_registers
A 000440 W16 a00002 4b1c palette_registers
A 00043e W16 a00000 04c3 palette_registers
A 000440 W16 a00002 4298 palette_registers
A 00043e W16 a00000 04c2 palette_registers
A 000440 W16 a00002 3a14 palette_registers
A 00043e W16 a00000 04c1 palette_registers
A 000440 W16 a00002 214e palette_registers
A 00043e W16 a00000 04c0 palette_registers
A 000440 W16 a00002 0000 palette_registers
A 00043e W16 a00000 04bf palette_registers
A 000440 W16 a00002 4a10 palette_registers
A 00043e W16 a00000 04be palette_registers
A 000440 W16 a00002 314a palette_registers
A 00043e W16 a00000 04bd palette_registers
A 000440 W16 a00002 0010 palette_registers
A 00043e W16 a00000 04bc palette_registers
A 000440 W16 a00002 01d6 palette_registers
A 00043e W16 a00000 04bb palette_registers
A 000440 W16 a00002 31ce palette_registers
A 00043e W16 a00000 04ba palette_registers
A 000440 W16 a00002 298c palette_registers
A 00043e W16 a00000 04b9 palette_registers
A 000440 W16 a00002 0000 palette_registers
A 00043e W16 a00000 04b8 palette_registers
A 000440 W16 a00002 41ce palette_registers
A 00043e W16 a00000 04b7 palette_registers
A 000440 W16 a00002 739c palette_registers
A 00043e W16 a00000 04b6 palette_registers
A 000440 W16 a00002 5a94 palette_registers
A 00043e W16 a00000 04b5 palette_registers
A 000440 W16 a00002 7bd6 palette_registers
A 00043e W16 a00000 04b4 palette_registers
A 000440 W16 a00002 6b50 palette_registers
A 00043e W16 a00000 04b3 palette_registers
A 000440 W16 a00002 5acc palette_registers
A 00043e W16 a00000 04b2 palette_registers
A 000440 W16 a00002 420a palette_registers
A 00043e W16 a00000 04b1 palette_registers
A 000440 W16 a00002 2946 palette_registers
A 00043e W16 a00000 04b0 palette_registers
A 000440 W16 a00002 0000 palette_registers
A 00043e W16 a00000 04af palette_registers
A 000440 W16 a00002 0000 palette_registers
A 00043e W16 a00000 04ae palette_registers
A 000440 W16 a00002 314a palette_registers
A 00043e W16 a00000 04ad palette_registers
A 000440 W16 a00002 0010 palette_registers
A 00043e W16 a00000 04ac palette_registers
A 000440 W16 a00002 01d6 palette_registers
A 00043e W16 a00000 04ab palette_registers
A 000440 W16 a00002 31ce palette_registers
A 00043e W16 a00000 04aa palette_registers
A 000440 W16 a00002 298c palette_registers
A 00043e W16 a00000 04a9 palette_registers
A 000440 W16 a00002 0000 palette_registers
A 00043e W16 a00000 04a8 palette_registers
A 000440 W16 a00002 41ce palette_registers
A 00043e W16 a00000 04a7 palette_registers
A 000440 W16 a00002 739c palette_registers
A 00043e W16 a00000 04a6 palette_registers
A 000440 W16 a00002 5a94 palette_registers
A 00043e W16 a00000 04a5 palette_registers
A 000440 W16 a00002 7bd6 palette_registers
A 00043e W16 a00000 04a4 palette_registers
A 000440 W16 a00002 6b50 palette_registers
A 00043e W16 a00000 04a3 palette_registers
A 000440 W16 a00002 5acc palette_registers
A 00043e W16 a00000 04a2 palette_registers
A 000440 W16 a00002 420a palette_registers
A 00043e W16 a00000 04a1 palette_registers
A 000440 W16 a00002 2946 palette_registers
A 00043e W16 a00000 04a0 palette_registers
A 000440 W16 a00002 0000 palette_registers
A 00043e W16 a00000 049f palette_registers
A 000440 W16 a00002 0000 palette_registers
A 00043e W16 a00000 049e palette_registers
A 000440 W16 a00002 314a palette_registers
A 00043e W16 a00000 049d palette_registers
A 000440 W16 a00002 0010 palette_registers
A 00043e W16 a00000 049c palette_registers
A 000440 W16 a00002 01d6 palette_registers
A 00043e W16 a00000 049b palette_registers
A 000440 W16 a00002 31ce palette_registers
A 00043e W16 a00000 049a palette_registers
A 000440 W16 a00002 298c palette_registers
A 00043e W16 a00000 0499 palette_registers
A 000440 W16 a00002 0000 palette_registers
A 00043e W16 a00000 0498 palette_registers
A 000440 W16 a00002 41ce palette_registers
A 00043e W16 a00000 0497 palette_registers
A 000440 W16 a00002 739c palette_registers
A 00043e W16 a00000 0496 palette_registers
A 000440 W16 a00002 5a94 palette_registers
A 00043e W16 a00000 0495 palette_registers
A 000440 W16 a00002 3b9e palette_registers
A 00043e W16 a00000 0494 palette_registers
A 000440 W16 a00002 12dc palette_registers
A 00043e W16 a00000 0493 palette_registers
A 000440 W16 a00002 3214 palette_registers
A 00043e W16 a00000 0492 palette_registers
A 000440 W16 a00002 1990 palette_registers
A 00043e W16 a00000 0491 palette_registers
A 000440 W16 a00002 194c palette_registers
A 00043e W16 a00000 0490 palette_registers
A 000440 W16 a00002 0000 palette_registers
A 00043e W16 a00000 048f palette_registers
A 000440 W16 a00002 4a10 palette_registers
A 00043e W16 a00000 048e palette_registers
A 000440 W16 a00002 314a palette_registers
A 00043e W16 a00000 048d palette_registers
A 000440 W16 a00002 0010 palette_registers
A 00043e W16 a00000 048c palette_registers
A 000440 W16 a00002 01d6 palette_registers
A 00043e W16 a00000 048b palette_registers
A 000440 W16 a00002 31ce palette_registers
A 00043e W16 a00000 048a palette_registers
A 000440 W16 a00002 298c palette_registers
A 00043e W16 a00000 0489 palette_registers
A 000440 W16 a00002 0000 palette_registers
A 00043e W16 a00000 0488 palette_registers
A 000440 W16 a00002 41ce palette_registers
A 00043e W16 a00000 0487 palette_registers
A 000440 W16 a00002 739c palette_registers
A 00043e W16 a00000 0486 palette_registers
A 000440 W16 a00002 5a94 palette_registers
A 00043e W16 a00000 0485 palette_registers
A 000440 W16 a00002 3b9e palette_registers
A 00043e W16 a00000 0484 palette_registers
A 000440 W16 a00002 12dc palette_registers
A 00043e W16 a00000 0483 palette_registers
A 000440 W16 a00002 3214 palette_registers
A 00043e W16 a00000 0482 palette_registers
A 000440 W16 a00002 1990 palette_registers
A 00043e W16 a00000 0481 palette_registers
A 000440 W16 a00002 194c palette_registers
A 00043e W16 a00000 0480 palette_registers
A 000440 W16 a00002 0000 palette_registers
A 00043e W16 a00000 047f palette_registers
A 000440 W16 a00002 0000 palette_registers
A 00043e W16 a00000 047e palette_registers
A 000440 W16 a00002 0000 palette_registers
A 00043e W16 a00000 047d palette_registers
A 000440 W16 a00002 0000 palette_registers
A 00043e W16 a00000 047c palette_registers
A 000440 W16 a00002 4294 palette_registers
A 00043e W16 a00000 047b palette_registers
A 000440 W16 a00002 63de palette_registers
A 00043e W16 a00000 047a palette_registers
A 000440 W16 a00002 0010 palette_registers
A 00043e W16 a00000 0479 palette_registers
A 000440 W16 a00002 001a palette_registers
A 00043e W16 a00000 0478 palette_registers
A 000440 W16 a00002 7a1e palette_registers
A 00043e W16 a00000 0477 palette_registers
A 000440 W16 a00002 318c palette_registers
A 00043e W16 a00000 0476 palette_registers
A 000440 W16 a00002 39ce palette_registers
A 00043e W16 a00000 0475 palette_registers
A 000440 W16 a00002 4a52 palette_registers
A 00043e W16 a00000 0474 palette_registers
A 000440 W16 a00002 5ad6 palette_registers
A 00043e W16 a00000 0473 palette_registers
A 000440 W16 a00002 00ca palette_registers
A 00043e W16 a00000 0472 palette_registers
A 000440 W16 a00002 014e palette_registers
A 00043e W16 a00000 0471 palette_registers
A 000440 W16 a00002 01d4 palette_registers
A 00043e W16 a00000 0470 palette_registers
A 000440 W16 a00002 0000 palette_registers
A 00043e W16 a00000 046f palette_registers
A 000440 W16 a00002 0000 palette_registers
A 00043e W16 a00000 046e palette_registers
A 000440 W16 a00002 0000 palette_registers
A 00043e W16 a00000 046d palette_registers
A 000440 W16 a00002 0000 palette_registers
A 00043e W16 a00000 046c palette_registers
A 000440 W16 a00002 0000 palette_registers
A 00043e W16 a00000 046b palette_registers
A 000440 W16 a00002 0000 palette_registers
A 00043e W16 a00000 046a palette_registers
A 000440 W16 a00002 0000 palette_registers
A 00043e W16 a00000 0469 palette_registers
A 000440 W16 a00002 0000 palette_registers
A 00043e W16 a00000 0468 palette_registers
A 000440 W16 a00002 0000 palette_registers
A 00043e W16 a00000 0467 palette_registers
A 000440 W16 a00002 0000 palette_registers
A 00043e W16 a00000 0466 palette_registers
A 000440 W16 a00002 0000 palette_registers
A 00043e W16 a00000 0465 palette_registers
A 000440 W16 a00002 0000 palette_registers
A 00043e W16 a00000 0464 palette_registers
A 000440 W16 a00002 0000 palette_registers
A 00043e W16 a00000 0463 palette_registers
A 000440 W16 a00002 0000 palette_registers
A 00043e W16 a00000 0462 palette_registers
A 000440 W16 a00002 18c6 palette_registers
A 00043e W16 a00000 0461 palette_registers
A 000440 W16 a00002 2108 palette_registers
A 00043e W16 a00000 0460 palette_registers
A 000440 W16 a00002 0000 palette_registers
A 00043e W16 a00000 045f palette_registers
A 000440 W16 a00002 001e palette_registers
A 00043e W16 a00000 045e palette_registers
A 000440 W16 a00002 20c6 palette_registers
A 00043e W16 a00000 045d palette_registers
A 000440 W16 a00002 0006 palette_registers
A 00043e W16 a00000 045c palette_registers
A 000440 W16 a00002 01d6 palette_registers
A 00043e W16 a00000 045b palette_registers
A 000440 W16 a00002 31ce palette_registers
A 00043e W16 a00000 045a palette_registers
A 000440 W16 a00002 7bde palette_registers
A 00043e W16 a00000 0459 palette_registers
A 000440 W16 a00002 0000 palette_registers
A 00043e W16 a00000 0458 palette_registers
A 000440 W16 a00002 314a palette_registers
A 00043e W16 a00000 0457 palette_registers
A 000440 W16 a00002 318c palette_registers
A 00043e W16 a00000 0456 palette_registers
A 000440 W16 a00002 18c6 palette_registers
A 00043e W16 a00000 0455 palette_registers
A 000440 W16 a00002 0018 palette_registers
A 00043e W16 a00000 0454 palette_registers
A 000440 W16 a00002 0016 palette_registers
A 00043e W16 a00000 0453 palette_registers
A 000440 W16 a00002 0012 palette_registers
A 00043e W16 a00000 0452 palette_registers
A 000440 W16 a00002 000e palette_registers
A 00043e W16 a00000 0451 palette_registers
A 000440 W16 a00002 0006 palette_registers
A 00043e W16 a00000 0450 palette_registers
A 000440 W16 a00002 0000 palette_registers
A 00043e W16 a00000 044f palette_registers
A 000440 W16 a00002 0000 palette_registers
A 00043e W16 a00000 044e palette_registers
A 000440 W16 a00002 18c6 palette_registers
A 00043e W16 a00000 044d palette_registers
A 000440 W16 a00002 2108 palette_registers
A 00043e W16 a00000 044c palette_registers
A 000440 W16 a00002 294a palette_registers
A 00043e W16 a00000 044b palette_registers
A 000440 W16 a00002 318c palette_registers
A 00043e W16 a00000 044a palette_registers
A 000440 W16 a00002 39ce palette_registers
A 00043e W16 a00000 0449 palette_registers
A 000440 W16 a00002 4a52 palette_registers
A 00043e W16 a00000 0448 palette_registers
A 000440 W16 a00002 01ce palette_registers
A 00043e W16 a00000 0447 palette_registers
A 000440 W16 a00002 0210 palette_registers
A 00043e W16 a00000 0446 palette_registers
A 000440 W16 a00002 0252 palette_registers
A 00043e W16 a00000 0445 palette_registers
A 000440 W16 a00002 02d6 palette_registers
A 00043e W16 a00000 0444 palette_registers
A 000440 W16 a00002 035a palette_registers
A 00043e W16 a00000 0443 palette_registers
A 000440 W16 a00002 039c palette_registers
A 00043e W16 a00000 0442 palette_registers
A 000440 W16 a00002 03de palette_registers
A 00043e W16 a00000 0441 palette_registers
A 000440 W16 a00002 7bde palette_registers
A 00043e W16 a00000 0440 palette_registers
A 000440 W16 a00002 0000 palette_registers
A 00043e W16 a00000 043f palette_registers
A 000440 W16 a00002 0000 palette_registers
A 00043e W16 a00000 043e palette_registers
A 000440 W16 a00002 0000 palette_registers
A 00043e W16 a00000 043d palette_registers
A 000440 W16 a00002 0000 palette_registers
A 00043e W16 a00000 043c palette_registers
A 000440 W16 a00002 0000 palette_registers
A 00043e W16 a00000 043b palette_registers
A 000440 W16 a00002 0000 palette_registers
A 00043e W16 a00000 043a palette_registers
A 000440 W16 a00002 10c6 palette_registers
A 00043e W16 a00000 0439 palette_registers
A 000440 W16 a00002 1908 palette_registers
A 00043e W16 a00000 0438 palette_registers
A 000440 W16 a00002 214a palette_registers
A 00043e W16 a00000 0437 palette_registers
A 000440 W16 a00002 298c palette_registers
A 00043e W16 a00000 0436 palette_registers
A 000440 W16 a00002 31ce palette_registers
A 00043e W16 a00000 0435 palette_registers
A 000440 W16 a00002 3a10 palette_registers
A 00043e W16 a00000 0434 palette_registers
A 000440 W16 a00002 4252 palette_registers
A 00043e W16 a00000 0433 palette_registers
A 000440 W16 a00002 4a94 palette_registers
A 00043e W16 a00000 0432 palette_registers
A 000440 W16 a00002 52d6 palette_registers
A 00043e W16 a00000 0431 palette_registers
A 000440 W16 a00002 5b18 palette_registers
A 00043e W16 a00000 0430 palette_registers
A 000440 W16 a00002 0000 palette_registers
A 00043e W16 a00000 042f palette_registers
A 000440 W16 a00002 0000 palette_registers
A 00043e W16 a00000 042e palette_registers
A 000440 W16 a00002 22d6 palette_registers
A 00043e W16 a00000 042d palette_registers
A 000440 W16 a00002 3318 palette_registers
A 00043e W16 a00000 042c palette_registers
A 000440 W16 a00002 335a palette_registers
A 00043e W16 a00000 042b palette_registers
A 000440 W16 a00002 239e palette_registers
A 00043e W16 a00000 042a palette_registers
A 000440 W16 a00002 2bde palette_registers
A 00043e W16 a00000 0429 palette_registers
A 000440 W16 a00002 0292 palette_registers
A 00043e W16 a00000 0428 palette_registers
A 000440 W16 a00002 10c4 palette_registers
A 00043e W16 a00000 0427 palette_registers
A 000440 W16 a00002 1104 palette_registers
A 00043e W16 a00000 0426 palette_registers
A 000440 W16 a00002 1944 palette_registers
A 00043e W16 a00000 0425 palette_registers
A 000440 W16 a00002 1984 palette_registers
A 00043e W16 a00000 0424 palette_registers
A 000440 W16 a00002 21c4 palette_registers
A 00043e W16 a00000 0423 palette_registers
A 000440 W16 a00002 2a04 palette_registers
A 00043e W16 a00000 0422 palette_registers
A 000440 W16 a00002 3280 palette_registers
A 00043e W16 a00000 0421 palette_registers
A 000440 W16 a00002 328e palette_registers
A 00043e W16 a00000 0420 palette_registers
A 000440 W16 a00002 0000 palette_registers
A 00043e W16 a00000 041f palette_registers
A 000440 W16 a00002 4a10 palette_registers
A 00043e W16 a00000 041e palette_registers
A 000440 W16 a00002 314a palette_registers
A 00043e W16 a00000 041d palette_registers
A 000440 W16 a00002 0010 palette_registers
A 00043e W16 a00000 041c palette_registers
A 000440 W16 a00002 01d6 palette_registers
A 00043e W16 a00000 041b palette_registers
A 000440 W16 a00002 31ce palette_registers
A 00043e W16 a00000 041a palette_registers
A 000440 W16 a00002 298c palette_registers
A 00043e W16 a00000 0419 palette_registers
A 000440 W16 a00002 0000 palette_registers
A 00043e W16 a00000 0418 palette_registers
A 000440 W16 a00002 41ce palette_registers
A 00043e W16 a00000 0417 palette_registers
A 000440 W16 a00002 739c palette_registers
A 00043e W16 a00000 0416 palette_registers
A 000440 W16 a00002 5a94 palette_registers
A 00043e W16 a00000 0415 palette_registers
A 000440 W16 a00002 294a palette_registers
A 00043e W16 a00000 0414 palette_registers
A 000440 W16 a00002 2108 palette_registers
A 00043e W16 a00000 0413 palette_registers
A 000440 W16 a00002 18c6 palette_registers
A 00043e W16 a00000 0412 palette_registers
A 000440 W16 a00002 1084 palette_registers
A 00043e W16 a00000 0411 palette_registers
A 000440 W16 a00002 2108 palette_registers
A 00043e W16 a00000 0410 palette_registers
A 000440 W16 a00002 0000 palette_registers
A 00043e W16 a00000 040f palette_registers
A 000440 W16 a00002 0000 palette_registers
A 00043e W16 a00000 040e palette_registers
A 000440 W16 a00002 314a palette_registers
A 00043e W16 a00000 040d palette_registers
A 000440 W16 a00002 0010 palette_registers
A 00043e W16 a00000 040c palette_registers
A 000440 W16 a00002 01d6 palette_registers
A 00043e W16 a00000 040b palette_registers
A 000440 W16 a00002 31ce palette_registers
A 00043e W16 a00000 040a palette_registers
A 000440 W16 a00002 298c palette_registers
A 00043e W16 a00000 0409 palette_registers
A 000440 W16 a00002 0000 palette_registers
A 00043e W16 a00000 0408 palette_registers
A 000440 W16 a00002 41ce palette_registers
A 00043e W16 a00000 0407 palette_registers
A 000440 W16 a00002 739c palette_registers
A 00043e W16 a00000 0406 palette_registers
A 000440 W16 a00002 5a94 palette_registers
A 00043e W16 a00000 0405 palette_registers
A 000440 W16 a00002 294a palette_registers
A 00043e W16 a00000 0404 palette_registers
A 000440 W16 a00002 2108 palette_registers
A 00043e W16 a00000 0403 palette_registers
A 000440 W16 a00002 18c6 palette_registers
A 00043e W16 a00000 0402 palette_registers
A 000440 W16 a00002 1084 palette_registers
A 00043e W16 a00000 0401 palette_registers
A 000440 W16 a00002 2108 palette_registers
A 00043e W16 a00000 0400 palette_registers
A 000440 W16 a00002 0000 palette_registers
A 00043e W16 a00000 03ff palette_registers
A 000440 W16 a00002 0000 palette_registers
A 00043e W16 a00000 03fe palette_registers
A 000440 W16 a00002 2880 palette_registers
A 00043e W16 a00000 03fd palette_registers
A 000440 W16 a00002 3906 palette_registers
A 00043e W16 a00000 03fc palette_registers
A 000440 W16 a00002 4946 palette_registers
A 00043e W16 a00000 03fb palette_registers
A 000440 W16 a00002 5984 palette_registers
A 00043e W16 a00000 03fa palette_registers
A 000440 W16 a00002 6200 palette_registers
A 00043e W16 a00000 03f9 palette_registers
A 000440 W16 a00002 5294 palette_registers
A 00043e W16 a00000 03f8 palette_registers
A 000440 W16 a00002 39ce palette_registers
A 00043e W16 a00000 03f7 palette_registers
A 000440 W16 a00002 2254 palette_registers
A 00043e W16 a00000 03f6 palette_registers
A 000440 W16 a00002 0016 palette_registers
A 00043e W16 a00000 03f5 palette_registers
A 000440 W16 a00002 00c8 palette_registers
A 00043e W16 a00000 03f4 palette_registers
A 000440 W16 a00002 110a palette_registers
A 00043e W16 a00000 03f3 palette_registers
A 000440 W16 a00002 214c palette_registers
A 00043e W16 a00000 03f2 palette_registers
A 000440 W16 a00002 298e palette_registers
A 00043e W16 a00000 03f1 palette_registers
A 000440 W16 a00002 31d2 palette_registers
A 00043e W16 a00000 03f0 palette_registers
A 000440 W16 a00002 0000 palette_registers
A 00043e W16 a00000 03ef palette_registers
A 000440 W16 a00002 18c6 palette_registers
A 00043e W16 a00000 03ee palette_registers
A 000440 W16 a00002 429c palette_registers
A 00043e W16 a00000 03ed palette_registers
A 000440 W16 a00002 01d2 palette_registers
A 00043e W16 a00000 03ec palette_registers
A 000440 W16 a00002 1a56 palette_registers
A 00043e W16 a00000 03eb palette_registers
A 000440 W16 a00002 2adc palette_registers
A 00043e W16 a00000 03ea palette_registers
A 000440 W16 a00002 39ce palette_registers
A 00043e W16 a00000 03e9 palette_registers
A 000440 W16 a00002 5294 palette_registers
A 00043e W16 a00000 03e8 palette_registers
A 000440 W16 a00002 6b5a palette_registers
A 00043e W16 a00000 03e7 palette_registers
A 000440 W16 a00002 014a palette_registers
A 00043e W16 a00000 03e6 palette_registers
A 000440 W16 a00002 19ce palette_registers
A 00043e W16 a00000 03e5 palette_registers
A 000440 W16 a00002 2a52 palette_registers
A 00043e W16 a00000 03e4 palette_registers
A 000440 W16 a00002 3ad6 palette_registers
A 00043e W16 a00000 03e3 palette_registers
A 000440 W16 a00002 014e palette_registers
A 00043e W16 a00000 03e2 palette_registers
A 000440 W16 a00002 3a5a palette_registers
A 00043e W16 a00000 03e1 palette_registers
A 000440 W16 a00002 531e palette_registers
A 00043e W16 a00000 03e0 palette_registers
A 000440 W16 a00002 0000 palette_registers
A 00043e W16 a00000 03df palette_registers
A 000440 W16 a00002 1884 palette_registers
A 00043e W16 a00000 03de palette_registers
A 000440 W16 a00002 20c6 palette_registers
A 00043e W16 a00000 03dd palette_registers
A 000440 W16 a00002 110e palette_registers
A 00043e W16 a00000 03dc palette_registers
A 000440 W16 a00002 29d4 palette_registers
A 00043e W16 a00000 03db palette_registers
A 000440 W16 a00002 3216 palette_registers
A 00043e W16 a00000 03da palette_registers
A 000440 W16 a00002 2908 palette_registers
A 00043e W16 a00000 03d9 palette_registers
A 000440 W16 a00002 000c palette_registers
A 00043e W16 a00000 03d8 palette_registers
A 000440 W16 a00002 1090 palette_registers
A 00043e W16 a00000 03d7 palette_registers
A 000440 W16 a00002 2114 palette_registers
A 00043e W16 a00000 03d6 palette_registers
A 000440 W16 a00002 2956 palette_registers
A 00043e W16 a00000 03d5 palette_registers
A 000440 W16 a00002 0000 palette_registers
A 00043e W16 a00000 03d4 palette_registers
A 000440 W16 a00002 2108 palette_registers
A 00043e W16 a00000 03d3 palette_registers
A 000440 W16 a00002 294a palette_registers
A 00043e W16 a00000 03d2 palette_registers
A 000440 W16 a00002 318c palette_registers
A 00043e W16 a00000 03d1 palette_registers
A 000440 W16 a00002 39ce palette_registers
A 00043e W16 a00000 03d0 palette_registers
A 000440 W16 a00002 0000 palette_registers
A 00043e W16 a00000 03cf palette_registers
A 000440 W16 a00002 0000 palette_registers
A 00043e W16 a00000 03ce palette_registers
A 000440 W16 a00002 0000 palette_registers
A 00043e W16 a00000 03cd palette_registers
A 000440 W16 a00002 000a palette_registers
A 00043e W16 a00000 03cc palette_registers
A 000440 W16 a00002 424e palette_registers
A 00043e W16 a00000 03cb palette_registers
A 000440 W16 a00002 010c palette_registers
A 00043e W16 a00000 03ca palette_registers
A 000440 W16 a00002 214e palette_registers
A 00043e W16 a00000 03c9 palette_registers
A 000440 W16 a00002 31d2 palette_registers
A 00043e W16 a00000 03c8 palette_registers
A 000440 W16 a00002 3a16 palette_registers
A 00043e W16 a00000 03c7 palette_registers
A 000440 W16 a00002 3906 palette_registers
A 00043e W16 a00000 03c6 palette_registers
A 000440 W16 a00002 4148 palette_registers
A 00043e W16 a00000 03c5 palette_registers
A 000440 W16 a00002 498a palette_registers
A 00043e W16 a00000 03c4 palette_registers
A 000440 W16 a00002 2146 palette_registers
A 00043e W16 a00000 03c3 palette_registers
A 000440 W16 a00002 2988 palette_registers
A 00043e W16 a00000 03c2 palette_registers
A 000440 W16 a00002 31ca palette_registers
A 00043e W16 a00000 03c1 palette_registers
A 000440 W16 a00002 3a0c palette_registers
A 00043e W16 a00000 03c0 palette_registers
A 000440 W16 a00002 0000 palette_registers
A 00043e W16 a00000 03bf palette_registers
A 000440 W16 a00002 29d6 palette_registers
A 00043e W16 a00000 03be palette_registers
A 000440 W16 a00002 3a5a palette_registers
A 00043e W16 a00000 03bd palette_registers
A 000440 W16 a00002 531e palette_registers
A 00043e W16 a00000 03bc palette_registers
A 000440 W16 a00002 420e palette_registers
A 00043e W16 a00000 03bb palette_registers
A 000440 W16 a00002 39cc palette_registers
A 00043e W16 a00000 03ba palette_registers
A 000440 W16 a00002 318a palette_registers
A 00043e W16 a00000 03b9 palette_registers
A 000440 W16 a00002 2948 palette_registers
A 00043e W16 a00000 03b8 palette_registers
A 000440 W16 a00002 18c6 palette_registers
A 00043e W16 a00000 03b7 palette_registers
A 000440 W16 a00002 010a palette_registers
A 00043e W16 a00000 03b6 palette_registers
A 000440 W16 a00002 018e palette_registers
A 00043e W16 a00000 03b5 palette_registers
A 000440 W16 a00002 6212 palette_registers
A 00043e W16 a00000 03b4 palette_registers
A 000440 W16 a00002 51d0 palette_registers
A 00043e W16 a00000 03b3 palette_registers
A 000440 W16 a00002 498e palette_registers
A 00043e W16 a00000 03b2 palette_registers
A 000440 W16 a00002 390a palette_registers
A 00043e W16 a00000 03b1 palette_registers
A 000440 W16 a00002 30c8 palette_registers
A 00043e W16 a00000 03b0 palette_registers
A 000440 W16 a00002 0000 palette_registers
A 00043e W16 a00000 03af palette_registers
A 000440 W16 a00002 0000 palette_registers
A 00043e W16 a00000 03ae palette_registers
A 000440 W16 a00002 6ad6 palette_registers
A 00043e W16 a00000 03ad palette_registers
A 000440 W16 a00002 2880 palette_registers
A 00043e W16 a00000 03ac palette_registers
A 000440 W16 a00002 3906 palette_registers
A 00043e W16 a00000 03ab palette_registers
A 000440 W16 a00002 5188 palette_registers
A 00043e W16 a00000 03aa palette_registers
A 000440 W16 a00002 6a0c palette_registers
A 00043e W16 a00000 03a9 palette_registers
A 000440 W16 a00002 7a90 palette_registers
A 00043e W16 a00000 03a8 palette_registers
A 000440 W16 a00002 0086 palette_registers
A 00043e W16 a00000 03a7 palette_registers
A 000440 W16 a00002 008c palette_registers
A 00043e W16 a00000 03a6 palette_registers
A 000440 W16 a00002 019a palette_registers
A 00043e W16 a00000 03a5 palette_registers
A 000440 W16 a00002 021e palette_registers
A 00043e W16 a00000 03a4 palette_registers
A 000440 W16 a00002 5b1e palette_registers
A 00043e W16 a00000 03a3 palette_registers
A 000440 W16 a00002 0114 palette_registers
A 00043e W16 a00000 03a2 palette_registers
A 000440 W16 a00002 1a1c palette_registers
A 00043e W16 a00000 03a1 palette_registers
A 000440 W16 a00002 529e palette_registers
A 00043e W16 a00000 03a0 palette_registers
A 000440 W16 a00002 0000 palette_registers
A 00043e W16 a00000 039f palette_registers
A 000440 W16 a00002 000e palette_registers
A 00043e W16 a00000 039e palette_registers
A 000440 W16 a00002 20c6 palette_registers
A 00043e W16 a00000 039d palette_registers
A 000440 W16 a00002 0010 palette_registers
A 00043e W16 a00000 039c palette_registers
A 000440 W16 a00002 01d6 palette_registers
A 00043e W16 a00000 039b palette_registers
A 000440 W16 a00002 31ce palette_registers
A 00043e W16 a00000 039a palette_registers
A 000440 W16 a00002 298c palette_registers
A 00043e W16 a00000 0399 palette_registers
A 000440 W16 a00002 0000 palette_registers
A 00043e W16 a00000 0398 palette_registers
A 000440 W16 a00002 314a palette_registers
A 00043e W16 a00000 0397 palette_registers
A 000440 W16 a00002 739c palette_registers
A 00043e W16 a00000 0396 palette_registers
A 000440 W16 a00002 5a94 palette_registers
A 00043e W16 a00000 0395 palette_registers
A 000440 W16 a00002 52de palette_registers
A 00043e W16 a00000 0394 palette_registers
A 000440 W16 a00002 3a1e palette_registers
A 00043e W16 a00000 0393 palette_registers
A 000440 W16 a00002 001e palette_registers
A 00043e W16 a00000 0392 palette_registers
A 000440 W16 a00002 0016 palette_registers
A 00043e W16 a00000 0391 palette_registers
A 000440 W16 a00002 0006 palette_registers
A 00043e W16 a00000 0390 palette_registers
A 000440 W16 a00002 0000 palette_registers
A 00043e W16 a00000 038f palette_registers
A 000440 W16 a00002 2908 palette_registers
A 00043e W16 a00000 038e palette_registers
A 000440 W16 a00002 20c6 palette_registers
A 00043e W16 a00000 038d palette_registers
A 000440 W16 a00002 0010 palette_registers
A 00043e W16 a00000 038c palette_registers
A 000440 W16 a00002 01d6 palette_registers
A 00043e W16 a00000 038b palette_registers
A 000440 W16 a00002 31ce palette_registers
A 00043e W16 a00000 038a palette_registers
A 000440 W16 a00002 298c palette_registers
A 00043e W16 a00000 0389 palette_registers
A 000440 W16 a00002 0000 palette_registers
A 00043e W16 a00000 0388 palette_registers
A 000440 W16 a00002 314a palette_registers
A 00043e W16 a00000 0387 palette_registers
A 000440 W16 a00002 739c palette_registers
A 00043e W16 a00000 0386 palette_registers
A 000440 W16 a00002 5a94 palette_registers
A 00043e W16 a00000 0385 palette_registers
A 000440 W16 a00002 7b12 palette_registers
A 00043e W16 a00000 0384 palette_registers
A 000440 W16 a00002 7a48 palette_registers
A 00043e W16 a00000 0383 palette_registers
A 000440 W16 a00002 79c8 palette_registers
A 00043e W16 a00000 0382 palette_registers
A 000440 W16 a00002 7908 palette_registers
A 00043e W16 a00000 0381 palette_registers
A 000440 W16 a00002 40c8 palette_registers
A 00043e W16 a00000 0380 palette_registers
A 000440 W16 a00002 0000 palette_registers
A 00043e W16 a00000 037f palette_registers
A 000440 W16 a00002 5294 palette_registers
A 00043e W16 a00000 037e palette_registers
A 000440 W16 a00002 20c6 palette_registers
A 00043e W16 a00000 037d palette_registers
A 000440 W16 a00002 0010 palette_registers
A 00043e W16 a00000 037c palette_registers
A 000440 W16 a00002 01d6 palette_registers
A 00043e W16 a00000 037b palette_registers
A 000440 W16 a00002 31ce palette_registers
A 00043e W16 a00000 037a palette_registers
A 000440 W16 a00002 298c palette_registers
A 00043e W16 a00000 0379 palette_registers
A 000440 W16 a00002 0000 palette_registers
A 00043e W16 a00000 0378 palette_registers
A 000440 W16 a00002 314a palette_registers
A 00043e W16 a00000 0377 palette_registers
A 000440 W16 a00002 739c palette_registers
A 00043e W16 a00000 0376 palette_registers
A 000440 W16 a00002 5a94 palette_registers
A 00043e W16 a00000 0375 palette_registers
A 000440 W16 a00002 739c palette_registers
A 00043e W16 a00000 0374 palette_registers
A 000440 W16 a00002 6318 palette_registers
A 00043e W16 a00000 0373 palette_registers
A 000440 W16 a00002 5ad6 palette_registers
A 00043e W16 a00000 0372 palette_registers
A 000440 W16 a00002 4a52 palette_registers
A 00043e W16 a00000 0371 palette_registers
A 000440 W16 a00002 318c palette_registers
A 00043e W16 a00000 0370 palette_registers
A 000440 W16 a00002 0000 palette_registers
A 00043e W16 a00000 036f palette_registers
A 000440 W16 a00002 53de palette_registers
A 00043e W16 a00000 036e palette_registers
A 000440 W16 a00002 20c6 palette_registers
A 00043e W16 a00000 036d palette_registers
A 000440 W16 a00002 0010 palette_registers
A 00043e W16 a00000 036c palette_registers
A 000440 W16 a00002 01d6 palette_registers
A 00043e W16 a00000 036b palette_registers
A 000440 W16 a00002 31ce palette_registers
A 00043e W16 a00000 036a palette_registers
A 000440 W16 a00002 3b9e palette_registers
A 00043e W16 a00000 0369 palette_registers
A 000440 W16 a00002 0000 palette_registers
A 00043e W16 a00000 0368 palette_registers
A 000440 W16 a00002 314a palette_registers
A 00043e W16 a00000 0367 palette_registers
A 000440 W16 a00002 739c palette_registers
A 00043e W16 a00000 0366 palette_registers
A 000440 W16 a00002 5a94 palette_registers
A 00043e W16 a00000 0365 palette_registers
A 000440 W16 a00002 231e palette_registers
A 00043e W16 a00000 0364 palette_registers
A 000440 W16 a00002 1a9a palette_registers
A 00043e W16 a00000 0363 palette_registers
A 000440 W16 a00002 2214 palette_registers
A 00043e W16 a00000 0362 palette_registers
A 000440 W16 a00002 198e palette_registers
A 00043e W16 a00000 0361 palette_registers
A 000440 W16 a00002 114a palette_registers
A 00043e W16 a00000 0360 palette_registers
A 000440 W16 a00002 0000 palette_registers
A 00043e W16 a00000 035f palette_registers
A 000440 W16 a00002 4a52 palette_registers
A 00043e W16 a00000 035e palette_registers
A 000440 W16 a00002 20c6 palette_registers
A 00043e W16 a00000 035d palette_registers
A 000440 W16 a00002 0010 palette_registers
A 00043e W16 a00000 035c palette_registers
A 000440 W16 a00002 01d6 palette_registers
A 00043e W16 a00000 035b palette_registers
A 000440 W16 a00002 31ce palette_registers
A 00043e W16 a00000 035a palette_registers
A 000440 W16 a00002 298c palette_registers
A 00043e W16 a00000 0359 palette_registers
A 000440 W16 a00002 0000 palette_registers
A 00043e W16 a00000 0358 palette_registers
A 000440 W16 a00002 314a palette_registers
A 00043e W16 a00000 0357 palette_registers
A 000440 W16 a00002 739c palette_registers
A 00043e W16 a00000 0356 palette_registers
A 000440 W16 a00002 5a94 palette_registers
A 00043e W16 a00000 0355 palette_registers
A 000440 W16 a00002 7bde palette_registers
A 00043e W16 a00000 0354 palette_registers
A 000440 W16 a00002 6318 palette_registers
A 00043e W16 a00000 0353 palette_registers
A 000440 W16 a00002 5294 palette_registers
A 00043e W16 a00000 0352 palette_registers
A 000440 W16 a00002 4210 palette_registers
A 00043e W16 a00000 0351 palette_registers
A 000440 W16 a00002 294a palette_registers
A 00043e W16 a00000 0350 palette_registers
A 000440 W16 a00002 0000 palette_registers
A 00043e W16 a00000 034f palette_registers
A 000440 W16 a00002 18c6 palette_registers
A 00043e W16 a00000 034e palette_registers
A 000440 W16 a00002 19d4 palette_registers
A 00043e W16 a00000 034d palette_registers
A 000440 W16 a00002 22dc palette_registers
A 00043e W16 a00000 034c palette_registers
A 000440 W16 a00002 4210 palette_registers
A 00043e W16 a00000 034b palette_registers
A 000440 W16 a00002 739c palette_registers
A 00043e W16 a00000 034a palette_registers
A 000440 W16 a00002 1148 palette_registers
A 00043e W16 a00000 0349 palette_registers
A 000440 W16 a00002 198a palette_registers
A 00043e W16 a00000 0348 palette_registers
A 000440 W16 a00002 020e palette_registers
A 00043e W16 a00000 0347 palette_registers
A 000440 W16 a00002 4148 palette_registers
A 00043e W16 a00000 0346 palette_registers
A 000440 W16 a00002 59ca palette_registers
A 00043e W16 a00000 0345 palette_registers
A 000440 W16 a00002 724e palette_registers
A 00043e W16 a00000 0344 palette_registers
A 000440 W16 a00002 7ad2 palette_registers
A 00043e W16 a00000 0343 palette_registers
A 000440 W16 a00002 0150 palette_registers
A 00043e W16 a00000 0342 palette_registers
A 000440 W16 a00002 3a5a palette_registers
A 00043e W16 a00000 0341 palette_registers
A 000440 W16 a00002 531e palette_registers
A 00043e W16 a00000 0340 palette_registers
A 000440 W16 a00002 0000 palette_registers
A 00043e W16 a00000 033f palette_registers
A 000440 W16 a00002 0000 palette_registers
A 00043e W16 a00000 033e palette_registers
A 000440 W16 a00002 00c8 palette_registers
A 00043e W16 a00000 033d palette_registers
A 000440 W16 a00002 6318 palette_registers
A 00043e W16 a00000 033c palette_registers
A 000440 W16 a00002 4a0e palette_registers
A 00043e W16 a00000 033b palette_registers
A 000440 W16 a00002 18c6 palette_registers
A 00043e W16 a00000 033a palette_registers
A 000440 W16 a00002 6b14 palette_registers
A 00043e W16 a00000 0339 palette_registers
A 000440 W16 a00002 735a palette_registers
A 00043e W16 a00000 0338 palette_registers
A 000440 W16 a00002 2948 palette_registers
A 00043e W16 a00000 0337 palette_registers
A 000440 W16 a00002 41cc palette_registers
A 00043e W16 a00000 0336 palette_registers
A 000440 W16 a00002 5250 palette_registers
A 00043e W16 a00000 0335 palette_registers
A 000440 W16 a00002 62d4 palette_registers
A 00043e W16 a00000 0334 palette_registers
A 000440 W16 a00002 3a16 palette_registers
A 00043e W16 a00000 0333 palette_registers
A 000440 W16 a00002 110a palette_registers
A 00043e W16 a00000 0332 palette_registers
A 000440 W16 a00002 214e palette_registers
A 00043e W16 a00000 0331 palette_registers
A 000440 W16 a00002 31d2 palette_registers
A 00043e W16 a00000 0330 palette_registers
A 000440 W16 a00002 0000 palette_registers
A 00043e W16 a00000 032f palette_registers
A 000440 W16 a00002 4210 palette_registers
A 00043e W16 a00000 032e palette_registers
A 000440 W16 a00002 4210 palette_registers
A 00043e W16 a00000 032d palette_registers
A 000440 W16 a00002 5ad2 palette_registers
A 00043e W16 a00000 032c palette_registers
A 000440 W16 a00002 6b56 palette_registers
A 00043e W16 a00000 032b palette_registers
A 000440 W16 a00002 7398 palette_registers
A 00043e W16 a00000 032a palette_registers
A 000440 W16 a00002 1a08 palette_registers
A 00043e W16 a00000 0329 palette_registers
A 000440 W16 a00002 228e palette_registers
A 00043e W16 a00000 0328 palette_registers
A 000440 W16 a00002 39cc palette_registers
A 00043e W16 a00000 0327 palette_registers
A 000440 W16 a00002 420e palette_registers
A 00043e W16 a00000 0326 palette_registers
A 000440 W16 a00002 7140 palette_registers
A 00043e W16 a00000 0325 palette_registers
A 000440 W16 a00002 7980 palette_registers
A 00043e W16 a00000 0324 palette_registers
A 000440 W16 a00002 79c0 palette_registers
A 00043e W16 a00000 0323 palette_registers
A 000440 W16 a00002 7a00 palette_registers
A 00043e W16 a00000 0322 palette_registers
A 000440 W16 a00002 7a40 palette_registers
A 00043e W16 a00000 0321 palette_registers
A 000440 W16 a00002 7a80 palette_registers
A 00043e W16 a00000 0320 palette_registers
A 000440 W16 a00002 0000 palette_registers
A 00043e W16 a00000 031f palette_registers
A 000440 W16 a00002 2108 palette_registers
A 00043e W16 a00000 031e palette_registers
A 000440 W16 a00002 20c6 palette_registers
A 00043e W16 a00000 031d palette_registers
A 000440 W16 a00002 0010 palette_registers
A 00043e W16 a00000 031c palette_registers
A 000440 W16 a00002 01d6 palette_registers
A 00043e W16 a00000 031b palette_registers
A 000440 W16 a00002 31ce palette_registers
A 00043e W16 a00000 031a palette_registers
A 000440 W16 a00002 298c palette_registers
A 00043e W16 a00000 0319 palette_registers
A 000440 W16 a00002 0000 palette_registers
A 00043e W16 a00000 0318 palette_registers
A 000440 W16 a00002 314a palette_registers
A 00043e W16 a00000 0317 palette_registers
A 000440 W16 a00002 739c palette_registers
A 00043e W16 a00000 0316 palette_registers
A 000440 W16 a00002 5a94 palette_registers
A 00043e W16 a00000 0315 palette_registers
A 000440 W16 a00002 318c palette_registers
A 00043e W16 a00000 0314 palette_registers
A 000440 W16 a00002 2108 palette_registers
A 00043e W16 a00000 0313 palette_registers
A 000440 W16 a00002 18c6 palette_registers
A 00043e W16 a00000 0312 palette_registers
A 000440 W16 a00002 18c6 palette_registers
A 00043e W16 a00000 0311 palette_registers
A 000440 W16 a00002 1084 palette_registers
A 00043e W16 a00000 0310 palette_registers
A 000440 W16 a00002 0000 palette_registers
A 00043e W16 a00000 030f palette_registers
A 000440 W16 a00002 0000 palette_registers
A 00043e W16 a00000 030e palette_registers
A 000440 W16 a00002 00ce palette_registers
A 00043e W16 a00000 030d palette_registers
A 000440 W16 a00002 3a14 palette_registers
A 00043e W16 a00000 030c palette_registers
A 000440 W16 a00002 7800 palette_registers
A 00043e W16 a00000 030b palette_registers
A 000440 W16 a00002 419e palette_registers
A 00043e W16 a00000 030a palette_registers
A 000440 W16 a00002 4210 palette_registers
A 00043e W16 a00000 0309 palette_registers
A 000440 W16 a00002 5294 palette_registers
A 00043e W16 a00000 0308 palette_registers
A 000440 W16 a00002 739c palette_registers
A 00043e W16 a00000 0307 palette_registers
A 000440 W16 a00002 4090 palette_registers
A 00043e W16 a00000 0306 palette_registers
A 000440 W16 a00002 0112 palette_registers
A 00043e W16 a00000 0305 palette_registers
A 000440 W16 a00002 01c0 palette_registers
A 00043e W16 a00000 0304 palette_registers
A 000440 W16 a00002 0300 palette_registers
A 00043e W16 a00000 0303 palette_registers
A 000440 W16 a00002 294a palette_registers
A 00043e W16 a00000 0302 palette_registers
A 000440 W16 a00002 4298 palette_registers
A 00043e W16 a00000 0301 palette_registers
A 000440 W16 a00002 0000 palette_registers
A 00043e W16 a00000 0300 palette_registers
A 000440 W16 a00002 0000 palette_registers
A 00043e W16 a00000 02ff palette_registers
A 000440 W16 a00002 0000 palette_registers
A 00043e W16 a00000 02fe palette_registers
A 000440 W16 a00002 0000 palette_registers
A 00043e W16 a00000 02fd palette_registers
A 000440 W16 a00002 0000 palette_registers
A 00043e W16 a00000 02fc palette_registers
A 000440 W16 a00002 0000 palette_registers
A 00043e W16 a00000 02fb palette_registers
A 000440 W16 a00002 0000 palette_registers
A 00043e W16 a00000 02fa palette_registers
A 000440 W16 a00002 0000 palette_registers
A 00043e W16 a00000 02f9 palette_registers
A 000440 W16 a00002 0000 palette_registers
A 00043e W16 a00000 02f8 palette_registers
A 000440 W16 a00002 0000 palette_registers
A 00043e W16 a00000 02f7 palette_registers
A 000440 W16 a00002 0000 palette_registers
A 00043e W16 a00000 02f6 palette_registers
A 000440 W16 a00002 0000 palette_registers
A 00043e W16 a00000 02f5 palette_registers
A 000440 W16 a00002 0000 palette_registers
A 00043e W16 a00000 02f4 palette_registers
A 000440 W16 a00002 0000 palette_registers
A 00043e W16 a00000 02f3 palette_registers
A 000440 W16 a00002 0000 palette_registers
A 00043e W16 a00000 02f2 palette_registers
A 000440 W16 a00002 0000 palette_registers
A 00043e W16 a00000 02f1 palette_registers
A 000440 W16 a00002 03de palette_registers
A 00043e W16 a00000 02f0 palette_registers
A 000440 W16 a00002 0000 palette_registers
A 00043e W16 a00000 02ef palette_registers
A 000440 W16 a00002 0000 palette_registers
A 00043e W16 a00000 02ee palette_registers
A 000440 W16 a00002 0000 palette_registers
A 00043e W16 a00000 02ed palette_registers
A 000440 W16 a00002 0000 palette_registers
A 00043e W16 a00000 02ec palette_registers
A 000440 W16 a00002 0000 palette_registers
A 00043e W16 a00000 02eb palette_registers
A 000440 W16 a00002 0000 palette_registers
A 00043e W16 a00000 02ea palette_registers
A 000440 W16 a00002 0000 palette_registers
A 00043e W16 a00000 02e9 palette_registers
A 000440 W16 a00002 0000 palette_registers
A 00043e W16 a00000 02e8 palette_registers
A 000440 W16 a00002 0000 palette_registers
A 00043e W16 a00000 02e7 palette_registers
A 000440 W16 a00002 0000 palette_registers
A 00043e W16 a00000 02e6 palette_registers
A 000440 W16 a00002 0000 palette_registers
A 00043e W16 a00000 02e5 palette_registers
A 000440 W16 a00002 0000 palette_registers
A 00043e W16 a00000 02e4 palette_registers
A 000440 W16 a00002 0000 palette_registers
A 00043e W16 a00000 02e3 palette_registers
A 000440 W16 a00002 03c0 palette_registers
A 00043e W16 a00000 02e2 palette_registers
A 000440 W16 a00002 0000 palette_registers
A 00043e W16 a00000 02e1 palette_registers
A 000440 W16 a00002 7bde palette_registers
A 00043e W16 a00000 02e0 palette_registers
A 000440 W16 a00002 0000 palette_registers
A 00043e W16 a00000 02df palette_registers
A 000440 W16 a00002 0000 palette_registers
A 00043e W16 a00000 02de palette_registers
A 000440 W16 a00002 0000 palette_registers
A 00043e W16 a00000 02dd palette_registers
A 000440 W16 a00002 0000 palette_registers
A 00043e W16 a00000 02dc palette_registers
A 000440 W16 a00002 0000 palette_registers
A 00043e W16 a00000 02db palette_registers
A 000440 W16 a00002 0000 palette_registers
A 00043e W16 a00000 02da palette_registers
A 000440 W16 a00002 0000 palette_registers
A 00043e W16 a00000 02d9 palette_registers
A 000440 W16 a00002 0000 palette_registers
A 00043e W16 a00000 02d8 palette_registers
A 000440 W16 a00002 0000 palette_registers
A 00043e W16 a00000 02d7 palette_registers
A 000440 W16 a00002 0000 palette_registers
A 00043e W16 a00000 02d6 palette_registers
A 000440 W16 a00002 0000 palette_registers
A 00043e W16 a00000 02d5 palette_registers
A 000440 W16 a00002 0000 palette_registers
A 00043e W16 a00000 02d4 palette_registers
A 000440 W16 a00002 0000 palette_registers
A 00043e W16 a00000 02d3 palette_registers
A 000440 W16 a00002 4a52 palette_registers
A 00043e W16 a00000 02d2 palette_registers
A 000440 W16 a00002 0000 palette_registers
A 00043e W16 a00000 02d1 palette_registers
A 000440 W16 a00002 7bde palette_registers
A 00043e W16 a00000 02d0 palette_registers
A 000440 W16 a00002 0000 palette_registers
A 00043e W16 a00000 02cf palette_registers
A 000440 W16 a00002 0000 palette_registers
A 00043e W16 a00000 02ce palette_registers
A 000440 W16 a00002 0000 palette_registers
A 00043e W16 a00000 02cd palette_registers
A 000440 W16 a00002 0000 palette_registers
A 00043e W16 a00000 02cc palette_registers
A 000440 W16 a00002 0000 palette_registers
A 00043e W16 a00000 02cb palette_registers
A 000440 W16 a00002 0000 palette_registers
A 00043e W16 a00000 02ca palette_registers
A 000440 W16 a00002 0000 palette_registers
A 00043e W16 a00000 02c9 palette_registers
A 000440 W16 a00002 0000 palette_registers
A 00043e W16 a00000 02c8 palette_registers
A 000440 W16 a00002 0000 palette_registers
A 00043e W16 a00000 02c7 palette_registers
A 000440 W16 a00002 0000 palette_registers
A 00043e W16 a00000 02c6 palette_registers
A 000440 W16 a00002 0000 palette_registers
A 00043e W16 a00000 02c5 palette_registers
A 000440 W16 a00002 0000 palette_registers
A 00043e W16 a00000 02c4 palette_registers
A 000440 W16 a00002 0000 palette_registers
A 00043e W16 a00000 02c3 palette_registers
A 000440 W16 a00002 0000 palette_registers
A 00043e W16 a00000 02c2 palette_registers
A 000440 W16 a00002 0000 palette_registers
A 00043e W16 a00000 02c1 palette_registers
A 000440 W16 a00002 325e palette_registers
A 00043e W16 a00000 02c0 palette_registers
A 000440 W16 a00002 0000 palette_registers
A 00043e W16 a00000 02bf palette_registers
A 000440 W16 a00002 0000 palette_registers
A 00043e W16 a00000 02be palette_registers
A 000440 W16 a00002 0000 palette_registers
A 00043e W16 a00000 02bd palette_registers
A 000440 W16 a00002 0000 palette_registers
A 00043e W16 a00000 02bc palette_registers
A 000440 W16 a00002 0000 palette_registers
A 00043e W16 a00000 02bb palette_registers
A 000440 W16 a00002 0000 palette_registers
A 00043e W16 a00000 02ba palette_registers
A 000440 W16 a00002 0000 palette_registers
A 00043e W16 a00000 02b9 palette_registers
A 000440 W16 a00002 0000 palette_registers
A 00043e W16 a00000 02b8 palette_registers
A 000440 W16 a00002 0000 palette_registers
A 00043e W16 a00000 02b7 palette_registers
A 000440 W16 a00002 0000 palette_registers
A 00043e W16 a00000 02b6 palette_registers
A 000440 W16 a00002 0000 palette_registers
A 00043e W16 a00000 02b5 palette_registers
A 000440 W16 a00002 0000 palette_registers
A 00043e W16 a00000 02b4 palette_registers
A 000440 W16 a00002 0000 palette_registers
A 00043e W16 a00000 02b3 palette_registers
A 000440 W16 a00002 0000 palette_registers
A 00043e W16 a00000 02b2 palette_registers
A 000440 W16 a00002 0000 palette_registers
A 00043e W16 a00000 02b1 palette_registers
A 000440 W16 a00002 03de palette_registers
A 00043e W16 a00000 02b0 palette_registers
A 000440 W16 a00002 0000 palette_registers
A 00043e W16 a00000 02af palette_registers
A 000440 W16 a00002 0000 palette_registers
A 00043e W16 a00000 02ae palette_registers
A 000440 W16 a00002 0000 palette_registers
A 00043e W16 a00000 02ad palette_registers
A 000440 W16 a00002 0000 palette_registers
A 00043e W16 a00000 02ac palette_registers
A 000440 W16 a00002 0000 palette_registers
A 00043e W16 a00000 02ab palette_registers
A 000440 W16 a00002 0000 palette_registers
A 00043e W16 a00000 02aa palette_registers
A 000440 W16 a00002 0000 palette_registers
A 00043e W16 a00000 02a9 palette_registers
A 000440 W16 a00002 0000 palette_registers
A 00043e W16 a00000 02a8 palette_registers
A 000440 W16 a00002 0000 palette_registers
A 00043e W16 a00000 02a7 palette_registers
A 000440 W16 a00002 0000 palette_registers
A 00043e W16 a00000 02a6 palette_registers
A 000440 W16 a00002 0000 palette_registers
A 00043e W16 a00000 02a5 palette_registers
A 000440 W16 a00002 0000 palette_registers
A 00043e W16 a00000 02a4 palette_registers
A 000440 W16 a00002 0000 palette_registers
A 00043e W16 a00000 02a3 palette_registers
A 000440 W16 a00002 0000 palette_registers
A 00043e W16 a00000 02a2 palette_registers
A 000440 W16 a00002 0000 palette_registers
A 00043e W16 a00000 02a1 palette_registers
A 000440 W16 a00002 7bde palette_registers
A 00043e W16 a00000 02a0 palette_registers
A 000440 W16 a00002 0000 palette_registers
A 00043e W16 a00000 029f palette_registers
A 000440 W16 a00002 0000 palette_registers
A 00043e W16 a00000 029e palette_registers
A 000440 W16 a00002 0000 palette_registers
A 00043e W16 a00000 029d palette_registers
A 000440 W16 a00002 0000 palette_registers
A 00043e W16 a00000 029c palette_registers
A 000440 W16 a00002 0000 palette_registers
A 00043e W16 a00000 029b palette_registers
A 000440 W16 a00002 0000 palette_registers
A 00043e W16 a00000 029a palette_registers
A 000440 W16 a00002 0000 palette_registers
A 00043e W16 a00000 0299 palette_registers
A 000440 W16 a00002 0000 palette_registers
A 00043e W16 a00000 0298 palette_registers
A 000440 W16 a00002 0000 palette_registers
A 00043e W16 a00000 0297 palette_registers
A 000440 W16 a00002 0000 palette_registers
A 00043e W16 a00000 0296 palette_registers
A 000440 W16 a00002 0000 palette_registers
A 00043e W16 a00000 0295 palette_registers
A 000440 W16 a00002 0000 palette_registers
A 00043e W16 a00000 0294 palette_registers
A 000440 W16 a00002 0000 palette_registers
A 00043e W16 a00000 0293 palette_registers
A 000440 W16 a00002 0000 palette_registers
A 00043e W16 a00000 0292 palette_registers
A 000440 W16 a00002 0000 palette_registers
A 00043e W16 a00000 0291 palette_registers
A 000440 W16 a00002 7bde palette_registers
A 00043e W16 a00000 0290 palette_registers
A 000440 W16 a00002 0000 palette_registers
A 00043e W16 a00000 028f palette_registers
A 000440 W16 a00002 0000 palette_registers
A 00043e W16 a00000 028e palette_registers
A 000440 W16 a00002 0000 palette_registers
A 00043e W16 a00000 028d palette_registers
A 000440 W16 a00002 0000 palette_registers
A 00043e W16 a00000 028c palette_registers
A 000440 W16 a00002 0000 palette_registers
A 00043e W16 a00000 028b palette_registers
A 000440 W16 a00002 6358 palette_registers
A 00043e W16 a00000 028a palette_registers
A 000440 W16 a00002 025a palette_registers
A 00043e W16 a00000 0289 palette_registers
A 000440 W16 a00002 3108 palette_registers
A 00043e W16 a00000 0288 palette_registers
A 000440 W16 a00002 394c palette_registers
A 00043e W16 a00000 0287 palette_registers
A 000440 W16 a00002 03de palette_registers
A 00043e W16 a00000 0286 palette_registers
A 000440 W16 a00002 5ad6 palette_registers
A 00043e W16 a00000 0285 palette_registers
A 000440 W16 a00002 031c palette_registers
A 00043e W16 a00000 0284 palette_registers
A 000440 W16 a00002 7b9e palette_registers
A 00043e W16 a00000 0283 palette_registers
A 000440 W16 a00002 001e palette_registers
A 00043e W16 a00000 0282 palette_registers
A 000440 W16 a00002 294a palette_registers
A 00043e W16 a00000 0281 palette_registers
A 000440 W16 a00002 4b1c palette_registers
A 00043e W16 a00000 0280 palette_registers
A 000440 W16 a00002 0000 palette_registers
A 00043e W16 a00000 027f palette_registers
A 000440 W16 a00002 7bde palette_registers
A 00043e W16 a00000 027e palette_registers
A 000440 W16 a00002 7bde palette_registers
A 00043e W16 a00000 027d palette_registers
A 000440 W16 a00002 739c palette_registers
A 00043e W16 a00000 027c palette_registers
A 000440 W16 a00002 6b5a palette_registers
A 00043e W16 a00000 027b palette_registers
A 000440 W16 a00002 6318 palette_registers
A 00043e W16 a00000 027a palette_registers
A 000440 W16 a00002 5ad6 palette_registers
A 00043e W16 a00000 0279 palette_registers
A 000440 W16 a00002 5294 palette_registers
A 00043e W16 a00000 0278 palette_registers
A 000440 W16 a00002 4a52 palette_registers
A 00043e W16 a00000 0277 palette_registers
A 000440 W16 a00002 4210 palette_registers
A 00043e W16 a00000 0276 palette_registers
A 000440 W16 a00002 39ce palette_registers
A 00043e W16 a00000 0275 palette_registers
A 000440 W16 a00002 318c palette_registers
A 00043e W16 a00000 0274 palette_registers
A 000440 W16 a00002 294a palette_registers
A 00043e W16 a00000 0273 palette_registers
A 000440 W16 a00002 2108 palette_registers
A 00043e W16 a00000 0272 palette_registers
A 000440 W16 a00002 18c6 palette_registers
A 00043e W16 a00000 0271 palette_registers
A 000440 W16 a00002 0000 palette_registers
A 00043e W16 a00000 0270 palette_registers
A 000440 W16 a00002 0000 palette_registers
A 00043e W16 a00000 026f palette_registers
A 000440 W16 a00002 4a52 palette_registers
A 00043e W16 a00000 026e palette_registers
A 000440 W16 a00002 3214 palette_registers
A 00043e W16 a00000 026d palette_registers
A 000440 W16 a00002 3a56 palette_registers
A 00043e W16 a00000 026c palette_registers
A 000440 W16 a00002 4298 palette_registers
A 00043e W16 a00000 026b palette_registers
A 000440 W16 a00002 4ada palette_registers
A 00043e W16 a00000 026a palette_registers
A 000440 W16 a00002 531c palette_registers
A 00043e W16 a00000 0269 palette_registers
A 000440 W16 a00002 294a palette_registers
A 00043e W16 a00000 0268 palette_registers
A 000440 W16 a00002 39ce palette_registers
A 00043e W16 a00000 0267 palette_registers
A 000440 W16 a00002 4a52 palette_registers
A 00043e W16 a00000 0266 palette_registers
A 000440 W16 a00002 6318 palette_registers
A 00043e W16 a00000 0265 palette_registers
A 000440 W16 a00002 7bde palette_registers
A 00043e W16 a00000 0264 palette_registers
A 000440 W16 a00002 10ca palette_registers
A 00043e W16 a00000 0263 palette_registers
A 000440 W16 a00002 2990 palette_registers
A 00043e W16 a00000 0262 palette_registers
A 000440 W16 a00002 31d2 palette_registers
A 00043e W16 a00000 0261 palette_registers
A 000440 W16 a00002 3a14 palette_registers
A 00043e W16 a00000 0260 palette_registers
A 000440 W16 a00002 0000 palette_registers
A 00043e W16 a00000 025f palette_registers
A 000440 W16 a00002 4a52 palette_registers
A 00043e W16 a00000 025e palette_registers
A 000440 W16 a00002 7bde palette_registers
A 00043e W16 a00000 025d palette_registers
A 000440 W16 a00002 6b5a palette_registers
A 00043e W16 a00000 025c palette_registers
A 000440 W16 a00002 39ce palette_registers
A 00043e W16 a00000 025b palette_registers
A 000440 W16 a00002 6318 palette_registers
A 00043e W16 a00000 025a palette_registers
A 000440 W16 a00002 110a palette_registers
A 00043e W16 a00000 0259 palette_registers
A 000440 W16 a00002 21d0 palette_registers
A 00043e W16 a00000 0258 palette_registers
A 000440 W16 a00002 3212 palette_registers
A 00043e W16 a00000 0257 palette_registers
A 000440 W16 a00002 010a palette_registers
A 00043e W16 a00000 0256 palette_registers
A 000440 W16 a00002 198e palette_registers
A 00043e W16 a00000 0255 palette_registers
A 000440 W16 a00002 2298 palette_registers
A 00043e W16 a00000 0254 palette_registers
A 000440 W16 a00002 4296 palette_registers
A 00043e W16 a00000 0253 palette_registers
A 000440 W16 a00002 3258 palette_registers
A 00043e W16 a00000 0252 palette_registers
A 000440 W16 a00002 42dc palette_registers
A 00043e W16 a00000 0251 palette_registers
A 000440 W16 a00002 4b1e palette_registers
A 00043e W16 a00000 0250 palette_registers
A 000440 W16 a00002 0000 palette_registers
A 00043e W16 a00000 024f palette_registers
A 000440 W16 a00002 0000 palette_registers
A 00043e W16 a00000 024e palette_registers
A 000440 W16 a00002 7bde palette_registers
A 00043e W16 a00000 024d palette_registers
A 000440 W16 a00002 3146 palette_registers
A 00043e W16 a00000 024c palette_registers
A 000440 W16 a00002 41ca palette_registers
A 00043e W16 a00000 024b palette_registers
A 000440 W16 a00002 524e palette_registers
A 00043e W16 a00000 024a palette_registers
A 000440 W16 a00002 62d2 palette_registers
A 00043e W16 a00000 0249 palette_registers
A 000440 W16 a00002 1114 palette_registers
A 00043e W16 a00000 0248 palette_registers
A 000440 W16 a00002 2198 palette_registers
A 00043e W16 a00000 0247 palette_registers
A 000440 W16 a00002 321c palette_registers
A 00043e W16 a00000 0246 palette_registers
A 000440 W16 a00002 429e palette_registers
A 00043e W16 a00000 0245 palette_registers
A 000440 W16 a00002 435e palette_registers
A 00043e W16 a00000 0244 palette_registers
A 000440 W16 a00002 014e palette_registers
A 00043e W16 a00000 0243 palette_registers
A 000440 W16 a00002 3a58 palette_registers
A 00043e W16 a00000 0242 palette_registers
A 000440 W16 a00002 4adc palette_registers
A 00043e W16 a00000 0241 palette_registers
A 000440 W16 a00002 531e palette_registers
A 00043e W16 a00000 0240 palette_registers
A 000440 W16 a00002 0000 palette_registers
A 00043e W16 a00000 023f palette_registers
A 000440 W16 a00002 0000 palette_registers
A 00043e W16 a00000 023e palette_registers
A 000440 W16 a00002 7bde palette_registers
A 00043e W16 a00000 023d palette_registers
A 000440 W16 a00002 4104 palette_registers
A 00043e W16 a00000 023c palette_registers
A 000440 W16 a00002 5186 palette_registers
A 00043e W16 a00000 023b palette_registers
A 000440 W16 a00002 620a palette_registers
A 00043e W16 a00000 023a palette_registers
A 000440 W16 a00002 6a4c palette_registers
A 00043e W16 a00000 0239 palette_registers
A 000440 W16 a00002 3988 palette_registers
A 00043e W16 a00000 0238 palette_registers
A 000440 W16 a00002 524e palette_registers
A 00043e W16 a00000 0237 palette_registers
A 000440 W16 a00002 62d2 palette_registers
A 00043e W16 a00000 0236 palette_registers
A 000440 W16 a00002 6b14 palette_registers
A 00043e W16 a00000 0235 palette_registers
A 000440 W16 a00002 22da palette_registers
A 00043e W16 a00000 0234 palette_registers
A 000440 W16 a00002 2190 palette_registers
A 00043e W16 a00000 0233 palette_registers
A 000440 W16 a00002 3216 palette_registers
A 00043e W16 a00000 0232 palette_registers
A 000440 W16 a00002 4adc palette_registers
A 00043e W16 a00000 0231 palette_registers
A 000440 W16 a00002 5b5e palette_registers
A 00043e W16 a00000 0230 palette_registers
A 000440 W16 a00002 0000 palette_registers
A 00043e W16 a00000 022f palette_registers
A 000440 W16 a00002 0000 palette_registers
A 00043e W16 a00000 022e palette_registers
A 000440 W16 a00002 40c0 palette_registers
A 00043e W16 a00000 022d palette_registers
A 000440 W16 a00002 4904 palette_registers
A 00043e W16 a00000 022c palette_registers
A 000440 W16 a00002 61ca palette_registers
A 00043e W16 a00000 022b palette_registers
A 000440 W16 a00002 6a0c palette_registers
A 00043e W16 a00000 022a palette_registers
A 000440 W16 a00002 724e palette_registers
A 00043e W16 a00000 0229 palette_registers
A 000440 W16 a00002 7a90 palette_registers
A 00043e W16 a00000 0228 palette_registers
A 000440 W16 a00002 00ca palette_registers
A 00043e W16 a00000 0227 palette_registers
A 000440 W16 a00002 0190 palette_registers
A 00043e W16 a00000 0226 palette_registers
A 000440 W16 a00002 2258 palette_registers
A 00043e W16 a00000 0225 palette_registers
A 000440 W16 a00002 22dc palette_registers
A 00043e W16 a00000 0224 palette_registers
A 000440 W16 a00002 1952 palette_registers
A 00043e W16 a00000 0223 palette_registers
A 000440 W16 a00002 29d6 palette_registers
A 00043e W16 a00000 0222 palette_registers
A 000440 W16 a00002 429c palette_registers
A 00043e W16 a00000 0221 palette_registers
A 000440 W16 a00002 4ade palette_registers
A 00043e W16 a00000 0220 palette_registers
A 000440 W16 a00002 0000 palette_registers
A 00043e W16 a00000 021f palette_registers
A 000440 W16 a00002 0000 palette_registers
A 00043e W16 a00000 021e palette_registers
A 000440 W16 a00002 3148 palette_registers
A 00043e W16 a00000 021d palette_registers
A 000440 W16 a00002 41cc palette_registers
A 00043e W16 a00000 021c palette_registers
A 000440 W16 a00002 4a0e palette_registers
A 00043e W16 a00000 021b palette_registers
A 000440 W16 a00002 5250 palette_registers
A 00043e W16 a00000 021a palette_registers
A 000440 W16 a00002 5a92 palette_registers
A 00043e W16 a00000 0219 palette_registers
A 000440 W16 a00002 62d4 palette_registers
A 00043e W16 a00000 0218 palette_registers
A 000440 W16 a00002 318c palette_registers
A 00043e W16 a00000 0217 palette_registers
A 000440 W16 a00002 5294 palette_registers
A 00043e W16 a00000 0216 palette_registers
A 000440 W16 a00002 6318 palette_registers
A 00043e W16 a00000 0215 palette_registers
A 000440 W16 a00002 2a16 palette_registers
A 00043e W16 a00000 0214 palette_registers
A 000440 W16 a00002 10c8 palette_registers
A 00043e W16 a00000 0213 palette_registers
A 000440 W16 a00002 110a palette_registers
A 00043e W16 a00000 0212 palette_registers
A 000440 W16 a00002 214e palette_registers
A 00043e W16 a00000 0211 palette_registers
A 000440 W16 a00002 31d2 palette_registers
A 00043e W16 a00000 0210 palette_registers
A 000440 W16 a00002 0000 palette_registers
A 00043e W16 a00000 020f palette_registers
A 000440 W16 a00002 5294 palette_registers
A 00043e W16 a00000 020e palette_registers
A 000440 W16 a00002 7800 palette_registers
A 00043e W16 a00000 020d palette_registers
A 000440 W16 a00002 5000 palette_registers
A 00043e W16 a00000 020c palette_registers
A 000440 W16 a00002 3800 palette_registers
A 00043e W16 a00000 020b palette_registers
A 000440 W16 a00002 2800 palette_registers
A 00043e W16 a00000 020a palette_registers
A 000440 W16 a00002 03c0 palette_registers
A 00043e W16 a00000 0209 palette_registers
A 000440 W16 a00002 01c0 palette_registers
A 00043e W16 a00000 0208 palette_registers
A 000440 W16 a00002 7bde palette_registers
A 00043e W16 a00000 0207 palette_registers
A 000440 W16 a00002 5294 palette_registers
A 00043e W16 a00000 0206 palette_registers
A 000440 W16 a00002 39ce palette_registers
A 00043e W16 a00000 0205 palette_registers
A 000440 W16 a00002 318c palette_registers
A 00043e W16 a00000 0204 palette_registers
A 000440 W16 a00002 294a palette_registers
A 00043e W16 a00000 0203 palette_registers
A 000440 W16 a00002 18c6 palette_registers
A 00043e W16 a00000 0202 palette_registers
A 000440 W16 a00002 001e palette_registers
A 00043e W16 a00000 0201 palette_registers
A 000440 W16 a00002 0010 palette_registers
A 00043e W16 a00000 0200 palette_registers
A 000440 W16 a00002 0000 palette_registers
A 00043e W16 a00000 01ff palette_registers
A 000440 W16 a00002 0000 palette_registers
A 00043e W16 a00000 01fe palette_registers
A 000440 W16 a00002 0000 palette_registers
A 00043e W16 a00000 01fd palette_registers
A 000440 W16 a00002 0000 palette_registers
A 00043e W16 a00000 01fc palette_registers
A 000440 W16 a00002 0000 palette_registers
A 00043e W16 a00000 01fb palette_registers
A 000440 W16 a00002 2a56 palette_registers
A 00043e W16 a00000 01fa palette_registers
A 000440 W16 a00002 4210 palette_registers
A 00043e W16 a00000 01f9 palette_registers
A 000440 W16 a00002 5ad6 palette_registers
A 00043e W16 a00000 01f8 palette_registers
A 000440 W16 a00002 5b5c palette_registers
A 00043e W16 a00000 01f7 palette_registers
A 000440 W16 a00002 7bde palette_registers
A 00043e W16 a00000 01f6 palette_registers
A 000440 W16 a00002 008c palette_registers
A 00043e W16 a00000 01f5 palette_registers
A 000440 W16 a00002 00ce palette_registers
A 00043e W16 a00000 01f4 palette_registers
A 000440 W16 a00002 0150 palette_registers
A 00043e W16 a00000 01f3 palette_registers
A 000440 W16 a00002 0192 palette_registers
A 00043e W16 a00000 01f2 palette_registers
A 000440 W16 a00002 01d6 palette_registers
A 00043e W16 a00000 01f1 palette_registers
A 000440 W16 a00002 1a5a palette_registers
A 00043e W16 a00000 01f0 palette_registers
A 000440 W16 a00002 0000 palette_registers
A 00043e W16 a00000 01ef palette_registers
A 000440 W16 a00002 294a palette_registers
A 00043e W16 a00000 01ee palette_registers
A 000440 W16 a00002 318c palette_registers
A 00043e W16 a00000 01ed palette_registers
A 000440 W16 a00002 4210 palette_registers
A 00043e W16 a00000 01ec palette_registers
A 000440 W16 a00002 4a52 palette_registers
A 00043e W16 a00000 01eb palette_registers
A 000440 W16 a00002 5294 palette_registers
A 00043e W16 a00000 01ea palette_registers
A 000440 W16 a00002 4800 palette_registers
A 00043e W16 a00000 01e9 palette_registers
A 000440 W16 a00002 5800 palette_registers
A 00043e W16 a00000 01e8 palette_registers
A 000440 W16 a00002 6000 palette_registers
A 00043e W16 a00000 01e7 palette_registers
A 000440 W16 a00002 6806 palette_registers
A 00043e W16 a00000 01e6 palette_registers
A 000440 W16 a00002 7800 palette_registers
A 00043e W16 a00000 01e5 palette_registers
A 000440 W16 a00002 0000 palette_registers
A 00043e W16 a00000 01e4 palette_registers
A 000440 W16 a00002 0000 palette_registers
A 00043e W16 a00000 01e3 palette_registers
A 000440 W16 a00002 001e palette_registers
A 00043e W16 a00000 01e2 palette_registers
A 000440 W16 a00002 0000 palette_registers
A 00043e W16 a00000 01e1 palette_registers
A 000440 W16 a00002 7bde palette_registers
A 00043e W16 a00000 01e0 palette_registers
A 000440 W16 a00002 0000 palette_registers
A 00043e W16 a00000 01df palette_registers
A 000440 W16 a00002 0012 palette_registers
A 00043e W16 a00000 01de palette_registers
A 000440 W16 a00002 015a palette_registers
A 00043e W16 a00000 01dd palette_registers
A 000440 W16 a00002 01de palette_registers
A 00043e W16 a00000 01dc palette_registers
A 000440 W16 a00002 025e palette_registers
A 00043e W16 a00000 01db palette_registers
A 000440 W16 a00002 1b1e palette_registers
A 00043e W16 a00000 01da palette_registers
A 000440 W16 a00002 2b9e palette_registers
A 00043e W16 a00000 01d9 palette_registers
A 000440 W16 a00002 439e palette_registers
A 00043e W16 a00000 01d8 palette_registers
A 000440 W16 a00002 025e palette_registers
A 00043e W16 a00000 01d7 palette_registers
A 000440 W16 a00002 318c palette_registers
A 00043e W16 a00000 01d6 palette_registers
A 000440 W16 a00002 4210 palette_registers
A 00043e W16 a00000 01d5 palette_registers
A 000440 W16 a00002 72d6 palette_registers
A 00043e W16 a00000 01d4 palette_registers
A 000440 W16 a00002 7318 palette_registers
A 00043e W16 a00000 01d3 palette_registers
A 000440 W16 a00002 7b5a palette_registers
A 00043e W16 a00000 01d2 palette_registers
A 000440 W16 a00002 7bdc palette_registers
A 00043e W16 a00000 01d1 palette_registers
A 000440 W16 a00002 7bde palette_registers
A 00043e W16 a00000 01d0 palette_registers
A 000440 W16 a00002 0000 palette_registers
A 00043e W16 a00000 01cf palette_registers
A 000440 W16 a00002 0000 palette_registers
A 00043e W16 a00000 01ce palette_registers
A 000440 W16 a00002 0000 palette_registers
A 00043e W16 a00000 01cd palette_registers
A 000440 W16 a00002 0000 palette_registers
A 00043e W16 a00000 01cc palette_registers
A 000440 W16 a00002 0000 palette_registers
A 00043e W16 a00000 01cb palette_registers
A 000440 W16 a00002 0000 palette_registers
A 00043e W16 a00000 01ca palette_registers
A 000440 W16 a00002 4200 palette_registers
A 00043e W16 a00000 01c9 palette_registers
A 000440 W16 a00002 528e palette_registers
A 00043e W16 a00000 01c8 palette_registers
A 000440 W16 a00002 5ad0 palette_registers
A 00043e W16 a00000 01c7 palette_registers
A 000440 W16 a00002 6312 palette_registers
A 00043e W16 a00000 01c6 palette_registers
A 000440 W16 a00002 6b54 palette_registers
A 00043e W16 a00000 01c5 palette_registers
A 000440 W16 a00002 5290 palette_registers
A 00043e W16 a00000 01c4 palette_registers
A 000440 W16 a00002 5ad2 palette_registers
A 00043e W16 a00000 01c3 palette_registers
A 000440 W16 a00002 6314 palette_registers
A 00043e W16 a00000 01c2 palette_registers
A 000440 W16 a00002 6b56 palette_registers
A 00043e W16 a00000 01c1 palette_registers
A 000440 W16 a00002 7398 palette_registers
A 00043e W16 a00000 01c0 palette_registers
A 000440 W16 a00002 0000 palette_registers
A 00043e W16 a00000 01bf palette_registers
A 000440 W16 a00002 7b52 palette_registers
A 00043e W16 a00000 01be palette_registers
A 000440 W16 a00002 6ad2 palette_registers
A 00043e W16 a00000 01bd palette_registers
A 000440 W16 a00002 520e palette_registers
A 00043e W16 a00000 01bc palette_registers
A 000440 W16 a00002 4a54 palette_registers
A 00043e W16 a00000 01bb palette_registers
A 000440 W16 a00002 5ad8 palette_registers
A 00043e W16 a00000 01ba palette_registers
A 000440 W16 a00002 6b5c palette_registers
A 00043e W16 a00000 01b9 palette_registers
A 000440 W16 a00002 739e palette_registers
A 00043e W16 a00000 01b8 palette_registers
A 000440 W16 a00002 4252 palette_registers
A 00043e W16 a00000 01b7 palette_registers
A 000440 W16 a00002 52d6 palette_registers
A 00043e W16 a00000 01b6 palette_registers
A 000440 W16 a00002 635a palette_registers
A 00043e W16 a00000 01b5 palette_registers
A 000440 W16 a00002 73de palette_registers
A 00043e W16 a00000 01b4 palette_registers
A 000440 W16 a00002 5252 palette_registers
A 00043e W16 a00000 01b3 palette_registers
A 000440 W16 a00002 62d6 palette_registers
A 00043e W16 a00000 01b2 palette_registers
A 000440 W16 a00002 735a palette_registers
A 00043e W16 a00000 01b1 palette_registers
A 000440 W16 a00002 7bde palette_registers
A 00043e W16 a00000 01b0 palette_registers
A 000440 W16 a00002 0000 palette_registers
A 00043e W16 a00000 01af palette_registers
A 000440 W16 a00002 0000 palette_registers
A 00043e W16 a00000 01ae palette_registers
A 000440 W16 a00002 0000 palette_registers
A 00043e W16 a00000 01ad palette_registers
A 000440 W16 a00002 0000 palette_registers
A 00043e W16 a00000 01ac palette_registers
A 000440 W16 a00002 0000 palette_registers
A 00043e W16 a00000 01ab palette_registers
A 000440 W16 a00002 0000 palette_registers
A 00043e W16 a00000 01aa palette_registers
A 000440 W16 a00002 7b52 palette_registers
A 00043e W16 a00000 01a9 palette_registers
A 000440 W16 a00002 20cc palette_registers
A 00043e W16 a00000 01a8 palette_registers
A 000440 W16 a00002 398e palette_registers
A 00043e W16 a00000 01a7 palette_registers
A 000440 W16 a00002 398e palette_registers
A 00043e W16 a00000 01a6 palette_registers
A 000440 W16 a00002 3990 palette_registers
A 00043e W16 a00000 01a5 palette_registers
A 000440 W16 a00002 3a12 palette_registers
A 00043e W16 a00000 01a4 palette_registers
A 000440 W16 a00002 4a14 palette_registers
A 00043e W16 a00000 01a3 palette_registers
A 000440 W16 a00002 5258 palette_registers
A 00043e W16 a00000 01a2 palette_registers
A 000440 W16 a00002 5a9a palette_registers
A 00043e W16 a00000 01a1 palette_registers
A 000440 W16 a00002 6b1e palette_registers
A 00043e W16 a00000 01a0 palette_registers
A 000440 W16 a00002 0000 palette_registers
A 00043e W16 a00000 019f palette_registers
A 000440 W16 a00002 0000 palette_registers
A 00043e W16 a00000 019e palette_registers
A 000440 W16 a00002 0000 palette_registers
A 00043e W16 a00000 019d palette_registers
A 000440 W16 a00002 0000 palette_registers
A 00043e W16 a00000 019c palette_registers
A 000440 W16 a00002 7b52 palette_registers
A 00043e W16 a00000 019b palette_registers
A 000440 W16 a00002 334e palette_registers
A 00043e W16 a00000 019a palette_registers
A 000440 W16 a00002 3b92 palette_registers
A 00043e W16 a00000 0199 palette_registers
A 000440 W16 a00002 5b0c palette_registers
A 00043e W16 a00000 0198 palette_registers
A 000440 W16 a00002 634e palette_registers
A 00043e W16 a00000 0197 palette_registers
A 000440 W16 a00002 6b90 palette_registers
A 00043e W16 a00000 0196 palette_registers
A 000440 W16 a00002 73d2 palette_registers
A 00043e W16 a00000 0195 palette_registers
A 000440 W16 a00002 4ad0 palette_registers
A 00043e W16 a00000 0194 palette_registers
A 000440 W16 a00002 5312 palette_registers
A 00043e W16 a00000 0193 palette_registers
A 000440 W16 a00002 5352 palette_registers
A 00043e W16 a00000 0192 palette_registers
A 000440 W16 a00002 5b94 palette_registers
A 00043e W16 a00000 0191 palette_registers
A 000440 W16 a00002 63d6 palette_registers
A 00043e W16 a00000 0190 palette_registers
A 000440 W16 a00002 0000 palette_registers
A 00043e W16 a00000 018f palette_registers
A 000440 W16 a00002 0000 palette_registers
A 00043e W16 a00000 018e palette_registers
A 000440 W16 a00002 0000 palette_registers
A 00043e W16 a00000 018d palette_registers
A 000440 W16 a00002 0000 palette_registers
A 00043e W16 a00000 018c palette_registers
A 000440 W16 a00002 0000 palette_registers
A 00043e W16 a00000 018b palette_registers
A 000440 W16 a00002 0000 palette_registers
A 00043e W16 a00000 018a palette_registers
A 000440 W16 a00002 62ce palette_registers
A 00043e W16 a00000 0189 palette_registers
A 000440 W16 a00002 524c palette_registers
A 00043e W16 a00000 0188 palette_registers
A 000440 W16 a00002 7b52 palette_registers
A 00043e W16 a00000 0187 palette_registers
A 000440 W16 a00002 3188 palette_registers
A 00043e W16 a00000 0186 palette_registers
A 000440 W16 a00002 39ca palette_registers
A 00043e W16 a00000 0185 palette_registers
A 000440 W16 a00002 420c palette_registers
A 00043e W16 a00000 0184 palette_registers
A 000440 W16 a00002 31c0 palette_registers
A 00043e W16 a00000 0183 palette_registers
A 000440 W16 a00002 31ca palette_registers
A 00043e W16 a00000 0182 palette_registers
A 000440 W16 a00002 3a0a palette_registers
A 00043e W16 a00000 0181 palette_registers
A 000440 W16 a00002 424a palette_registers
A 00043e W16 a00000 0180 palette_registers
A 000440 W16 a00002 0000 palette_registers
A 00043e W16 a00000 017f palette_registers
A 000440 W16 a00002 7200 palette_registers
A 00043e W16 a00000 017e palette_registers
A 000440 W16 a00002 00ca palette_registers
A 00043e W16 a00000 017d palette_registers
A 000440 W16 a00002 214e palette_registers
A 00043e W16 a00000 017c palette_registers
A 000440 W16 a00002 31d2 palette_registers
A 00043e W16 a00000 017b palette_registers
A 000440 W16 a00002 4256 palette_registers
A 00043e W16 a00000 017a palette_registers
A 000440 W16 a00002 0106 palette_registers
A 00043e W16 a00000 0179 palette_registers
A 000440 W16 a00002 198a palette_registers
A 00043e W16 a00000 0178 palette_registers
A 000440 W16 a00002 2a0e palette_registers
A 00043e W16 a00000 0177 palette_registers
A 000440 W16 a00002 3250 palette_registers
A 00043e W16 a00000 0176 palette_registers
A 000440 W16 a00002 5100 palette_registers
A 00043e W16 a00000 0175 palette_registers
A 000440 W16 a00002 5940 palette_registers
A 00043e W16 a00000 0174 palette_registers
A 000440 W16 a00002 6180 palette_registers
A 00043e W16 a00000 0173 palette_registers
A 000440 W16 a00002 69c0 palette_registers
A 00043e W16 a00000 0172 palette_registers
A 000440 W16 a00002 7200 palette_registers
A 00043e W16 a00000 0171 palette_registers
A 000440 W16 a00002 7a40 palette_registers
A 00043e W16 a00000 0170 palette_registers
A 000440 W16 a00002 0000 palette_registers
A 00043e W16 a00000 016f palette_registers
A 000440 W16 a00002 2104 palette_registers
A 00043e W16 a00000 016e palette_registers
A 000440 W16 a00002 3900 palette_registers
A 00043e W16 a00000 016d palette_registers
A 000440 W16 a00002 0000 palette_registers
A 00043e W16 a00000 016c palette_registers
A 000440 W16 a00002 39c8 palette_registers
A 00043e W16 a00000 016b palette_registers
A 000440 W16 a00002 528e palette_registers
A 00043e W16 a00000 016a palette_registers
A 000440 W16 a00002 6312 palette_registers
A 00043e W16 a00000 0169 palette_registers
A 000440 W16 a00002 10c8 palette_registers
A 00043e W16 a00000 0168 palette_registers
A 000440 W16 a00002 29d0 palette_registers
A 00043e W16 a00000 0167 palette_registers
A 000440 W16 a00002 4254 palette_registers
A 00043e W16 a00000 0166 palette_registers
A 000440 W16 a00002 52d8 palette_registers
A 00043e W16 a00000 0165 palette_registers
A 000440 W16 a00002 2108 palette_registers
A 00043e W16 a00000 0164 palette_registers
A 000440 W16 a00002 4210 palette_registers
A 00043e W16 a00000 0163 palette_registers
A 000440 W16 a00002 5ad6 palette_registers
A 00043e W16 a00000 0162 palette_registers
A 000440 W16 a00002 6b5a palette_registers
A 00043e W16 a00000 0161 palette_registers
A 000440 W16 a00002 7bde palette_registers
A 00043e W16 a00000 0160 palette_registers
A 000440 W16 a00002 0000 palette_registers
A 00043e W16 a00000 015f palette_registers
A 000440 W16 a00002 3214 palette_registers
A 00043e W16 a00000 015e palette_registers
A 000440 W16 a00002 3a56 palette_registers
A 00043e W16 a00000 015d palette_registers
A 000440 W16 a00002 5296 palette_registers
A 00043e W16 a00000 015c palette_registers
A 000440 W16 a00002 4a54 palette_registers
A 00043e W16 a00000 015b palette_registers
A 000440 W16 a00002 4212 palette_registers
A 00043e W16 a00000 015a palette_registers
A 000440 W16 a00002 39d0 palette_registers
A 00043e W16 a00000 0159 palette_registers
A 000440 W16 a00002 318e palette_registers
A 00043e W16 a00000 0158 palette_registers
A 000440 W16 a00002 0088 palette_registers
A 00043e W16 a00000 0157 palette_registers
A 000440 W16 a00002 10ca palette_registers
A 00043e W16 a00000 0156 palette_registers
A 000440 W16 a00002 190c palette_registers
A 00043e W16 a00000 0155 palette_registers
A 000440 W16 a00002 2950 palette_registers
A 00043e W16 a00000 0154 palette_registers
A 000440 W16 a00002 3192 palette_registers
A 00043e W16 a00000 0153 palette_registers
A 000440 W16 a00002 31d4 palette_registers
A 00043e W16 a00000 0152 palette_registers
A 000440 W16 a00002 3a16 palette_registers
A 00043e W16 a00000 0151 palette_registers
A 000440 W16 a00002 4258 palette_registers
A 00043e W16 a00000 0150 palette_registers
A 000440 W16 a00002 0000 palette_registers
A 00043e W16 a00000 014f palette_registers
A 000440 W16 a00002 31c8 palette_registers
A 00043e W16 a00000 014e palette_registers
A 000440 W16 a00002 3a0a palette_registers
A 00043e W16 a00000 014d palette_registers
A 000440 W16 a00002 3a4e palette_registers
A 00043e W16 a00000 014c palette_registers
A 000440 W16 a00002 2a0e palette_registers
A 00043e W16 a00000 014b palette_registers
A 000440 W16 a00002 3250 palette_registers
A 00043e W16 a00000 014a palette_registers
A 000440 W16 a00002 29ce palette_registers
A 00043e W16 a00000 0149 palette_registers
A 000440 W16 a00002 3210 palette_registers
A 00043e W16 a00000 0148 palette_registers
A 000440 W16 a00002 3252 palette_registers
A 00043e W16 a00000 0147 palette_registers
A 000440 W16 a00002 3a94 palette_registers
A 00043e W16 a00000 0146 palette_registers
A 000440 W16 a00002 21ca palette_registers
A 00043e W16 a00000 0145 palette_registers
A 000440 W16 a00002 220c palette_registers
A 00043e W16 a00000 0144 palette_registers
A 000440 W16 a00002 224e palette_registers
A 00043e W16 a00000 0143 palette_registers
A 000440 W16 a00002 2290 palette_registers
A 00043e W16 a00000 0142 palette_registers
A 000440 W16 a00002 12d2 palette_registers
A 00043e W16 a00000 0141 palette_registers
A 000440 W16 a00002 12d4 palette_registers
A 00043e W16 a00000 0140 palette_registers
A 000440 W16 a00002 0000 palette_registers
A 00043e W16 a00000 013f palette_registers
A 000440 W16 a00002 3188 palette_registers
A 00043e W16 a00000 013e palette_registers
A 000440 W16 a00002 39cc palette_registers
A 00043e W16 a00000 013d palette_registers
A 000440 W16 a00002 1148 palette_registers
A 00043e W16 a00000 013c palette_registers
A 000440 W16 a00002 118a palette_registers
A 00043e W16 a00000 013b palette_registers
A 000440 W16 a00002 2146 palette_registers
A 00043e W16 a00000 013a palette_registers
A 000440 W16 a00002 2988 palette_registers
A 00043e W16 a00000 0139 palette_registers
A 000440 W16 a00002 31ca palette_registers
A 00043e W16 a00000 0138 palette_registers
A 000440 W16 a00002 1946 palette_registers
A 00043e W16 a00000 0137 palette_registers
A 000440 W16 a00002 2188 palette_registers
A 00043e W16 a00000 0136 palette_registers
A 000440 W16 a00002 29ca palette_registers
A 00043e W16 a00000 0135 palette_registers
A 000440 W16 a00002 320c palette_registers
A 00043e W16 a00000 0134 palette_registers
A 000440 W16 a00002 324c palette_registers
A 00043e W16 a00000 0133 palette_registers
A 000440 W16 a00002 4290 palette_registers
A 00043e W16 a00000 0132 palette_registers
A 000440 W16 a00002 2a08 palette_registers
A 00043e W16 a00000 0131 palette_registers
A 000440 W16 a00002 324a palette_registers
A 00043e W16 a00000 0130 palette_registers
A 000440 W16 a00002 0000 palette_registers
A 00043e W16 a00000 012f palette_registers
A 000440 W16 a00002 7b9c palette_registers
A 00043e W16 a00000 012e palette_registers
A 000440 W16 a00002 7b5a palette_registers
A 00043e W16 a00000 012d palette_registers
A 000440 W16 a00002 7358 palette_registers
A 00043e W16 a00000 012c palette_registers
A 000440 W16 a00002 6b16 palette_registers
A 00043e W16 a00000 012b palette_registers
A 000440 W16 a00002 62d4 palette_registers
A 00043e W16 a00000 012a palette_registers
A 000440 W16 a00002 5a50 palette_registers
A 00043e W16 a00000 0129 palette_registers
A 000440 W16 a00002 7312 palette_registers
A 00043e W16 a00000 0128 palette_registers
A 000440 W16 a00002 7b52 palette_registers
A 00043e W16 a00000 0127 palette_registers
A 000440 W16 a00002 7b50 palette_registers
A 00043e W16 a00000 0126 palette_registers
A 000440 W16 a00002 7b0e palette_registers
A 00043e W16 a00000 0125 palette_registers
A 000440 W16 a00002 7acc palette_registers
A 00043e W16 a00000 0124 palette_registers
A 000440 W16 a00002 7a8a palette_registers
A 00043e W16 a00000 0123 palette_registers
A 000440 W16 a00002 7a44 palette_registers
A 00043e W16 a00000 0122 palette_registers
A 000440 W16 a00002 7a00 palette_registers
A 00043e W16 a00000 0121 palette_registers
A 000440 W16 a00002 71c0 palette_registers
A 00043e W16 a00000 0120 palette_registers
A 000440 W16 a00002 0000 palette_registers
A 00043e W16 a00000 011f palette_registers
A 000440 W16 a00002 7bde palette_registers
A 00043e W16 a00000 011e palette_registers
A 000440 W16 a00002 7b9c palette_registers
A 00043e W16 a00000 011d palette_registers
A 000440 W16 a00002 7358 palette_registers
A 00043e W16 a00000 011c palette_registers
A 000440 W16 a00002 7314 palette_registers
A 00043e W16 a00000 011b palette_registers
A 000440 W16 a00002 6ad2 palette_registers
A 00043e W16 a00000 011a palette_registers
A 000440 W16 a00002 6a90 palette_registers
A 00043e W16 a00000 0119 palette_registers
A 000440 W16 a00002 624e palette_registers
A 00043e W16 a00000 0118 palette_registers
A 000440 W16 a00002 5a0c palette_registers
A 00043e W16 a00000 0117 palette_registers
A 000440 W16 a00002 7b0a palette_registers
A 00043e W16 a00000 0116 palette_registers
A 000440 W16 a00002 7a8a palette_registers
A 00043e W16 a00000 0115 palette_registers
A 000440 W16 a00002 7a46 palette_registers
A 00043e W16 a00000 0114 palette_registers
A 000440 W16 a00002 7a00 palette_registers
A 00043e W16 a00000 0113 palette_registers
A 000440 W16 a00002 79c0 palette_registers
A 00043e W16 a00000 0112 palette_registers
A 000440 W16 a00002 79c0 palette_registers
A 00043e W16 a00000 0111 palette_registers
A 000440 W16 a00002 71c0 palette_registers
A 00043e W16 a00000 0110 palette_registers
A 000440 W16 a00002 0000 palette_registers
A 00043e W16 a00000 010f palette_registers
A 000440 W16 a00002 7bde palette_registers
A 00043e W16 a00000 010e palette_registers
A 000440 W16 a00002 7bdc palette_registers
A 00043e W16 a00000 010d palette_registers
A 000440 W16 a00002 739a palette_registers
A 00043e W16 a00000 010c palette_registers
A 000440 W16 a00002 7358 palette_registers
A 00043e W16 a00000 010b palette_registers
A 000440 W16 a00002 7314 palette_registers
A 00043e W16 a00000 010a palette_registers
A 000440 W16 a00002 7ad2 palette_registers
A 00043e W16 a00000 0109 palette_registers
A 000440 W16 a00002 728c palette_registers
A 00043e W16 a00000 0108 palette_registers
A 000440 W16 a00002 7b52 palette_registers
A 00043e W16 a00000 0107 palette_registers
A 000440 W16 a00002 7b50 palette_registers
A 00043e W16 a00000 0106 palette_registers
A 000440 W16 a00002 7b0e palette_registers
A 00043e W16 a00000 0105 palette_registers
A 000440 W16 a00002 7acc palette_registers
A 00043e W16 a00000 0104 palette_registers
A 000440 W16 a00002 7a8a palette_registers
A 00043e W16 a00000 0103 palette_registers
A 000440 W16 a00002 7a48 palette_registers
A 00043e W16 a00000 0102 palette_registers
A 000440 W16 a00002 7a04 palette_registers
A 00043e W16 a00000 0101 palette_registers
A 000440 W16 a00002 71c0 palette_registers
A 00043e W16 a00000 0100 palette_registers
A 000440 W16 a00002 0000 palette_registers
A 00043e W16 a00000 00ff palette_registers
A 000440 W16 a00002 0000 palette_registers
A 00043e W16 a00000 00fe palette_registers
A 000440 W16 a00002 0000 palette_registers
A 00043e W16 a00000 00fd palette_registers
A 000440 W16 a00002 0000 palette_registers
A 00043e W16 a00000 00fc palette_registers
A 000440 W16 a00002 0000 palette_registers
A 00043e W16 a00000 00fb palette_registers
A 000440 W16 a00002 0000 palette_registers
A 00043e W16 a00000 00fa palette_registers
A 000440 W16 a00002 0000 palette_registers
A 00043e W16 a00000 00f9 palette_registers
A 000440 W16 a00002 0000 palette_registers
A 00043e W16 a00000 00f8 palette_registers
A 000440 W16 a00002 0000 palette_registers
A 00043e W16 a00000 00f7 palette_registers
A 000440 W16 a00002 0000 palette_registers
A 00043e W16 a00000 00f6 palette_registers
A 000440 W16 a00002 0000 palette_registers
A 00043e W16 a00000 00f5 palette_registers
A 000440 W16 a00002 0000 palette_registers
A 00043e W16 a00000 00f4 palette_registers
A 000440 W16 a00002 0000 palette_registers
A 00043e W16 a00000 00f3 palette_registers
A 000440 W16 a00002 001e palette_registers
A 00043e W16 a00000 00f2 palette_registers
A 000440 W16 a00002 0000 palette_registers
A 00043e W16 a00000 00f1 palette_registers
A 000440 W16 a00002 39ce palette_registers
A 00043e W16 a00000 00f0 palette_registers
A 000440 W16 a00002 0000 palette_registers
A 00043e W16 a00000 00ef palette_registers
A 000440 W16 a00002 0000 palette_registers
A 00043e W16 a00000 00ee palette_registers
A 000440 W16 a00002 0000 palette_registers
A 00043e W16 a00000 00ed palette_registers
A 000440 W16 a00002 0000 palette_registers
A 00043e W16 a00000 00ec palette_registers
A 000440 W16 a00002 0000 palette_registers
A 00043e W16 a00000 00eb palette_registers
A 000440 W16 a00002 0000 palette_registers
A 00043e W16 a00000 00ea palette_registers
A 000440 W16 a00002 0000 palette_registers
A 00043e W16 a00000 00e9 palette_registers
A 000440 W16 a00002 0000 palette_registers
A 00043e W16 a00000 00e8 palette_registers
A 000440 W16 a00002 0000 palette_registers
A 00043e W16 a00000 00e7 palette_registers
A 000440 W16 a00002 0000 palette_registers
A 00043e W16 a00000 00e6 palette_registers
A 000440 W16 a00002 0000 palette_registers
A 00043e W16 a00000 00e5 palette_registers
A 000440 W16 a00002 0000 palette_registers
A 00043e W16 a00000 00e4 palette_registers
A 000440 W16 a00002 0000 palette_registers
A 00043e W16 a00000 00e3 palette_registers
A 000440 W16 a00002 001e palette_registers
A 00043e W16 a00000 00e2 palette_registers
A 000440 W16 a00002 0000 palette_registers
A 00043e W16 a00000 00e1 palette_registers
A 000440 W16 a00002 0000 palette_registers
A 00043e W16 a00000 00e0 palette_registers
A 000440 W16 a00002 0000 palette_registers
A 00043e W16 a00000 00df palette_registers
A 000440 W16 a00002 0000 palette_registers
A 00043e W16 a00000 00de palette_registers
A 000440 W16 a00002 0000 palette_registers
A 00043e W16 a00000 00dd palette_registers
A 000440 W16 a00002 0000 palette_registers
A 00043e W16 a00000 00dc palette_registers
A 000440 W16 a00002 0000 palette_registers
A 00043e W16 a00000 00db palette_registers
A 000440 W16 a00002 0000 palette_registers
A 00043e W16 a00000 00da palette_registers
A 000440 W16 a00002 0000 palette_registers
A 00043e W16 a00000 00d9 palette_registers
A 000440 W16 a00002 0000 palette_registers
A 00043e W16 a00000 00d8 palette_registers
A 000440 W16 a00002 0000 palette_registers
A 00043e W16 a00000 00d7 palette_registers
A 000440 W16 a00002 0000 palette_registers
A 00043e W16 a00000 00d6 palette_registers
A 000440 W16 a00002 0000 palette_registers
A 00043e W16 a00000 00d5 palette_registers
A 000440 W16 a00002 0000 palette_registers
A 00043e W16 a00000 00d4 palette_registers
A 000440 W16 a00002 0000 palette_registers
A 00043e W16 a00000 00d3 palette_registers
A 000440 W16 a00002 02de palette_registers
A 00043e W16 a00000 00d2 palette_registers
A 000440 W16 a00002 02de palette_registers
A 00043e W16 a00000 00d1 palette_registers
A 000440 W16 a00002 02de palette_registers
A 00043e W16 a00000 00d0 palette_registers
A 000440 W16 a00002 0000 palette_registers
A 00043e W16 a00000 00cf palette_registers
A 000440 W16 a00002 0000 palette_registers
A 00043e W16 a00000 00ce palette_registers
A 000440 W16 a00002 0000 palette_registers
A 00043e W16 a00000 00cd palette_registers
A 000440 W16 a00002 0000 palette_registers
A 00043e W16 a00000 00cc palette_registers
A 000440 W16 a00002 0000 palette_registers
A 00043e W16 a00000 00cb palette_registers
A 000440 W16 a00002 0000 palette_registers
A 00043e W16 a00000 00ca palette_registers
A 000440 W16 a00002 0000 palette_registers
A 00043e W16 a00000 00c9 palette_registers
A 000440 W16 a00002 0000 palette_registers
A 00043e W16 a00000 00c8 palette_registers
A 000440 W16 a00002 0000 palette_registers
A 00043e W16 a00000 00c7 palette_registers
A 000440 W16 a00002 0000 palette_registers
A 00043e W16 a00000 00c6 palette_registers
A 000440 W16 a00002 0000 palette_registers
A 00043e W16 a00000 00c5 palette_registers
A 000440 W16 a00002 0000 palette_registers
A 00043e W16 a00000 00c4 palette_registers
A 000440 W16 a00002 0000 palette_registers
A 00043e W16 a00000 00c3 palette_registers
A 000440 W16 a00002 001e palette_registers
A 00043e W16 a00000 00c2 palette_registers
A 000440 W16 a00002 0000 palette_registers
A 00043e W16 a00000 00c1 palette_registers
A 000440 W16 a00002 001a palette_registers
A 00043e W16 a00000 00c0 palette_registers
A 000440 W16 a00002 0000 palette_registers
A 00043e W16 a00000 00bf palette_registers
A 000440 W16 a00002 39ce palette_registers
A 00043e W16 a00000 00be palette_registers
A 000440 W16 a00002 39ce palette_registers
A 00043e W16 a00000 00bd palette_registers
A 000440 W16 a00002 39ce palette_registers
A 00043e W16 a00000 00bc palette_registers
A 000440 W16 a00002 39ce palette_registers
A 00043e W16 a00000 00bb palette_registers
A 000440 W16 a00002 39ce palette_registers
A 00043e W16 a00000 00ba palette_registers
A 000440 W16 a00002 39ce palette_registers
A 00043e W16 a00000 00b9 palette_registers
A 000440 W16 a00002 39ce palette_registers
A 00043e W16 a00000 00b8 palette_registers
A 000440 W16 a00002 39ce palette_registers
A 00043e W16 a00000 00b7 palette_registers
A 000440 W16 a00002 39ce palette_registers
A 00043e W16 a00000 00b6 palette_registers
A 000440 W16 a00002 39ce palette_registers
A 00043e W16 a00000 00b5 palette_registers
A 000440 W16 a00002 39ce palette_registers
A 00043e W16 a00000 00b4 palette_registers
A 000440 W16 a00002 39ce palette_registers
A 00043e W16 a00000 00b3 palette_registers
A 000440 W16 a00002 39ce palette_registers
A 00043e W16 a00000 00b2 palette_registers
A 000440 W16 a00002 39ce palette_registers
A 00043e W16 a00000 00b1 palette_registers
A 000440 W16 a00002 39ce palette_registers
A 00043e W16 a00000 00b0 palette_registers
A 000440 W16 a00002 0000 palette_registers
A 00043e W16 a00000 00af palette_registers
A 000440 W16 a00002 0000 palette_registers
A 00043e W16 a00000 00ae palette_registers
A 000440 W16 a00002 0000 palette_registers
A 00043e W16 a00000 00ad palette_registers
A 000440 W16 a00002 0000 palette_registers
A 00043e W16 a00000 00ac palette_registers
A 000440 W16 a00002 0000 palette_registers
A 00043e W16 a00000 00ab palette_registers
A 000440 W16 a00002 0000 palette_registers
A 00043e W16 a00000 00aa palette_registers
A 000440 W16 a00002 0000 palette_registers
A 00043e W16 a00000 00a9 palette_registers
A 000440 W16 a00002 0000 palette_registers
A 00043e W16 a00000 00a8 palette_registers
A 000440 W16 a00002 0000 palette_registers
A 00043e W16 a00000 00a7 palette_registers
A 000440 W16 a00002 0000 palette_registers
A 00043e W16 a00000 00a6 palette_registers
A 000440 W16 a00002 0000 palette_registers
A 00043e W16 a00000 00a5 palette_registers
A 000440 W16 a00002 0000 palette_registers
A 00043e W16 a00000 00a4 palette_registers
A 000440 W16 a00002 0000 palette_registers
A 00043e W16 a00000 00a3 palette_registers
A 000440 W16 a00002 001e palette_registers
A 00043e W16 a00000 00a2 palette_registers
A 000440 W16 a00002 0000 palette_registers
A 00043e W16 a00000 00a1 palette_registers
A 000440 W16 a00002 6800 palette_registers
A 00043e W16 a00000 00a0 palette_registers
A 000440 W16 a00002 0000 palette_registers
A 00043e W16 a00000 009f palette_registers
A 000440 W16 a00002 0000 palette_registers
A 00043e W16 a00000 009e palette_registers
A 000440 W16 a00002 0000 palette_registers
A 00043e W16 a00000 009d palette_registers
A 000440 W16 a00002 0000 palette_registers
A 00043e W16 a00000 009c palette_registers
A 000440 W16 a00002 0000 palette_registers
A 00043e W16 a00000 009b palette_registers
A 000440 W16 a00002 0000 palette_registers
A 00043e W16 a00000 009a palette_registers
A 000440 W16 a00002 0000 palette_registers
A 00043e W16 a00000 0099 palette_registers
A 000440 W16 a00002 0000 palette_registers
A 00043e W16 a00000 0098 palette_registers
A 000440 W16 a00002 0000 palette_registers
A 00043e W16 a00000 0097 palette_registers
A 000440 W16 a00002 0000 palette_registers
A 00043e W16 a00000 0096 palette_registers
A 000440 W16 a00002 0000 palette_registers
A 00043e W16 a00000 0095 palette_registers
A 000440 W16 a00002 0000 palette_registers
A 00043e W16 a00000 0094 palette_registers
A 000440 W16 a00002 0000 palette_registers
A 00043e W16 a00000 0093 palette_registers
A 000440 W16 a00002 001e palette_registers
A 00043e W16 a00000 0092 palette_registers
A 000440 W16 a00002 0000 palette_registers
A 00043e W16 a00000 0091 palette_registers
A 000440 W16 a00002 6b5a palette_registers
A 00043e W16 a00000 0090 palette_registers
A 000440 W16 a00002 0000 palette_registers
A 00043e W16 a00000 008f palette_registers
A 000440 W16 a00002 0000 palette_registers
A 00043e W16 a00000 008e palette_registers
A 000440 W16 a00002 0000 palette_registers
A 00043e W16 a00000 008d palette_registers
A 000440 W16 a00002 0000 palette_registers
A 00043e W16 a00000 008c palette_registers
A 000440 W16 a00002 0000 palette_registers
A 00043e W16 a00000 008b palette_registers
A 000440 W16 a00002 0000 palette_registers
A 00043e W16 a00000 008a palette_registers
A 000440 W16 a00002 0000 palette_registers
A 00043e W16 a00000 0089 palette_registers
A 000440 W16 a00002 0000 palette_registers
A 00043e W16 a00000 0088 palette_registers
A 000440 W16 a00002 0000 palette_registers
A 00043e W16 a00000 0087 palette_registers
A 000440 W16 a00002 0000 palette_registers
A 00043e W16 a00000 0086 palette_registers
A 000440 W16 a00002 0000 palette_registers
A 00043e W16 a00000 0085 palette_registers
A 000440 W16 a00002 0000 palette_registers
A 00043e W16 a00000 0084 palette_registers
A 000440 W16 a00002 0000 palette_registers
A 00043e W16 a00000 0083 palette_registers
A 000440 W16 a00002 001e palette_registers
A 00043e W16 a00000 0082 palette_registers
A 000440 W16 a00002 0000 palette_registers
A 00043e W16 a00000 0081 palette_registers
A 000440 W16 a00002 7800 palette_registers
A 00043e W16 a00000 0080 palette_registers
A 000440 W16 a00002 0000 palette_registers
A 00043e W16 a00000 007f palette_registers
A 000440 W16 a00002 0000 palette_registers
A 00043e W16 a00000 007e palette_registers
A 000440 W16 a00002 0000 palette_registers
A 00043e W16 a00000 007d palette_registers
A 000440 W16 a00002 0000 palette_registers
A 00043e W16 a00000 007c palette_registers
A 000440 W16 a00002 0000 palette_registers
A 00043e W16 a00000 007b palette_registers
A 000440 W16 a00002 0000 palette_registers
A 00043e W16 a00000 007a palette_registers
A 000440 W16 a00002 0000 palette_registers
A 00043e W16 a00000 0079 palette_registers
A 000440 W16 a00002 0000 palette_registers
A 00043e W16 a00000 0078 palette_registers
A 000440 W16 a00002 0000 palette_registers
A 00043e W16 a00000 0077 palette_registers
A 000440 W16 a00002 0000 palette_registers
A 00043e W16 a00000 0076 palette_registers
A 000440 W16 a00002 0000 palette_registers
A 00043e W16 a00000 0075 palette_registers
A 000440 W16 a00002 0000 palette_registers
A 00043e W16 a00000 0074 palette_registers
A 000440 W16 a00002 0000 palette_registers
A 00043e W16 a00000 0073 palette_registers
A 000440 W16 a00002 001e palette_registers
A 00043e W16 a00000 0072 palette_registers
A 000440 W16 a00002 0000 palette_registers
A 00043e W16 a00000 0071 palette_registers
A 000440 W16 a00002 781e palette_registers
A 00043e W16 a00000 0070 palette_registers
A 000440 W16 a00002 0000 palette_registers
A 00043e W16 a00000 006f palette_registers
A 000440 W16 a00002 0000 palette_registers
A 00043e W16 a00000 006e palette_registers
A 000440 W16 a00002 0000 palette_registers
A 00043e W16 a00000 006d palette_registers
A 000440 W16 a00002 0000 palette_registers
A 00043e W16 a00000 006c palette_registers
A 000440 W16 a00002 0000 palette_registers
A 00043e W16 a00000 006b palette_registers
A 000440 W16 a00002 0000 palette_registers
A 00043e W16 a00000 006a palette_registers
A 000440 W16 a00002 0000 palette_registers
A 00043e W16 a00000 0069 palette_registers
A 000440 W16 a00002 0000 palette_registers
A 00043e W16 a00000 0068 palette_registers
A 000440 W16 a00002 0000 palette_registers
A 00043e W16 a00000 0067 palette_registers
A 000440 W16 a00002 0000 palette_registers
A 00043e W16 a00000 0066 palette_registers
A 000440 W16 a00002 0000 palette_registers
A 00043e W16 a00000 0065 palette_registers
A 000440 W16 a00002 0000 palette_registers
A 00043e W16 a00000 0064 palette_registers
A 000440 W16 a00002 0000 palette_registers
A 00043e W16 a00000 0063 palette_registers
A 000440 W16 a00002 001e palette_registers
A 00043e W16 a00000 0062 palette_registers
A 000440 W16 a00002 0000 palette_registers
A 00043e W16 a00000 0061 palette_registers
A 000440 W16 a00002 03c0 palette_registers
A 00043e W16 a00000 0060 palette_registers
A 000440 W16 a00002 0000 palette_registers
A 00043e W16 a00000 005f palette_registers
A 000440 W16 a00002 0000 palette_registers
A 00043e W16 a00000 005e palette_registers
A 000440 W16 a00002 0000 palette_registers
A 00043e W16 a00000 005d palette_registers
A 000440 W16 a00002 0000 palette_registers
A 00043e W16 a00000 005c palette_registers
A 000440 W16 a00002 0000 palette_registers
A 00043e W16 a00000 005b palette_registers
A 000440 W16 a00002 0000 palette_registers
A 00043e W16 a00000 005a palette_registers
A 000440 W16 a00002 0000 palette_registers
A 00043e W16 a00000 0059 palette_registers
A 000440 W16 a00002 0000 palette_registers
A 00043e W16 a00000 0058 palette_registers
A 000440 W16 a00002 0000 palette_registers
A 00043e W16 a00000 0057 palette_registers
A 000440 W16 a00002 0000 palette_registers
A 00043e W16 a00000 0056 palette_registers
A 000440 W16 a00002 0000 palette_registers
A 00043e W16 a00000 0055 palette_registers
A 000440 W16 a00002 0000 palette_registers
A 00043e W16 a00000 0054 palette_registers
A 000440 W16 a00002 0000 palette_registers
A 00043e W16 a00000 0053 palette_registers
A 000440 W16 a00002 001e palette_registers
A 00043e W16 a00000 0052 palette_registers
A 000440 W16 a00002 0000 palette_registers
A 00043e W16 a00000 0051 palette_registers
A 000440 W16 a00002 7bc0 palette_registers
A 00043e W16 a00000 0050 palette_registers
A 000440 W16 a00002 0000 palette_registers
A 00043e W16 a00000 004f palette_registers
A 000440 W16 a00002 0000 palette_registers
A 00043e W16 a00000 004e palette_registers
A 000440 W16 a00002 0000 palette_registers
A 00043e W16 a00000 004d palette_registers
A 000440 W16 a00002 0000 palette_registers
A 00043e W16 a00000 004c palette_registers
A 000440 W16 a00002 0000 palette_registers
A 00043e W16 a00000 004b palette_registers
A 000440 W16 a00002 0000 palette_registers
A 00043e W16 a00000 004a palette_registers
A 000440 W16 a00002 0000 palette_registers
A 00043e W16 a00000 0049 palette_registers
A 000440 W16 a00002 0000 palette_registers
A 00043e W16 a00000 0048 palette_registers
A 000440 W16 a00002 0000 palette_registers
A 00043e W16 a00000 0047 palette_registers
A 000440 W16 a00002 0000 palette_registers
A 00043e W16 a00000 0046 palette_registers
A 000440 W16 a00002 0000 palette_registers
A 00043e W16 a00000 0045 palette_registers
A 000440 W16 a00002 0000 palette_registers
A 00043e W16 a00000 0044 palette_registers
A 000440 W16 a00002 0000 palette_registers
A 00043e W16 a00000 0043 palette_registers
A 000440 W16 a00002 001e palette_registers
A 00043e W16 a00000 0042 palette_registers
A 000440 W16 a00002 0000 palette_registers
A 00043e W16 a00000 0041 palette_registers
A 000440 W16 a00002 001e palette_registers
A 00043e W16 a00000 0040 palette_registers
A 000440 W16 a00002 0000 palette_registers
A 00043e W16 a00000 003f palette_registers
A 000440 W16 a00002 0000 palette_registers
A 00043e W16 a00000 003e palette_registers
A 000440 W16 a00002 0000 palette_registers
A 00043e W16 a00000 003d palette_registers
A 000440 W16 a00002 0000 palette_registers
A 00043e W16 a00000 003c palette_registers
A 000440 W16 a00002 0000 palette_registers
A 00043e W16 a00000 003b palette_registers
A 000440 W16 a00002 0000 palette_registers
A 00043e W16 a00000 003a palette_registers
A 000440 W16 a00002 0000 palette_registers
A 00043e W16 a00000 0039 palette_registers
A 000440 W16 a00002 0000 palette_registers
A 00043e W16 a00000 0038 palette_registers
A 000440 W16 a00002 0000 palette_registers
A 00043e W16 a00000 0037 palette_registers
A 000440 W16 a00002 0000 palette_registers
A 00043e W16 a00000 0036 palette_registers
A 000440 W16 a00002 0000 palette_registers
A 00043e W16 a00000 0035 palette_registers
A 000440 W16 a00002 0000 palette_registers
A 00043e W16 a00000 0034 palette_registers
A 000440 W16 a00002 0000 palette_registers
A 00043e W16 a00000 0033 palette_registers
A 000440 W16 a00002 001e palette_registers
A 00043e W16 a00000 0032 palette_registers
A 000440 W16 a00002 0000 palette_registers
A 00043e W16 a00000 0031 palette_registers
A 000440 W16 a00002 03de palette_registers
A 00043e W16 a00000 0030 palette_registers
A 000440 W16 a00002 0000 palette_registers
A 00043e W16 a00000 002f palette_registers
A 000440 W16 a00002 0000 palette_registers
A 00043e W16 a00000 002e palette_registers
A 000440 W16 a00002 0000 palette_registers
A 00043e W16 a00000 002d palette_registers
A 000440 W16 a00002 0000 palette_registers
A 00043e W16 a00000 002c palette_registers
A 000440 W16 a00002 0000 palette_registers
A 00043e W16 a00000 002b palette_registers
A 000440 W16 a00002 0000 palette_registers
A 00043e W16 a00000 002a palette_registers
A 000440 W16 a00002 0000 palette_registers
A 00043e W16 a00000 0029 palette_registers
A 000440 W16 a00002 0000 palette_registers
A 00043e W16 a00000 0028 palette_registers
A 000440 W16 a00002 0000 palette_registers
A 00043e W16 a00000 0027 palette_registers
A 000440 W16 a00002 0000 palette_registers
A 00043e W16 a00000 0026 palette_registers
A 000440 W16 a00002 0000 palette_registers
A 00043e W16 a00000 0025 palette_registers
A 000440 W16 a00002 0000 palette_registers
A 00043e W16 a00000 0024 palette_registers
A 000440 W16 a00002 0000 palette_registers
A 00043e W16 a00000 0023 palette_registers
A 000440 W16 a00002 0000 palette_registers
A 00043e W16 a00000 0022 palette_registers
A 000440 W16 a00002 0000 palette_registers
A 00043e W16 a00000 0021 palette_registers
A 000440 W16 a00002 0000 palette_registers
A 00043e W16 a00000 0020 palette_registers
A 000440 W16 a00002 0000 palette_registers
A 00043e W16 a00000 001f palette_registers
A 000440 W16 a00002 7bde palette_registers
A 00043e W16 a00000 001e palette_registers
A 000440 W16 a00002 7bde palette_registers
A 00043e W16 a00000 001d palette_registers
A 000440 W16 a00002 6b5a palette_registers
A 00043e W16 a00000 001c palette_registers
A 000440 W16 a00002 5ad6 palette_registers
A 00043e W16 a00000 001b palette_registers
A 000440 W16 a00002 4a52 palette_registers
A 00043e W16 a00000 001a palette_registers
A 000440 W16 a00002 39ce palette_registers
A 00043e W16 a00000 0019 palette_registers
A 000440 W16 a00002 294a palette_registers
A 00043e W16 a00000 0018 palette_registers
A 000440 W16 a00002 18c6 palette_registers
A 00043e W16 a00000 0017 palette_registers
A 000440 W16 a00002 0000 palette_registers
A 00043e W16 a00000 0016 palette_registers
A 000440 W16 a00002 0000 palette_registers
A 00043e W16 a00000 0015 palette_registers
A 000440 W16 a00002 0000 palette_registers
A 00043e W16 a00000 0014 palette_registers
A 000440 W16 a00002 0000 palette_registers
A 00043e W16 a00000 0013 palette_registers
A 000440 W16 a00002 0000 palette_registers
A 00043e W16 a00000 0012 palette_registers
A 000440 W16 a00002 0000 palette_registers
A 00043e W16 a00000 0011 palette_registers
A 000440 W16 a00002 0000 palette_registers
A 00043e W16 a00000 0010 palette_registers
A 000440 W16 a00002 0000 palette_registers
A 00043e W16 a00000 000f palette_registers
A 000440 W16 a00002 0000 palette_registers
A 00043e W16 a00000 000e palette_registers
A 000440 W16 a00002 0000 palette_registers
A 00043e W16 a00000 000d palette_registers
A 000440 W16 a00002 0000 palette_registers
A 00043e W16 a00000 000c palette_registers
A 000440 W16 a00002 0000 palette_registers
A 00043e W16 a00000 000b palette_registers
A 000440 W16 a00002 0000 palette_registers
A 00043e W16 a00000 000a palette_registers
A 000440 W16 a00002 0000 palette_registers
A 00043e W16 a00000 0009 palette_registers
A 000440 W16 a00002 0000 palette_registers
A 00043e W16 a00000 0008 palette_registers
A 000440 W16 a00002 0000 palette_registers
A 00043e W16 a00000 0007 palette_registers
A 000440 W16 a00002 0000 palette_registers
A 00043e W16 a00000 0006 palette_registers
A 000440 W16 a00002 0000 palette_registers
A 00043e W16 a00000 0005 palette_registers
A 000440 W16 a00002 0000 palette_registers
A 00043e W16 a00000 0004 palette_registers
A 000440 W16 a00002 0000 palette_registers
A 00043e W16 a00000 0003 palette_registers
A 000440 W16 a00002 001e palette_registers
A 00043e W16 a00000 0002 palette_registers
A 000440 W16 a00002 0000 palette_registers
A 00043e W16 a00000 0001 palette_registers
A 000440 W16 a00002 7bde palette_registers
A 00043e W16 a00000 0000 palette_registers
A 000440 W16 a00002 0000 palette_registers
A 000452 W32 c06000 00000000 tilemap
A 000452 W32 c06004 00000000 tilemap
A 000452 W32 c06008 00000000 tilemap
A 000452 W32 c0600c 00000000 tilemap
A 000452 W32 c06010 00000000 tilemap
A 000452 W32 c06014 00000000 tilemap
A 000452 W32 c06018 00000000 tilemap
A 000452 W32 c0601c 00000000 tilemap
A 000452 W32 c06020 00000000 tilemap
A 000452 W32 c06024 00000000 tilemap
A 000452 W32 c06028 00000000 tilemap
A 000452 W32 c0602c 00000000 tilemap
A 000452 W32 c06030 00000000 tilemap
A 000452 W32 c06034 00000000 tilemap
A 000452 W32 c06038 00000000 tilemap
A 000452 W32 c0603c 00000000 tilemap
A 000452 W32 c06040 00000000 tilemap
A 000452 W32 c06044 00000000 tilemap
A 000452 W32 c06048 00000000 tilemap
A 000452 W32 c0604c 00000000 tilemap
A 000452 W32 c06050 00000000 tilemap
A 000452 W32 c06054 00000000 tilemap
A 000452 W32 c06058 00000000 tilemap
A 000452 W32 c0605c 00000000 tilemap
A 000452 W32 c06060 00000000 tilemap
A 000452 W32 c06064 00000000 tilemap
A 000452 W32 c06068 00000000 tilemap
A 000452 W32 c0606c 00000000 tilemap
A 000452 W32 c06070 00000000 tilemap
A 000452 W32 c06074 00000000 tilemap
A 000452 W32 c06078 00000000 tilemap
A 000452 W32 c0607c 00000000 tilemap
A 000452 W32 c06080 00000000 tilemap
A 000452 W32 c06084 00000000 tilemap
A 000452 W32 c06088 00000000 tilemap
A 000452 W32 c0608c 00000000 tilemap
A 000452 W32 c06090 00000000 tilemap
A 000452 W32 c06094 00000000 tilemap
A 000452 W32 c06098 00000000 tilemap
A 000452 W32 c0609c 00000000 tilemap
A 000452 W32 c060a0 00000000 tilemap
A 000452 W32 c060a4 00000000 tilemap
A 000452 W32 c060a8 00000000 tilemap
A 000452 W32 c060ac 00000000 tilemap
A 000452 W32 c060b0 00000000 tilemap
A 000452 W32 c060b4 00000000 tilemap
A 000452 W32 c060b8 00000000 tilemap
A 000452 W32 c060bc 00000000 tilemap
A 000452 W32 c060c0 00000000 tilemap
A 000452 W32 c060c4 00000000 tilemap
A 000452 W32 c060c8 00000000 tilemap
A 000452 W32 c060cc 00000000 tilemap
A 000452 W32 c060d0 00000000 tilemap
A 000452 W32 c060d4 00000000 tilemap
A 000452 W32 c060d8 00000000 tilemap
A 000452 W32 c060dc 00000000 tilemap
A 000452 W32 c060e0 00000000 tilemap
A 000452 W32 c060e4 00000000 tilemap
A 000452 W32 c060e8 00000000 tilemap
A 000452 W32 c060ec 00000000 tilemap
A 000452 W32 c060f0 00000000 tilemap
A 000452 W32 c060f4 00000000 tilemap
A 000452 W32 c060f8 00000000 tilemap
A 000452 W32 c060fc 00000000 tilemap
A 000452 W32 c06100 00000000 tilemap
A 000452 W32 c06104 00000000 tilemap
A 000452 W32 c06108 00000000 tilemap
A 000452 W32 c0610c 00000000 tilemap
A 000452 W32 c06110 00000000 tilemap
A 000452 W32 c06114 00000000 tilemap
A 000452 W32 c06118 00000000 tilemap
A 000452 W32 c0611c 00000000 tilemap
A 000452 W32 c06120 00000000 tilemap
A 000452 W32 c06124 00000000 tilemap
A 000452 W32 c06128 00000000 tilemap
A 000452 W32 c0612c 00000000 tilemap
A 000452 W32 c06130 00000000 tilemap
A 000452 W32 c06134 00000000 tilemap
A 000452 W32 c06138 00000000 tilemap
A 000452 W32 c0613c 00000000 tilemap
A 000452 W32 c06140 00000000 tilemap
A 000452 W32 c06144 00000000 tilemap
A 000452 W32 c06148 00000000 tilemap
A 000452 W32 c0614c 00000000 tilemap
A 000452 W32 c06150 00000000 tilemap
A 000452 W32 c06154 00000000 tilemap
A 000452 W32 c06158 00000000 tilemap
A 000452 W32 c0615c 00000000 tilemap
A 000452 W32 c06160 00000000 tilemap
A 000452 W32 c06164 00000000 tilemap
A 000452 W32 c06168 00000000 tilemap
A 000452 W32 c0616c 00000000 tilemap
A 000452 W32 c06170 00000000 tilemap
A 000452 W32 c06174 00000000 tilemap
A 000452 W32 c06178 00000000 tilemap
A 000452 W32 c0617c 00000000 tilemap
A 000452 W32 c06180 00000000 tilemap
A 000452 W32 c06184 00000000 tilemap
A 000452 W32 c06188 00000000 tilemap
A 000452 W32 c0618c 00000000 tilemap
A 000452 W32 c06190 00000000 tilemap
A 000452 W32 c06194 00000000 tilemap
A 000452 W32 c06198 00000000 tilemap
A 000452 W32 c0619c 00000000 tilemap
A 000452 W32 c061a0 00000000 tilemap
A 000452 W32 c061a4 00000000 tilemap
A 000452 W32 c061a8 00000000 tilemap
A 000452 W32 c061ac 00000000 tilemap
A 000452 W32 c061b0 00000000 tilemap
A 000452 W32 c061b4 00000000 tilemap
A 000452 W32 c061b8 00000000 tilemap
A 000452 W32 c061bc 00000000 tilemap
A 000452 W32 c061c0 00000000 tilemap
A 000452 W32 c061c4 00000000 tilemap
A 000452 W32 c061c8 00000000 tilemap
A 000452 W32 c061cc 00000000 tilemap
A 000452 W32 c061d0 00000000 tilemap
A 000452 W32 c061d4 00000000 tilemap
A 000452 W32 c061d8 00000000 tilemap
A 000452 W32 c061dc 00000000 tilemap
A 000452 W32 c061e0 00000000 tilemap
A 000452 W32 c061e4 00000000 tilemap
A 000452 W32 c061e8 00000000 tilemap
A 000452 W32 c061ec 00000000 tilemap
A 000452 W32 c061f0 00000000 tilemap
A 000452 W32 c061f4 00000000 tilemap
A 000452 W32 c061f8 00000000 tilemap
A 000452 W32 c061fc 00000000 tilemap
A 000452 W32 c06200 00000000 tilemap
A 000452 W32 c06204 00000000 tilemap
A 000452 W32 c06208 00000000 tilemap
A 000452 W32 c0620c 00000000 tilemap
A 000452 W32 c06210 00000000 tilemap
A 000452 W32 c06214 00000000 tilemap
A 000452 W32 c06218 00000000 tilemap
A 000452 W32 c0621c 00000000 tilemap
A 000452 W32 c06220 00000000 tilemap
A 000452 W32 c06224 00000000 tilemap
A 000452 W32 c06228 00000000 tilemap
A 000452 W32 c0622c 00000000 tilemap
A 000452 W32 c06230 00000000 tilemap
A 000452 W32 c06234 00000000 tilemap
A 000452 W32 c06238 00000000 tilemap
A 000452 W32 c0623c 00000000 tilemap
A 000452 W32 c06240 00000000 tilemap
A 000452 W32 c06244 00000000 tilemap
A 000452 W32 c06248 00000000 tilemap
A 000452 W32 c0624c 00000000 tilemap
A 000452 W32 c06250 00000000 tilemap
A 000452 W32 c06254 00000000 tilemap
A 000452 W32 c06258 00000000 tilemap
A 000452 W32 c0625c 00000000 tilemap
A 000452 W32 c06260 00000000 tilemap
A 000452 W32 c06264 00000000 tilemap
A 000452 W32 c06268 00000000 tilemap
A 000452 W32 c0626c 00000000 tilemap
A 000452 W32 c06270 00000000 tilemap
A 000452 W32 c06274 00000000 tilemap
A 000452 W32 c06278 00000000 tilemap
A 000452 W32 c0627c 00000000 tilemap
A 000452 W32 c06280 00000000 tilemap
A 000452 W32 c06284 00000000 tilemap
A 000452 W32 c06288 00000000 tilemap
A 000452 W32 c0628c 00000000 tilemap
A 000452 W32 c06290 00000000 tilemap
A 000452 W32 c06294 00000000 tilemap
A 000452 W32 c06298 00000000 tilemap
A 000452 W32 c0629c 00000000 tilemap
A 000452 W32 c062a0 00000000 tilemap
A 000452 W32 c062a4 00000000 tilemap
A 000452 W32 c062a8 00000000 tilemap
A 000452 W32 c062ac 00000000 tilemap
A 000452 W32 c062b0 00000000 tilemap
A 000452 W32 c062b4 00000000 tilemap
A 000452 W32 c062b8 00000000 tilemap
A 000452 W32 c062bc 00000000 tilemap
A 000452 W32 c062c0 00000000 tilemap
A 000452 W32 c062c4 00000000 tilemap
A 000452 W32 c062c8 00000000 tilemap
A 000452 W32 c062cc 00000000 tilemap
A 000452 W32 c062d0 00000000 tilemap
A 000452 W32 c062d4 00000000 tilemap
A 000452 W32 c062d8 00000000 tilemap
A 000452 W32 c062dc 00000000 tilemap
A 000452 W32 c062e0 00000000 tilemap
A 000452 W32 c062e4 00000000 tilemap
A 000452 W32 c062e8 00000000 tilemap
A 000452 W32 c062ec 00000000 tilemap
A 000452 W32 c062f0 00000000 tilemap
A 000452 W32 c062f4 00000000 tilemap
A 000452 W32 c062f8 00000000 tilemap
A 000452 W32 c062fc 00000000 tilemap
A 000452 W32 c06300 00000000 tilemap
A 000452 W32 c06304 00000000 tilemap
A 000452 W32 c06308 00000000 tilemap
A 000452 W32 c0630c 00000000 tilemap
A 000452 W32 c06310 00000000 tilemap
A 000452 W32 c06314 00000000 tilemap
A 000452 W32 c06318 00000000 tilemap
A 000452 W32 c0631c 00000000 tilemap
A 000452 W32 c06320 00000000 tilemap
A 000452 W32 c06324 00000000 tilemap
A 000452 W32 c06328 00000000 tilemap
A 000452 W32 c0632c 00000000 tilemap
A 000452 W32 c06330 00000000 tilemap
A 000452 W32 c06334 00000000 tilemap
A 000452 W32 c06338 00000000 tilemap
A 000452 W32 c0633c 00000000 tilemap
A 000452 W32 c06340 00000000 tilemap
A 000452 W32 c06344 00000000 tilemap
A 000452 W32 c06348 00000000 tilemap
A 000452 W32 c0634c 00000000 tilemap
A 000452 W32 c06350 00000000 tilemap
A 000452 W32 c06354 00000000 tilemap
A 000452 W32 c06358 00000000 tilemap
A 000452 W32 c0635c 00000000 tilemap
A 000452 W32 c06360 00000000 tilemap
A 000452 W32 c06364 00000000 tilemap
A 000452 W32 c06368 00000000 tilemap
A 000452 W32 c0636c 00000000 tilemap
A 000452 W32 c06370 00000000 tilemap
A 000452 W32 c06374 00000000 tilemap
A 000452 W32 c06378 00000000 tilemap
A 000452 W32 c0637c 00000000 tilemap
A 000452 W32 c06380 00000000 tilemap
A 000452 W32 c06384 00000000 tilemap
A 000452 W32 c06388 00000000 tilemap
A 000452 W32 c0638c 00000000 tilemap
A 000452 W32 c06390 00000000 tilemap
A 000452 W32 c06394 00000000 tilemap
A 000452 W32 c06398 00000000 tilemap
A 000452 W32 c0639c 00000000 tilemap
A 000452 W32 c063a0 00000000 tilemap
A 000452 W32 c063a4 00000000 tilemap
A 000452 W32 c063a8 00000000 tilemap
A 000452 W32 c063ac 00000000 tilemap
A 000452 W32 c063b0 00000000 tilemap
A 000452 W32 c063b4 00000000 tilemap
A 000452 W32 c063b8 00000000 tilemap
A 000452 W32 c063bc 00000000 tilemap
A 000452 W32 c063c0 00000000 tilemap
A 000452 W32 c063c4 00000000 tilemap
A 000452 W32 c063c8 00000000 tilemap
A 000452 W32 c063cc 00000000 tilemap
A 000452 W32 c063d0 00000000 tilemap
A 000452 W32 c063d4 00000000 tilemap
A 000452 W32 c063d8 00000000 tilemap
A 000452 W32 c063dc 00000000 tilemap
A 000452 W32 c063e0 00000000 tilemap
A 000452 W32 c063e4 00000000 tilemap
A 000452 W32 c063e8 00000000 tilemap
A 000452 W32 c063ec 00000000 tilemap
A 000452 W32 c063f0 00000000 tilemap
A 000452 W32 c063f4 00000000 tilemap
A 000452 W32 c063f8 00000000 tilemap
A 000452 W32 c063fc 00000000 tilemap
A 000452 W32 c06400 00000000 tilemap
A 000452 W32 c06404 00000000 tilemap
A 000452 W32 c06408 00000000 tilemap
A 000452 W32 c0640c 00000000 tilemap
A 000452 W32 c06410 00000000 tilemap
A 000452 W32 c06414 00000000 tilemap
A 000452 W32 c06418 00000000 tilemap
A 000452 W32 c0641c 00000000 tilemap
A 000452 W32 c06420 00000000 tilemap
A 000452 W32 c06424 00000000 tilemap
A 000452 W32 c06428 00000000 tilemap
A 000452 W32 c0642c 00000000 tilemap
A 000452 W32 c06430 00000000 tilemap
A 000452 W32 c06434 00000000 tilemap
A 000452 W32 c06438 00000000 tilemap
A 000452 W32 c0643c 00000000 tilemap
A 000452 W32 c06440 00000000 tilemap
A 000452 W32 c06444 00000000 tilemap
A 000452 W32 c06448 00000000 tilemap
A 000452 W32 c0644c 00000000 tilemap
A 000452 W32 c06450 00000000 tilemap
A 000452 W32 c06454 00000000 tilemap
A 000452 W32 c06458 00000000 tilemap
A 000452 W32 c0645c 00000000 tilemap
A 000452 W32 c06460 00000000 tilemap
A 000452 W32 c06464 00000000 tilemap
A 000452 W32 c06468 00000000 tilemap
A 000452 W32 c0646c 00000000 tilemap
A 000452 W32 c06470 00000000 tilemap
A 000452 W32 c06474 00000000 tilemap
A 000452 W32 c06478 00000000 tilemap
A 000452 W32 c0647c 00000000 tilemap
A 000452 W32 c06480 00000000 tilemap
A 000452 W32 c06484 00000000 tilemap
A 000452 W32 c06488 00000000 tilemap
A 000452 W32 c0648c 00000000 tilemap
A 000452 W32 c06490 00000000 tilemap
A 000452 W32 c06494 00000000 tilemap
A 000452 W32 c06498 00000000 tilemap
A 000452 W32 c0649c 00000000 tilemap
A 000452 W32 c064a0 00000000 tilemap
A 000452 W32 c064a4 00000000 tilemap
A 000452 W32 c064a8 00000000 tilemap
A 000452 W32 c064ac 00000000 tilemap
A 000452 W32 c064b0 00000000 tilemap
A 000452 W32 c064b4 00000000 tilemap
A 000452 W32 c064b8 00000000 tilemap
A 000452 W32 c064bc 00000000 tilemap
A 000452 W32 c064c0 00000000 tilemap
A 000452 W32 c064c4 00000000 tilemap
A 000452 W32 c064c8 00000000 tilemap
A 000452 W32 c064cc 00000000 tilemap
A 000452 W32 c064d0 00000000 tilemap
A 000452 W32 c064d4 00000000 tilemap
A 000452 W32 c064d8 00000000 tilemap
A 000452 W32 c064dc 00000000 tilemap
A 000452 W32 c064e0 00000000 tilemap
A 000452 W32 c064e4 00000000 tilemap
A 000452 W32 c064e8 00000000 tilemap
A 000452 W32 c064ec 00000000 tilemap
A 000452 W32 c064f0 00000000 tilemap
A 000452 W32 c064f4 00000000 tilemap
A 000452 W32 c064f8 00000000 tilemap
A 000452 W32 c064fc 00000000 tilemap
A 000452 W32 c06500 00000000 tilemap
A 000452 W32 c06504 00000000 tilemap
A 000452 W32 c06508 00000000 tilemap
A 000452 W32 c0650c 00000000 tilemap
A 000452 W32 c06510 00000000 tilemap
A 000452 W32 c06514 00000000 tilemap
A 000452 W32 c06518 00000000 tilemap
A 000452 W32 c0651c 00000000 tilemap
A 000452 W32 c06520 00000000 tilemap
A 000452 W32 c06524 00000000 tilemap
A 000452 W32 c06528 00000000 tilemap
A 000452 W32 c0652c 00000000 tilemap
A 000452 W32 c06530 00000000 tilemap
A 000452 W32 c06534 00000000 tilemap
A 000452 W32 c06538 00000000 tilemap
A 000452 W32 c0653c 00000000 tilemap
A 000452 W32 c06540 00000000 tilemap
A 000452 W32 c06544 00000000 tilemap
A 000452 W32 c06548 00000000 tilemap
A 000452 W32 c0654c 00000000 tilemap
A 000452 W32 c06550 00000000 tilemap
A 000452 W32 c06554 00000000 tilemap
A 000452 W32 c06558 00000000 tilemap
A 000452 W32 c0655c 00000000 tilemap
A 000452 W32 c06560 00000000 tilemap
A 000452 W32 c06564 00000000 tilemap
A 000452 W32 c06568 00000000 tilemap
A 000452 W32 c0656c 00000000 tilemap
A 000452 W32 c06570 00000000 tilemap
A 000452 W32 c06574 00000000 tilemap
A 000452 W32 c06578 00000000 tilemap
A 000452 W32 c0657c 00000000 tilemap
A 000452 W32 c06580 00000000 tilemap
A 000452 W32 c06584 00000000 tilemap
A 000452 W32 c06588 00000000 tilemap
A 000452 W32 c0658c 00000000 tilemap
A 000452 W32 c06590 00000000 tilemap
A 000452 W32 c06594 00000000 tilemap
A 000452 W32 c06598 00000000 tilemap
A 000452 W32 c0659c 00000000 tilemap
A 000452 W32 c065a0 00000000 tilemap
A 000452 W32 c065a4 00000000 tilemap
A 000452 W32 c065a8 00000000 tilemap
A 000452 W32 c065ac 00000000 tilemap
A 000452 W32 c065b0 00000000 tilemap
A 000452 W32 c065b4 00000000 tilemap
A 000452 W32 c065b8 00000000 tilemap
A 000452 W32 c065bc 00000000 tilemap
A 000452 W32 c065c0 00000000 tilemap
A 000452 W32 c065c4 00000000 tilemap
A 000452 W32 c065c8 00000000 tilemap
A 000452 W32 c065cc 00000000 tilemap
A 000452 W32 c065d0 00000000 tilemap
A 000452 W32 c065d4 00000000 tilemap
A 000452 W32 c065d8 00000000 tilemap
A 000452 W32 c065dc 00000000 tilemap
A 000452 W32 c065e0 00000000 tilemap
A 000452 W32 c065e4 00000000 tilemap
A 000452 W32 c065e8 00000000 tilemap
A 000452 W32 c065ec 00000000 tilemap
A 000452 W32 c065f0 00000000 tilemap
A 000452 W32 c065f4 00000000 tilemap
A 000452 W32 c065f8 00000000 tilemap
A 000452 W32 c065fc 00000000 tilemap
A 000452 W32 c06600 00000000 tilemap
A 000452 W32 c06604 00000000 tilemap
A 000452 W32 c06608 00000000 tilemap
A 000452 W32 c0660c 00000000 tilemap
A 000452 W32 c06610 00000000 tilemap
A 000452 W32 c06614 00000000 tilemap
A 000452 W32 c06618 00000000 tilemap
A 000452 W32 c0661c 00000000 tilemap
A 000452 W32 c06620 00000000 tilemap
A 000452 W32 c06624 00000000 tilemap
A 000452 W32 c06628 00000000 tilemap
A 000452 W32 c0662c 00000000 tilemap
A 000452 W32 c06630 00000000 tilemap
A 000452 W32 c06634 00000000 tilemap
A 000452 W32 c06638 00000000 tilemap
A 000452 W32 c0663c 00000000 tilemap
A 000452 W32 c06640 00000000 tilemap
A 000452 W32 c06644 00000000 tilemap
A 000452 W32 c06648 00000000 tilemap
A 000452 W32 c0664c 00000000 tilemap
A 000452 W32 c06650 00000000 tilemap
A 000452 W32 c06654 00000000 tilemap
A 000452 W32 c06658 00000000 tilemap
A 000452 W32 c0665c 00000000 tilemap
A 000452 W32 c06660 00000000 tilemap
A 000452 W32 c06664 00000000 tilemap
A 000452 W32 c06668 00000000 tilemap
A 000452 W32 c0666c 00000000 tilemap
A 000452 W32 c06670 00000000 tilemap
A 000452 W32 c06674 00000000 tilemap
A 000452 W32 c06678 00000000 tilemap
A 000452 W32 c0667c 00000000 tilemap
A 000452 W32 c06680 00000000 tilemap
A 000452 W32 c06684 00000000 tilemap
A 000452 W32 c06688 00000000 tilemap
A 000452 W32 c0668c 00000000 tilemap
A 000452 W32 c06690 00000000 tilemap
A 000452 W32 c06694 00000000 tilemap
A 000452 W32 c06698 00000000 tilemap
A 000452 W32 c0669c 00000000 tilemap
A 000452 W32 c066a0 00000000 tilemap
A 000452 W32 c066a4 00000000 tilemap
A 000452 W32 c066a8 00000000 tilemap
A 000452 W32 c066ac 00000000 tilemap
A 000452 W32 c066b0 00000000 tilemap
A 000452 W32 c066b4 00000000 tilemap
A 000452 W32 c066b8 00000000 tilemap
A 000452 W32 c066bc 00000000 tilemap
A 000452 W32 c066c0 00000000 tilemap
A 000452 W32 c066c4 00000000 tilemap
A 000452 W32 c066c8 00000000 tilemap
A 000452 W32 c066cc 00000000 tilemap
A 000452 W32 c066d0 00000000 tilemap
A 000452 W32 c066d4 00000000 tilemap
A 000452 W32 c066d8 00000000 tilemap
A 000452 W32 c066dc 00000000 tilemap
A 000452 W32 c066e0 00000000 tilemap
A 000452 W32 c066e4 00000000 tilemap
A 000452 W32 c066e8 00000000 tilemap
A 000452 W32 c066ec 00000000 tilemap
A 000452 W32 c066f0 00000000 tilemap
A 000452 W32 c066f4 00000000 tilemap
A 000452 W32 c066f8 00000000 tilemap
A 000452 W32 c066fc 00000000 tilemap
A 000452 W32 c06700 00000000 tilemap
A 000452 W32 c06704 00000000 tilemap
A 000452 W32 c06708 00000000 tilemap
A 000452 W32 c0670c 00000000 tilemap
A 000452 W32 c06710 00000000 tilemap
A 000452 W32 c06714 00000000 tilemap
A 000452 W32 c06718 00000000 tilemap
A 000452 W32 c0671c 00000000 tilemap
A 000452 W32 c06720 00000000 tilemap
A 000452 W32 c06724 00000000 tilemap
A 000452 W32 c06728 00000000 tilemap
A 000452 W32 c0672c 00000000 tilemap
A 000452 W32 c06730 00000000 tilemap
A 000452 W32 c06734 00000000 tilemap
A 000452 W32 c06738 00000000 tilemap
A 000452 W32 c0673c 00000000 tilemap
A 000452 W32 c06740 00000000 tilemap
A 000452 W32 c06744 00000000 tilemap
A 000452 W32 c06748 00000000 tilemap
A 000452 W32 c0674c 00000000 tilemap
A 000452 W32 c06750 00000000 tilemap
A 000452 W32 c06754 00000000 tilemap
A 000452 W32 c06758 00000000 tilemap
A 000452 W32 c0675c 00000000 tilemap
A 000452 W32 c06760 00000000 tilemap
A 000452 W32 c06764 00000000 tilemap
A 000452 W32 c06768 00000000 tilemap
A 000452 W32 c0676c 00000000 tilemap
A 000452 W32 c06770 00000000 tilemap
A 000452 W32 c06774 00000000 tilemap
A 000452 W32 c06778 00000000 tilemap
A 000452 W32 c0677c 00000000 tilemap
A 000452 W32 c06780 00000000 tilemap
A 000452 W32 c06784 00000000 tilemap
A 000452 W32 c06788 00000000 tilemap
A 000452 W32 c0678c 00000000 tilemap
A 000452 W32 c06790 00000000 tilemap
A 000452 W32 c06794 00000000 tilemap
A 000452 W32 c06798 00000000 tilemap
A 000452 W32 c0679c 00000000 tilemap
A 000452 W32 c067a0 00000000 tilemap
A 000452 W32 c067a4 00000000 tilemap
A 000452 W32 c067a8 00000000 tilemap
A 000452 W32 c067ac 00000000 tilemap
A 000452 W32 c067b0 00000000 tilemap
A 000452 W32 c067b4 00000000 tilemap
A 000452 W32 c067b8 00000000 tilemap
A 000452 W32 c067bc 00000000 tilemap
A 000452 W32 c067c0 00000000 tilemap
A 000452 W32 c067c4 00000000 tilemap
A 000452 W32 c067c8 00000000 tilemap
A 000452 W32 c067cc 00000000 tilemap
A 000452 W32 c067d0 00000000 tilemap
A 000452 W32 c067d4 00000000 tilemap
A 000452 W32 c067d8 00000000 tilemap
A 000452 W32 c067dc 00000000 tilemap
A 000452 W32 c067e0 00000000 tilemap
A 000452 W32 c067e4 00000000 tilemap
A 000452 W32 c067e8 00000000 tilemap
A 000452 W32 c067ec 00000000 tilemap
A 000452 W32 c067f0 00000000 tilemap
A 000452 W32 c067f4 00000000 tilemap
A 000452 W32 c067f8 00000000 tilemap
A 000452 W32 c067fc 00000000 tilemap
A 000452 W32 c06800 00000000 tilemap
A 000452 W32 c06804 00000000 tilemap
A 000452 W32 c06808 00000000 tilemap
A 000452 W32 c0680c 00000000 tilemap
A 000452 W32 c06810 00000000 tilemap
A 000452 W32 c06814 00000000 tilemap
A 000452 W32 c06818 00000000 tilemap
A 000452 W32 c0681c 00000000 tilemap
A 000452 W32 c06820 00000000 tilemap
A 000452 W32 c06824 00000000 tilemap
A 000452 W32 c06828 00000000 tilemap
A 000452 W32 c0682c 00000000 tilemap
A 000452 W32 c06830 00000000 tilemap
A 000452 W32 c06834 00000000 tilemap
A 000452 W32 c06838 00000000 tilemap
A 000452 W32 c0683c 00000000 tilemap
A 000452 W32 c06840 00000000 tilemap
A 000452 W32 c06844 00000000 tilemap
A 000452 W32 c06848 00000000 tilemap
A 000452 W32 c0684c 00000000 tilemap
A 000452 W32 c06850 00000000 tilemap
A 000452 W32 c06854 00000000 tilemap
A 000452 W32 c06858 00000000 tilemap
A 000452 W32 c0685c 00000000 tilemap
A 000452 W32 c06860 00000000 tilemap
A 000452 W32 c06864 00000000 tilemap
A 000452 W32 c06868 00000000 tilemap
A 000452 W32 c0686c 00000000 tilemap
A 000452 W32 c06870 00000000 tilemap
A 000452 W32 c06874 00000000 tilemap
A 000452 W32 c06878 00000000 tilemap
A 000452 W32 c0687c 00000000 tilemap
A 000452 W32 c06880 00000000 tilemap
A 000452 W32 c06884 00000000 tilemap
A 000452 W32 c06888 00000000 tilemap
A 000452 W32 c0688c 00000000 tilemap
A 000452 W32 c06890 00000000 tilemap
A 000452 W32 c06894 00000000 tilemap
A 000452 W32 c06898 00000000 tilemap
A 000452 W32 c0689c 00000000 tilemap
A 000452 W32 c068a0 00000000 tilemap
A 000452 W32 c068a4 00000000 tilemap
A 000452 W32 c068a8 00000000 tilemap
A 000452 W32 c068ac 00000000 tilemap
A 000452 W32 c068b0 00000000 tilemap
A 000452 W32 c068b4 00000000 tilemap
A 000452 W32 c068b8 00000000 tilemap
A 000452 W32 c068bc 00000000 tilemap
A 000452 W32 c068c0 00000000 tilemap
A 000452 W32 c068c4 00000000 tilemap
A 000452 W32 c068c8 00000000 tilemap
A 000452 W32 c068cc 00000000 tilemap
A 000452 W32 c068d0 00000000 tilemap
A 000452 W32 c068d4 00000000 tilemap
A 000452 W32 c068d8 00000000 tilemap
A 000452 W32 c068dc 00000000 tilemap
A 000452 W32 c068e0 00000000 tilemap
A 000452 W32 c068e4 00000000 tilemap
A 000452 W32 c068e8 00000000 tilemap
A 000452 W32 c068ec 00000000 tilemap
A 000452 W32 c068f0 00000000 tilemap
A 000452 W32 c068f4 00000000 tilemap
A 000452 W32 c068f8 00000000 tilemap
A 000452 W32 c068fc 00000000 tilemap
A 000452 W32 c06900 00000000 tilemap
A 000452 W32 c06904 00000000 tilemap
A 000452 W32 c06908 00000000 tilemap
A 000452 W32 c0690c 00000000 tilemap
A 000452 W32 c06910 00000000 tilemap
A 000452 W32 c06914 00000000 tilemap
A 000452 W32 c06918 00000000 tilemap
A 000452 W32 c0691c 00000000 tilemap
A 000452 W32 c06920 00000000 tilemap
A 000452 W32 c06924 00000000 tilemap
A 000452 W32 c06928 00000000 tilemap
A 000452 W32 c0692c 00000000 tilemap
A 000452 W32 c06930 00000000 tilemap
A 000452 W32 c06934 00000000 tilemap
A 000452 W32 c06938 00000000 tilemap
A 000452 W32 c0693c 00000000 tilemap
A 000452 W32 c06940 00000000 tilemap
A 000452 W32 c06944 00000000 tilemap
A 000452 W32 c06948 00000000 tilemap
A 000452 W32 c0694c 00000000 tilemap
A 000452 W32 c06950 00000000 tilemap
A 000452 W32 c06954 00000000 tilemap
A 000452 W32 c06958 00000000 tilemap
A 000452 W32 c0695c 00000000 tilemap
A 000452 W32 c06960 00000000 tilemap
A 000452 W32 c06964 00000000 tilemap
A 000452 W32 c06968 00000000 tilemap
A 000452 W32 c0696c 00000000 tilemap
A 000452 W32 c06970 00000000 tilemap
A 000452 W32 c06974 00000000 tilemap
A 000452 W32 c06978 00000000 tilemap
A 000452 W32 c0697c 00000000 tilemap
A 000452 W32 c06980 00000000 tilemap
A 000452 W32 c06984 00000000 tilemap
A 000452 W32 c06988 00000000 tilemap
A 000452 W32 c0698c 00000000 tilemap
A 000452 W32 c06990 00000000 tilemap
A 000452 W32 c06994 00000000 tilemap
A 000452 W32 c06998 00000000 tilemap
A 000452 W32 c0699c 00000000 tilemap
A 000452 W32 c069a0 00000000 tilemap
A 000452 W32 c069a4 00000000 tilemap
A 000452 W32 c069a8 00000000 tilemap
A 000452 W32 c069ac 00000000 tilemap
A 000452 W32 c069b0 00000000 tilemap
A 000452 W32 c069b4 00000000 tilemap
A 000452 W32 c069b8 00000000 tilemap
A 000452 W32 c069bc 00000000 tilemap
A 000452 W32 c069c0 00000000 tilemap
A 000452 W32 c069c4 00000000 tilemap
A 000452 W32 c069c8 00000000 tilemap
A 000452 W32 c069cc 00000000 tilemap
A 000452 W32 c069d0 00000000 tilemap
A 000452 W32 c069d4 00000000 tilemap
A 000452 W32 c069d8 00000000 tilemap
A 000452 W32 c069dc 00000000 tilemap
A 000452 W32 c069e0 00000000 tilemap
A 000452 W32 c069e4 00000000 tilemap
A 000452 W32 c069e8 00000000 tilemap
A 000452 W32 c069ec 00000000 tilemap
A 000452 W32 c069f0 00000000 tilemap
A 000452 W32 c069f4 00000000 tilemap
A 000452 W32 c069f8 00000000 tilemap
A 000452 W32 c069fc 00000000 tilemap
A 000452 W32 c06a00 00000000 tilemap
A 000452 W32 c06a04 00000000 tilemap
A 000452 W32 c06a08 00000000 tilemap
A 000452 W32 c06a0c 00000000 tilemap
A 000452 W32 c06a10 00000000 tilemap
A 000452 W32 c06a14 00000000 tilemap
A 000452 W32 c06a18 00000000 tilemap
A 000452 W32 c06a1c 00000000 tilemap
A 000452 W32 c06a20 00000000 tilemap
A 000452 W32 c06a24 00000000 tilemap
A 000452 W32 c06a28 00000000 tilemap
A 000452 W32 c06a2c 00000000 tilemap
A 000452 W32 c06a30 00000000 tilemap
A 000452 W32 c06a34 00000000 tilemap
A 000452 W32 c06a38 00000000 tilemap
A 000452 W32 c06a3c 00000000 tilemap
A 000452 W32 c06a40 00000000 tilemap
A 000452 W32 c06a44 00000000 tilemap
A 000452 W32 c06a48 00000000 tilemap
A 000452 W32 c06a4c 00000000 tilemap
A 000452 W32 c06a50 00000000 tilemap
A 000452 W32 c06a54 00000000 tilemap
A 000452 W32 c06a58 00000000 tilemap
A 000452 W32 c06a5c 00000000 tilemap
A 000452 W32 c06a60 00000000 tilemap
A 000452 W32 c06a64 00000000 tilemap
A 000452 W32 c06a68 00000000 tilemap
A 000452 W32 c06a6c 00000000 tilemap
A 000452 W32 c06a70 00000000 tilemap
A 000452 W32 c06a74 00000000 tilemap
A 000452 W32 c06a78 00000000 tilemap
A 000452 W32 c06a7c 00000000 tilemap
A 000452 W32 c06a80 00000000 tilemap
A 000452 W32 c06a84 00000000 tilemap
A 000452 W32 c06a88 00000000 tilemap
A 000452 W32 c06a8c 00000000 tilemap
A 000452 W32 c06a90 00000000 tilemap
A 000452 W32 c06a94 00000000 tilemap
A 000452 W32 c06a98 00000000 tilemap
A 000452 W32 c06a9c 00000000 tilemap
A 000452 W32 c06aa0 00000000 tilemap
A 000452 W32 c06aa4 00000000 tilemap
A 000452 W32 c06aa8 00000000 tilemap
A 000452 W32 c06aac 00000000 tilemap
A 000452 W32 c06ab0 00000000 tilemap
A 000452 W32 c06ab4 00000000 tilemap
A 000452 W32 c06ab8 00000000 tilemap
A 000452 W32 c06abc 00000000 tilemap
A 000452 W32 c06ac0 00000000 tilemap
A 000452 W32 c06ac4 00000000 tilemap
A 000452 W32 c06ac8 00000000 tilemap
A 000452 W32 c06acc 00000000 tilemap
A 000452 W32 c06ad0 00000000 tilemap
A 000452 W32 c06ad4 00000000 tilemap
A 000452 W32 c06ad8 00000000 tilemap
A 000452 W32 c06adc 00000000 tilemap
A 000452 W32 c06ae0 00000000 tilemap
A 000452 W32 c06ae4 00000000 tilemap
A 000452 W32 c06ae8 00000000 tilemap
A 000452 W32 c06aec 00000000 tilemap
A 000452 W32 c06af0 00000000 tilemap
A 000452 W32 c06af4 00000000 tilemap
A 000452 W32 c06af8 00000000 tilemap
A 000452 W32 c06afc 00000000 tilemap
A 000452 W32 c06b00 00000000 tilemap
A 000452 W32 c06b04 00000000 tilemap
A 000452 W32 c06b08 00000000 tilemap
A 000452 W32 c06b0c 00000000 tilemap
A 000452 W32 c06b10 00000000 tilemap
A 000452 W32 c06b14 00000000 tilemap
A 000452 W32 c06b18 00000000 tilemap
A 000452 W32 c06b1c 00000000 tilemap
A 000452 W32 c06b20 00000000 tilemap
A 000452 W32 c06b24 00000000 tilemap
A 000452 W32 c06b28 00000000 tilemap
A 000452 W32 c06b2c 00000000 tilemap
A 000452 W32 c06b30 00000000 tilemap
A 000452 W32 c06b34 00000000 tilemap
A 000452 W32 c06b38 00000000 tilemap
A 000452 W32 c06b3c 00000000 tilemap
A 000452 W32 c06b40 00000000 tilemap
A 000452 W32 c06b44 00000000 tilemap
A 000452 W32 c06b48 00000000 tilemap
A 000452 W32 c06b4c 00000000 tilemap
A 000452 W32 c06b50 00000000 tilemap
A 000452 W32 c06b54 00000000 tilemap
A 000452 W32 c06b58 00000000 tilemap
A 000452 W32 c06b5c 00000000 tilemap
A 000452 W32 c06b60 00000000 tilemap
A 000452 W32 c06b64 00000000 tilemap
A 000452 W32 c06b68 00000000 tilemap
A 000452 W32 c06b6c 00000000 tilemap
A 000452 W32 c06b70 00000000 tilemap
A 000452 W32 c06b74 00000000 tilemap
A 000452 W32 c06b78 00000000 tilemap
A 000452 W32 c06b7c 00000000 tilemap
A 000452 W32 c06b80 00000000 tilemap
A 000452 W32 c06b84 00000000 tilemap
A 000452 W32 c06b88 00000000 tilemap
A 000452 W32 c06b8c 00000000 tilemap
A 000452 W32 c06b90 00000000 tilemap
A 000452 W32 c06b94 00000000 tilemap
A 000452 W32 c06b98 00000000 tilemap
A 000452 W32 c06b9c 00000000 tilemap
A 000452 W32 c06ba0 00000000 tilemap
A 000452 W32 c06ba4 00000000 tilemap
A 000452 W32 c06ba8 00000000 tilemap
A 000452 W32 c06bac 00000000 tilemap
A 000452 W32 c06bb0 00000000 tilemap
A 000452 W32 c06bb4 00000000 tilemap
A 000452 W32 c06bb8 00000000 tilemap
A 000452 W32 c06bbc 00000000 tilemap
A 000452 W32 c06bc0 00000000 tilemap
A 000452 W32 c06bc4 00000000 tilemap
A 000452 W32 c06bc8 00000000 tilemap
A 000452 W32 c06bcc 00000000 tilemap
A 000452 W32 c06bd0 00000000 tilemap
A 000452 W32 c06bd4 00000000 tilemap
A 000452 W32 c06bd8 00000000 tilemap
A 000452 W32 c06bdc 00000000 tilemap
A 000452 W32 c06be0 00000000 tilemap
A 000452 W32 c06be4 00000000 tilemap
A 000452 W32 c06be8 00000000 tilemap
A 000452 W32 c06bec 00000000 tilemap
A 000452 W32 c06bf0 00000000 tilemap
A 000452 W32 c06bf4 00000000 tilemap
A 000452 W32 c06bf8 00000000 tilemap
A 000452 W32 c06bfc 00000000 tilemap
A 000452 W32 c06c00 00000000 tilemap
A 000452 W32 c06c04 00000000 tilemap
A 000452 W32 c06c08 00000000 tilemap
A 000452 W32 c06c0c 00000000 tilemap
A 000452 W32 c06c10 00000000 tilemap
A 000452 W32 c06c14 00000000 tilemap
A 000452 W32 c06c18 00000000 tilemap
A 000452 W32 c06c1c 00000000 tilemap
A 000452 W32 c06c20 00000000 tilemap
A 000452 W32 c06c24 00000000 tilemap
A 000452 W32 c06c28 00000000 tilemap
A 000452 W32 c06c2c 00000000 tilemap
A 000452 W32 c06c30 00000000 tilemap
A 000452 W32 c06c34 00000000 tilemap
A 000452 W32 c06c38 00000000 tilemap
A 000452 W32 c06c3c 00000000 tilemap
A 000452 W32 c06c40 00000000 tilemap
A 000452 W32 c06c44 00000000 tilemap
A 000452 W32 c06c48 00000000 tilemap
A 000452 W32 c06c4c 00000000 tilemap
A 000452 W32 c06c50 00000000 tilemap
A 000452 W32 c06c54 00000000 tilemap
A 000452 W32 c06c58 00000000 tilemap
A 000452 W32 c06c5c 00000000 tilemap
A 000452 W32 c06c60 00000000 tilemap
A 000452 W32 c06c64 00000000 tilemap
A 000452 W32 c06c68 00000000 tilemap
A 000452 W32 c06c6c 00000000 tilemap
A 000452 W32 c06c70 00000000 tilemap
A 000452 W32 c06c74 00000000 tilemap
A 000452 W32 c06c78 00000000 tilemap
A 000452 W32 c06c7c 00000000 tilemap
A 000452 W32 c06c80 00000000 tilemap
A 000452 W32 c06c84 00000000 tilemap
A 000452 W32 c06c88 00000000 tilemap
A 000452 W32 c06c8c 00000000 tilemap
A 000452 W32 c06c90 00000000 tilemap
A 000452 W32 c06c94 00000000 tilemap
A 000452 W32 c06c98 00000000 tilemap
A 000452 W32 c06c9c 00000000 tilemap
A 000452 W32 c06ca0 00000000 tilemap
A 000452 W32 c06ca4 00000000 tilemap
A 000452 W32 c06ca8 00000000 tilemap
A 000452 W32 c06cac 00000000 tilemap
A 000452 W32 c06cb0 00000000 tilemap
A 000452 W32 c06cb4 00000000 tilemap
A 000452 W32 c06cb8 00000000 tilemap
A 000452 W32 c06cbc 00000000 tilemap
A 000452 W32 c06cc0 00000000 tilemap
A 000452 W32 c06cc4 00000000 tilemap
A 000452 W32 c06cc8 00000000 tilemap
A 000452 W32 c06ccc 00000000 tilemap
A 000452 W32 c06cd0 00000000 tilemap
A 000452 W32 c06cd4 00000000 tilemap
A 000452 W32 c06cd8 00000000 tilemap
A 000452 W32 c06cdc 00000000 tilemap
A 000452 W32 c06ce0 00000000 tilemap
A 000452 W32 c06ce4 00000000 tilemap
A 000452 W32 c06ce8 00000000 tilemap
A 000452 W32 c06cec 00000000 tilemap
A 000452 W32 c06cf0 00000000 tilemap
A 000452 W32 c06cf4 00000000 tilemap
A 000452 W32 c06cf8 00000000 tilemap
A 000452 W32 c06cfc 00000000 tilemap
A 000452 W32 c06d00 00000000 tilemap
A 000452 W32 c06d04 00000000 tilemap
A 000452 W32 c06d08 00000000 tilemap
A 000452 W32 c06d0c 00000000 tilemap
A 000452 W32 c06d10 00000000 tilemap
A 000452 W32 c06d14 00000000 tilemap
A 000452 W32 c06d18 00000000 tilemap
A 000452 W32 c06d1c 00000000 tilemap
A 000452 W32 c06d20 00000000 tilemap
A 000452 W32 c06d24 00000000 tilemap
A 000452 W32 c06d28 00000000 tilemap
A 000452 W32 c06d2c 00000000 tilemap
A 000452 W32 c06d30 00000000 tilemap
A 000452 W32 c06d34 00000000 tilemap
A 000452 W32 c06d38 00000000 tilemap
A 000452 W32 c06d3c 00000000 tilemap
A 000452 W32 c06d40 00000000 tilemap
A 000452 W32 c06d44 00000000 tilemap
A 000452 W32 c06d48 00000000 tilemap
A 000452 W32 c06d4c 00000000 tilemap
A 000452 W32 c06d50 00000000 tilemap
A 000452 W32 c06d54 00000000 tilemap
A 000452 W32 c06d58 00000000 tilemap
A 000452 W32 c06d5c 00000000 tilemap
A 000452 W32 c06d60 00000000 tilemap
A 000452 W32 c06d64 00000000 tilemap
A 000452 W32 c06d68 00000000 tilemap
A 000452 W32 c06d6c 00000000 tilemap
A 000452 W32 c06d70 00000000 tilemap
A 000452 W32 c06d74 00000000 tilemap
A 000452 W32 c06d78 00000000 tilemap
A 000452 W32 c06d7c 00000000 tilemap
A 000452 W32 c06d80 00000000 tilemap
A 000452 W32 c06d84 00000000 tilemap
A 000452 W32 c06d88 00000000 tilemap
A 000452 W32 c06d8c 00000000 tilemap
A 000452 W32 c06d90 00000000 tilemap
A 000452 W32 c06d94 00000000 tilemap
A 000452 W32 c06d98 00000000 tilemap
A 000452 W32 c06d9c 00000000 tilemap
A 000452 W32 c06da0 00000000 tilemap
A 000452 W32 c06da4 00000000 tilemap
A 000452 W32 c06da8 00000000 tilemap
A 000452 W32 c06dac 00000000 tilemap
A 000452 W32 c06db0 00000000 tilemap
A 000452 W32 c06db4 00000000 tilemap
A 000452 W32 c06db8 00000000 tilemap
A 000452 W32 c06dbc 00000000 tilemap
A 000452 W32 c06dc0 00000000 tilemap
A 000452 W32 c06dc4 00000000 tilemap
A 000452 W32 c06dc8 00000000 tilemap
A 000452 W32 c06dcc 00000000 tilemap
A 000452 W32 c06dd0 00000000 tilemap
A 000452 W32 c06dd4 00000000 tilemap
A 000452 W32 c06dd8 00000000 tilemap
A 000452 W32 c06ddc 00000000 tilemap
A 000452 W32 c06de0 00000000 tilemap
A 000452 W32 c06de4 00000000 tilemap
A 000452 W32 c06de8 00000000 tilemap
A 000452 W32 c06dec 00000000 tilemap
A 000452 W32 c06df0 00000000 tilemap
A 000452 W32 c06df4 00000000 tilemap
A 000452 W32 c06df8 00000000 tilemap
A 000452 W32 c06dfc 00000000 tilemap
A 000452 W32 c06e00 00000000 tilemap
A 000452 W32 c06e04 00000000 tilemap
A 000452 W32 c06e08 00000000 tilemap
A 000452 W32 c06e0c 00000000 tilemap
A 000452 W32 c06e10 00000000 tilemap
A 000452 W32 c06e14 00000000 tilemap
A 000452 W32 c06e18 00000000 tilemap
A 000452 W32 c06e1c 00000000 tilemap
A 000452 W32 c06e20 00000000 tilemap
A 000452 W32 c06e24 00000000 tilemap
A 000452 W32 c06e28 00000000 tilemap
A 000452 W32 c06e2c 00000000 tilemap
A 000452 W32 c06e30 00000000 tilemap
A 000452 W32 c06e34 00000000 tilemap
A 000452 W32 c06e38 00000000 tilemap
A 000452 W32 c06e3c 00000000 tilemap
A 000452 W32 c06e40 00000000 tilemap
A 000452 W32 c06e44 00000000 tilemap
A 000452 W32 c06e48 00000000 tilemap
A 000452 W32 c06e4c 00000000 tilemap
A 000452 W32 c06e50 00000000 tilemap
A 000452 W32 c06e54 00000000 tilemap
A 000452 W32 c06e58 00000000 tilemap
A 000452 W32 c06e5c 00000000 tilemap
A 000452 W32 c06e60 00000000 tilemap
A 000452 W32 c06e64 00000000 tilemap
A 000452 W32 c06e68 00000000 tilemap
A 000452 W32 c06e6c 00000000 tilemap
A 000452 W32 c06e70 00000000 tilemap
A 000452 W32 c06e74 00000000 tilemap
A 000452 W32 c06e78 00000000 tilemap
A 000452 W32 c06e7c 00000000 tilemap
A 000452 W32 c06e80 00000000 tilemap
A 000452 W32 c06e84 00000000 tilemap
A 000452 W32 c06e88 00000000 tilemap
A 000452 W32 c06e8c 00000000 tilemap
A 000452 W32 c06e90 00000000 tilemap
A 000452 W32 c06e94 00000000 tilemap
A 000452 W32 c06e98 00000000 tilemap
A 000452 W32 c06e9c 00000000 tilemap
A 000452 W32 c06ea0 00000000 tilemap
A 000452 W32 c06ea4 00000000 tilemap
A 000452 W32 c06ea8 00000000 tilemap
A 000452 W32 c06eac 00000000 tilemap
A 000452 W32 c06eb0 00000000 tilemap
A 000452 W32 c06eb4 00000000 tilemap
A 000452 W32 c06eb8 00000000 tilemap
A 000452 W32 c06ebc 00000000 tilemap
A 000452 W32 c06ec0 00000000 tilemap
A 000452 W32 c06ec4 00000000 tilemap
A 000452 W32 c06ec8 00000000 tilemap
A 000452 W32 c06ecc 00000000 tilemap
A 000452 W32 c06ed0 00000000 tilemap
A 000452 W32 c06ed4 00000000 tilemap
A 000452 W32 c06ed8 00000000 tilemap
A 000452 W32 c06edc 00000000 tilemap
A 000452 W32 c06ee0 00000000 tilemap
A 000452 W32 c06ee4 00000000 tilemap
A 000452 W32 c06ee8 00000000 tilemap
A 000452 W32 c06eec 00000000 tilemap
A 000452 W32 c06ef0 00000000 tilemap
A 000452 W32 c06ef4 00000000 tilemap
A 000452 W32 c06ef8 00000000 tilemap
A 000452 W32 c06efc 00000000 tilemap
A 000452 W32 c06f00 00000000 tilemap
A 000452 W32 c06f04 00000000 tilemap
A 000452 W32 c06f08 00000000 tilemap
A 000452 W32 c06f0c 00000000 tilemap
A 000452 W32 c06f10 00000000 tilemap
A 000452 W32 c06f14 00000000 tilemap
A 000452 W32 c06f18 00000000 tilemap
A 000452 W32 c06f1c 00000000 tilemap
A 000452 W32 c06f20 00000000 tilemap
A 000452 W32 c06f24 00000000 tilemap
A 000452 W32 c06f28 00000000 tilemap
A 000452 W32 c06f2c 00000000 tilemap
A 000452 W32 c06f30 00000000 tilemap
A 000452 W32 c06f34 00000000 tilemap
A 000452 W32 c06f38 00000000 tilemap
A 000452 W32 c06f3c 00000000 tilemap
A 000452 W32 c06f40 00000000 tilemap
A 000452 W32 c06f44 00000000 tilemap
A 000452 W32 c06f48 00000000 tilemap
A 000452 W32 c06f4c 00000000 tilemap
A 000452 W32 c06f50 00000000 tilemap
A 000452 W32 c06f54 00000000 tilemap
A 000452 W32 c06f58 00000000 tilemap
A 000452 W32 c06f5c 00000000 tilemap
A 000452 W32 c06f60 00000000 tilemap
A 000452 W32 c06f64 00000000 tilemap
A 000452 W32 c06f68 00000000 tilemap
A 000452 W32 c06f6c 00000000 tilemap
A 000452 W32 c06f70 00000000 tilemap
A 000452 W32 c06f74 00000000 tilemap
A 000452 W32 c06f78 00000000 tilemap
A 000452 W32 c06f7c 00000000 tilemap
A 000452 W32 c06f80 00000000 tilemap
A 000452 W32 c06f84 00000000 tilemap
A 000452 W32 c06f88 00000000 tilemap
A 000452 W32 c06f8c 00000000 tilemap
A 000452 W32 c06f90 00000000 tilemap
A 000452 W32 c06f94 00000000 tilemap
A 000452 W32 c06f98 00000000 tilemap
A 000452 W32 c06f9c 00000000 tilemap
A 000452 W32 c06fa0 00000000 tilemap
A 000452 W32 c06fa4 00000000 tilemap
A 000452 W32 c06fa8 00000000 tilemap
A 000452 W32 c06fac 00000000 tilemap
A 000452 W32 c06fb0 00000000 tilemap
A 000452 W32 c06fb4 00000000 tilemap
A 000452 W32 c06fb8 00000000 tilemap
A 000452 W32 c06fbc 00000000 tilemap
A 000452 W32 c06fc0 00000000 tilemap
A 000452 W32 c06fc4 00000000 tilemap
A 000452 W32 c06fc8 00000000 tilemap
A 000452 W32 c06fcc 00000000 tilemap
A 000452 W32 c06fd0 00000000 tilemap
A 000452 W32 c06fd4 00000000 tilemap
A 000452 W32 c06fd8 00000000 tilemap
A 000452 W32 c06fdc 00000000 tilemap
A 000452 W32 c06fe0 00000000 tilemap
A 000452 W32 c06fe4 00000000 tilemap
A 000452 W32 c06fe8 00000000 tilemap
A 000452 W32 c06fec 00000000 tilemap
A 000452 W32 c06ff0 00000000 tilemap
A 000452 W32 c06ff4 00000000 tilemap
A 000452 W32 c06ff8 00000000 tilemap
A 000452 W32 c06ffc 00000000 tilemap
A 000452 W32 c07000 00000000 tilemap
A 000452 W32 c07004 00000000 tilemap
A 000452 W32 c07008 00000000 tilemap
A 000452 W32 c0700c 00000000 tilemap
A 000452 W32 c07010 00000000 tilemap
A 000452 W32 c07014 00000000 tilemap
A 000452 W32 c07018 00000000 tilemap
A 000452 W32 c0701c 00000000 tilemap
A 000452 W32 c07020 00000000 tilemap
A 000452 W32 c07024 00000000 tilemap
A 000452 W32 c07028 00000000 tilemap
A 000452 W32 c0702c 00000000 tilemap
A 000452 W32 c07030 00000000 tilemap
A 000452 W32 c07034 00000000 tilemap
A 000452 W32 c07038 00000000 tilemap
A 000452 W32 c0703c 00000000 tilemap
A 000452 W32 c07040 00000000 tilemap
A 000452 W32 c07044 00000000 tilemap
A 000452 W32 c07048 00000000 tilemap
A 000452 W32 c0704c 00000000 tilemap
A 000452 W32 c07050 00000000 tilemap
A 000452 W32 c07054 00000000 tilemap
A 000452 W32 c07058 00000000 tilemap
A 000452 W32 c0705c 00000000 tilemap
A 000452 W32 c07060 00000000 tilemap
A 000452 W32 c07064 00000000 tilemap
A 000452 W32 c07068 00000000 tilemap
A 000452 W32 c0706c 00000000 tilemap
A 000452 W32 c07070 00000000 tilemap
A 000452 W32 c07074 00000000 tilemap
A 000452 W32 c07078 00000000 tilemap
A 000452 W32 c0707c 00000000 tilemap
A 000452 W32 c07080 00000000 tilemap
A 000452 W32 c07084 00000000 tilemap
A 000452 W32 c07088 00000000 tilemap
A 000452 W32 c0708c 00000000 tilemap
A 000452 W32 c07090 00000000 tilemap
A 000452 W32 c07094 00000000 tilemap
A 000452 W32 c07098 00000000 tilemap
A 000452 W32 c0709c 00000000 tilemap
A 000452 W32 c070a0 00000000 tilemap
A 000452 W32 c070a4 00000000 tilemap
A 000452 W32 c070a8 00000000 tilemap
A 000452 W32 c070ac 00000000 tilemap
A 000452 W32 c070b0 00000000 tilemap
A 000452 W32 c070b4 00000000 tilemap
A 000452 W32 c070b8 00000000 tilemap
A 000452 W32 c070bc 00000000 tilemap
A 000452 W32 c070c0 00000000 tilemap
A 000452 W32 c070c4 00000000 tilemap
A 000452 W32 c070c8 00000000 tilemap
A 000452 W32 c070cc 00000000 tilemap
A 000452 W32 c070d0 00000000 tilemap
A 000452 W32 c070d4 00000000 tilemap
A 000452 W32 c070d8 00000000 tilemap
A 000452 W32 c070dc 00000000 tilemap
A 000452 W32 c070e0 00000000 tilemap
A 000452 W32 c070e4 00000000 tilemap
A 000452 W32 c070e8 00000000 tilemap
A 000452 W32 c070ec 00000000 tilemap
A 000452 W32 c070f0 00000000 tilemap
A 000452 W32 c070f4 00000000 tilemap
A 000452 W32 c070f8 00000000 tilemap
A 000452 W32 c070fc 00000000 tilemap
A 000452 W32 c07100 00000000 tilemap
A 000452 W32 c07104 00000000 tilemap
A 000452 W32 c07108 00000000 tilemap
A 000452 W32 c0710c 00000000 tilemap
A 000452 W32 c07110 00000000 tilemap
A 000452 W32 c07114 00000000 tilemap
A 000452 W32 c07118 00000000 tilemap
A 000452 W32 c0711c 00000000 tilemap
A 000452 W32 c07120 00000000 tilemap
A 000452 W32 c07124 00000000 tilemap
A 000452 W32 c07128 00000000 tilemap
A 000452 W32 c0712c 00000000 tilemap
A 000452 W32 c07130 00000000 tilemap
A 000452 W32 c07134 00000000 tilemap
A 000452 W32 c07138 00000000 tilemap
A 000452 W32 c0713c 00000000 tilemap
A 000452 W32 c07140 00000000 tilemap
A 000452 W32 c07144 00000000 tilemap
A 000452 W32 c07148 00000000 tilemap
A 000452 W32 c0714c 00000000 tilemap
A 000452 W32 c07150 00000000 tilemap
A 000452 W32 c07154 00000000 tilemap
A 000452 W32 c07158 00000000 tilemap
A 000452 W32 c0715c 00000000 tilemap
A 000452 W32 c07160 00000000 tilemap
A 000452 W32 c07164 00000000 tilemap
A 000452 W32 c07168 00000000 tilemap
A 000452 W32 c0716c 00000000 tilemap
A 000452 W32 c07170 00000000 tilemap
A 000452 W32 c07174 00000000 tilemap
A 000452 W32 c07178 00000000 tilemap
A 000452 W32 c0717c 00000000 tilemap
A 000452 W32 c07180 00000000 tilemap
A 000452 W32 c07184 00000000 tilemap
A 000452 W32 c07188 00000000 tilemap
A 000452 W32 c0718c 00000000 tilemap
A 000452 W32 c07190 00000000 tilemap
A 000452 W32 c07194 00000000 tilemap
A 000452 W32 c07198 00000000 tilemap
A 000452 W32 c0719c 00000000 tilemap
A 000452 W32 c071a0 00000000 tilemap
A 000452 W32 c071a4 00000000 tilemap
A 000452 W32 c071a8 00000000 tilemap
A 000452 W32 c071ac 00000000 tilemap
A 000452 W32 c071b0 00000000 tilemap
A 000452 W32 c071b4 00000000 tilemap
A 000452 W32 c071b8 00000000 tilemap
A 000452 W32 c071bc 00000000 tilemap
A 000452 W32 c071c0 00000000 tilemap
A 000452 W32 c071c4 00000000 tilemap
A 000452 W32 c071c8 00000000 tilemap
A 000452 W32 c071cc 00000000 tilemap
A 000452 W32 c071d0 00000000 tilemap
A 000452 W32 c071d4 00000000 tilemap
A 000452 W32 c071d8 00000000 tilemap
A 000452 W32 c071dc 00000000 tilemap
A 000452 W32 c071e0 00000000 tilemap
A 000452 W32 c071e4 00000000 tilemap
A 000452 W32 c071e8 00000000 tilemap
A 000452 W32 c071ec 00000000 tilemap
A 000452 W32 c071f0 00000000 tilemap
A 000452 W32 c071f4 00000000 tilemap
A 000452 W32 c071f8 00000000 tilemap
A 000452 W32 c071fc 00000000 tilemap
A 000452 W32 c07200 00000000 tilemap
A 000452 W32 c07204 00000000 tilemap
A 000452 W32 c07208 00000000 tilemap
A 000452 W32 c0720c 00000000 tilemap
A 000452 W32 c07210 00000000 tilemap
A 000452 W32 c07214 00000000 tilemap
A 000452 W32 c07218 00000000 tilemap
A 000452 W32 c0721c 00000000 tilemap
A 000452 W32 c07220 00000000 tilemap
A 000452 W32 c07224 00000000 tilemap
A 000452 W32 c07228 00000000 tilemap
A 000452 W32 c0722c 00000000 tilemap
A 000452 W32 c07230 00000000 tilemap
A 000452 W32 c07234 00000000 tilemap
A 000452 W32 c07238 00000000 tilemap
A 000452 W32 c0723c 00000000 tilemap
A 000452 W32 c07240 00000000 tilemap
A 000452 W32 c07244 00000000 tilemap
A 000452 W32 c07248 00000000 tilemap
A 000452 W32 c0724c 00000000 tilemap
A 000452 W32 c07250 00000000 tilemap
A 000452 W32 c07254 00000000 tilemap
A 000452 W32 c07258 00000000 tilemap
A 000452 W32 c0725c 00000000 tilemap
A 000452 W32 c07260 00000000 tilemap
A 000452 W32 c07264 00000000 tilemap
A 000452 W32 c07268 00000000 tilemap
A 000452 W32 c0726c 00000000 tilemap
A 000452 W32 c07270 00000000 tilemap
A 000452 W32 c07274 00000000 tilemap
A 000452 W32 c07278 00000000 tilemap
A 000452 W32 c0727c 00000000 tilemap
A 000452 W32 c07280 00000000 tilemap
A 000452 W32 c07284 00000000 tilemap
A 000452 W32 c07288 00000000 tilemap
A 000452 W32 c0728c 00000000 tilemap
A 000452 W32 c07290 00000000 tilemap
A 000452 W32 c07294 00000000 tilemap
A 000452 W32 c07298 00000000 tilemap
A 000452 W32 c0729c 00000000 tilemap
A 000452 W32 c072a0 00000000 tilemap
A 000452 W32 c072a4 00000000 tilemap
A 000452 W32 c072a8 00000000 tilemap
A 000452 W32 c072ac 00000000 tilemap
A 000452 W32 c072b0 00000000 tilemap
A 000452 W32 c072b4 00000000 tilemap
A 000452 W32 c072b8 00000000 tilemap
A 000452 W32 c072bc 00000000 tilemap
A 000452 W32 c072c0 00000000 tilemap
A 000452 W32 c072c4 00000000 tilemap
A 000452 W32 c072c8 00000000 tilemap
A 000452 W32 c072cc 00000000 tilemap
A 000452 W32 c072d0 00000000 tilemap
A 000452 W32 c072d4 00000000 tilemap
A 000452 W32 c072d8 00000000 tilemap
A 000452 W32 c072dc 00000000 tilemap
A 000452 W32 c072e0 00000000 tilemap
A 000452 W32 c072e4 00000000 tilemap
A 000452 W32 c072e8 00000000 tilemap
A 000452 W32 c072ec 00000000 tilemap
A 000452 W32 c072f0 00000000 tilemap
A 000452 W32 c072f4 00000000 tilemap
A 000452 W32 c072f8 00000000 tilemap
A 000452 W32 c072fc 00000000 tilemap
A 000452 W32 c07300 00000000 tilemap
A 000452 W32 c07304 00000000 tilemap
A 000452 W32 c07308 00000000 tilemap
A 000452 W32 c0730c 00000000 tilemap
A 000452 W32 c07310 00000000 tilemap
A 000452 W32 c07314 00000000 tilemap
A 000452 W32 c07318 00000000 tilemap
A 000452 W32 c0731c 00000000 tilemap
A 000452 W32 c07320 00000000 tilemap
A 000452 W32 c07324 00000000 tilemap
A 000452 W32 c07328 00000000 tilemap
A 000452 W32 c0732c 00000000 tilemap
A 000452 W32 c07330 00000000 tilemap
A 000452 W32 c07334 00000000 tilemap
A 000452 W32 c07338 00000000 tilemap
A 000452 W32 c0733c 00000000 tilemap
A 000452 W32 c07340 00000000 tilemap
A 000452 W32 c07344 00000000 tilemap
A 000452 W32 c07348 00000000 tilemap
A 000452 W32 c0734c 00000000 tilemap
A 000452 W32 c07350 00000000 tilemap
A 000452 W32 c07354 00000000 tilemap
A 000452 W32 c07358 00000000 tilemap
A 000452 W32 c0735c 00000000 tilemap
A 000452 W32 c07360 00000000 tilemap
A 000452 W32 c07364 00000000 tilemap
A 000452 W32 c07368 00000000 tilemap
A 000452 W32 c0736c 00000000 tilemap
A 000452 W32 c07370 00000000 tilemap
A 000452 W32 c07374 00000000 tilemap
A 000452 W32 c07378 00000000 tilemap
A 000452 W32 c0737c 00000000 tilemap
A 000452 W32 c07380 00000000 tilemap
A 000452 W32 c07384 00000000 tilemap
A 000452 W32 c07388 00000000 tilemap
A 000452 W32 c0738c 00000000 tilemap
A 000452 W32 c07390 00000000 tilemap
A 000452 W32 c07394 00000000 tilemap
A 000452 W32 c07398 00000000 tilemap
A 000452 W32 c0739c 00000000 tilemap
A 000452 W32 c073a0 00000000 tilemap
A 000452 W32 c073a4 00000000 tilemap
A 000452 W32 c073a8 00000000 tilemap
A 000452 W32 c073ac 00000000 tilemap
A 000452 W32 c073b0 00000000 tilemap
A 000452 W32 c073b4 00000000 tilemap
A 000452 W32 c073b8 00000000 tilemap
A 000452 W32 c073bc 00000000 tilemap
A 000452 W32 c073c0 00000000 tilemap
A 000452 W32 c073c4 00000000 tilemap
A 000452 W32 c073c8 00000000 tilemap
A 000452 W32 c073cc 00000000 tilemap
A 000452 W32 c073d0 00000000 tilemap
A 000452 W32 c073d4 00000000 tilemap
A 000452 W32 c073d8 00000000 tilemap
A 000452 W32 c073dc 00000000 tilemap
A 000452 W32 c073e0 00000000 tilemap
A 000452 W32 c073e4 00000000 tilemap
A 000452 W32 c073e8 00000000 tilemap
A 000452 W32 c073ec 00000000 tilemap
A 000452 W32 c073f0 00000000 tilemap
A 000452 W32 c073f4 00000000 tilemap
A 000452 W32 c073f8 00000000 tilemap
A 000452 W32 c073fc 00000000 tilemap
A 000452 W32 c07400 00000000 tilemap
A 000452 W32 c07404 00000000 tilemap
A 000452 W32 c07408 00000000 tilemap
A 000452 W32 c0740c 00000000 tilemap
A 000452 W32 c07410 00000000 tilemap
A 000452 W32 c07414 00000000 tilemap
A 000452 W32 c07418 00000000 tilemap
A 000452 W32 c0741c 00000000 tilemap
A 000452 W32 c07420 00000000 tilemap
A 000452 W32 c07424 00000000 tilemap
A 000452 W32 c07428 00000000 tilemap
A 000452 W32 c0742c 00000000 tilemap
A 000452 W32 c07430 00000000 tilemap
A 000452 W32 c07434 00000000 tilemap
A 000452 W32 c07438 00000000 tilemap
A 000452 W32 c0743c 00000000 tilemap
A 000452 W32 c07440 00000000 tilemap
A 000452 W32 c07444 00000000 tilemap
A 000452 W32 c07448 00000000 tilemap
A 000452 W32 c0744c 00000000 tilemap
A 000452 W32 c07450 00000000 tilemap
A 000452 W32 c07454 00000000 tilemap
A 000452 W32 c07458 00000000 tilemap
A 000452 W32 c0745c 00000000 tilemap
A 000452 W32 c07460 00000000 tilemap
A 000452 W32 c07464 00000000 tilemap
A 000452 W32 c07468 00000000 tilemap
A 000452 W32 c0746c 00000000 tilemap
A 000452 W32 c07470 00000000 tilemap
A 000452 W32 c07474 00000000 tilemap
A 000452 W32 c07478 00000000 tilemap
A 000452 W32 c0747c 00000000 tilemap
A 000452 W32 c07480 00000000 tilemap
A 000452 W32 c07484 00000000 tilemap
A 000452 W32 c07488 00000000 tilemap
A 000452 W32 c0748c 00000000 tilemap
A 000452 W32 c07490 00000000 tilemap
A 000452 W32 c07494 00000000 tilemap
A 000452 W32 c07498 00000000 tilemap
A 000452 W32 c0749c 00000000 tilemap
A 000452 W32 c074a0 00000000 tilemap
A 000452 W32 c074a4 00000000 tilemap
A 000452 W32 c074a8 00000000 tilemap
A 000452 W32 c074ac 00000000 tilemap
A 000452 W32 c074b0 00000000 tilemap
A 000452 W32 c074b4 00000000 tilemap
A 000452 W32 c074b8 00000000 tilemap
A 000452 W32 c074bc 00000000 tilemap
A 000452 W32 c074c0 00000000 tilemap
A 000452 W32 c074c4 00000000 tilemap
A 000452 W32 c074c8 00000000 tilemap
A 000452 W32 c074cc 00000000 tilemap
A 000452 W32 c074d0 00000000 tilemap
A 000452 W32 c074d4 00000000 tilemap
A 000452 W32 c074d8 00000000 tilemap
A 000452 W32 c074dc 00000000 tilemap
A 000452 W32 c074e0 00000000 tilemap
A 000452 W32 c074e4 00000000 tilemap
A 000452 W32 c074e8 00000000 tilemap
A 000452 W32 c074ec 00000000 tilemap
A 000452 W32 c074f0 00000000 tilemap
A 000452 W32 c074f4 00000000 tilemap
A 000452 W32 c074f8 00000000 tilemap
A 000452 W32 c074fc 00000000 tilemap
A 000452 W32 c07500 00000000 tilemap
A 000452 W32 c07504 00000000 tilemap
A 000452 W32 c07508 00000000 tilemap
A 000452 W32 c0750c 00000000 tilemap
A 000452 W32 c07510 00000000 tilemap
A 000452 W32 c07514 00000000 tilemap
A 000452 W32 c07518 00000000 tilemap
A 000452 W32 c0751c 00000000 tilemap
A 000452 W32 c07520 00000000 tilemap
A 000452 W32 c07524 00000000 tilemap
A 000452 W32 c07528 00000000 tilemap
A 000452 W32 c0752c 00000000 tilemap
A 000452 W32 c07530 00000000 tilemap
A 000452 W32 c07534 00000000 tilemap
A 000452 W32 c07538 00000000 tilemap
A 000452 W32 c0753c 00000000 tilemap
A 000452 W32 c07540 00000000 tilemap
A 000452 W32 c07544 00000000 tilemap
A 000452 W32 c07548 00000000 tilemap
A 000452 W32 c0754c 00000000 tilemap
A 000452 W32 c07550 00000000 tilemap
A 000452 W32 c07554 00000000 tilemap
A 000452 W32 c07558 00000000 tilemap
A 000452 W32 c0755c 00000000 tilemap
A 000452 W32 c07560 00000000 tilemap
A 000452 W32 c07564 00000000 tilemap
A 000452 W32 c07568 00000000 tilemap
A 000452 W32 c0756c 00000000 tilemap
A 000452 W32 c07570 00000000 tilemap
A 000452 W32 c07574 00000000 tilemap
A 000452 W32 c07578 00000000 tilemap
A 000452 W32 c0757c 00000000 tilemap
A 000452 W32 c07580 00000000 tilemap
A 000452 W32 c07584 00000000 tilemap
A 000452 W32 c07588 00000000 tilemap
A 000452 W32 c0758c 00000000 tilemap
A 000452 W32 c07590 00000000 tilemap
A 000452 W32 c07594 00000000 tilemap
A 000452 W32 c07598 00000000 tilemap
A 000452 W32 c0759c 00000000 tilemap
A 000452 W32 c075a0 00000000 tilemap
A 000452 W32 c075a4 00000000 tilemap
A 000452 W32 c075a8 00000000 tilemap
A 000452 W32 c075ac 00000000 tilemap
A 000452 W32 c075b0 00000000 tilemap
A 000452 W32 c075b4 00000000 tilemap
A 000452 W32 c075b8 00000000 tilemap
A 000452 W32 c075bc 00000000 tilemap
A 000452 W32 c075c0 00000000 tilemap
A 000452 W32 c075c4 00000000 tilemap
A 000452 W32 c075c8 00000000 tilemap
A 000452 W32 c075cc 00000000 tilemap
A 000452 W32 c075d0 00000000 tilemap
A 000452 W32 c075d4 00000000 tilemap
A 000452 W32 c075d8 00000000 tilemap
A 000452 W32 c075dc 00000000 tilemap
A 000452 W32 c075e0 00000000 tilemap
A 000452 W32 c075e4 00000000 tilemap
A 000452 W32 c075e8 00000000 tilemap
A 000452 W32 c075ec 00000000 tilemap
A 000452 W32 c075f0 00000000 tilemap
A 000452 W32 c075f4 00000000 tilemap
A 000452 W32 c075f8 00000000 tilemap
A 000452 W32 c075fc 00000000 tilemap
A 000452 W32 c07600 00000000 tilemap
A 000452 W32 c07604 00000000 tilemap
A 000452 W32 c07608 00000000 tilemap
A 000452 W32 c0760c 00000000 tilemap
A 000452 W32 c07610 00000000 tilemap
A 000452 W32 c07614 00000000 tilemap
A 000452 W32 c07618 00000000 tilemap
A 000452 W32 c0761c 00000000 tilemap
A 000452 W32 c07620 00000000 tilemap
A 000452 W32 c07624 00000000 tilemap
A 000452 W32 c07628 00000000 tilemap
A 000452 W32 c0762c 00000000 tilemap
A 000452 W32 c07630 00000000 tilemap
A 000452 W32 c07634 00000000 tilemap
A 000452 W32 c07638 00000000 tilemap
A 000452 W32 c0763c 00000000 tilemap
A 000452 W32 c07640 00000000 tilemap
A 000452 W32 c07644 00000000 tilemap
A 000452 W32 c07648 00000000 tilemap
A 000452 W32 c0764c 00000000 tilemap
A 000452 W32 c07650 00000000 tilemap
A 000452 W32 c07654 00000000 tilemap
A 000452 W32 c07658 00000000 tilemap
A 000452 W32 c0765c 00000000 tilemap
A 000452 W32 c07660 00000000 tilemap
A 000452 W32 c07664 00000000 tilemap
A 000452 W32 c07668 00000000 tilemap
A 000452 W32 c0766c 00000000 tilemap
A 000452 W32 c07670 00000000 tilemap
A 000452 W32 c07674 00000000 tilemap
A 000452 W32 c07678 00000000 tilemap
A 000452 W32 c0767c 00000000 tilemap
A 000452 W32 c07680 00000000 tilemap
A 000452 W32 c07684 00000000 tilemap
A 000452 W32 c07688 00000000 tilemap
A 000452 W32 c0768c 00000000 tilemap
A 000452 W32 c07690 00000000 tilemap
A 000452 W32 c07694 00000000 tilemap
A 000452 W32 c07698 00000000 tilemap
A 000452 W32 c0769c 00000000 tilemap
A 000452 W32 c076a0 00000000 tilemap
A 000452 W32 c076a4 00000000 tilemap
A 000452 W32 c076a8 00000000 tilemap
A 000452 W32 c076ac 00000000 tilemap
A 000452 W32 c076b0 00000000 tilemap
A 000452 W32 c076b4 00000000 tilemap
A 000452 W32 c076b8 00000000 tilemap
A 000452 W32 c076bc 00000000 tilemap
A 000452 W32 c076c0 00000000 tilemap
A 000452 W32 c076c4 00000000 tilemap
A 000452 W32 c076c8 00000000 tilemap
A 000452 W32 c076cc 00000000 tilemap
A 000452 W32 c076d0 00000000 tilemap
A 000452 W32 c076d4 00000000 tilemap
A 000452 W32 c076d8 00000000 tilemap
A 000452 W32 c076dc 00000000 tilemap
A 000452 W32 c076e0 00000000 tilemap
A 000452 W32 c076e4 00000000 tilemap
A 000452 W32 c076e8 00000000 tilemap
A 000452 W32 c076ec 00000000 tilemap
A 000452 W32 c076f0 00000000 tilemap
A 000452 W32 c076f4 00000000 tilemap
A 000452 W32 c076f8 00000000 tilemap
A 000452 W32 c076fc 00000000 tilemap
A 000452 W32 c07700 00000000 tilemap
A 000452 W32 c07704 00000000 tilemap
A 000452 W32 c07708 00000000 tilemap
A 000452 W32 c0770c 00000000 tilemap
A 000452 W32 c07710 00000000 tilemap
A 000452 W32 c07714 00000000 tilemap
A 000452 W32 c07718 00000000 tilemap
A 000452 W32 c0771c 00000000 tilemap
A 000452 W32 c07720 00000000 tilemap
A 000452 W32 c07724 00000000 tilemap
A 000452 W32 c07728 00000000 tilemap
A 000452 W32 c0772c 00000000 tilemap
A 000452 W32 c07730 00000000 tilemap
A 000452 W32 c07734 00000000 tilemap
A 000452 W32 c07738 00000000 tilemap
A 000452 W32 c0773c 00000000 tilemap
A 000452 W32 c07740 00000000 tilemap
A 000452 W32 c07744 00000000 tilemap
A 000452 W32 c07748 00000000 tilemap
A 000452 W32 c0774c 00000000 tilemap
A 000452 W32 c07750 00000000 tilemap
A 000452 W32 c07754 00000000 tilemap
A 000452 W32 c07758 00000000 tilemap
A 000452 W32 c0775c 00000000 tilemap
A 000452 W32 c07760 00000000 tilemap
A 000452 W32 c07764 00000000 tilemap
A 000452 W32 c07768 00000000 tilemap
A 000452 W32 c0776c 00000000 tilemap
A 000452 W32 c07770 00000000 tilemap
A 000452 W32 c07774 00000000 tilemap
A 000452 W32 c07778 00000000 tilemap
A 000452 W32 c0777c 00000000 tilemap
A 000452 W32 c07780 00000000 tilemap
A 000452 W32 c07784 00000000 tilemap
A 000452 W32 c07788 00000000 tilemap
A 000452 W32 c0778c 00000000 tilemap
A 000452 W32 c07790 00000000 tilemap
A 000452 W32 c07794 00000000 tilemap
A 000452 W32 c07798 00000000 tilemap
A 000452 W32 c0779c 00000000 tilemap
A 000452 W32 c077a0 00000000 tilemap
A 000452 W32 c077a4 00000000 tilemap
A 000452 W32 c077a8 00000000 tilemap
A 000452 W32 c077ac 00000000 tilemap
A 000452 W32 c077b0 00000000 tilemap
A 000452 W32 c077b4 00000000 tilemap
A 000452 W32 c077b8 00000000 tilemap
A 000452 W32 c077bc 00000000 tilemap
A 000452 W32 c077c0 00000000 tilemap
A 000452 W32 c077c4 00000000 tilemap
A 000452 W32 c077c8 00000000 tilemap
A 000452 W32 c077cc 00000000 tilemap
A 000452 W32 c077d0 00000000 tilemap
A 000452 W32 c077d4 00000000 tilemap
A 000452 W32 c077d8 00000000 tilemap
A 000452 W32 c077dc 00000000 tilemap
A 000452 W32 c077e0 00000000 tilemap
A 000452 W32 c077e4 00000000 tilemap
A 000452 W32 c077e8 00000000 tilemap
A 000452 W32 c077ec 00000000 tilemap
A 000452 W32 c077f0 00000000 tilemap
A 000452 W32 c077f4 00000000 tilemap
A 000452 W32 c077f8 00000000 tilemap
A 000452 W32 c077fc 00000000 tilemap
A 000452 W32 c07800 00000000 tilemap
A 000452 W32 c07804 00000000 tilemap
A 000452 W32 c07808 00000000 tilemap
A 000452 W32 c0780c 00000000 tilemap
A 000452 W32 c07810 00000000 tilemap
A 000452 W32 c07814 00000000 tilemap
A 000452 W32 c07818 00000000 tilemap
A 000452 W32 c0781c 00000000 tilemap
A 000452 W32 c07820 00000000 tilemap
A 000452 W32 c07824 00000000 tilemap
A 000452 W32 c07828 00000000 tilemap
A 000452 W32 c0782c 00000000 tilemap
A 000452 W32 c07830 00000000 tilemap
A 000452 W32 c07834 00000000 tilemap
A 000452 W32 c07838 00000000 tilemap
A 000452 W32 c0783c 00000000 tilemap
A 000452 W32 c07840 00000000 tilemap
A 000452 W32 c07844 00000000 tilemap
A 000452 W32 c07848 00000000 tilemap
A 000452 W32 c0784c 00000000 tilemap
A 000452 W32 c07850 00000000 tilemap
A 000452 W32 c07854 00000000 tilemap
A 000452 W32 c07858 00000000 tilemap
A 000452 W32 c0785c 00000000 tilemap
A 000452 W32 c07860 00000000 tilemap
A 000452 W32 c07864 00000000 tilemap
A 000452 W32 c07868 00000000 tilemap
A 000452 W32 c0786c 00000000 tilemap
A 000452 W32 c07870 00000000 tilemap
A 000452 W32 c07874 00000000 tilemap
A 000452 W32 c07878 00000000 tilemap
A 000452 W32 c0787c 00000000 tilemap
A 000452 W32 c07880 00000000 tilemap
A 000452 W32 c07884 00000000 tilemap
A 000452 W32 c07888 00000000 tilemap
A 000452 W32 c0788c 00000000 tilemap
A 000452 W32 c07890 00000000 tilemap
A 000452 W32 c07894 00000000 tilemap
A 000452 W32 c07898 00000000 tilemap
A 000452 W32 c0789c 00000000 tilemap
A 000452 W32 c078a0 00000000 tilemap
A 000452 W32 c078a4 00000000 tilemap
A 000452 W32 c078a8 00000000 tilemap
A 000452 W32 c078ac 00000000 tilemap
A 000452 W32 c078b0 00000000 tilemap
A 000452 W32 c078b4 00000000 tilemap
A 000452 W32 c078b8 00000000 tilemap
A 000452 W32 c078bc 00000000 tilemap
A 000452 W32 c078c0 00000000 tilemap
A 000452 W32 c078c4 00000000 tilemap
A 000452 W32 c078c8 00000000 tilemap
A 000452 W32 c078cc 00000000 tilemap
A 000452 W32 c078d0 00000000 tilemap
A 000452 W32 c078d4 00000000 tilemap
A 000452 W32 c078d8 00000000 tilemap
A 000452 W32 c078dc 00000000 tilemap
A 000452 W32 c078e0 00000000 tilemap
A 000452 W32 c078e4 00000000 tilemap
A 000452 W32 c078e8 00000000 tilemap
A 000452 W32 c078ec 00000000 tilemap
A 000452 W32 c078f0 00000000 tilemap
A 000452 W32 c078f4 00000000 tilemap
A 000452 W32 c078f8 00000000 tilemap
A 000452 W32 c078fc 00000000 tilemap
A 000452 W32 c07900 00000000 tilemap
A 000452 W32 c07904 00000000 tilemap
A 000452 W32 c07908 00000000 tilemap
A 000452 W32 c0790c 00000000 tilemap
A 000452 W32 c07910 00000000 tilemap
A 000452 W32 c07914 00000000 tilemap
A 000452 W32 c07918 00000000 tilemap
A 000452 W32 c0791c 00000000 tilemap
A 000452 W32 c07920 00000000 tilemap
A 000452 W32 c07924 00000000 tilemap
A 000452 W32 c07928 00000000 tilemap
A 000452 W32 c0792c 00000000 tilemap
A 000452 W32 c07930 00000000 tilemap
A 000452 W32 c07934 00000000 tilemap
A 000452 W32 c07938 00000000 tilemap
A 000452 W32 c0793c 00000000 tilemap
A 000452 W32 c07940 00000000 tilemap
A 000452 W32 c07944 00000000 tilemap
A 000452 W32 c07948 00000000 tilemap
A 000452 W32 c0794c 00000000 tilemap
A 000452 W32 c07950 00000000 tilemap
A 000452 W32 c07954 00000000 tilemap
A 000452 W32 c07958 00000000 tilemap
A 000452 W32 c0795c 00000000 tilemap
A 000452 W32 c07960 00000000 tilemap
A 000452 W32 c07964 00000000 tilemap
A 000452 W32 c07968 00000000 tilemap
A 000452 W32 c0796c 00000000 tilemap
A 000452 W32 c07970 00000000 tilemap
A 000452 W32 c07974 00000000 tilemap
A 000452 W32 c07978 00000000 tilemap
A 000452 W32 c0797c 00000000 tilemap
A 000452 W32 c07980 00000000 tilemap
A 000452 W32 c07984 00000000 tilemap
A 000452 W32 c07988 00000000 tilemap
A 000452 W32 c0798c 00000000 tilemap
A 000452 W32 c07990 00000000 tilemap
A 000452 W32 c07994 00000000 tilemap
A 000452 W32 c07998 00000000 tilemap
A 000452 W32 c0799c 00000000 tilemap
A 000452 W32 c079a0 00000000 tilemap
A 000452 W32 c079a4 00000000 tilemap
A 000452 W32 c079a8 00000000 tilemap
A 000452 W32 c079ac 00000000 tilemap
A 000452 W32 c079b0 00000000 tilemap
A 000452 W32 c079b4 00000000 tilemap
A 000452 W32 c079b8 00000000 tilemap
A 000452 W32 c079bc 00000000 tilemap
A 000452 W32 c079c0 00000000 tilemap
A 000452 W32 c079c4 00000000 tilemap
A 000452 W32 c079c8 00000000 tilemap
A 000452 W32 c079cc 00000000 tilemap
A 000452 W32 c079d0 00000000 tilemap
A 000452 W32 c079d4 00000000 tilemap
A 000452 W32 c079d8 00000000 tilemap
A 000452 W32 c079dc 00000000 tilemap
A 000452 W32 c079e0 00000000 tilemap
A 000452 W32 c079e4 00000000 tilemap
A 000452 W32 c079e8 00000000 tilemap
A 000452 W32 c079ec 00000000 tilemap
A 000452 W32 c079f0 00000000 tilemap
A 000452 W32 c079f4 00000000 tilemap
A 000452 W32 c079f8 00000000 tilemap
A 000452 W32 c079fc 00000000 tilemap
A 000452 W32 c07a00 00000000 tilemap
A 000452 W32 c07a04 00000000 tilemap
A 000452 W32 c07a08 00000000 tilemap
A 000452 W32 c07a0c 00000000 tilemap
A 000452 W32 c07a10 00000000 tilemap
A 000452 W32 c07a14 00000000 tilemap
A 000452 W32 c07a18 00000000 tilemap
A 000452 W32 c07a1c 00000000 tilemap
A 000452 W32 c07a20 00000000 tilemap
A 000452 W32 c07a24 00000000 tilemap
A 000452 W32 c07a28 00000000 tilemap
A 000452 W32 c07a2c 00000000 tilemap
A 000452 W32 c07a30 00000000 tilemap
A 000452 W32 c07a34 00000000 tilemap
A 000452 W32 c07a38 00000000 tilemap
A 000452 W32 c07a3c 00000000 tilemap
A 000452 W32 c07a40 00000000 tilemap
A 000452 W32 c07a44 00000000 tilemap
A 000452 W32 c07a48 00000000 tilemap
A 000452 W32 c07a4c 00000000 tilemap
A 000452 W32 c07a50 00000000 tilemap
A 000452 W32 c07a54 00000000 tilemap
A 000452 W32 c07a58 00000000 tilemap
A 000452 W32 c07a5c 00000000 tilemap
A 000452 W32 c07a60 00000000 tilemap
A 000452 W32 c07a64 00000000 tilemap
A 000452 W32 c07a68 00000000 tilemap
A 000452 W32 c07a6c 00000000 tilemap
A 000452 W32 c07a70 00000000 tilemap
A 000452 W32 c07a74 00000000 tilemap
A 000452 W32 c07a78 00000000 tilemap
A 000452 W32 c07a7c 00000000 tilemap
A 000452 W32 c07a80 00000000 tilemap
A 000452 W32 c07a84 00000000 tilemap
A 000452 W32 c07a88 00000000 tilemap
A 000452 W32 c07a8c 00000000 tilemap
A 000452 W32 c07a90 00000000 tilemap
A 000452 W32 c07a94 00000000 tilemap
A 000452 W32 c07a98 00000000 tilemap
A 000452 W32 c07a9c 00000000 tilemap
A 000452 W32 c07aa0 00000000 tilemap
A 000452 W32 c07aa4 00000000 tilemap
A 000452 W32 c07aa8 00000000 tilemap
A 000452 W32 c07aac 00000000 tilemap
A 000452 W32 c07ab0 00000000 tilemap
A 000452 W32 c07ab4 00000000 tilemap
A 000452 W32 c07ab8 00000000 tilemap
A 000452 W32 c07abc 00000000 tilemap
A 000452 W32 c07ac0 00000000 tilemap
A 000452 W32 c07ac4 00000000 tilemap
A 000452 W32 c07ac8 00000000 tilemap
A 000452 W32 c07acc 00000000 tilemap
A 000452 W32 c07ad0 00000000 tilemap
A 000452 W32 c07ad4 00000000 tilemap
A 000452 W32 c07ad8 00000000 tilemap
A 000452 W32 c07adc 00000000 tilemap
A 000452 W32 c07ae0 00000000 tilemap
A 000452 W32 c07ae4 00000000 tilemap
A 000452 W32 c07ae8 00000000 tilemap
A 000452 W32 c07aec 00000000 tilemap
A 000452 W32 c07af0 00000000 tilemap
A 000452 W32 c07af4 00000000 tilemap
A 000452 W32 c07af8 00000000 tilemap
A 000452 W32 c07afc 00000000 tilemap
A 000452 W32 c07b00 00000000 tilemap
A 000452 W32 c07b04 00000000 tilemap
A 000452 W32 c07b08 00000000 tilemap
A 000452 W32 c07b0c 00000000 tilemap
A 000452 W32 c07b10 00000000 tilemap
A 000452 W32 c07b14 00000000 tilemap
A 000452 W32 c07b18 00000000 tilemap
A 000452 W32 c07b1c 00000000 tilemap
A 000452 W32 c07b20 00000000 tilemap
A 000452 W32 c07b24 00000000 tilemap
A 000452 W32 c07b28 00000000 tilemap
A 000452 W32 c07b2c 00000000 tilemap
A 000452 W32 c07b30 00000000 tilemap
A 000452 W32 c07b34 00000000 tilemap
A 000452 W32 c07b38 00000000 tilemap
A 000452 W32 c07b3c 00000000 tilemap
A 000452 W32 c07b40 00000000 tilemap
A 000452 W32 c07b44 00000000 tilemap
A 000452 W32 c07b48 00000000 tilemap
A 000452 W32 c07b4c 00000000 tilemap
A 000452 W32 c07b50 00000000 tilemap
A 000452 W32 c07b54 00000000 tilemap
A 000452 W32 c07b58 00000000 tilemap
A 000452 W32 c07b5c 00000000 tilemap
A 000452 W32 c07b60 00000000 tilemap
A 000452 W32 c07b64 00000000 tilemap
A 000452 W32 c07b68 00000000 tilemap
A 000452 W32 c07b6c 00000000 tilemap
A 000452 W32 c07b70 00000000 tilemap
A 000452 W32 c07b74 00000000 tilemap
A 000452 W32 c07b78 00000000 tilemap
A 000452 W32 c07b7c 00000000 tilemap
A 000452 W32 c07b80 00000000 tilemap
A 000452 W32 c07b84 00000000 tilemap
A 000452 W32 c07b88 00000000 tilemap
A 000452 W32 c07b8c 00000000 tilemap
A 000452 W32 c07b90 00000000 tilemap
A 000452 W32 c07b94 00000000 tilemap
A 000452 W32 c07b98 00000000 tilemap
A 000452 W32 c07b9c 00000000 tilemap
A 000452 W32 c07ba0 00000000 tilemap
A 000452 W32 c07ba4 00000000 tilemap
A 000452 W32 c07ba8 00000000 tilemap
A 000452 W32 c07bac 00000000 tilemap
A 000452 W32 c07bb0 00000000 tilemap
A 000452 W32 c07bb4 00000000 tilemap
A 000452 W32 c07bb8 00000000 tilemap
A 000452 W32 c07bbc 00000000 tilemap
A 000452 W32 c07bc0 00000000 tilemap
A 000452 W32 c07bc4 00000000 tilemap
A 000452 W32 c07bc8 00000000 tilemap
A 000452 W32 c07bcc 00000000 tilemap
A 000452 W32 c07bd0 00000000 tilemap
A 000452 W32 c07bd4 00000000 tilemap
A 000452 W32 c07bd8 00000000 tilemap
A 000452 W32 c07bdc 00000000 tilemap
A 000452 W32 c07be0 00000000 tilemap
A 000452 W32 c07be4 00000000 tilemap
A 000452 W32 c07be8 00000000 tilemap
A 000452 W32 c07bec 00000000 tilemap
A 000452 W32 c07bf0 00000000 tilemap
A 000452 W32 c07bf4 00000000 tilemap
A 000452 W32 c07bf8 00000000 tilemap
A 000452 W32 c07bfc 00000000 tilemap
A 000452 W32 c07c00 00000000 tilemap
A 000452 W32 c07c04 00000000 tilemap
A 000452 W32 c07c08 00000000 tilemap
A 000452 W32 c07c0c 00000000 tilemap
A 000452 W32 c07c10 00000000 tilemap
A 000452 W32 c07c14 00000000 tilemap
A 000452 W32 c07c18 00000000 tilemap
A 000452 W32 c07c1c 00000000 tilemap
A 000452 W32 c07c20 00000000 tilemap
A 000452 W32 c07c24 00000000 tilemap
A 000452 W32 c07c28 00000000 tilemap
A 000452 W32 c07c2c 00000000 tilemap
A 000452 W32 c07c30 00000000 tilemap
A 000452 W32 c07c34 00000000 tilemap
A 000452 W32 c07c38 00000000 tilemap
A 000452 W32 c07c3c 00000000 tilemap
A 000452 W32 c07c40 00000000 tilemap
A 000452 W32 c07c44 00000000 tilemap
A 000452 W32 c07c48 00000000 tilemap
A 000452 W32 c07c4c 00000000 tilemap
A 000452 W32 c07c50 00000000 tilemap
A 000452 W32 c07c54 00000000 tilemap
A 000452 W32 c07c58 00000000 tilemap
A 000452 W32 c07c5c 00000000 tilemap
A 000452 W32 c07c60 00000000 tilemap
A 000452 W32 c07c64 00000000 tilemap
A 000452 W32 c07c68 00000000 tilemap
A 000452 W32 c07c6c 00000000 tilemap
A 000452 W32 c07c70 00000000 tilemap
A 000452 W32 c07c74 00000000 tilemap
A 000452 W32 c07c78 00000000 tilemap
A 000452 W32 c07c7c 00000000 tilemap
A 000452 W32 c07c80 00000000 tilemap
A 000452 W32 c07c84 00000000 tilemap
A 000452 W32 c07c88 00000000 tilemap
A 000452 W32 c07c8c 00000000 tilemap
A 000452 W32 c07c90 00000000 tilemap
A 000452 W32 c07c94 00000000 tilemap
A 000452 W32 c07c98 00000000 tilemap
A 000452 W32 c07c9c 00000000 tilemap
A 000452 W32 c07ca0 00000000 tilemap
A 000452 W32 c07ca4 00000000 tilemap
A 000452 W32 c07ca8 00000000 tilemap
A 000452 W32 c07cac 00000000 tilemap
A 000452 W32 c07cb0 00000000 tilemap
A 000452 W32 c07cb4 00000000 tilemap
A 000452 W32 c07cb8 00000000 tilemap
A 000452 W32 c07cbc 00000000 tilemap
A 000452 W32 c07cc0 00000000 tilemap
A 000452 W32 c07cc4 00000000 tilemap
A 000452 W32 c07cc8 00000000 tilemap
A 000452 W32 c07ccc 00000000 tilemap
A 000452 W32 c07cd0 00000000 tilemap
A 000452 W32 c07cd4 00000000 tilemap
A 000452 W32 c07cd8 00000000 tilemap
A 000452 W32 c07cdc 00000000 tilemap
A 000452 W32 c07ce0 00000000 tilemap
A 000452 W32 c07ce4 00000000 tilemap
A 000452 W32 c07ce8 00000000 tilemap
A 000452 W32 c07cec 00000000 tilemap
A 000452 W32 c07cf0 00000000 tilemap
A 000452 W32 c07cf4 00000000 tilemap
A 000452 W32 c07cf8 00000000 tilemap
A 000452 W32 c07cfc 00000000 tilemap
A 000452 W32 c07d00 00000000 tilemap
A 000452 W32 c07d04 00000000 tilemap
A 000452 W32 c07d08 00000000 tilemap
A 000452 W32 c07d0c 00000000 tilemap
A 000452 W32 c07d10 00000000 tilemap
A 000452 W32 c07d14 00000000 tilemap
A 000452 W32 c07d18 00000000 tilemap
A 000452 W32 c07d1c 00000000 tilemap
A 000452 W32 c07d20 00000000 tilemap
A 000452 W32 c07d24 00000000 tilemap
A 000452 W32 c07d28 00000000 tilemap
A 000452 W32 c07d2c 00000000 tilemap
A 000452 W32 c07d30 00000000 tilemap
A 000452 W32 c07d34 00000000 tilemap
A 000452 W32 c07d38 00000000 tilemap
A 000452 W32 c07d3c 00000000 tilemap
A 000452 W32 c07d40 00000000 tilemap
A 000452 W32 c07d44 00000000 tilemap
A 000452 W32 c07d48 00000000 tilemap
A 000452 W32 c07d4c 00000000 tilemap
A 000452 W32 c07d50 00000000 tilemap
A 000452 W32 c07d54 00000000 tilemap
A 000452 W32 c07d58 00000000 tilemap
A 000452 W32 c07d5c 00000000 tilemap
A 000452 W32 c07d60 00000000 tilemap
A 000452 W32 c07d64 00000000 tilemap
A 000452 W32 c07d68 00000000 tilemap
A 000452 W32 c07d6c 00000000 tilemap
A 000452 W32 c07d70 00000000 tilemap
A 000452 W32 c07d74 00000000 tilemap
A 000452 W32 c07d78 00000000 tilemap
A 000452 W32 c07d7c 00000000 tilemap
A 000452 W32 c07d80 00000000 tilemap
A 000452 W32 c07d84 00000000 tilemap
A 000452 W32 c07d88 00000000 tilemap
A 000452 W32 c07d8c 00000000 tilemap
A 000452 W32 c07d90 00000000 tilemap
A 000452 W32 c07d94 00000000 tilemap
A 000452 W32 c07d98 00000000 tilemap
A 000452 W32 c07d9c 00000000 tilemap
A 000452 W32 c07da0 00000000 tilemap
A 000452 W32 c07da4 00000000 tilemap
A 000452 W32 c07da8 00000000 tilemap
A 000452 W32 c07dac 00000000 tilemap
A 000452 W32 c07db0 00000000 tilemap
A 000452 W32 c07db4 00000000 tilemap
A 000452 W32 c07db8 00000000 tilemap
A 000452 W32 c07dbc 00000000 tilemap
A 000452 W32 c07dc0 00000000 tilemap
A 000452 W32 c07dc4 00000000 tilemap
A 000452 W32 c07dc8 00000000 tilemap
A 000452 W32 c07dcc 00000000 tilemap
A 000452 W32 c07dd0 00000000 tilemap
A 000452 W32 c07dd4 00000000 tilemap
A 000452 W32 c07dd8 00000000 tilemap
A 000452 W32 c07ddc 00000000 tilemap
A 000452 W32 c07de0 00000000 tilemap
A 000452 W32 c07de4 00000000 tilemap
A 000452 W32 c07de8 00000000 tilemap
A 000452 W32 c07dec 00000000 tilemap
A 000452 W32 c07df0 00000000 tilemap
A 000452 W32 c07df4 00000000 tilemap
A 000452 W32 c07df8 00000000 tilemap
A 000452 W32 c07dfc 00000000 tilemap
A 000452 W32 c07e00 00000000 tilemap
A 000452 W32 c07e04 00000000 tilemap
A 000452 W32 c07e08 00000000 tilemap
A 000452 W32 c07e0c 00000000 tilemap
A 000452 W32 c07e10 00000000 tilemap
A 000452 W32 c07e14 00000000 tilemap
A 000452 W32 c07e18 00000000 tilemap
A 000452 W32 c07e1c 00000000 tilemap
A 000452 W32 c07e20 00000000 tilemap
A 000452 W32 c07e24 00000000 tilemap
A 000452 W32 c07e28 00000000 tilemap
A 000452 W32 c07e2c 00000000 tilemap
A 000452 W32 c07e30 00000000 tilemap
A 000452 W32 c07e34 00000000 tilemap
A 000452 W32 c07e38 00000000 tilemap
A 000452 W32 c07e3c 00000000 tilemap
A 000452 W32 c07e40 00000000 tilemap
A 000452 W32 c07e44 00000000 tilemap
A 000452 W32 c07e48 00000000 tilemap
A 000452 W32 c07e4c 00000000 tilemap
A 000452 W32 c07e50 00000000 tilemap
A 000452 W32 c07e54 00000000 tilemap
A 000452 W32 c07e58 00000000 tilemap
A 000452 W32 c07e5c 00000000 tilemap
A 000452 W32 c07e60 00000000 tilemap
A 000452 W32 c07e64 00000000 tilemap
A 000452 W32 c07e68 00000000 tilemap
A 000452 W32 c07e6c 00000000 tilemap
A 000452 W32 c07e70 00000000 tilemap
A 000452 W32 c07e74 00000000 tilemap
A 000452 W32 c07e78 00000000 tilemap
A 000452 W32 c07e7c 00000000 tilemap
A 000452 W32 c07e80 00000000 tilemap
A 000452 W32 c07e84 00000000 tilemap
A 000452 W32 c07e88 00000000 tilemap
A 000452 W32 c07e8c 00000000 tilemap
A 000452 W32 c07e90 00000000 tilemap
A 000452 W32 c07e94 00000000 tilemap
A 000452 W32 c07e98 00000000 tilemap
A 000452 W32 c07e9c 00000000 tilemap
A 000452 W32 c07ea0 00000000 tilemap
A 000452 W32 c07ea4 00000000 tilemap
A 000452 W32 c07ea8 00000000 tilemap
A 000452 W32 c07eac 00000000 tilemap
A 000452 W32 c07eb0 00000000 tilemap
A 000452 W32 c07eb4 00000000 tilemap
A 000452 W32 c07eb8 00000000 tilemap
A 000452 W32 c07ebc 00000000 tilemap
A 000452 W32 c07ec0 00000000 tilemap
A 000452 W32 c07ec4 00000000 tilemap
A 000452 W32 c07ec8 00000000 tilemap
A 000452 W32 c07ecc 00000000 tilemap
A 000452 W32 c07ed0 00000000 tilemap
A 000452 W32 c07ed4 00000000 tilemap
A 000452 W32 c07ed8 00000000 tilemap
A 000452 W32 c07edc 00000000 tilemap
A 000452 W32 c07ee0 00000000 tilemap
A 000452 W32 c07ee4 00000000 tilemap
A 000452 W32 c07ee8 00000000 tilemap
A 000452 W32 c07eec 00000000 tilemap
A 000452 W32 c07ef0 00000000 tilemap
A 000452 W32 c07ef4 00000000 tilemap
A 000452 W32 c07ef8 00000000 tilemap
A 000452 W32 c07efc 00000000 tilemap
A 000452 W32 c07f00 00000000 tilemap
A 000452 W32 c07f04 00000000 tilemap
A 000452 W32 c07f08 00000000 tilemap
A 000452 W32 c07f0c 00000000 tilemap
A 000452 W32 c07f10 00000000 tilemap
A 000452 W32 c07f14 00000000 tilemap
A 000452 W32 c07f18 00000000 tilemap
A 000452 W32 c07f1c 00000000 tilemap
A 000452 W32 c07f20 00000000 tilemap
A 000452 W32 c07f24 00000000 tilemap
A 000452 W32 c07f28 00000000 tilemap
A 000452 W32 c07f2c 00000000 tilemap
A 000452 W32 c07f30 00000000 tilemap
A 000452 W32 c07f34 00000000 tilemap
A 000452 W32 c07f38 00000000 tilemap
A 000452 W32 c07f3c 00000000 tilemap
A 000452 W32 c07f40 00000000 tilemap
A 000452 W32 c07f44 00000000 tilemap
A 000452 W32 c07f48 00000000 tilemap
A 000452 W32 c07f4c 00000000 tilemap
A 000452 W32 c07f50 00000000 tilemap
A 000452 W32 c07f54 00000000 tilemap
A 000452 W32 c07f58 00000000 tilemap
A 000452 W32 c07f5c 00000000 tilemap
A 000452 W32 c07f60 00000000 tilemap
A 000452 W32 c07f64 00000000 tilemap
A 000452 W32 c07f68 00000000 tilemap
A 000452 W32 c07f6c 00000000 tilemap
A 000452 W32 c07f70 00000000 tilemap
A 000452 W32 c07f74 00000000 tilemap
A 000452 W32 c07f78 00000000 tilemap
A 000452 W32 c07f7c 00000000 tilemap
A 000452 W32 c07f80 00000000 tilemap
A 000452 W32 c07f84 00000000 tilemap
A 000452 W32 c07f88 00000000 tilemap
A 000452 W32 c07f8c 00000000 tilemap
A 000452 W32 c07f90 00000000 tilemap
A 000452 W32 c07f94 00000000 tilemap
A 000452 W32 c07f98 00000000 tilemap
A 000452 W32 c07f9c 00000000 tilemap
A 000452 W32 c07fa0 00000000 tilemap
A 000452 W32 c07fa4 00000000 tilemap
A 000452 W32 c07fa8 00000000 tilemap
A 000452 W32 c07fac 00000000 tilemap
A 000452 W32 c07fb0 00000000 tilemap
A 000452 W32 c07fb4 00000000 tilemap
A 000452 W32 c07fb8 00000000 tilemap
A 000452 W32 c07fbc 00000000 tilemap
A 000452 W32 c07fc0 00000000 tilemap
A 000452 W32 c07fc4 00000000 tilemap
A 000452 W32 c07fc8 00000000 tilemap
A 000452 W32 c07fcc 00000000 tilemap
A 000452 W32 c07fd0 00000000 tilemap
A 000452 W32 c07fd4 00000000 tilemap
A 000452 W32 c07fd8 00000000 tilemap
A 000452 W32 c07fdc 00000000 tilemap
A 000452 W32 c07fe0 00000000 tilemap
A 000452 W32 c07fe4 00000000 tilemap
A 000452 W32 c07fe8 00000000 tilemap
A 000452 W32 c07fec 00000000 tilemap
A 000452 W32 c07ff0 00000000 tilemap
A 000452 W32 c07ff4 00000000 tilemap
A 000452 W32 c07ff8 00000000 tilemap
A 000452 W32 c07ffc 00000000 tilemap
A 00046e W16 100000 0001 work_low
A 00046e W16 100002 0006 work_low
A 00046e W16 100004 001f work_low
A 00046e W16 100006 009c work_low
A 00046e W16 100008 030d work_low
A 00046e W16 10000a 0f42 work_low
A 00046e W16 10000c 4c4b work_low
A 00046e W16 10000e 7d78 work_low
A 00046e W16 100010 7359 work_low
A 00046e W16 100012 40be work_low
A 00046e W16 100014 43b7 work_low
A 00046e W16 100016 5294 work_low
A 00046e W16 100018 9ce5 work_low
A 00046e W16 10001a 107a work_low
A 00046e W16 10001c 5263 work_low
A 00046e W16 10001e 9bf0 work_low
A 00046e W16 100020 0bb1 work_low
A 00046e W16 100022 3a76 work_low
A 00046e W16 100024 244f work_low
A 00046e W16 100026 b58c work_low
A 00046e W16 100028 8bbd work_low
A 00046e W16 10002a bab2 work_low
A 00046e W16 10002c a57b work_low
A 00046e W16 10002e 3b68 work_low
A 00046e W16 100030 2909 work_low
A 00046e W16 100032 cd2e work_low
A 00046e W16 100034 01e7 work_low
A 00046e W16 100036 0984 work_low
A 00046e W16 100038 2f95 work_low
A 00046e W16 10003a edea work_low
A 00046e W16 10003c a593 work_low
A 00046e W16 10003e 3be0 work_low
A 00046e W16 100040 2b61 work_low
A 00046e W16 100042 d8e6 work_low
A 00046e W16 100044 3c7f work_low
A 00046e W16 100046 2e7c work_low
A 00046e W16 100048 e86d work_low
A 00046e W16 10004a 8a22 work_low
A 00046e W16 10004c b2ab work_low
A 00046e W16 10004e 7d58 work_low
A 00046e W16 100050 72b9 work_low
A 00046e W16 100052 3d9e work_low
A 00046e W16 100054 3417 work_low
A 00046e W16 100056 0474 work_low
A 00046e W16 100058 1645 work_low
A 00046e W16 10005a 6f5a work_low
A 00046e W16 10005c 2cc3 work_low
A 00046e W16 10005e dfd0 work_low
A 00046e W16 100060 5f11 work_low
A 00046e W16 100062 db56 work_low
A 00046e W16 100064 48af work_low
A 00046e W16 100066 6b6c work_low
A 00046e W16 100068 191d work_low
A 00046e W16 10006a 7d92 work_low
A 00046e W16 10006c 73db work_low
A 00046e W16 10006e 4348 work_low
A 00046e W16 100070 5069 work_low
A 00046e W16 100072 920e work_low
A 00046e W16 100074 da47 work_low
A 00046e W16 100076 4364 work_low
A 00046e W16 100078 50f5 work_low
A 00046e W16 10007a 94ca work_low
A 00046e W16 10007c e7f3 work_low
A 00046e W16 10007e 87c0 work_low
A 00046e W16 100080 a6c1 work_low
A 00046e W16 100082 41c6 work_low
A 00046e W16 100084 48df work_low
A 00046e W16 100086 6c5c work_low
A 00046e W16 100088 1dcd work_low
A 00046e W16 10008a 9502 work_low
A 00046e W16 10008c e90b work_low
A 00046e W16 10008e 8d38 work_low
A 00046e W16 100090 c219 work_low
A 00046e W16 100092 ca7e work_low
A 00046e W16 100094 f477 work_low
A 00046e W16 100096 c654 work_low
A 00046e W16 100098 dfa5 work_low
A 00046e W16 10009a 5e3a work_low
A 00046e W16 10009c d723 work_low
A 00046e W16 10009e 33b0 work_low
A 00046e W16 1000a0 0271 work_low
A 00046e W16 1000a2 0c36 work_low
A 00046e W16 1000a4 3d0f work_low
A 00046e W16 1000a6 314c work_low
A 00046e W16 1000a8 f67d work_low
A 00046e W16 1000aa d072 work_low
A 00046e W16 1000ac 123b work_low
A 00046e W16 1000ae 5b28 work_low
A 00046e W16 1000b0 c7c9 work_low
A 00046e W16 1000b2 e6ee work_low
A 00046e W16 1000b4 82a7 work_low
A 00046e W16 1000b6 8d44 work_low
A 00046e W16 1000b8 c255 work_low
A 00046e W16 1000ba cbaa work_low
A 00046e W16 1000bc fa53 work_low
A 00046e W16 1000be e3a0 work_low
A 00046e W16 1000c0 7221 work_low
A 00046e W16 1000c2 3aa6 work_low
A 00046e W16 1000c4 253f work_low
A 00046e W16 1000c6 ba3c work_low
A 00046e W16 1000c8 a32d work_low
A 00046e W16 1000ca 2fe2 work_low
A 00046e W16 1000cc ef6b work_low
A 00046e W16 1000ce ad18 work_low
A 00046e W16 1000d0 6179 work_low
A 00046e W16 1000d2 e75e work_low
A 00046e W16 1000d4 84d7 work_low
A 00046e W16 1000d6 9834 work_low
A 00046e W16 1000d8 f905 work_low
A 00046e W16 1000da dd1a work_low
A 00046e W16 1000dc 5183 work_low
A 00046e W16 1000de 9790 work_low
A 00046e W16 1000e0 f5d1 work_low
A 00046e W16 1000e2 cd16 work_low
A 00046e W16 1000e4 016f work_low
A 00046e W16 1000e6 072c work_low
A 00046e W16 1000e8 23dd work_low
A 00046e W16 1000ea b352 work_low
A 00046e W16 1000ec 809b work_low
A 00046e W16 1000ee 8308 work_low
A 00046e W16 1000f0 8f29 work_low
A 00046e W16 1000f2 cbce work_low
A 00046e W16 1000f4 fb07 work_low
A 00046e W16 1000f6 e724 work_low
A 00046e W16 1000f8 83b5 work_low
A 00046e W16 1000fa 928a work_low
A 00046e W16 1000fc dcb3 work_low
A 00046e W16 1000fe 4f80 work_low
A 00046e W16 100100 8d81 work_low
A 00046e W16 100102 c386 work_low
A 00046e W16 100104 d19f work_low
A 00046e W16 100106 181c work_low
A 00046e W16 100108 788d work_low
A 00046e W16 10010a 5ac2 work_low
A 00046e W16 10010c c5cb work_low
A 00046e W16 10010e dcf8 work_low
A 00046e W16 100110 50d9 work_low
A 00046e W16 100112 943e work_low
A 00046e W16 100114 e537 work_low
A 00046e W16 100116 7a14 work_low
A 00046e W16 100118 6265 work_low
A 00046e W16 10011a ebfa work_low
A 00046e W16 10011c 9be3 work_low
A 00046e W16 10011e 0b70 work_low
A 00046e W16 100120 3931 work_low
A 00046e W16 100122 1df6 work_low
A 00046e W16 100124 95cf work_low
A 00046e W16 100126 ed0c work_low
A 00046e W16 100128 a13d work_low
A 00046e W16 10012a 2632 work_low
A 00046e W16 10012c befb work_low
A 00046e W16 10012e bae8 work_low
A 00046e W16 100130 a689 work_low
A 00046e W16 100132 40ae work_low
A 00046e W16 100134 4367 work_low
A 00046e W16 100136 5104 work_low
A 00046e W16 100138 9515 work_low
A 00046e W16 10013a e96a work_low
A 00046e W16 10013c 8f13 work_low
A 00046e W16 10013e cb60 work_low
A 00046e W16 100140 f8e1 work_low
A 00046e W16 100142 dc66 work_low
A 00046e W16 100144 4dff work_low
A 00046e W16 100146 85fc work_low
A 00046e W16 100148 9ded work_low
A 00046e W16 10014a 15a2 work_low
A 00046e W16 10014c 6c2b work_low
A 00046e W16 10014e 1cd8 work_low
A 00046e W16 100150 9039 work_low
A 00046e W16 100152 d11e work_low
A 00046e W16 100154 1597 work_low
A 00046e W16 100156 6bf4 work_low
A 00046e W16 100158 1bc5 work_low
A 00046e W16 10015a 8ada work_low
A 00046e W16 10015c b643 work_low
A 00046e W16 10015e 8f50 work_low
A 00046e W16 100160 cc91 work_low
A 00046e W16 100162 fed6 work_low
A 00046e W16 100164 fa2f work_low
A 00046e W16 100166 e2ec work_low
A 00046e W16 100168 6e9d work_low
A 00046e W16 10016a 2912 work_low
A 00046e W16 10016c cd5b work_low
A 00046e W16 10016e 02c8 work_low
A 00046e W16 100170 0de9 work_low
A 00046e W16 100172 458e work_low
A 00046e W16 100174 5bc7 work_low
A 00046e W16 100176 cae4 work_low
A 00046e W16 100178 f675 work_low
A 00046e W16 10017a d04a work_low
A 00046e W16 10017c 1173 work_low
A 00046e W16 10017e 5740 work_low
A 00046e W16 100180 b441 work_low
A 00046e W16 100182 8546 work_low
A 00046e W16 100184 9a5f work_low
A 00046e W16 100186 03dc work_low
A 00046e W16 100188 134d work_low
A 00046e W16 10018a 6082 work_low
A 00046e W16 10018c e28b work_low
A 00046e W16 10018e 6cb8 work_low
A 00046e W16 100190 1f99 work_low
A 00046e W16 100192 9dfe work_low
A 00046e W16 100194 15f7 work_low
A 00046e W16 100196 6dd4 work_low
A 00046e W16 100198 2525 work_low
A 00046e W16 10019a b9ba work_low
A 00046e W16 10019c a0a3 work_low
A 00046e W16 10019e 2330 work_low
A 00046e W16 1001a0 aff1 work_low
A 00046e W16 1001a2 6fb6 work_low
A 00046e W16 1001a4 2e8f work_low
A 00046e W16 1001a6 e8cc work_low
A 00046e W16 1001a8 8bfd work_low
A 00046e W16 1001aa bbf2 work_low
A 00046e W16 1001ac abbb work_low
A 00046e W16 1001ae 5aa8 work_low
A 00046e W16 1001b0 c549 work_low
A 00046e W16 1001b2 da6e work_low
A 00046e W16 1001b4 4427 work_low
A 00046e W16 1001b6 54c4 work_low
A 00046e W16 1001b8 a7d5 work_low
A 00046e W16 1001ba 472a work_low
A 00046e W16 1001bc 63d3 work_low
A 00046e W16 1001be f320 work_low
A 00046e W16 1001c0 bfa1 work_low
A 00046e W16 1001c2 be26 work_low
A 00046e W16 1001c4 b6bf work_low
A 00046e W16 1001c6 91bc work_low
A 00046e W16 1001c8 d8ad work_low
A 00046e W16 1001ca 3b62 work_low
A 00046e W16 1001cc 28eb work_low
A 00046e W16 1001ce cc98 work_low
A 00046e W16 1001d0 fef9 work_low
A 00046e W16 1001d2 fade work_low
A 00046e W16 1001d4 e657 work_low
A 00046e W16 1001d6 7fb4 work_low
A 00046e W16 1001d8 7e85 work_low
A 00046e W16 1001da 789a work_low
A 00046e W16 1001dc 5b03 work_low
A 00046e W16 1001de c710 work_low
A 00046e W16 1001e0 e351 work_low
A 00046e W16 1001e2 7096 work_low
A 00046e W16 1001e4 32ef work_low
A 00046e W16 1001e6 feac work_low
A 00046e W16 1001e8 f95d work_low
A 00046e W16 1001ea ded2 work_low
A 00046e W16 1001ec 5a1b work_low
A 00046e W16 1001ee c288 work_low
A 00046e W16 1001f0 cca9 work_low
A 00046e W16 1001f2 ff4e work_low
A 00046e W16 1001f4 fc87 work_low
A 00046e W16 1001f6 eea4 work_low
A 00046e W16 1001f8 a935 work_low
A 00046e W16 1001fa 4e0a work_low
A 00046e W16 1001fc 8633 work_low
A 00046e W16 1001fe 9f00 work_low
A 00046e W16 100200 1b01 work_low
A 00046e W16 100202 8706 work_low
A 00046e W16 100204 a31f work_low
A 00046e W16 100206 2f9c work_low
A 00046e W16 100208 ee0d work_low
A 00046e W16 10020a a642 work_low
A 00046e W16 10020c 3f4b work_low
A 00046e W16 10020e 3c78 work_low
A 00046e W16 100210 2e59 work_low
A 00046e W16 100212 e7be work_low
A 00046e W16 100214 86b7 work_low
A 00046e W16 100216 a194 work_low
A 00046e W16 100218 27e5 work_low
A 00046e W16 10021a c77a work_low
A 00046e W16 10021c e563 work_low
A 00046e W16 10021e 7af0 work_low
A 00046e W16 100220 66b1 work_low
A 00046e W16 100222 0176 work_low
A 00046e W16 100224 074f work_low
A 00046e W16 100226 248c work_low
A 00046e W16 100228 b6bd work_low
A 00046e W16 10022a 91b2 work_low
A 00046e W16 10022c d87b work_low
A 00046e W16 10022e 3a68 work_low
A 00046e W16 100230 2409 work_low
A 00046e W16 100232 b42e work_low
A 00046e W16 100234 84e7 work_low
A 00046e W16 100236 9884 work_low
A 00046e W16 100238 fa95 work_low
A 00046e W16 10023a e4ea work_low
A 00046e W16 10023c 7893 work_low
A 00046e W16 10023e 5ae0 work_low
A 00046e W16 100240 c661 work_low
A 00046e W16 100242 dfe6 work_low
A 00046e W16 100244 5f7f work_low
A 00046e W16 100246 dd7c work_low
A 00046e W16 100248 536d work_low
A 00046e W16 10024a a122 work_low
A 00046e W16 10024c 25ab work_low
A 00046e W16 10024e bc58 work_low
A 00046e W16 100250 adb9 work_low
A 00046e W16 100252 649e work_low
A 00046e W16 100254 f717 work_low
A 00046e W16 100256 d374 work_low
A 00046e W16 100258 2145 work_low
A 00046e W16 10025a a65a work_low
A 00046e W16 10025c 3fc3 work_low
A 00046e W16 10025e 3ed0 work_low
A 00046e W16 100260 3a11 work_low
A 00046e W16 100262 2256 work_low
A 00046e W16 100264 abaf work_low
A 00046e W16 100266 5a6c work_low
A 00046e W16 100268 c41d work_low
A 00046e W16 10026a d492 work_low
A 00046e W16 10026c 26db work_low
A 00046e W16 10026e c248 work_low
A 00046e W16 100270 cb69 work_low
A 00046e W16 100272 f90e work_low
A 00046e W16 100274 dd47 work_low
A 00046e W16 100276 5264 work_low
A 00046e W16 100278 9bf5 work_low
A 00046e W16 10027a 0bca work_low
A 00046e W16 10027c 3af3 work_low
A 00046e W16 10027e 26c0 work_low
A 00046e W16 100280 c1c1 work_low
A 00046e W16 100282 c8c6 work_low
A 00046e W16 100284 ebdf work_low
A 00046e W16 100286 9b5c work_low
A 00046e W16 100288 08cd work_low
A 00046e W16 10028a 2c02 work_low
A 00046e W16 10028c dc0b work_low
A 00046e W16 10028e 4c38 work_low
A 00046e W16 100290 7d19 work_low
A 00046e W16 100292 717e work_low
A 00046e W16 100294 3777 work_low
A 00046e W16 100296 1554 work_low
A 00046e W16 100298 6aa5 work_low
A 00046e W16 10029a 153a work_low
A 00046e W16 10029c 6a23 work_low
A 00046e W16 10029e 12b0 work_low
A 00046e W16 1002a0 5d71 work_low
A 00046e W16 1002a2 d336 work_low
A 00046e W16 1002a4 200f work_low
A 00046e W16 1002a6 a04c work_low
A 00046e W16 1002a8 217d work_low
A 00046e W16 1002aa a772 work_low
A 00046e W16 1002ac 453b work_low
A 00046e W16 1002ae 5a28 work_low
A 00046e W16 1002b0 c2c9 work_low
A 00046e W16 1002b2 cdee work_low
A 00046e W16 1002b4 05a7 work_low
A 00046e W16 1002b6 1c44 work_low
A 00046e W16 1002b8 8d55 work_low
A 00046e W16 1002ba c2aa work_low
A 00046e W16 1002bc cd53 work_low
A 00046e W16 1002be 02a0 work_low
A 00046e W16 1002c0 0d21 work_low
A 00046e W16 1002c2 41a6 work_low
A 00046e W16 1002c4 483f work_low
A 00046e W16 1002c6 693c work_low
A 00046e W16 1002c8 0e2d work_low
A 00046e W16 1002ca 46e2 work_low
A 00046e W16 1002cc 626b work_low
A 00046e W16 1002ce ec18 work_low
A 00046e W16 1002d0 9c79 work_low
A 00046e W16 1002d2 0e5e work_low
A 00046e W16 1002d4 47d7 work_low
A 00046e W16 1002d6 6734 work_low
A 00046e W16 1002d8 0405 work_low
A 00046e W16 1002da 141a work_low
A 00046e W16 1002dc 6483 work_low
A 00046e W16 1002de f690 work_low
A 00046e W16 1002e0 d0d1 work_low
A 00046e W16 1002e2 1416 work_low
A 00046e W16 1002e4 646f work_low
A 00046e W16 1002e6 f62c work_low
A 00046e W16 1002e8 cedd work_low
A 00046e W16 1002ea 0a52 work_low
A 00046e W16 1002ec 339b work_low
A 00046e W16 1002ee 0208 work_low
A 00046e W16 1002f0 0a29 work_low
A 00046e W16 1002f2 32ce work_low
A 00046e W16 1002f4 fe07 work_low
A 00046e W16 1002f6 f624 work_low
A 00046e W16 1002f8 ceb5 work_low
A 00046e W16 1002fa 098a work_low
A 00046e W16 1002fc 2fb3 work_low
A 00046e W16 1002fe ee80 work_low
A 00046e W16 100300 a881 work_low
A 00046e W16 100302 4a86 work_low
A 00046e W16 100304 749f work_low
A 00046e W16 100306 471c work_low
A 00046e W16 100308 638d work_low
A 00046e W16 10030a f1c2 work_low
A 00046e W16 10030c b8cb work_low
A 00046e W16 10030e 9bf8 work_low
A 00046e W16 100310 0bd9 work_low
A 00046e W16 100312 3b3e work_low
A 00046e W16 100314 2837 work_low
A 00046e W16 100316 c914 work_low
A 00046e W16 100318 ed65 work_low
A 00046e W16 10031a a2fa work_low
A 00046e W16 10031c 2ee3 work_low
A 00046e W16 10031e ea70 work_low
A 00046e W16 100320 9431 work_low
A 00046e W16 100322 e4f6 work_low
A 00046e W16 100324 78cf work_low
A 00046e W16 100326 5c0c work_low
A 00046e W16 100328 cc3d work_low
A 00046e W16 10032a fd32 work_low
A 00046e W16 10032c f1fb work_low
A 00046e W16 10032e b9e8 work_low
A 00046e W16 100330 a189 work_low
A 00046e W16 100332 27ae work_low
A 00046e W16 100334 c667 work_low
A 00046e W16 100336 e004 work_low
A 00046e W16 100338 6015 work_low
A 00046e W16 10033a e06a work_low
A 00046e W16 10033c 6213 work_low
A 00046e W16 10033e ea60 work_low
A 00046e W16 100340 93e1 work_low
A 00046e W16 100342 e366 work_low
A 00046e W16 100344 70ff work_low
A 00046e W16 100346 34fc work_low
A 00046e W16 100348 08ed work_low
A 00046e W16 10034a 2ca2 work_low
A 00046e W16 10034c df2b work_low
A 00046e W16 10034e 5bd8 work_low
A 00046e W16 100350 cb39 work_low
A 00046e W16 100352 f81e work_low
A 00046e W16 100354 d897 work_low
A 00046e W16 100356 3af4 work_low
A 00046e W16 100358 26c5 work_low
A 00046e W16 10035a c1da work_low
A 00046e W16 10035c c943 work_low
A 00046e W16 10035e ee50 work_low
A 00046e W16 100360 a791 work_low
A 00046e W16 100362 45d6 work_low
A 00046e W16 100364 5d2f work_low
A 00046e W16 100366 d1ec work_low
A 00046e W16 100368 199d work_low
A 00046e W16 10036a 8012 work_low
A 00046e W16 10036c 805b work_low
A 00046e W16 10036e 81c8 work_low
A 00046e W16 100370 88e9 work_low
A 00046e W16 100372 ac8e work_low
A 00046e W16 100374 5ec7 work_low
A 00046e W16 100376 d9e4 work_low
A 00046e W16 100378 4175 work_low
A 00046e W16 10037a 474a work_low
A 00046e W16 10037c 6473 work_low
A 00046e W16 10037e f640 work_low
A 00046e W16 100380 cf41 work_low
A 00046e W16 100382 0c46 work_low
A 00046e W16 100384 3d5f work_low
A 00046e W16 100386 32dc work_low
A 00046e W16 100388 fe4d work_low
A 00046e W16 10038a f782 work_low
A 00046e W16 10038c d58b work_low
A 00046e W16 10038e 2bb8 work_low
A 00046e W16 100390 da99 work_low
A 00046e W16 100392 44fe work_low
A 00046e W16 100394 58f7 work_low
A 00046e W16 100396 bcd4 work_low
A 00046e W16 100398 b025 work_low
A 00046e W16 10039a 70ba work_low
A 00046e W16 10039c 33a3 work_low
A 00046e W16 10039e 0230 work_low
A 00046e W16 1003a0 0af1 work_low
A 00046e W16 1003a2 36b6 work_low
A 00046e W16 1003a4 118f work_low
A 00046e W16 1003a6 57cc work_low
A 00046e W16 1003a8 b6fd work_low
A 00046e W16 1003aa 92f2 work_low
A 00046e W16 1003ac debb work_low
A 00046e W16 1003ae 59a8 work_low
A 00046e W16 1003b0 c049 work_low
A 00046e W16 1003b2 c16e work_low
A 00046e W16 1003b4 c727 work_low
A 00046e W16 1003b6 e3c4 work_low
A 00046e W16 1003b8 72d5 work_low
A 00046e W16 1003ba 3e2a work_low
A 00046e W16 1003bc 36d3 work_low
A 00046e W16 1003be 1220 work_low
A 00046e W16 1003c0 5aa1 work_low
A 00046e W16 1003c2 c526 work_low
A 00046e W16 1003c4 d9bf work_low
A 00046e W16 1003c6 40bc work_low
A 00046e W16 1003c8 43ad work_low
A 00046e W16 1003ca 5262 work_low
A 00046e W16 1003cc 9beb work_low
A 00046e W16 1003ce 0b98 work_low
A 00046e W16 1003d0 39f9 work_low
A 00046e W16 1003d2 21de work_low
A 00046e W16 1003d4 a957 work_low
A 00046e W16 1003d6 4eb4 work_low
A 00046e W16 1003d8 8985 work_low
A 00046e W16 1003da af9a work_low
A 00046e W16 1003dc 6e03 work_low
A 00046e W16 1003de 2610 work_low
A 00046e W16 1003e0 be51 work_low
A 00046e W16 1003e2 b796 work_low
A 00046e W16 1003e4 95ef work_low
A 00046e W16 1003e6 edac work_low
A 00046e W16 1003e8 a45d work_low
A 00046e W16 1003ea 35d2 work_low
A 00046e W16 1003ec 0d1b work_low
A 00046e W16 1003ee 4188 work_low
A 00046e W16 1003f0 47a9 work_low
A 00046e W16 1003f2 664e work_low
A 00046e W16 1003f4 ff87 work_low
A 00046e W16 1003f6 fda4 work_low
A 00046e W16 1003f8 f435 work_low
A 00046e W16 1003fa c50a work_low
A 00046e W16 1003fc d933 work_low
A 00046e W16 1003fe 3e00 work_low
A 00046e W16 100400 3601 work_low
A 00046e W16 100402 0e06 work_low
A 00046e W16 100404 461f work_low
A 00046e W16 100406 5e9c work_low
A 00046e W16 100408 d90d work_low
A 00046e W16 10040a 3d42 work_low
A 00046e W16 10040c 324b work_low
A 00046e W16 10040e fb78 work_low
A 00046e W16 100410 e959 work_low
A 00046e W16 100412 8ebe work_low
A 00046e W16 100414 c9b7 work_low
A 00046e W16 100416 f094 work_low
A 00046e W16 100418 b2e5 work_low
A 00046e W16 10041a 7e7a work_low
A 00046e W16 10041c 7863 work_low
A 00046e W16 10041e 59f0 work_low
A 00046e W16 100420 c1b1 work_low
A 00046e W16 100422 c876 work_low
A 00046e W16 100424 ea4f work_low
A 00046e W16 100426 938c work_low
A 00046e W16 100428 e1bd work_low
A 00046e W16 10042a 68b2 work_low
A 00046e W16 10042c 0b7b work_low
A 00046e W16 10042e 3968 work_low
A 00046e W16 100430 1f09 work_low
A 00046e W16 100432 9b2e work_low
A 00046e W16 100434 07e7 work_low
A 00046e W16 100436 2784 work_low
A 00046e W16 100438 c595 work_low
A 00046e W16 10043a dbea work_low
A 00046e W16 10043c 4b93 work_low
A 00046e W16 10043e 79e0 work_low
A 00046e W16 100440 6161 work_low
A 00046e W16 100442 e6e6 work_low
A 00046e W16 100444 827f work_low
A 00046e W16 100446 8c7c work_low
A 00046e W16 100448 be6d work_low
A 00046e W16 10044a b822 work_low
A 00046e W16 10044c 98ab work_low
A 00046e W16 10044e fb58 work_low
A 00046e W16 100450 e8b9 work_low
A 00046e W16 100452 8b9e work_low
A 00046e W16 100454 ba17 work_low
A 00046e W16 100456 a274 work_low
A 00046e W16 100458 2c45 work_low
A 00046e W16 10045a dd5a work_low
A 00046e W16 10045c 52c3 work_low
A 00046e W16 10045e 9dd0 work_low
A 00046e W16 100460 1511 work_low
A 00046e W16 100462 6956 work_low
A 00046e W16 100464 0eaf work_low
A 00046e W16 100466 496c work_low
A 00046e W16 100468 6f1d work_low
A 00046e W16 10046a 2b92 work_low
A 00046e W16 10046c d9db work_low
A 00046e W16 10046e 4148 work_low
A 00046e W16 100470 4669 work_low
A 00046e W16 100472 600e work_low
A 00046e W16 100474 e047 work_low
A 00046e W16 100476 6164 work_low
A 00046e W16 100478 e6f5 work_low
A 00046e W16 10047a 82ca work_low
A 00046e W16 10047c 8df3 work_low
A 00046e W16 10047e c5c0 work_low
A 00046e W16 100480 dcc1 work_low
A 00046e W16 100482 4fc6 work_low
A 00046e W16 100484 8edf work_low
A 00046e W16 100486 ca5c work_low
A 00046e W16 100488 f3cd work_low
A 00046e W16 10048a c302 work_low
A 00046e W16 10048c cf0b work_low
A 00046e W16 10048e 0b38 work_low
A 00046e W16 100490 3819 work_low
A 00046e W16 100492 187e work_low
A 00046e W16 100494 7a77 work_low
A 00046e W16 100496 6454 work_low
A 00046e W16 100498 f5a5 work_low
A 00046e W16 10049a cc3a work_low
A 00046e W16 10049c fd23 work_low
A 00046e W16 10049e f1b0 work_low
A 00046e W16 1004a0 b871 work_low
A 00046e W16 1004a2 9a36 work_low
A 00046e W16 1004a4 030f work_low
A 00046e W16 1004a6 0f4c work_low
A 00046e W16 1004a8 4c7d work_low
A 00046e W16 1004aa 7e72 work_low
A 00046e W16 1004ac 783b work_low
A 00046e W16 1004ae 5928 work_low
A 00046e W16 1004b0 bdc9 work_low
A 00046e W16 1004b2 b4ee work_low
A 00046e W16 1004b4 88a7 work_low
A 00046e W16 1004b6 ab44 work_low
A 00046e W16 1004b8 5855 work_low
A 00046e W16 1004ba b9aa work_low
A 00046e W16 1004bc a053 work_low
A 00046e W16 1004be 21a0 work_low
A 00046e W16 1004c0 a821 work_low
A 00046e W16 1004c2 48a6 work_low
A 00046e W16 1004c4 6b3f work_low
A 00046e W16 1004c6 183c work_low
A 00046e W16 1004c8 792d work_low
A 00046e W16 1004ca 5de2 work_low
A 00046e W16 1004cc d56b work_low
A 00046e W16 1004ce 2b18 work_low
A 00046e W16 1004d0 d779 work_low
A 00046e W16 1004d2 355e work_low
A 00046e W16 1004d4 0ad7 work_low
A 00046e W16 1004d6 3634 work_low
A 00046e W16 1004d8 0f05 work_low
A 00046e W16 1004da 4b1a work_low
A 00046e W16 1004dc 7783 work_low
A 00046e W16 1004de 5590 work_low
A 00046e W16 1004e0 abd1 work_low
A 00046e W16 1004e2 5b16 work_low
A 00046e W16 1004e4 c76f work_low
A 00046e W16 1004e6 e52c work_low
A 00046e W16 1004e8 79dd work_low
A 00046e W16 1004ea 6152 work_low
A 00046e W16 1004ec e69b work_low
A 00046e W16 1004ee 8108 work_low
A 00046e W16 1004f0 8529 work_low
A 00046e W16 1004f2 99ce work_low
A 00046e W16 1004f4 0107 work_low
A 00046e W16 1004f6 0524 work_low
A 00046e W16 1004f8 19b5 work_low
A 00046e W16 1004fa 808a work_low
A 00046e W16 1004fc 82b3 work_low
A 00046e W16 1004fe 8d80 work_low
A 00046e W16 100500 c381 work_low
A 00046e W16 100502 d186 work_low
A 00046e W16 100504 179f work_low
A 00046e W16 100506 761c work_low
A 00046e W16 100508 4e8d work_low
A 00046e W16 10050a 88c2 work_low
A 00046e W16 10050c abcb work_low
A 00046e W16 10050e 5af8 work_low
A 00046e W16 100510 c6d9 work_low
A 00046e W16 100512 e23e work_low
A 00046e W16 100514 6b37 work_low
A 00046e W16 100516 1814 work_low
A 00046e W16 100518 7865 work_low
A 00046e W16 10051a 59fa work_low
A 00046e W16 10051c c1e3 work_low
A 00046e W16 10051e c970 work_low
A 00046e W16 100520 ef31 work_low
A 00046e W16 100522 abf6 work_low
A 00046e W16 100524 5bcf work_low
A 00046e W16 100526 cb0c work_low
A 00046e W16 100528 f73d work_low
A 00046e W16 10052a d432 work_low
A 00046e W16 10052c 24fb work_low
A 00046e W16 10052e b8e8 work_low
A 00046e W16 100530 9c89 work_low
A 00046e W16 100532 0eae work_low
A 00046e W16 100534 4967 work_low
A 00046e W16 100536 6f04 work_low
A 00046e W16 100538 2b15 work_low
A 00046e W16 10053a d76a work_low
A 00046e W16 10053c 3513 work_low
A 00046e W16 10053e 0960 work_low
A 00046e W16 100540 2ee1 work_low
A 00046e W16 100542 ea66 work_low
A 00046e W16 100544 93ff work_low
A 00046e W16 100546 e3fc work_low
A 00046e W16 100548 73ed work_low
A 00046e W16 10054a 43a2 work_low
A 00046e W16 10054c 522b work_low
A 00046e W16 10054e 9ad8 work_low
A 00046e W16 100550 0639 work_low
A 00046e W16 100552 1f1e work_low
A 00046e W16 100554 9b97 work_low
A 00046e W16 100556 09f4 work_low
A 00046e W16 100558 31c5 work_low
A 00046e W16 10055a f8da work_low
A 00046e W16 10055c dc43 work_low
A 00046e W16 10055e 4d50 work_low
A 00046e W16 100560 8291 work_low
A 00046e W16 100562 8cd6 work_low
A 00046e W16 100564 c02f work_low
A 00046e W16 100566 c0ec work_low
A 00046e W16 100568 c49d work_low
A 00046e W16 10056a d712 work_low
A 00046e W16 10056c 335b work_low
A 00046e W16 10056e 00c8 work_low
A 00046e W16 100570 03e9 work_low
A 00046e W16 100572 138e work_low
A 00046e W16 100574 61c7 work_low
A 00046e W16 100576 e8e4 work_low
A 00046e W16 100578 8c75 work_low
A 00046e W16 10057a be4a work_low
A 00046e W16 10057c b773 work_low
A 00046e W16 10057e 9540 work_low
A 00046e W16 100580 ea41 work_low
A 00046e W16 100582 9346 work_low
A 00046e W16 100584 e05f work_low
A 00046e W16 100586 61dc work_low
A 00046e W16 100588 e94d work_low
A 00046e W16 10058a 8e82 work_low
A 00046e W16 10058c c88b work_low
A 00046e W16 10058e eab8 work_low
A 00046e W16 100590 9599 work_low
A 00046e W16 100592 ebfe work_low
A 00046e W16 100594 9bf7 work_low
A 00046e W16 100596 0bd4 work_low
A 00046e W16 100598 3b25 work_low
A 00046e W16 10059a 27ba work_low
A 00046e W16 10059c c6a3 work_low
A 00046e W16 10059e e130 work_low
A 00046e W16 1005a0 65f1 work_low
A 00046e W16 1005a2 fdb6 work_low
A 00046e W16 1005a4 f48f work_low
A 00046e W16 1005a6 c6cc work_low
A 00046e W16 1005a8 e1fd work_low
A 00046e W16 1005aa 69f2 work_low
A 00046e W16 1005ac 11bb work_low
A 00046e W16 1005ae 58a8 work_low
A 00046e W16 1005b0 bb49 work_low
A 00046e W16 1005b2 a86e work_low
A 00046e W16 1005b4 4a27 work_low
A 00046e W16 1005b6 72c4 work_low
A 00046e W16 1005b8 3dd5 work_low
A 00046e W16 1005ba 352a work_low
A 00046e W16 1005bc 09d3 work_low
A 00046e W16 1005be 3120 work_low
A 00046e W16 1005c0 f5a1 work_low
A 00046e W16 1005c2 cc26 work_low
A 00046e W16 1005c4 fcbf work_low
A 00046e W16 1005c6 efbc work_low
A 00046e W16 1005c8 aead work_low
A 00046e W16 1005ca 6962 work_low
A 00046e W16 1005cc 0eeb work_low
A 00046e W16 1005ce 4a98 work_low
A 00046e W16 1005d0 74f9 work_low
A 00046e W16 1005d2 48de work_low
A 00046e W16 1005d4 6c57 work_low
A 00046e W16 1005d6 1db4 work_low
A 00046e W16 1005d8 9485 work_low
A 00046e W16 1005da e69a work_low
A 00046e W16 1005dc 8103 work_low
A 00046e W16 1005de 8510 work_low
A 00046e W16 1005e0 9951 work_low
A 00046e W16 1005e2 fe96 work_low
A 00046e W16 1005e4 f8ef work_low
A 00046e W16 1005e6 dcac work_low
A 00046e W16 1005e8 4f5d work_low
A 00046e W16 1005ea 8cd2 work_low
A 00046e W16 1005ec c01b work_low
A 00046e W16 1005ee c088 work_low
A 00046e W16 1005f0 c2a9 work_low
A 00046e W16 1005f2 cd4e work_low
A 00046e W16 1005f4 0287 work_low
A 00046e W16 1005f6 0ca4 work_low
A 00046e W16 1005f8 3f35 work_low
A 00046e W16 1005fa 3c0a work_low
A 00046e W16 1005fc 2c33 work_low
A 00046e W16 1005fe dd00 work_low
A 00046e W16 100600 5101 work_low
A 00046e W16 100602 9506 work_low
A 00046e W16 100604 e91f work_low
A 00046e W16 100606 8d9c work_low
A 00046e W16 100608 c40d work_low
A 00046e W16 10060a d442 work_low
A 00046e W16 10060c 254b work_low
A 00046e W16 10060e ba78 work_low
A 00046e W16 100610 a459 work_low
A 00046e W16 100612 35be work_low
A 00046e W16 100614 0cb7 work_low
A 00046e W16 100616 3f94 work_low
A 00046e W16 100618 3de5 work_low
A 00046e W16 10061a 357a work_low
A 00046e W16 10061c 0b63 work_low
A 00046e W16 10061e 38f0 work_low
A 00046e W16 100620 1cb1 work_low
A 00046e W16 100622 8f76 work_low
A 00046e W16 100624 cd4f work_low
A 00046e W16 100626 028c work_low
A 00046e W16 100628 0cbd work_low
A 00046e W16 10062a 3fb2 work_low
A 00046e W16 10062c 3e7b work_low
A 00046e W16 10062e 3868 work_low
A 00046e W16 100630 1a09 work_low
A 00046e W16 100632 822e work_low
A 00046e W16 100634 8ae7 work_low
A 00046e W16 100636 b684 work_low
A 00046e W16 100638 9095 work_low
A 00046e W16 10063a d2ea work_low
A 00046e W16 10063c 1e93 work_low
A 00046e W16 10063e 98e0 work_low
A 00046e W16 100640 fc61 work_low
A 00046e W16 100642 ede6 work_low
A 00046e W16 100644 a57f work_low
A 00046e W16 100646 3b7c work_low
A 00046e W16 100648 296d work_low
A 00046e W16 10064a cf22 work_low
A 00046e W16 10064c 0bab work_low
A 00046e W16 10064e 3a58 work_low
A 00046e W16 100650 23b9 work_low
A 00046e W16 100652 b29e work_low
A 00046e W16 100654 7d17 work_low
A 00046e W16 100656 7174 work_low
A 00046e W16 100658 3745 work_low
A 00046e W16 10065a 145a work_low
A 00046e W16 10065c 65c3 work_low
A 00046e W16 10065e fcd0 work_low
A 00046e W16 100660 f011 work_low
A 00046e W16 100662 b056 work_low
A 00046e W16 100664 71af work_low
A 00046e W16 100666 386c work_low
A 00046e W16 100668 1a1d work_low
A 00046e W16 10066a 8292 work_low
A 00046e W16 10066c 8cdb work_low
A 00046e W16 10066e c048 work_low
A 00046e W16 100670 c169 work_low
A 00046e W16 100672 c70e work_low
A 00046e W16 100674 e347 work_low
A 00046e W16 100676 7064 work_low
A 00046e W16 100678 31f5 work_low
A 00046e W16 10067a f9ca work_low
A 00046e W16 10067c e0f3 work_low
A 00046e W16 10067e 64c0 work_low
A 00046e W16 100680 f7c1 work_low
A 00046e W16 100682 d6c6 work_low
A 00046e W16 100684 31df work_low
A 00046e W16 100686 f95c work_low
A 00046e W16 100688 decd work_low
A 00046e W16 10068a 5a02 work_low
A 00046e W16 10068c c20b work_low
A 00046e W16 10068e ca38 work_low
A 00046e W16 100690 f319 work_low
A 00046e W16 100692 bf7e work_low
A 00046e W16 100694 bd77 work_low
A 00046e W16 100696 b354 work_low
A 00046e W16 100698 80a5 work_low
A 00046e W16 10069a 833a work_low
A 00046e W16 10069c 9023 work_low
A 00046e W16 10069e d0b0 work_low
A 00046e W16 1006a0 1371 work_low
A 00046e W16 1006a2 6136 work_low
A 00046e W16 1006a4 e60f work_low
A 00046e W16 1006a6 7e4c work_low
A 00046e W16 1006a8 777d work_low
A 00046e W16 1006aa 5572 work_low
A 00046e W16 1006ac ab3b work_low
A 00046e W16 1006ae 5828 work_low
A 00046e W16 1006b0 b8c9 work_low
A 00046e W16 1006b2 9bee work_low
A 00046e W16 1006b4 0ba7 work_low
A 00046e W16 1006b6 3a44 work_low
A 00046e W16 1006b8 2355 work_low
A 00046e W16 1006ba b0aa work_low
A 00046e W16 1006bc 7353 work_low
A 00046e W16 1006be 40a0 work_low
A 00046e W16 1006c0 4321 work_low
A 00046e W16 1006c2 4fa6 work_low
A 00046e W16 1006c4 8e3f work_low
A 00046e W16 1006c6 c73c work_low
A 00046e W16 1006c8 e42d work_low
A 00046e W16 1006ca 74e2 work_low
A 00046e W16 1006cc 486b work_low
A 00046e W16 1006ce 6a18 work_low
A 00046e W16 1006d0 1279 work_low
A 00046e W16 1006d2 5c5e work_low
A 00046e W16 1006d4 cdd7 work_low
A 00046e W16 1006d6 0534 work_low
A 00046e W16 1006d8 1a05 work_low
A 00046e W16 1006da 821a work_low
A 00046e W16 1006dc 8a83 work_low
A 00046e W16 1006de b490 work_low
A 00046e W16 1006e0 86d1 work_low
A 00046e W16 1006e2 a216 work_low
A 00046e W16 1006e4 2a6f work_low
A 00046e W16 1006e6 d42c work_low
A 00046e W16 1006e8 24dd work_low
A 00046e W16 1006ea b852 work_low
A 00046e W16 1006ec 999b work_low
A 00046e W16 1006ee 0008 work_low
A 00046e W16 1006f0 0029 work_low
A 00046e W16 1006f2 00ce work_low
A 00046e W16 1006f4 0407 work_low
A 00046e W16 1006f6 1424 work_low
A 00046e W16 1006f8 64b5 work_low
A 00046e W16 1006fa f78a work_low
A 00046e W16 1006fc d5b3 work_low
A 00046e W16 1006fe 2c80 work_low
A 00046e W16 100700 de81 work_low
A 00046e W16 100702 5886 work_low
A 00046e W16 100704 ba9f work_low
A 00046e W16 100706 a51c work_low
A 00046e W16 100708 398d work_low
A 00046e W16 10070a 1fc2 work_low
A 00046e W16 10070c 9ecb work_low
A 00046e W16 10070e 19f8 work_low
A 00046e W16 100710 81d9 work_low
A 00046e W16 100712 893e work_low
A 00046e W16 100714 ae37 work_low
A 00046e W16 100716 6714 work_low
A 00046e W16 100718 0365 work_low
A 00046e W16 10071a 10fa work_low
A 00046e W16 10071c 54e3 work_low
A 00046e W16 10071e a870 work_low
A 00046e W16 100720 4a31 work_low
A 00046e W16 100722 72f6 work_low
A 00046e W16 100724 3ecf work_low
A 00046e W16 100726 3a0c work_low
A 00046e W16 100728 223d work_low
A 00046e W16 10072a ab32 work_low
A 00046e W16 10072c 57fb work_low
A 00046e W16 10072e b7e8 work_low
A 00046e W16 100730 9789 work_low
A 00046e W16 100732 f5ae work_low
A 00046e W16 100734 cc67 work_low
A 00046e W16 100736 fe04 work_low
A 00046e W16 100738 f615 work_low
A 00046e W16 10073a ce6a work_low
A 00046e W16 10073c 0813 work_low
A 00046e W16 10073e 2860 work_low
A 00046e W16 100740 c9e1 work_low
A 00046e W16 100742 f166 work_low
A 00046e W16 100744 b6ff work_low
A 00046e W16 100746 92fc work_low
A 00046e W16 100748 deed work_low
A 00046e W16 10074a 5aa2 work_low
A 00046e W16 10074c c52b work_low
A 00046e W16 10074e d9d8 work_low
A 00046e W16 100750 4139 work_low
A 00046e W16 100752 461e work_low
A 00046e W16 100754 5e97 work_low
A 00046e W16 100756 d8f4 work_low
A 00046e W16 100758 3cc5 work_low
A 00046e W16 10075a 2fda work_low
A 00046e W16 10075c ef43 work_low
A 00046e W16 10075e ac50 work_low
A 00046e W16 100760 5d91 work_low
A 00046e W16 100762 d3d6 work_low
A 00046e W16 100764 232f work_low
A 00046e W16 100766 afec work_low
A 00046e W16 100768 6f9d work_low
A 00046e W16 10076a 2e12 work_low
A 00046e W16 10076c e65b work_low
A 00046e W16 10076e 7fc8 work_low
A 00046e W16 100770 7ee9 work_low
A 00046e W16 100772 7a8e work_low
A 00046e W16 100774 64c7 work_low
A 00046e W16 100776 f7e4 work_low
A 00046e W16 100778 d775 work_low
A 00046e W16 10077a 354a work_low
A 00046e W16 10077c 0a73 work_low
A 00046e W16 10077e 3440 work_low
A 00046e W16 100780 0541 work_low
A 00046e W16 100782 1a46 work_low
A 00046e W16 100784 835f work_low
A 00046e W16 100786 90dc work_low
A 00046e W16 100788 d44d work_low
A 00046e W16 10078a 2582 work_low
A 00046e W16 10078c bb8b work_low
A 00046e W16 10078e a9b8 work_low
A 00046e W16 100790 5099 work_low
A 00046e W16 100792 92fe work_low
A 00046e W16 100794 def7 work_low
A 00046e W16 100796 5ad4 work_low
A 00046e W16 100798 c625 work_low
A 00046e W16 10079a deba work_low
A 00046e W16 10079c 59a3 work_low
A 00046e W16 10079e c030 work_low
A 00046e W16 1007a0 c0f1 work_low
A 00046e W16 1007a2 c4b6 work_low
A 00046e W16 1007a4 d78f work_low
A 00046e W16 1007a6 35cc work_low
A 00046e W16 1007a8 0cfd work_low
A 00046e W16 1007aa 40f2 work_low
A 00046e W16 1007ac 44bb work_low
A 00046e W16 1007ae 57a8 work_low
A 00046e W16 1007b0 b649 work_low
A 00046e W16 1007b2 8f6e work_low
A 00046e W16 1007b4 cd27 work_low
A 00046e W16 1007b6 01c4 work_low
A 00046e W16 1007b8 08d5 work_low
A 00046e W16 1007ba 2c2a work_low
A 00046e W16 1007bc dcd3 work_low
A 00046e W16 1007be 5020 work_low
A 00046e W16 1007c0 90a1 work_low
A 00046e W16 1007c2 d326 work_low
A 00046e W16 1007c4 1fbf work_low
A 00046e W16 1007c6 9ebc work_low
A 00046e W16 1007c8 19ad work_low
A 00046e W16 1007ca 8062 work_low
A 00046e W16 1007cc 81eb work_low
A 00046e W16 1007ce 8998 work_low
A 00046e W16 1007d0 aff9 work_low
A 00046e W16 1007d2 6fde work_low
A 00046e W16 1007d4 2f57 work_low
A 00046e W16 1007d6 ecb4 work_low
A 00046e W16 1007d8 9f85 work_low
A 00046e W16 1007da 1d9a work_low
A 00046e W16 1007dc 9403 work_low
A 00046e W16 1007de e410 work_low
A 00046e W16 1007e0 7451 work_low
A 00046e W16 1007e2 4596 work_low
A 00046e W16 1007e4 5bef work_low
A 00046e W16 1007e6 cbac work_low
A 00046e W16 1007e8 fa5d work_low
A 00046e W16 1007ea e3d2 work_low
A 00046e W16 1007ec 731b work_low
A 00046e W16 1007ee 3f88 work_low
A 00046e W16 1007f0 3da9 work_low
A 00046e W16 1007f2 344e work_low
A 00046e W16 1007f4 0587 work_low
A 00046e W16 1007f6 1ba4 work_low
A 00046e W16 1007f8 8a35 work_low
A 00046e W16 1007fa b30a work_low
A 00046e W16 1007fc 7f33 work_low
A 00046e W16 1007fe 7c00 work_low
A 00046e W16 100800 6c01 work_low
A 00046e W16 100802 1c06 work_low
A 00046e W16 100804 8c1f work_low
A 00046e W16 100806 bc9c work_low
A 00046e W16 100808 af0d work_low
A 00046e W16 10080a 6b42 work_low
A 00046e W16 10080c 184b work_low
A 00046e W16 10080e 7978 work_low
A 00046e W16 100810 5f59 work_low
A 00046e W16 100812 dcbe work_low
A 00046e W16 100814 4fb7 work_low
A 00046e W16 100816 8e94 work_low
A 00046e W16 100818 c8e5 work_low
A 00046e W16 10081a ec7a work_low
A 00046e W16 10081c 9e63 work_low
A 00046e W16 10081e 17f0 work_low
A 00046e W16 100820 77b1 work_low
A 00046e W16 100822 5676 work_low
A 00046e W16 100824 b04f work_low
A 00046e W16 100826 718c work_low
A 00046e W16 100828 37bd work_low
A 00046e W16 10082a 16b2 work_low
A 00046e W16 10082c 717b work_low
A 00046e W16 10082e 3768 work_low
A 00046e W16 100830 1509 work_low
A 00046e W16 100832 692e work_low
A 00046e W16 100834 0de7 work_low
A 00046e W16 100836 4584 work_low
A 00046e W16 100838 5b95 work_low
A 00046e W16 10083a c9ea work_low
A 00046e W16 10083c f193 work_low
A 00046e W16 10083e b7e0 work_low
A 00046e W16 100840 9761 work_low
A 00046e W16 100842 f4e6 work_low
A 00046e W16 100844 c87f work_low
A 00046e W16 100846 ea7c work_low
A 00046e W16 100848 946d work_low
A 00046e W16 10084a e622 work_low
A 00046e W16 10084c 7eab work_low
A 00046e W16 10084e 7958 work_low
A 00046e W16 100850 5eb9 work_low
A 00046e W16 100852 d99e work_low
A 00046e W16 100854 4017 work_low
A 00046e W16 100856 4074 work_low
A 00046e W16 100858 4245 work_low
A 00046e W16 10085a 4b5a work_low
A 00046e W16 10085c 78c3 work_low
A 00046e W16 10085e 5bd0 work_low
A 00046e W16 100860 cb11 work_low
A 00046e W16 100862 f756 work_low
A 00046e W16 100864 d4af work_low
A 00046e W16 100866 276c work_low
A 00046e W16 100868 c51d work_low
A 00046e W16 10086a d992 work_low
A 00046e W16 10086c 3fdb work_low
A 00046e W16 10086e 3f48 work_low
A 00046e W16 100870 3c69 work_low
A 00046e W16 100872 2e0e work_low
A 00046e W16 100874 e647 work_low
A 00046e W16 100876 7f64 work_low
A 00046e W16 100878 7cf5 work_low
A 00046e W16 10087a 70ca work_low
A 00046e W16 10087c 33f3 work_low
A 00046e W16 10087e 03c0 work_low
A 00046e W16 100880 12c1 work_low
A 00046e W16 100882 5dc6 work_low
A 00046e W16 100884 d4df work_low
A 00046e W16 100886 285c work_low
A 00046e W16 100888 c9cd work_low
A 00046e W16 10088a f102 work_low
A 00046e W16 10088c b50b work_low
A 00046e W16 10088e 8938 work_low
A 00046e W16 100890 ae19 work_low
A 00046e W16 100892 667e work_low
A 00046e W16 100894 0077 work_low
A 00046e W16 100896 0254 work_low
A 00046e W16 100898 0ba5 work_low
A 00046e W16 10089a 3a3a work_low
A 00046e W16 10089c 2323 work_low
A 00046e W16 10089e afb0 work_low
A 00046e W16 1008a0 6e71 work_low
A 00046e W16 1008a2 2836 work_low
A 00046e W16 1008a4 c90f work_low
A 00046e W16 1008a6 ed4c work_low
A 00046e W16 1008a8 a27d work_low
A 00046e W16 1008aa 2c72 work_low
A 00046e W16 1008ac de3b work_low
A 00046e W16 1008ae 5728 work_low
A 00046e W16 1008b0 b3c9 work_low
A 00046e W16 1008b2 82ee work_low
A 00046e W16 1008b4 8ea7 work_low
A 00046e W16 1008b6 c944 work_low
A 00046e W16 1008b8 ee55 work_low
A 00046e W16 1008ba a7aa work_low
A 00046e W16 1008bc 4653 work_low
A 00046e W16 1008be 5fa0 work_low
A 00046e W16 1008c0 de21 work_low
A 00046e W16 1008c2 56a6 work_low
A 00046e W16 1008c4 b13f work_low
A 00046e W16 1008c6 763c work_low
A 00046e W16 1008c8 4f2d work_low
A 00046e W16 1008ca 8be2 work_low
A 00046e W16 1008cc bb6b work_low
A 00046e W16 1008ce a918 work_low
A 00046e W16 1008d0 4d79 work_low
A 00046e W16 1008d2 835e work_low
A 00046e W16 1008d4 90d7 work_low
A 00046e W16 1008d6 d434 work_low
A 00046e W16 1008d8 2505 work_low
A 00046e W16 1008da b91a work_low
A 00046e W16 1008dc 9d83 work_low
A 00046e W16 1008de 1390 work_low
A 00046e W16 1008e0 61d1 work_low
A 00046e W16 1008e2 e916 work_low
A 00046e W16 1008e4 8d6f work_low
A 00046e W16 1008e6 c32c work_low
A 00046e W16 1008e8 cfdd work_low
A 00046e W16 1008ea 0f52 work_low
A 00046e W16 1008ec 4c9b work_low
A 00046e W16 1008ee 7f08 work_low
A 00046e W16 1008f0 7b29 work_low
A 00046e W16 1008f2 67ce work_low
A 00046e W16 1008f4 0707 work_low
A 00046e W16 1008f6 2324 work_low
A 00046e W16 1008f8 afb5 work_low
A 00046e W16 1008fa 6e8a work_low
A 00046e W16 1008fc 28b3 work_low
A 00046e W16 1008fe cb80 work_low
A 00046e W16 100900 f981 work_low
A 00046e W16 100902 df86 work_low
A 00046e W16 100904 5d9f work_low
A 00046e W16 100906 d41c work_low
A 00046e W16 100908 248d work_low
A 00046e W16 10090a b6c2 work_low
A 00046e W16 10090c 91cb work_low
A 00046e W16 10090e d8f8 work_low
A 00046e W16 100910 3cd9 work_low
A 00046e W16 100912 303e work_low
A 00046e W16 100914 f137 work_low
A 00046e W16 100916 b614 work_low
A 00046e W16 100918 8e65 work_low
A 00046e W16 10091a c7fa work_low
A 00046e W16 10091c e7e3 work_low
A 00046e W16 10091e 8770 work_low
A 00046e W16 100920 a531 work_low
A 00046e W16 100922 39f6 work_low
A 00046e W16 100924 21cf work_low
A 00046e W16 100926 a90c work_low
A 00046e W16 100928 4d3d work_low
A 00046e W16 10092a 8232 work_low
A 00046e W16 10092c 8afb work_low
A 00046e W16 10092e b6e8 work_low
A 00046e W16 100930 9289 work_low
A 00046e W16 100932 dcae work_low
A 00046e W16 100934 4f67 work_low
A 00046e W16 100936 8d04 work_low
A 00046e W16 100938 c115 work_low
A 00046e W16 10093a c56a work_low
A 00046e W16 10093c db13 work_low
A 00046e W16 10093e 4760 work_low
A 00046e W16 100940 64e1 work_low
A 00046e W16 100942 f866 work_low
A 00046e W16 100944 d9ff work_low
A 00046e W16 100946 41fc work_low
A 00046e W16 100948 49ed work_low
A 00046e W16 10094a 71a2 work_low
A 00046e W16 10094c 382b work_low
A 00046e W16 10094e 18d8 work_low
A 00046e W16 100950 7c39 work_low
A 00046e W16 100952 6d1e work_low
A 00046e W16 100954 2197 work_low
A 00046e W16 100956 a7f4 work_low
A 00046e W16 100958 47c5 work_low
A 00046e W16 10095a 66da work_low
A 00046e W16 10095c 0243 work_low
A 00046e W16 10095e 0b50 work_low
A 00046e W16 100960 3891 work_low
A 00046e W16 100962 1ad6 work_low
A 00046e W16 100964 862f work_low
A 00046e W16 100966 9eec work_low
A 00046e W16 100968 1a9d work_low
A 00046e W16 10096a 8512 work_low
A 00046e W16 10096c 995b work_low
A 00046e W16 10096e fec8 work_low
A 00046e W16 100970 f9e9 work_low
A 00046e W16 100972 e18e work_low
A 00046e W16 100974 67c7 work_low
A 00046e W16 100976 06e4 work_low
A 00046e W16 100978 2275 work_low
A 00046e W16 10097a ac4a work_low
A 00046e W16 10097c 5d73 work_low
A 00046e W16 10097e d340 work_low
A 00046e W16 100980 2041 work_low
A 00046e W16 100982 a146 work_low
A 00046e W16 100984 265f work_low
A 00046e W16 100986 bfdc work_low
A 00046e W16 100988 bf4d work_low
A 00046e W16 10098a bc82 work_low
A 00046e W16 10098c ae8b work_low
A 00046e W16 10098e 68b8 work_low
A 00046e W16 100990 0b99 work_low
A 00046e W16 100992 39fe work_low
A 00046e W16 100994 21f7 work_low
A 00046e W16 100996 a9d4 work_low
A 00046e W16 100998 5125 work_low
A 00046e W16 10099a 95ba work_low
A 00046e W16 10099c eca3 work_low
A 00046e W16 10099e 9f30 work_low
A 00046e W16 1009a0 1bf1 work_low
A 00046e W16 1009a2 8bb6 work_low
A 00046e W16 1009a4 ba8f work_low
A 00046e W16 1009a6 a4cc work_low
A 00046e W16 1009a8 37fd work_low
A 00046e W16 1009aa 17f2 work_low
A 00046e W16 1009ac 77bb work_low
A 00046e W16 1009ae 56a8 work_low
A 00046e W16 1009b0 b149 work_low
A 00046e W16 1009b2 766e work_low
A 00046e W16 1009b4 5027 work_low
A 00046e W16 1009b6 90c4 work_low
A 00046e W16 1009b8 d3d5 work_low
A 00046e W16 1009ba 232a work_low
A 00046e W16 1009bc afd3 work_low
A 00046e W16 1009be 6f20 work_low
A 00046e W16 1009c0 2ba1 work_low
A 00046e W16 1009c2 da26 work_low
A 00046e W16 1009c4 42bf work_low
A 00046e W16 1009c6 4dbc work_low
A 00046e W16 1009c8 84ad work_low
A 00046e W16 1009ca 9762 work_low
A 00046e W16 1009cc f4eb work_low
A 00046e W16 1009ce c898 work_low
A 00046e W16 1009d0 eaf9 work_low
A 00046e W16 1009d2 96de work_low
A 00046e W16 1009d4 f257 work_low
A 00046e W16 1009d6 bbb4 work_low
A 00046e W16 1009d8 aa85 work_low
A 00046e W16 1009da 549a work_low
A 00046e W16 1009dc a703 work_low
A 00046e W16 1009de 4310 work_low
A 00046e W16 1009e0 4f51 work_low
A 00046e W16 1009e2 8c96 work_low
A 00046e W16 1009e4 beef work_low
A 00046e W16 1009e6 baac work_low
A 00046e W16 1009e8 a55d work_low
A 00046e W16 1009ea 3ad2 work_low
A 00046e W16 1009ec 261b work_low
A 00046e W16 1009ee be88 work_low
A 00046e W16 1009f0 b8a9 work_low
A 00046e W16 1009f2 9b4e work_low
A 00046e W16 1009f4 0887 work_low
A 00046e W16 1009f6 2aa4 work_low
A 00046e W16 1009f8 d535 work_low
A 00046e W16 1009fa 2a0a work_low
A 00046e W16 1009fc d233 work_low
A 00046e W16 1009fe 1b00 work_low
A 00046e W16 100a00 8701 work_low
A 00046e W16 100a02 a306 work_low
A 00046e W16 100a04 2f1f work_low
A 00046e W16 100a06 eb9c work_low
A 00046e W16 100a08 9a0d work_low
A 00046e W16 100a0a 0242 work_low
A 00046e W16 100a0c 0b4b work_low
A 00046e W16 100a0e 3878 work_low
A 00046e W16 100a10 1a59 work_low
A 00046e W16 100a12 83be work_low
A 00046e W16 100a14 92b7 work_low
A 00046e W16 100a16 dd94 work_low
A 00046e W16 100a18 53e5 work_low
A 00046e W16 100a1a a37a work_low
A 00046e W16 100a1c 3163 work_low
A 00046e W16 100a1e f6f0 work_low
A 00046e W16 100a20 d2b1 work_low
A 00046e W16 100a22 1d76 work_low
A 00046e W16 100a24 934f work_low
A 00046e W16 100a26 e08c work_low
A 00046e W16 100a28 62bd work_low
A 00046e W16 100a2a edb2 work_low
A 00046e W16 100a2c a47b work_low
A 00046e W16 100a2e 3668 work_low
A 00046e W16 100a30 1009 work_low
A 00046e W16 100a32 502e work_low
A 00046e W16 100a34 90e7 work_low
A 00046e W16 100a36 d484 work_low
A 00046e W16 100a38 2695 work_low
A 00046e W16 100a3a c0ea work_low
A 00046e W16 100a3c c493 work_low
A 00046e W16 100a3e d6e0 work_low
A 00046e W16 100a40 3261 work_low
A 00046e W16 100a42 fbe6 work_low
A 00046e W16 100a44 eb7f work_low
A 00046e W16 100a46 997c work_low
A 00046e W16 100a48 ff6d work_low
A 00046e W16 100a4a fd22 work_low
A 00046e W16 100a4c f1ab work_low
A 00046e W16 100a4e b858 work_low
A 00046e W16 100a50 99b9 work_low
A 00046e W16 100a52 009e work_low
A 00046e W16 100a54 0317 work_low
A 00046e W16 100a56 0f74 work_low
A 00046e W16 100a58 4d45 work_low
A 00046e W16 100a5a 825a work_low
A 00046e W16 100a5c 8bc3 work_low
A 00046e W16 100a5e bad0 work_low
A 00046e W16 100a60 a611 work_low
A 00046e W16 100a62 3e56 work_low
A 00046e W16 100a64 37af work_low
A 00046e W16 100a66 166c work_low
A 00046e W16 100a68 701d work_low
A 00046e W16 100a6a 3092 work_low
A 00046e W16 100a6c f2db work_low
A 00046e W16 100a6e be48 work_low
A 00046e W16 100a70 b769 work_low
A 00046e W16 100a72 950e work_low
A 00046e W16 100a74 e947 work_low
A 00046e W16 100a76 8e64 work_low
A 00046e W16 100a78 c7f5 work_low
A 00046e W16 100a7a e7ca work_low
A 00046e W16 100a7c 86f3 work_low
A 00046e W16 100a7e a2c0 work_low
A 00046e W16 100a80 2dc1 work_low
A 00046e W16 100a82 e4c6 work_low
A 00046e W16 100a84 77df work_low
A 00046e W16 100a86 575c work_low
A 00046e W16 100a88 b4cd work_low
A 00046e W16 100a8a 8802 work_low
A 00046e W16 100a8c a80b work_low
A 00046e W16 100a8e 4838 work_low
A 00046e W16 100a90 6919 work_low
A 00046e W16 100a92 0d7e work_low
A 00046e W16 100a94 4377 work_low
A 00046e W16 100a96 5154 work_low
A 00046e W16 100a98 96a5 work_low
A 00046e W16 100a9a f13a work_low
A 00046e W16 100a9c b623 work_low
A 00046e W16 100a9e 8eb0 work_low
A 00046e W16 100aa0 c971 work_low
A 00046e W16 100aa2 ef36 work_low
A 00046e W16 100aa4 ac0f work_low
A 00046e W16 100aa6 5c4c work_low
A 00046e W16 100aa8 cd7d work_low
A 00046e W16 100aaa 0372 work_low
A 00046e W16 100aac 113b work_low
A 00046e W16 100aae 5628 work_low
A 00046e W16 100ab0 aec9 work_low
A 00046e W16 100ab2 69ee work_low
A 00046e W16 100ab4 11a7 work_low
A 00046e W16 100ab6 5844 work_low
A 00046e W16 100ab8 b955 work_low
A 00046e W16 100aba 9eaa work_low
A 00046e W16 100abc 1953 work_low
A 00046e W16 100abe 7ea0 work_low
A 00046e W16 100ac0 7921 work_low
A 00046e W16 100ac2 5da6 work_low
A 00046e W16 100ac4 d43f work_low
A 00046e W16 100ac6 253c work_low
A 00046e W16 100ac8 ba2d work_low
A 00046e W16 100aca a2e2 work_low
A 00046e W16 100acc 2e6b work_low
A 00046e W16 100ace e818 work_low
A 00046e W16 100ad0 8879 work_low
A 00046e W16 100ad2 aa5e work_low
A 00046e W16 100ad4 53d7 work_low
A 00046e W16 100ad6 a334 work_low
A 00046e W16 100ad8 3005 work_low
A 00046e W16 100ada f01a work_low
A 00046e W16 100adc b083 work_low
A 00046e W16 100ade 7290 work_low
A 00046e W16 100ae0 3cd1 work_low
A 00046e W16 100ae2 3016 work_low
A 00046e W16 100ae4 f06f work_low
A 00046e W16 100ae6 b22c work_low
A 00046e W16 100ae8 7add work_low
A 00046e W16 100aea 6652 work_low
A 00046e W16 100aec ff9b work_low
A 00046e W16 100aee fe08 work_low
A 00046e W16 100af0 f629 work_low
A 00046e W16 100af2 cece work_low
A 00046e W16 100af4 0a07 work_low
A 00046e W16 100af6 3224 work_low
A 00046e W16 100af8 fab5 work_low
A 00046e W16 100afa e58a work_low
A 00046e W16 100afc 7bb3 work_low
A 00046e W16 100afe 6a80 work_low
A 00046e W16 100b00 1481 work_low
A 00046e W16 100b02 6686 work_low
A 00046e W16 100b04 009f work_low
A 00046e W16 100b06 031c work_low
A 00046e W16 100b08 0f8d work_low
A 00046e W16 100b0a 4dc2 work_low
A 00046e W16 100b0c 84cb work_low
A 00046e W16 100b0e 97f8 work_low
A 00046e W16 100b10 f7d9 work_low
A 00046e W16 100b12 d73e work_low
A 00046e W16 100b14 3437 work_low
A 00046e W16 100b16 0514 work_low
A 00046e W16 100b18 1965 work_low
A 00046e W16 100b1a 7efa work_low
A 00046e W16 100b1c 7ae3 work_low
A 00046e W16 100b1e 6670 work_low
A 00046e W16 100b20 0031 work_low
A 00046e W16 100b22 00f6 work_low
A 00046e W16 100b24 04cf work_low
A 00046e W16 100b26 180c work_low
A 00046e W16 100b28 783d work_low
A 00046e W16 100b2a 5932 work_low
A 00046e W16 100b2c bdfb work_low
A 00046e W16 100b2e b5e8 work_low
A 00046e W16 100b30 8d89 work_low
A 00046e W16 100b32 c3ae work_low
A 00046e W16 100b34 d267 work_low
A 00046e W16 100b36 1c04 work_low
A 00046e W16 100b38 8c15 work_low
A 00046e W16 100b3a bc6a work_low
A 00046e W16 100b3c ae13 work_low
A 00046e W16 100b3e 6660 work_low
A 00046e W16 100b40 ffe1 work_low
A 00046e W16 100b42 ff66 work_low
A 00046e W16 100b44 fcff work_low
A 00046e W16 100b46 f0fc work_low
A 00046e W16 100b48 b4ed work_low
A 00046e W16 100b4a 88a2 work_low
A 00046e W16 100b4c ab2b work_low
A 00046e W16 100b4e 57d8 work_low
A 00046e W16 100b50 b739 work_low
A 00046e W16 100b52 941e work_low
A 00046e W16 100b54 e497 work_low
A 00046e W16 100b56 76f4 work_low
A 00046e W16 100b58 52c5 work_low
A 00046e W16 100b5a 9dda work_low
A 00046e W16 100b5c 1543 work_low
A 00046e W16 100b5e 6a50 work_low
A 00046e W16 100b60 1391 work_low
A 00046e W16 100b62 61d6 work_low
A 00046e W16 100b64 e92f work_low
A 00046e W16 100b66 8dec work_low
A 00046e W16 100b68 c59d work_low
A 00046e W16 100b6a dc12 work_low
A 00046e W16 100b6c 4c5b work_low
A 00046e W16 100b6e 7dc8 work_low
A 00046e W16 100b70 74e9 work_low
A 00046e W16 100b72 488e work_low
A 00046e W16 100b74 6ac7 work_low
A 00046e W16 100b76 15e4 work_low
A 00046e W16 100b78 6d75 work_low
A 00046e W16 100b7a 234a work_low
A 00046e W16 100b7c b073 work_low
A 00046e W16 100b7e 7240 work_low
A 00046e W16 100b80 3b41 work_low
A 00046e W16 100b82 2846 work_low
A 00046e W16 100b84 c95f work_low
A 00046e W16 100b86 eedc work_low
A 00046e W16 100b88 aa4d work_low
A 00046e W16 100b8a 5382 work_low
A 00046e W16 100b8c a18b work_low
A 00046e W16 100b8e 27b8 work_low
A 00046e W16 100b90 c699 work_low
A 00046e W16 100b92 e0fe work_low
A 00046e W16 100b94 64f7 work_low
A 00046e W16 100b96 f8d4 work_low
A 00046e W16 100b98 dc25 work_low
A 00046e W16 100b9a 4cba work_low
A 00046e W16 100b9c 7fa3 work_low
A 00046e W16 100b9e 7e30 work_low
A 00046e W16 100ba0 76f1 work_low
A 00046e W16 100ba2 52b6 work_low
A 00046e W16 100ba4 9d8f work_low
A 00046e W16 100ba6 13cc work_low
A 00046e W16 100ba8 62fd work_low
A 00046e W16 100baa eef2 work_low
A 00046e W16 100bac aabb work_low
A 00046e W16 100bae 55a8 work_low
A 00046e W16 100bb0 ac49 work_low
A 00046e W16 100bb2 5d6e work_low
A 00046e W16 100bb4 d327 work_low
A 00046e W16 100bb6 1fc4 work_low
A 00046e W16 100bb8 9ed5 work_low
A 00046e W16 100bba 1a2a work_low
A 00046e W16 100bbc 82d3 work_low
A 00046e W16 100bbe 8e20 work_low
A 00046e W16 100bc0 c6a1 work_low
A 00046e W16 100bc2 e126 work_low
A 00046e W16 100bc4 65bf work_low
A 00046e W16 100bc6 fcbc work_low
A 00046e W16 100bc8 efad work_low
A 00046e W16 100bca ae62 work_low
A 00046e W16 100bcc 67eb work_low
A 00046e W16 100bce 0798 work_low
A 00046e W16 100bd0 25f9 work_low
A 00046e W16 100bd2 bdde work_low
A 00046e W16 100bd4 b557 work_low
A 00046e W16 100bd6 8ab4 work_low
A 00046e W16 100bd8 b585 work_low
A 00046e W16 100bda 8b9a work_low
A 00046e W16 100bdc ba03 work_low
A 00046e W16 100bde a210 work_low
A 00046e W16 100be0 2a51 work_low
A 00046e W16 100be2 d396 work_low
A 00046e W16 100be4 21ef work_low
A 00046e W16 100be6 a9ac work_low
A 00046e W16 100be8 505d work_low
A 00046e W16 100bea 91d2 work_low
A 00046e W16 100bec d91b work_low
A 00046e W16 100bee 3d88 work_low
A 00046e W16 100bf0 33a9 work_low
A 00046e W16 100bf2 024e work_low
A 00046e W16 100bf4 0b87 work_low
A 00046e W16 100bf6 39a4 work_low
A 00046e W16 100bf8 2035 work_low
A 00046e W16 100bfa a10a work_low
A 00046e W16 100bfc 2533 work_low
A 00046e W16 100bfe ba00 work_low
A 00046e W16 100c00 a201 work_low
A 00046e W16 100c02 2a06 work_low
A 00046e W16 100c04 d21f work_low
A 00046e W16 100c06 1a9c work_low
A 00046e W16 100c08 850d work_low
A 00046e W16 100c0a 9942 work_low
A 00046e W16 100c0c fe4b work_low
A 00046e W16 100c0e f778 work_low
A 00046e W16 100c10 d559 work_low
A 00046e W16 100c12 2abe work_low
A 00046e W16 100c14 d5b7 work_low
A 00046e W16 100c16 2c94 work_low
A 00046e W16 100c18 dee5 work_low
A 00046e W16 100c1a 5a7a work_low
A 00046e W16 100c1c c463 work_low
A 00046e W16 100c1e d5f0 work_low
A 00046e W16 100c20 2db1 work_low
A 00046e W16 100c22 e476 work_low
A 00046e W16 100c24 764f work_low
A 00046e W16 100c26 4f8c work_low
A 00046e W16 100c28 8dbd work_low
A 00046e W16 100c2a c4b2 work_low
A 00046e W16 100c2c d77b work_low
A 00046e W16 100c2e 3568 work_low
A 00046e W16 100c30 0b09 work_low
A 00046e W16 100c32 372e work_low
A 00046e W16 100c34 13e7 work_low
A 00046e W16 100c36 6384 work_low
A 00046e W16 100c38 f195 work_low
A 00046e W16 100c3a b7ea work_low
A 00046e W16 100c3c 9793 work_low
A 00046e W16 100c3e f5e0 work_low
A 00046e W16 100c40 cd61 work_low
A 00046e W16 100c42 02e6 work_low
A 00046e W16 100c44 0e7f work_low
A 00046e W16 100c46 487c work_low
A 00046e W16 100c48 6a6d work_low
A 00046e W16 100c4a 1422 work_low
A 00046e W16 100c4c 64ab work_low
A 00046e W16 100c4e f758 work_low
A 00046e W16 100c50 d4b9 work_low
A 00046e W16 100c52 279e work_low
A 00046e W16 100c54 c617 work_low
A 00046e W16 100c56 de74 work_low
A 00046e W16 100c58 5845 work_low
A 00046e W16 100c5a b95a work_low
A 00046e W16 100c5c 9ec3 work_low
A 00046e W16 100c5e 19d0 work_low
A 00046e W16 100c60 8111 work_low
A 00046e W16 100c62 8556 work_low
A 00046e W16 100c64 9aaf work_low
A 00046e W16 100c66 056c work_low
A 00046e W16 100c68 1b1d work_low
A 00046e W16 100c6a 8792 work_low
A 00046e W16 100c6c a5db work_low
A 00046e W16 100c6e 3d48 work_low
A 00046e W16 100c70 3269 work_low
A 00046e W16 100c72 fc0e work_low
A 00046e W16 100c74 ec47 work_low
A 00046e W16 100c76 9d64 work_low
A 00046e W16 100c78 12f5 work_low
A 00046e W16 100c7a 5eca work_low
A 00046e W16 100c7c d9f3 work_low
A 00046e W16 100c7e 41c0 work_low
A 00046e W16 100c80 48c1 work_low
A 00046e W16 100c82 6bc6 work_low
A 00046e W16 100c84 1adf work_low
A 00046e W16 100c86 865c work_low
A 00046e W16 100c88 9fcd work_low
A 00046e W16 100c8a 1f02 work_low
A 00046e W16 100c8c 9b0b work_low
A 00046e W16 100c8e 0738 work_low
A 00046e W16 100c90 2419 work_low
A 00046e W16 100c92 b47e work_low
A 00046e W16 100c94 8677 work_low
A 00046e W16 100c96 a054 work_low
A 00046e W16 100c98 21a5 work_low
A 00046e W16 100c9a a83a work_low
A 00046e W16 100c9c 4923 work_low
A 00046e W16 100c9e 6db0 work_low
A 00046e W16 100ca0 2471 work_low
A 00046e W16 100ca2 b636 work_low
A 00046e W16 100ca4 8f0f work_low
A 00046e W16 100ca6 cb4c work_low
A 00046e W16 100ca8 f87d work_low
A 00046e W16 100caa da72 work_low
A 00046e W16 100cac 443b work_low
A 00046e W16 100cae 5528 work_low
A 00046e W16 100cb0 a9c9 work_low
A 00046e W16 100cb2 50ee work_low
A 00046e W16 100cb4 94a7 work_low
A 00046e W16 100cb6 e744 work_low
A 00046e W16 100cb8 8455 work_low
A 00046e W16 100cba 95aa work_low
A 00046e W16 100cbc ec53 work_low
A 00046e W16 100cbe 9da0 work_low
A 00046e W16 100cc0 1421 work_low
A 00046e W16 100cc2 64a6 work_low
A 00046e W16 100cc4 f73f work_low
A 00046e W16 100cc6 d43c work_low
A 00046e W16 100cc8 252d work_low
A 00046e W16 100cca b9e2 work_low
A 00046e W16 100ccc a16b work_low
A 00046e W16 100cce 2718 work_low
A 00046e W16 100cd0 c379 work_low
A 00046e W16 100cd2 d15e work_low
A 00046e W16 100cd4 16d7 work_low
A 00046e W16 100cd6 7234 work_low
A 00046e W16 100cd8 3b05 work_low
A 00046e W16 100cda 271a work_low
A 00046e W16 100cdc c383 work_low
A 00046e W16 100cde d190 work_low
A 00046e W16 100ce0 17d1 work_low
A 00046e W16 100ce2 7716 work_low
A 00046e W16 100ce4 536f work_low
A 00046e W16 100ce6 a12c work_low
A 00046e W16 100ce8 25dd work_low
A 00046e W16 100cea bd52 work_low
A 00046e W16 100cec b29b work_low
A 00046e W16 100cee 7d08 work_low
A 00046e W16 100cf0 7129 work_low
A 00046e W16 100cf2 35ce work_low
A 00046e W16 100cf4 0d07 work_low
A 00046e W16 100cf6 4124 work_low
A 00046e W16 100cf8 45b5 work_low
A 00046e W16 100cfa 5c8a work_low
A 00046e W16 100cfc ceb3 work_low
A 00046e W16 100cfe 0980 work_low
A 00046e W16 100d00 2f81 work_low
A 00046e W16 100d02 ed86 work_low
A 00046e W16 100d04 a39f work_low
A 00046e W16 100d06 321c work_low
A 00046e W16 100d08 fa8d work_low
A 00046e W16 100d0a e4c2 work_low
A 00046e W16 100d0c 77cb work_low
A 00046e W16 100d0e 56f8 work_low
A 00046e W16 100d10 b2d9 work_low
A 00046e W16 100d12 7e3e work_low
A 00046e W16 100d14 7737 work_low
A 00046e W16 100d16 5414 work_low
A 00046e W16 100d18 a465 work_low
A 00046e W16 100d1a 35fa work_low
A 00046e W16 100d1c 0de3 work_low
A 00046e W16 100d1e 4570 work_low
A 00046e W16 100d20 5b31 work_low
A 00046e W16 100d22 c7f6 work_low
A 00046e W16 100d24 e7cf work_low
A 00046e W16 100d26 870c work_low
A 00046e W16 100d28 a33d work_low
A 00046e W16 100d2a 3032 work_low
A 00046e W16 100d2c f0fb work_low
A 00046e W16 100d2e b4e8 work_low
A 00046e W16 100d30 8889 work_low
A 00046e W16 100d32 aaae work_low
A 00046e W16 100d34 5567 work_low
A 00046e W16 100d36 ab04 work_low
A 00046e W16 100d38 5715 work_low
A 00046e W16 100d3a b36a work_low
A 00046e W16 100d3c 8113 work_low
A 00046e W16 100d3e 8560 work_low
A 00046e W16 100d40 9ae1 work_low
A 00046e W16 100d42 0666 work_low
A 00046e W16 100d44 1fff work_low
A 00046e W16 100d46 9ffc work_low
A 00046e W16 100d48 1fed work_low
A 00046e W16 100d4a 9fa2 work_low
A 00046e W16 100d4c 1e2b work_low
A 00046e W16 100d4e 96d8 work_low
A 00046e W16 100d50 f239 work_low
A 00046e W16 100d52 bb1e work_low
A 00046e W16 100d54 a797 work_low
A 00046e W16 100d56 45f4 work_low
A 00046e W16 100d58 5dc5 work_low
A 00046e W16 100d5a d4da work_low
A 00046e W16 100d5c 2843 work_low
A 00046e W16 100d5e c950 work_low
A 00046e W16 100d60 ee91 work_low
A 00046e W16 100d62 a8d6 work_low
A 00046e W16 100d64 4c2f work_low
A 00046e W16 100d66 7cec work_low
A 00046e W16 100d68 709d work_low
A 00046e W16 100d6a 3312 work_low
A 00046e W16 100d6c ff5b work_low
A 00046e W16 100d6e fcc8 work_low
A 00046e W16 100d70 efe9 work_low
A 00046e W16 100d72 af8e work_low
A 00046e W16 100d74 6dc7 work_low
A 00046e W16 100d76 24e4 work_low
A 00046e W16 100d78 b875 work_low
A 00046e W16 100d7a 9a4a work_low
A 00046e W16 100d7c 0373 work_low
A 00046e W16 100d7e 1140 work_low
A 00046e W16 100d80 5641 work_low
A 00046e W16 100d82 af46 work_low
A 00046e W16 100d84 6c5f work_low
A 00046e W16 100d86 1ddc work_low
A 00046e W16 100d88 954d work_low
A 00046e W16 100d8a ea82 work_low
A 00046e W16 100d8c 948b work_low
A 00046e W16 100d8e e6b8 work_low
A 00046e W16 100d90 8199 work_low
A 00046e W16 100d92 87fe work_low
A 00046e W16 100d94 a7f7 work_low
A 00046e W16 100d96 47d4 work_low
A 00046e W16 100d98 6725 work_low
A 00046e W16 100d9a 03ba work_low
A 00046e W16 100d9c 12a3 work_low
A 00046e W16 100d9e 5d30 work_low
A 00046e W16 100da0 d1f1 work_low
A 00046e W16 100da2 19b6 work_low
A 00046e W16 100da4 808f work_low
A 00046e W16 100da6 82cc work_low
A 00046e W16 100da8 8dfd work_low
A 00046e W16 100daa c5f2 work_low
A 00046e W16 100dac ddbb work_low
A 00046e W16 100dae 54a8 work_low
A 00046e W16 100db0 a749 work_low
A 00046e W16 100db2 446e work_low
A 00046e W16 100db4 5627 work_low
A 00046e W16 100db6 aec4 work_low
A 00046e W16 100db8 69d5 work_low
A 00046e W16 100dba 112a work_low
A 00046e W16 100dbc 55d3 work_low
A 00046e W16 100dbe ad20 work_low
A 00046e W16 100dc0 61a1 work_low
A 00046e W16 100dc2 e826 work_low
A 00046e W16 100dc4 88bf work_low
A 00046e W16 100dc6 abbc work_low
A 00046e W16 100dc8 5aad work_low
A 00046e W16 100dca c562 work_low
A 00046e W16 100dcc daeb work_low
A 00046e W16 100dce 4698 work_low
A 00046e W16 100dd0 60f9 work_low
A 00046e W16 100dd2 e4de work_low
A 00046e W16 100dd4 7857 work_low
A 00046e W16 100dd6 59b4 work_low
A 00046e W16 100dd8 c085 work_low
A 00046e W16 100dda c29a work_low
A 00046e W16 100ddc cd03 work_low
A 00046e W16 100dde 0110 work_low
A 00046e W16 100de0 0551 work_low
A 00046e W16 100de2 1a96 work_low
A 00046e W16 100de4 84ef work_low
A 00046e W16 100de6 98ac work_low
A 00046e W16 100de8 fb5d work_low
A 00046e W16 100dea e8d2 work_low
A 00046e W16 100dec 8c1b work_low
A 00046e W16 100dee bc88 work_low
A 00046e W16 100df0 aea9 work_low
A 00046e W16 100df2 694e work_low
A 00046e W16 100df4 0e87 work_low
A 00046e W16 100df6 48a4 work_low
A 00046e W16 100df8 6b35 work_low
A 00046e W16 100dfa 180a work_low
A 00046e W16 100dfc 7833 work_low
A 00046e W16 100dfe 5900 work_low
A 00046e W16 100e00 bd01 work_low
A 00046e W16 100e02 b106 work_low
A 00046e W16 100e04 751f work_low
A 00046e W16 100e06 499c work_low
A 00046e W16 100e08 700d work_low
A 00046e W16 100e0a 3042 work_low
A 00046e W16 100e0c f14b work_low
A 00046e W16 100e0e b678 work_low
A 00046e W16 100e10 9059 work_low
A 00046e W16 100e12 d1be work_low
A 00046e W16 100e14 18b7 work_low
A 00046e W16 100e16 7b94 work_low
A 00046e W16 100e18 69e5 work_low
A 00046e W16 100e1a 117a work_low
A 00046e W16 100e1c 5763 work_low
A 00046e W16 100e1e b4f0 work_low
A 00046e W16 100e20 88b1 work_low
A 00046e W16 100e22 ab76 work_low
A 00046e W16 100e24 594f work_low
A 00046e W16 100e26 be8c work_low
A 00046e W16 100e28 b8bd work_low
A 00046e W16 100e2a 9bb2 work_low
A 00046e W16 100e2c 0a7b work_low
A 00046e W16 100e2e 3468 work_low
A 00046e W16 100e30 0609 work_low
A 00046e W16 100e32 1e2e work_low
A 00046e W16 100e34 96e7 work_low
A 00046e W16 100e36 f284 work_low
A 00046e W16 100e38 bc95 work_low
A 00046e W16 100e3a aeea work_low
A 00046e W16 100e3c 6a93 work_low
A 00046e W16 100e3e 14e0 work_low
A 00046e W16 100e40 6861 work_low
A 00046e W16 100e42 09e6 work_low
A 00046e W16 100e44 317f work_low
A 00046e W16 100e46 f77c work_low
A 00046e W16 100e48 d56d work_low
A 00046e W16 100e4a 2b22 work_low
A 00046e W16 100e4c d7ab work_low
A 00046e W16 100e4e 3658 work_low
A 00046e W16 100e50 0fb9 work_low
A 00046e W16 100e52 4e9e work_low
A 00046e W16 100e54 8917 work_low
A 00046e W16 100e56 ad74 work_low
A 00046e W16 100e58 6345 work_low
A 00046e W16 100e5a f05a work_low
A 00046e W16 100e5c b1c3 work_low
A 00046e W16 100e5e 78d0 work_low
A 00046e W16 100e60 5c11 work_low
A 00046e W16 100e62 cc56 work_low
A 00046e W16 100e64 fdaf work_low
A 00046e W16 100e66 f46c work_low
A 00046e W16 100e68 c61d work_low
A 00046e W16 100e6a de92 work_low
A 00046e W16 100e6c 58db work_low
A 00046e W16 100e6e bc48 work_low
A 00046e W16 100e70 ad69 work_low
A 00046e W16 100e72 630e work_low
A 00046e W16 100e74 ef47 work_low
A 00046e W16 100e76 ac64 work_low
A 00046e W16 100e78 5df5 work_low
A 00046e W16 100e7a d5ca work_low
A 00046e W16 100e7c 2cf3 work_low
A 00046e W16 100e7e e0c0 work_low
A 00046e W16 100e80 63c1 work_low
A 00046e W16 100e82 f2c6 work_low
A 00046e W16 100e84 bddf work_low
A 00046e W16 100e86 b55c work_low
A 00046e W16 100e88 8acd work_low
A 00046e W16 100e8a b602 work_low
A 00046e W16 100e8c 8e0b work_low
A 00046e W16 100e8e c638 work_low
A 00046e W16 100e90 df19 work_low
A 00046e W16 100e92 5b7e work_low
A 00046e W16 100e94 c977 work_low
A 00046e W16 100e96 ef54 work_low
A 00046e W16 100e98 aca5 work_low
A 00046e W16 100e9a 5f3a work_low
A 00046e W16 100e9c dc23 work_low
A 00046e W16 100e9e 4cb0 work_low
A 00046e W16 100ea0 7f71 work_low
A 00046e W16 100ea2 7d36 work_low
A 00046e W16 100ea4 720f work_low
A 00046e W16 100ea6 3a4c work_low
A 00046e W16 100ea8 237d work_low
A 00046e W16 100eaa b172 work_low
A 00046e W16 100eac 773b work_low
A 00046e W16 100eae 5428 work_low
A 00046e W16 100eb0 a4c9 work_low
A 00046e W16 100eb2 37ee work_low
A 00046e W16 100eb4 17a7 work_low
A 00046e W16 100eb6 7644 work_low
A 00046e W16 100eb8 4f55 work_low
A 00046e W16 100eba 8caa work_low
A 00046e W16 100ebc bf53 work_low
A 00046e W16 100ebe bca0 work_low
A 00046e W16 100ec0 af21 work_low
A 00046e W16 100ec2 6ba6 work_low
A 00046e W16 100ec4 1a3f work_low
A 00046e W16 100ec6 833c work_low
A 00046e W16 100ec8 902d work_low
A 00046e W16 100eca d0e2 work_low
A 00046e W16 100ecc 146b work_low
A 00046e W16 100ece 6618 work_low
A 00046e W16 100ed0 fe79 work_low
A 00046e W16 100ed2 f85e work_low
A 00046e W16 100ed4 d9d7 work_low
A 00046e W16 100ed6 4134 work_low
A 00046e W16 100ed8 4605 work_low
A 00046e W16 100eda 5e1a work_low
A 00046e W16 100edc d683 work_low
A 00046e W16 100ede 3090 work_low
A 00046e W16 100ee0 f2d1 work_low
A 00046e W16 100ee2 be16 work_low
A 00046e W16 100ee4 b66f work_low
A 00046e W16 100ee6 902c work_low
A 00046e W16 100ee8 d0dd work_low
A 00046e W16 100eea 1452 work_low
A 00046e W16 100eec 659b work_low
A 00046e W16 100eee fc08 work_low
A 00046e W16 100ef0 ec29 work_low
A 00046e W16 100ef2 9cce work_low
A 00046e W16 100ef4 1007 work_low
A 00046e W16 100ef6 5024 work_low
A 00046e W16 100ef8 90b5 work_low
A 00046e W16 100efa d38a work_low
A 00046e W16 100efc 21b3 work_low
A 00046e W16 100efe a880 work_low
A 00046e W16 100f00 4a81 work_low
A 00046e W16 100f02 7486 work_low
A 00046e W16 100f04 469f work_low
A 00046e W16 100f06 611c work_low
A 00046e W16 100f08 e58d work_low
A 00046e W16 100f0a 7bc2 work_low
A 00046e W16 100f0c 6acb work_low
A 00046e W16 100f0e 15f8 work_low
A 00046e W16 100f10 6dd9 work_low
A 00046e W16 100f12 253e work_low
A 00046e W16 100f14 ba37 work_low
A 00046e W16 100f16 a314 work_low
A 00046e W16 100f18 2f65 work_low
A 00046e W16 100f1a ecfa work_low
A 00046e W16 100f1c a0e3 work_low
A 00046e W16 100f1e 2470 work_low
A 00046e W16 100f20 b631 work_low
A 00046e W16 100f22 8ef6 work_low
A 00046e W16 100f24 cacf work_low
A 00046e W16 100f26 f60c work_low
A 00046e W16 100f28 ce3d work_low
A 00046e W16 100f2a 0732 work_low
A 00046e W16 100f2c 23fb work_low
A 00046e W16 100f2e b3e8 work_low
A 00046e W16 100f30 8389 work_low
A 00046e W16 100f32 91ae work_low
A 00046e W16 100f34 d867 work_low
A 00046e W16 100f36 3a04 work_low
A 00046e W16 100f38 2215 work_low
A 00046e W16 100f3a aa6a work_low
A 00046e W16 100f3c 5413 work_low
A 00046e W16 100f3e a460 work_low
A 00046e W16 100f40 35e1 work_low
A 00046e W16 100f42 0d66 work_low
A 00046e W16 100f44 42ff work_low
A 00046e W16 100f46 4efc work_low
A 00046e W16 100f48 8aed work_low
A 00046e W16 100f4a b6a2 work_low
A 00046e W16 100f4c 912b work_low
A 00046e W16 100f4e d5d8 work_low
A 00046e W16 100f50 2d39 work_low
A 00046e W16 100f52 e21e work_low
A 00046e W16 100f54 6a97 work_low
A 00046e W16 100f56 14f4 work_low
A 00046e W16 100f58 68c5 work_low
A 00046e W16 100f5a 0bda work_low
A 00046e W16 100f5c 3b43 work_low
A 00046e W16 100f5e 2850 work_low
A 00046e W16 100f60 c991 work_low
A 00046e W16 100f62 efd6 work_low
A 00046e W16 100f64 af2f work_low
A 00046e W16 100f66 6bec work_low
A 00046e W16 100f68 1b9d work_low
A 00046e W16 100f6a 8a12 work_low
A 00046e W16 100f6c b25b work_low
A 00046e W16 100f6e 7bc8 work_low
A 00046e W16 100f70 6ae9 work_low
A 00046e W16 100f72 168e work_low
A 00046e W16 100f74 70c7 work_low
A 00046e W16 100f76 33e4 work_low
A 00046e W16 100f78 0375 work_low
A 00046e W16 100f7a 114a work_low
A 00046e W16 100f7c 5673 work_low
A 00046e W16 100f7e b040 work_low
A 00046e W16 100f80 7141 work_low
A 00046e W16 100f82 3646 work_low
A 00046e W16 100f84 0f5f work_low
A 00046e W16 100f86 4cdc work_low
A 00046e W16 100f88 804d work_low
A 00046e W16 100f8a 8182 work_low
A 00046e W16 100f8c 878b work_low
A 00046e W16 100f8e a5b8 work_low
A 00046e W16 100f90 3c99 work_low
A 00046e W16 100f92 2efe work_low
A 00046e W16 100f94 eaf7 work_low
A 00046e W16 100f96 96d4 work_low
A 00046e W16 100f98 f225 work_low
A 00046e W16 100f9a baba work_low
A 00046e W16 100f9c a5a3 work_low
A 00046e W16 100f9e 3c30 work_low
A 00046e W16 100fa0 2cf1 work_low
A 00046e W16 100fa2 e0b6 work_low
A 00046e W16 100fa4 638f work_low
A 00046e W16 100fa6 f1cc work_low
A 00046e W16 100fa8 b8fd work_low
A 00046e W16 100faa 9cf2 work_low
A 00046e W16 100fac 10bb work_low
A 00046e W16 100fae 53a8 work_low
A 00046e W16 100fb0 a249 work_low
A 00046e W16 100fb2 2b6e work_low
A 00046e W16 100fb4 d927 work_low
A 00046e W16 100fb6 3dc4 work_low
A 00046e W16 100fb8 34d5 work_low
A 00046e W16 100fba 082a work_low
A 00046e W16 100fbc 28d3 work_low
A 00046e W16 100fbe cc20 work_low
A 00046e W16 100fc0 fca1 work_low
A 00046e W16 100fc2 ef26 work_low
A 00046e W16 100fc4 abbf work_low
A 00046e W16 100fc6 5abc work_low
A 00046e W16 100fc8 c5ad work_low
A 00046e W16 100fca dc62 work_low
A 00046e W16 100fcc 4deb work_low
A 00046e W16 100fce 8598 work_low
A 00046e W16 100fd0 9bf9 work_low
A 00046e W16 100fd2 0bde work_low
A 00046e W16 100fd4 3b57 work_low
A 00046e W16 100fd6 28b4 work_low
A 00046e W16 100fd8 cb85 work_low
A 00046e W16 100fda f99a work_low
A 00046e W16 100fdc e003 work_low
A 00046e W16 100fde 6010 work_low
A 00046e W16 100fe0 e051 work_low
A 00046e W16 100fe2 6196 work_low
A 00046e W16 100fe4 e7ef work_low
A 00046e W16 100fe6 87ac work_low
A 00046e W16 100fe8 a65d work_low
A 00046e W16 100fea 3fd2 work_low
A 00046e W16 100fec 3f1b work_low
A 00046e W16 100fee 3b88 work_low
A 00046e W16 100ff0 29a9 work_low
A 00046e W16 100ff2 d04e work_low
A 00046e W16 100ff4 1187 work_low
A 00046e W16 100ff6 57a4 work_low
A 00046e W16 100ff8 b635 work_low
A 00046e W16 100ffa 8f0a work_low
A 00046e W16 100ffc cb33 work_low
A 00046e W16 100ffe f800 work_low
A 00046e W16 101000 d801 work_low
A 00046e W16 101002 3806 work_low
A 00046e W16 101004 181f work_low
A 00046e W16 101006 789c work_low
A 00046e W16 101008 5b0d work_low
A 00046e W16 10100a c742 work_low
A 00046e W16 10100c e44b work_low
A 00046e W16 10100e 7578 work_low
A 00046e W16 101010 4b59 work_low
A 00046e W16 101012 78be work_low
A 00046e W16 101014 5bb7 work_low
A 00046e W16 101016 ca94 work_low
A 00046e W16 101018 f4e5 work_low
A 00046e W16 10101a c87a work_low
A 00046e W16 10101c ea63 work_low
A 00046e W16 10101e 93f0 work_low
A 00046e W16 101020 e3b1 work_low
A 00046e W16 101022 7276 work_low
A 00046e W16 101024 3c4f work_low
A 00046e W16 101026 2d8c work_low
A 00046e W16 101028 e3bd work_low
A 00046e W16 10102a 72b2 work_low
A 00046e W16 10102c 3d7b work_low
A 00046e W16 10102e 3368 work_low
A 00046e W16 101030 0109 work_low
A 00046e W16 101032 052e work_low
A 00046e W16 101034 19e7 work_low
A 00046e W16 101036 8184 work_low
A 00046e W16 101038 8795 work_low
A 00046e W16 10103a a5ea work_low
A 00046e W16 10103c 3d93 work_low
A 00046e W16 10103e 33e0 work_low
A 00046e W16 101040 0361 work_low
A 00046e W16 101042 10e6 work_low
A 00046e W16 101044 547f work_low
A 00046e W16 101046 a67c work_low
A 00046e W16 101048 406d work_low
A 00046e W16 10104a 4222 work_low
A 00046e W16 10104c 4aab work_low
A 00046e W16 10104e 7558 work_low
A 00046e W16 101050 4ab9 work_low
A 00046e W16 101052 759e work_low
A 00046e W16 101054 4c17 work_low
A 00046e W16 101056 7c74 work_low
A 00046e W16 101058 6e45 work_low
A 00046e W16 10105a 275a work_low
A 00046e W16 10105c c4c3 work_low
A 00046e W16 10105e d7d0 work_low
A 00046e W16 101060 3711 work_low
A 00046e W16 101062 1356 work_low
A 00046e W16 101064 60af work_low
A 00046e W16 101066 e36c work_low
A 00046e W16 101068 711d work_low
A 00046e W16 10106a 3592 work_low
A 00046e W16 10106c 0bdb work_low
A 00046e W16 10106e 3b48 work_low
A 00046e W16 101070 2869 work_low
A 00046e W16 101072 ca0e work_low
A 00046e W16 101074 f247 work_low
A 00046e W16 101076 bb64 work_low
A 00046e W16 101078 a8f5 work_low
A 00046e W16 10107a 4cca work_low
A 00046e W16 10107c 7ff3 work_low
A 00046e W16 10107e 7fc0 work_low
A 00046e W16 101080 7ec1 work_low
A 00046e W16 101082 79c6 work_low
A 00046e W16 101084 60df work_low
A 00046e W16 101086 e45c work_low
A 00046e W16 101088 75cd work_low
A 00046e W16 10108a 4d02 work_low
A 00046e W16 10108c 810b work_low
A 00046e W16 10108e 8538 work_low
A 00046e W16 101090 9a19 work_low
A 00046e W16 101092 027e work_low
A 00046e W16 101094 0c77 work_low
A 00046e W16 101096 3e54 work_low
A 00046e W16 101098 37a5 work_low
A 00046e W16 10109a 163a work_low
A 00046e W16 10109c 6f23 work_low
A 00046e W16 10109e 2bb0 work_low
A 00046e W16 1010a0 da71 work_low
A 00046e W16 1010a2 4436 work_low
A 00046e W16 1010a4 550f work_low
A 00046e W16 1010a6 a94c work_low
A 00046e W16 1010a8 4e7d work_low
A 00046e W16 1010aa 8872 work_low
A 00046e W16 1010ac aa3b work_low
A 00046e W16 1010ae 5328 work_low
A 00046e W16 1010b0 9fc9 work_low
A 00046e W16 1010b2 1eee work_low
A 00046e W16 1010b4 9aa7 work_low
A 00046e W16 1010b6 0544 work_low
A 00046e W16 1010b8 1a55 work_low
A 00046e W16 1010ba 83aa work_low
A 00046e W16 1010bc 9253 work_low
A 00046e W16 1010be dba0 work_low
A 00046e W16 1010c0 4a21 work_low
A 00046e W16 1010c2 72a6 work_low
A 00046e W16 1010c4 3d3f work_low
A 00046e W16 1010c6 323c work_low
A 00046e W16 1010c8 fb2d work_low
A 00046e W16 1010ca e7e2 work_low
A 00046e W16 1010cc 876b work_low
A 00046e W16 1010ce a518 work_low
A 00046e W16 1010d0 3979 work_low
A 00046e W16 1010d2 1f5e work_low
A 00046e W16 1010d4 9cd7 work_low
A 00046e W16 1010d6 1034 work_low
A 00046e W16 1010d8 5105 work_low
A 00046e W16 1010da 951a work_low
A 00046e W16 1010dc e983 work_low
A 00046e W16 1010de 8f90 work_low
A 00046e W16 1010e0 cdd1 work_low
A 00046e W16 1010e2 0516 work_low
A 00046e W16 1010e4 196f work_low
A 00046e W16 1010e6 7f2c work_low
A 00046e W16 1010e8 7bdd work_low
A 00046e W16 1010ea 6b52 work_low
A 00046e W16 1010ec 189b work_low
A 00046e W16 1010ee 7b08 work_low
A 00046e W16 1010f0 6729 work_low
A 00046e W16 1010f2 03ce work_low
A 00046e W16 1010f4 1307 work_low
A 00046e W16 1010f6 5f24 work_low
A 00046e W16 1010f8 dbb5 work_low
A 00046e W16 1010fa 4a8a work_low
A 00046e W16 1010fc 74b3 work_low
A 00046e W16 1010fe 4780 work_low
A 00046e W16 101100 6581 work_low
A 00046e W16 101102 fb86 work_low
A 00046e W16 101104 e99f work_low
A 00046e W16 101106 901c work_low
A 00046e W16 101108 d08d work_low
A 00046e W16 10110a 12c2 work_low
A 00046e W16 10110c 5dcb work_low
A 00046e W16 10110e d4f8 work_low
A 00046e W16 101110 28d9 work_low
A 00046e W16 101112 cc3e work_low
A 00046e W16 101114 fd37 work_low
A 00046e W16 101116 f214 work_low
A 00046e W16 101118 ba65 work_low
A 00046e W16 10111a a3fa work_low
A 00046e W16 10111c 33e3 work_low
A 00046e W16 10111e 0370 work_low
A 00046e W16 101120 1131 work_low
A 00046e W16 101122 55f6 work_low
A 00046e W16 101124 adcf work_low
A 00046e W16 101126 650c work_low
A 00046e W16 101128 f93d work_low
A 00046e W16 10112a de32 work_low
A 00046e W16 10112c 56fb work_low
A 00046e W16 10112e b2e8 work_low
A 00046e W16 101130 7e89 work_low
A 00046e W16 101132 78ae work_low
A 00046e W16 101134 5b67 work_low
A 00046e W16 101136 c904 work_low
A 00046e W16 101138 ed15 work_low
A 00046e W16 10113a a16a work_low
A 00046e W16 10113c 2713 work_low
A 00046e W16 10113e c360 work_low
A 00046e W16 101140 d0e1 work_low
A 00046e W16 101142 1466 work_low
A 00046e W16 101144 65ff work_low
A 00046e W16 101146 fdfc work_low
A 00046e W16 101148 f5ed work_low
A 00046e W16 10114a cda2 work_low
A 00046e W16 10114c 042b work_low
A 00046e W16 10114e 14d8 work_low
A 00046e W16 101150 6839 work_low
A 00046e W16 101152 091e work_low
A 00046e W16 101154 2d97 work_low
A 00046e W16 101156 e3f4 work_low
A 00046e W16 101158 73c5 work_low
A 00046e W16 10115a 42da work_low
A 00046e W16 10115c 4e43 work_low
A 00046e W16 10115e 8750 work_low
A 00046e W16 101160 a491 work_low
A 00046e W16 101162 36d6 work_low
A 00046e W16 101164 122f work_low
A 00046e W16 101166 5aec work_low
A 00046e W16 101168 c69d work_low
A 00046e W16 10116a e112 work_low
A 00046e W16 10116c 655b work_low
A 00046e W16 10116e fac8 work_low
A 00046e W16 101170 e5e9 work_low
A 00046e W16 101172 7d8e work_low
A 00046e W16 101174 73c7 work_low
A 00046e W16 101176 42e4 work_low
A 00046e W16 101178 4e75 work_low
A 00046e W16 10117a 884a work_low
A 00046e W16 10117c a973 work_low
A 00046e W16 10117e 4f40 work_low
A 00046e W16 101180 8c41 work_low
A 00046e W16 101182 bd46 work_low
A 00046e W16 101184 b25f work_low
A 00046e W16 101186 7bdc work_low
A 00046e W16 101188 6b4d work_low
A 00046e W16 10118a 1882 work_low
A 00046e W16 10118c 7a8b work_low
A 00046e W16 10118e 64b8 work_low
A 00046e W16 101190 f799 work_low
A 00046e W16 101192 d5fe work_low
A 00046e W16 101194 2df7 work_low
A 00046e W16 101196 e5d4 work_low
A 00046e W16 101198 7d25 work_low
A 00046e W16 10119a 71ba work_low
A 00046e W16 10119c 38a3 work_low
A 00046e W16 10119e 1b30 work_low
A 00046e W16 1011a0 87f1 work_low
A 00046e W16 1011a2 a7b6 work_low
A 00046e W16 1011a4 468f work_low
A 00046e W16 1011a6 60cc work_low
A 00046e W16 1011a8 e3fd work_low
A 00046e W16 1011aa 73f2 work_low
A 00046e W16 1011ac 43bb work_low
A 00046e W16 1011ae 52a8 work_low
A 00046e W16 1011b0 9d49 work_low
A 00046e W16 1011b2 126e work_low
A 00046e W16 1011b4 5c27 work_low
A 00046e W16 1011b6 ccc4 work_low
A 00046e W16 1011b8 ffd5 work_low
A 00046e W16 1011ba ff2a work_low
A 00046e W16 1011bc fbd3 work_low
A 00046e W16 1011be eb20 work_low
A 00046e W16 1011c0 97a1 work_low
A 00046e W16 1011c2 f626 work_low
A 00046e W16 1011c4 cebf work_low
A 00046e W16 1011c6 09bc work_low
A 00046e W16 1011c8 30ad work_low
A 00046e W16 1011ca f362 work_low
A 00046e W16 1011cc c0eb work_low
A 00046e W16 1011ce c498 work_low
A 00046e W16 1011d0 d6f9 work_low
A 00046e W16 1011d2 32de work_low
A 00046e W16 1011d4 fe57 work_low
A 00046e W16 1011d6 f7b4 work_low
A 00046e W16 1011d8 d685 work_low
A 00046e W16 1011da 309a work_low
A 00046e W16 1011dc f303 work_low
A 00046e W16 1011de bf10 work_low
A 00046e W16 1011e0 bb51 work_low
A 00046e W16 1011e2 a896 work_low
A 00046e W16 1011e4 4aef work_low
A 00046e W16 1011e6 76ac work_low
A 00046e W16 1011e8 515d work_low
A 00046e W16 1011ea 96d2 work_low
A 00046e W16 1011ec f21b work_low
A 00046e W16 1011ee ba88 work_low
A 00046e W16 1011f0 a4a9 work_low
A 00046e W16 1011f2 374e work_low
A 00046e W16 1011f4 1487 work_low
A 00046e W16 1011f6 66a4 work_low
A 00046e W16 1011f8 0135 work_low
A 00046e W16 1011fa 060a work_low
A 00046e W16 1011fc 1e33 work_low
A 00046e W16 1011fe 9700 work_low
A 00046e W16 101200 f301 work_low
A 00046e W16 101202 bf06 work_low
A 00046e W16 101204 bb1f work_low
A 00046e W16 101206 a79c work_low
A 00046e W16 101208 460d work_low
A 00046e W16 10120a 5e42 work_low
A 00046e W16 10120c d74b work_low
A 00046e W16 10120e 3478 work_low
A 00046e W16 101210 0659 work_low
A 00046e W16 101212 1fbe work_low
A 00046e W16 101214 9eb7 work_low
A 00046e W16 101216 1994 work_low
A 00046e W16 101218 7fe5 work_low
A 00046e W16 10121a 7f7a work_low
A 00046e W16 10121c 7d63 work_low
A 00046e W16 10121e 72f0 work_low
A 00046e W16 101220 3eb1 work_low
A 00046e W16 101222 3976 work_low
A 00046e W16 101224 1f4f work_low
A 00046e W16 101226 9c8c work_low
A 00046e W16 101228 0ebd work_low
A 00046e W16 10122a 49b2 work_low
A 00046e W16 10122c 707b work_low
A 00046e W16 10122e 3268 work_low
A 00046e W16 101230 fc09 work_low
A 00046e W16 101232 ec2e work_low
A 00046e W16 101234 9ce7 work_low
A 00046e W16 101236 1084 work_low
A 00046e W16 101238 5295 work_low
A 00046e W16 10123a 9cea work_low
A 00046e W16 10123c 1093 work_low
A 00046e W16 10123e 52e0 work_low
A 00046e W16 101240 9e61 work_low
A 00046e W16 101242 17e6 work_low
A 00046e W16 101244 777f work_low
A 00046e W16 101246 557c work_low
A 00046e W16 101248 ab6d work_low
A 00046e W16 10124a 5922 work_low
A 00046e W16 10124c bdab work_low
A 00046e W16 10124e b458 work_low
A 00046e W16 101250 85b9 work_low
A 00046e W16 101252 9c9e work_low
A 00046e W16 101254 0f17 work_low
A 00046e W16 101256 4b74 work_low
A 00046e W16 101258 7945 work_low
A 00046e W16 10125a 5e5a work_low
A 00046e W16 10125c d7c3 work_low
A 00046e W16 10125e 36d0 work_low
A 00046e W16 101260 1211 work_low
A 00046e W16 101262 5a56 work_low
A 00046e W16 101264 c3af work_low
A 00046e W16 101266 d26c work_low
A 00046e W16 101268 1c1d work_low
A 00046e W16 10126a 8c92 work_low
A 00046e W16 10126c bedb work_low
A 00046e W16 10126e ba48 work_low
A 00046e W16 101270 a369 work_low
A 00046e W16 101272 310e work_low
A 00046e W16 101274 f547 work_low
A 00046e W16 101276 ca64 work_low
A 00046e W16 101278 f3f5 work_low
A 00046e W16 10127a c3ca work_low
A 00046e W16 10127c d2f3 work_low
A 00046e W16 10127e 1ec0 work_low
A 00046e W16 101280 99c1 work_low
A 00046e W16 101282 00c6 work_low
A 00046e W16 101284 03df work_low
A 00046e W16 101286 135c work_low
A 00046e W16 101288 60cd work_low
A 00046e W16 10128a e402 work_low
A 00046e W16 10128c 740b work_low
A 00046e W16 10128e 4438 work_low
A 00046e W16 101290 5519 work_low
A 00046e W16 101292 a97e work_low
A 00046e W16 101294 4f77 work_low
A 00046e W16 101296 8d54 work_low
A 00046e W16 101298 c2a5 work_low
A 00046e W16 10129a cd3a work_low
A 00046e W16 10129c 0223 work_low
A 00046e W16 10129e 0ab0 work_low
A 00046e W16 1012a0 3571 work_low
A 00046e W16 1012a2 0b36 work_low
A 00046e W16 1012a4 380f work_low
A 00046e W16 1012a6 184c work_low
A 00046e W16 1012a8 797d work_low
A 00046e W16 1012aa 5f72 work_low
A 00046e W16 1012ac dd3b work_low
A 00046e W16 1012ae 5228 work_low
A 00046e W16 1012b0 9ac9 work_low
A 00046e W16 1012b2 05ee work_low
A 00046e W16 1012b4 1da7 work_low
A 00046e W16 1012b6 9444 work_low
A 00046e W16 1012b8 e555 work_low
A 00046e W16 1012ba 7aaa work_low
A 00046e W16 1012bc 6553 work_low
A 00046e W16 1012be faa0 work_low
A 00046e W16 1012c0 e521 work_low
A 00046e W16 1012c2 79a6 work_low
A 00046e W16 1012c4 603f work_low
A 00046e W16 1012c6 e13c work_low
A 00046e W16 1012c8 662d work_low
A 00046e W16 1012ca fee2 work_low
A 00046e W16 1012cc fa6b work_low
A 00046e W16 1012ce e418 work_low
A 00046e W16 1012d0 7479 work_low
A 00046e W16 1012d2 465e work_low
A 00046e W16 1012d4 5fd7 work_low
A 00046e W16 1012d6 df34 work_low
A 00046e W16 1012d8 5c05 work_low
A 00046e W16 1012da cc1a work_low
A 00046e W16 1012dc fc83 work_low
A 00046e W16 1012de ee90 work_low
A 00046e W16 1012e0 a8d1 work_low
A 00046e W16 1012e2 4c16 work_low
A 00046e W16 1012e4 7c6f work_low
A 00046e W16 1012e6 6e2c work_low
A 00046e W16 1012e8 26dd work_low
A 00046e W16 1012ea c252 work_low
A 00046e W16 1012ec cb9b work_low
A 00046e W16 1012ee fa08 work_low
A 00046e W16 1012f0 e229 work_low
A 00046e W16 1012f2 6ace work_low
A 00046e W16 1012f4 1607 work_low
A 00046e W16 1012f6 6e24 work_low
A 00046e W16 1012f8 26b5 work_low
A 00046e W16 1012fa c18a work_low
A 00046e W16 1012fc c7b3 work_low
A 00046e W16 1012fe e680 work_low
A 00046e W16 101300 8081 work_low
A 00046e W16 101302 8286 work_low
A 00046e W16 101304 8c9f work_low
A 00046e W16 101306 bf1c work_low
A 00046e W16 101308 bb8d work_low
A 00046e W16 10130a a9c2 work_low
A 00046e W16 10130c 50cb work_low
A 00046e W16 10130e 93f8 work_low
A 00046e W16 101310 e3d9 work_low
A 00046e W16 101312 733e work_low
A 00046e W16 101314 4037 work_low
A 00046e W16 101316 4114 work_low
A 00046e W16 101318 4565 work_low
A 00046e W16 10131a 5afa work_low
A 00046e W16 10131c c6e3 work_low
A 00046e W16 10131e e270 work_low
A 00046e W16 101320 6c31 work_low
A 00046e W16 101322 1cf6 work_low
A 00046e W16 101324 90cf work_low
A 00046e W16 101326 d40c work_low
A 00046e W16 101328 243d work_low
A 00046e W16 10132a b532 work_low
A 00046e W16 10132c 89fb work_low
A 00046e W16 10132e b1e8 work_low
A 00046e W16 101330 7989 work_low
A 00046e W16 101332 5fae work_low
A 00046e W16 101334 de67 work_low
A 00046e W16 101336 5804 work_low
A 00046e W16 101338 b815 work_low
A 00046e W16 10133a 986a work_low
A 00046e W16 10133c fa13 work_low
A 00046e W16 10133e e260 work_low
A 00046e W16 101340 6be1 work_low
A 00046e W16 101342 1b66 work_low
A 00046e W16 101344 88ff work_low
A 00046e W16 101346 acfc work_low
A 00046e W16 101348 60ed work_low
A 00046e W16 10134a e4a2 work_low
A 00046e W16 10134c 772b work_low
A 00046e W16 10134e 53d8 work_low
A 00046e W16 101350 a339 work_low
A 00046e W16 101352 301e work_low
A 00046e W16 101354 f097 work_low
A 00046e W16 101356 b2f4 work_low
A 00046e W16 101358 7ec5 work_low
A 00046e W16 10135a 79da work_low
A 00046e W16 10135c 6143 work_low
A 00046e W16 10135e e650 work_low
A 00046e W16 101360 7f91 work_low
A 00046e W16 101362 7dd6 work_low
A 00046e W16 101364 752f work_low
A 00046e W16 101366 49ec work_low
A 00046e W16 101368 719d work_low
A 00046e W16 10136a 3812 work_low
A 00046e W16 10136c 185b work_low
A 00046e W16 10136e 79c8 work_low
A 00046e W16 101370 60e9 work_low
A 00046e W16 101372 e48e work_low
A 00046e W16 101374 76c7 work_low
A 00046e W16 101376 51e4 work_low
A 00046e W16 101378 9975 work_low
A 00046e W16 10137a ff4a work_low
A 00046e W16 10137c fc73 work_low
A 00046e W16 10137e ee40 work_low
A 00046e W16 101380 a741 work_low
A 00046e W16 101382 4446 work_low
A 00046e W16 101384 555f work_low
A 00046e W16 101386 aadc work_low
A 00046e W16 101388 564d work_low
A 00046e W16 10138a af82 work_low
A 00046e W16 10138c 6d8b work_low
A 00046e W16 10138e 23b8 work_low
A 00046e W16 101390 b299 work_low
A 00046e W16 101392 7cfe work_low
A 00046e W16 101394 70f7 work_low
A 00046e W16 101396 34d4 work_low
A 00046e W16 101398 0825 work_low
A 00046e W16 10139a 28ba work_low
A 00046e W16 10139c cba3 work_low
A 00046e W16 10139e fa30 work_low
A 00046e W16 1013a0 e2f1 work_low
A 00046e W16 1013a2 6eb6 work_low
A 00046e W16 1013a4 298f work_low
A 00046e W16 1013a6 cfcc work_low
A 00046e W16 1013a8 0efd work_low
A 00046e W16 1013aa 4af2 work_low
A 00046e W16 1013ac 76bb work_low
A 00046e W16 1013ae 51a8 work_low
A 00046e W16 1013b0 9849 work_low
A 00046e W16 1013b2 f96e work_low
A 00046e W16 1013b4 df27 work_low
A 00046e W16 1013b6 5bc4 work_low
A 00046e W16 1013b8 cad5 work_low
A 00046e W16 1013ba f62a work_low
A 00046e W16 1013bc ced3 work_low
A 00046e W16 1013be 0a20 work_low
A 00046e W16 1013c0 32a1 work_low
A 00046e W16 1013c2 fd26 work_low
A 00046e W16 1013c4 f1bf work_low
A 00046e W16 1013c6 b8bc work_low
A 00046e W16 1013c8 9bad work_low
A 00046e W16 1013ca 0a62 work_low
A 00046e W16 1013cc 33eb work_low
A 00046e W16 1013ce 0398 work_low
A 00046e W16 1013d0 11f9 work_low
A 00046e W16 1013d2 59de work_low
A 00046e W16 1013d4 c157 work_low
A 00046e W16 1013d6 c6b4 work_low
A 00046e W16 1013d8 e185 work_low
A 00046e W16 1013da 679a work_low
A 00046e W16 1013dc 0603 work_low
A 00046e W16 1013de 1e10 work_low
A 00046e W16 1013e0 9651 work_low
A 00046e W16 1013e2 ef96 work_low
A 00046e W16 1013e4 adef work_low
A 00046e W16 1013e6 65ac work_low
A 00046e W16 1013e8 fc5d work_low
A 00046e W16 1013ea edd2 work_low
A 00046e W16 1013ec a51b work_low
A 00046e W16 1013ee 3988 work_low
A 00046e W16 1013f0 1fa9 work_low
A 00046e W16 1013f2 9e4e work_low
A 00046e W16 1013f4 1787 work_low
A 00046e W16 1013f6 75a4 work_low
A 00046e W16 1013f8 4c35 work_low
A 00046e W16 1013fa 7d0a work_low
A 00046e W16 1013fc 7133 work_low
A 00046e W16 1013fe 3600 work_low
A 00046e W16 101400 0e01 work_low
A 00046e W16 101402 4606 work_low
A 00046e W16 101404 5e1f work_low
A 00046e W16 101406 d69c work_low
A 00046e W16 101408 310d work_low
A 00046e W16 10140a f542 work_low
A 00046e W16 10140c ca4b work_low
A 00046e W16 10140e f378 work_low
A 00046e W16 101410 c159 work_low
A 00046e W16 101412 c6be work_low
A 00046e W16 101414 e1b7 work_low
A 00046e W16 101416 6894 work_low
A 00046e W16 101418 0ae5 work_low
A 00046e W16 10141a 367a work_low
A 00046e W16 10141c 1063 work_low
A 00046e W16 10141e 51f0 work_low
A 00046e W16 101420 99b1 work_low
A 00046e W16 101422 0076 work_low
A 00046e W16 101424 024f work_low
A 00046e W16 101426 0b8c work_low
A 00046e W16 101428 39bd work_low
A 00046e W16 10142a 20b2 work_low
A 00046e W16 10142c a37b work_low
A 00046e W16 10142e 3168 work_low
A 00046e W16 101430 f709 work_low
A 00046e W16 101432 d32e work_low
A 00046e W16 101434 1fe7 work_low
A 00046e W16 101436 9f84 work_low
A 00046e W16 101438 1d95 work_low
A 00046e W16 10143a 93ea work_low
A 00046e W16 10143c e393 work_low
A 00046e W16 10143e 71e0 work_low
A 00046e W16 101440 3961 work_low
A 00046e W16 101442 1ee6 work_low
A 00046e W16 101444 9a7f work_low
A 00046e W16 101446 047c work_low
A 00046e W16 101448 166d work_low
A 00046e W16 10144a 7022 work_low
A 00046e W16 10144c 30ab work_low
A 00046e W16 10144e f358 work_low
A 00046e W16 101450 c0b9 work_low
A 00046e W16 101452 c39e work_low
A 00046e W16 101454 d217 work_low
A 00046e W16 101456 1a74 work_low
A 00046e W16 101458 8445 work_low
A 00046e W16 10145a 955a work_low
A 00046e W16 10145c eac3 work_low
A 00046e W16 10145e 95d0 work_low
A 00046e W16 101460 ed11 work_low
A 00046e W16 101462 a156 work_low
A 00046e W16 101464 26af work_low
A 00046e W16 101466 c16c work_low
A 00046e W16 101468 c71d work_low
A 00046e W16 10146a e392 work_low
A 00046e W16 10146c 71db work_low
A 00046e W16 10146e 3948 work_low
A 00046e W16 101470 1e69 work_low
A 00046e W16 101472 980e work_low
A 00046e W16 101474 f847 work_low
A 00046e W16 101476 d964 work_low
A 00046e W16 101478 3ef5 work_low
A 00046e W16 10147a 3aca work_low
A 00046e W16 10147c 25f3 work_low
A 00046e W16 10147e bdc0 work_low
A 00046e W16 101480 b4c1 work_low
A 00046e W16 101482 87c6 work_low
A 00046e W16 101484 a6df work_low
A 00046e W16 101486 425c work_low
A 00046e W16 101488 4bcd work_low
A 00046e W16 10148a 7b02 work_low
A 00046e W16 10148c 670b work_low
A 00046e W16 10148e 0338 work_low
A 00046e W16 101490 1019 work_low
A 00046e W16 101492 507e work_low
A 00046e W16 101494 9277 work_low
A 00046e W16 101496 dc54 work_low
A 00046e W16 101498 4da5 work_low
A 00046e W16 10149a 843a work_low
A 00046e W16 10149c 9523 work_low
A 00046e W16 10149e e9b0 work_low
A 00046e W16 1014a0 9071 work_low
A 00046e W16 1014a2 d236 work_low
A 00046e W16 1014a4 1b0f work_low
A 00046e W16 1014a6 874c work_low
A 00046e W16 1014a8 a47d work_low
A 00046e W16 1014aa 3672 work_low
A 00046e W16 1014ac 103b work_low
A 00046e W16 1014ae 5128 work_low
A 00046e W16 1014b0 95c9 work_low
A 00046e W16 1014b2 ecee work_low
A 00046e W16 1014b4 a0a7 work_low
A 00046e W16 1014b6 2344 work_low
A 00046e W16 1014b8 b055 work_low
A 00046e W16 1014ba 71aa work_low
A 00046e W16 1014bc 3853 work_low
A 00046e W16 1014be 19a0 work_low
A 00046e W16 1014c0 8021 work_low
A 00046e W16 1014c2 80a6 work_low
A 00046e W16 1014c4 833f work_low
A 00046e W16 1014c6 903c work_low
A 00046e W16 1014c8 d12d work_low
A 00046e W16 1014ca 15e2 work_low
A 00046e W16 1014cc 6d6b work_low
A 00046e W16 1014ce 2318 work_low
A 00046e W16 1014d0 af79 work_low
A 00046e W16 1014d2 6d5e work_low
A 00046e W16 1014d4 22d7 work_low
A 00046e W16 1014d6 ae34 work_low
A 00046e W16 1014d8 6705 work_low
A 00046e W16 1014da 031a work_low
A 00046e W16 1014dc 0f83 work_low
A 00046e W16 1014de 4d90 work_low
A 00046e W16 1014e0 83d1 work_low
A 00046e W16 1014e2 9316 work_low
A 00046e W16 1014e4 df6f work_low
A 00046e W16 1014e6 5d2c work_low
A 00046e W16 1014e8 d1dd work_low
A 00046e W16 1014ea 1952 work_low
A 00046e W16 1014ec 7e9b work_low
A 00046e W16 1014ee 7908 work_low
A 00046e W16 1014f0 5d29 work_low
A 00046e W16 1014f2 d1ce work_low
A 00046e W16 1014f4 1907 work_low
A 00046e W16 1014f6 7d24 work_low
A 00046e W16 1014f8 71b5 work_low
A 00046e W16 1014fa 388a work_low
A 00046e W16 1014fc 1ab3 work_low
A 00046e W16 1014fe 8580 work_low
A 00046e W16 101500 9b81 work_low
A 00046e W16 101502 0986 work_low
A 00046e W16 101504 2f9f work_low
A 00046e W16 101506 ee1c work_low
A 00046e W16 101508 a68d work_low
A 00046e W16 10150a 40c2 work_low
A 00046e W16 10150c 43cb work_low
A 00046e W16 10150e 52f8 work_low
A 00046e W16 101510 9ed9 work_low
A 00046e W16 101512 1a3e work_low
A 00046e W16 101514 8337 work_low
A 00046e W16 101516 9014 work_low
A 00046e W16 101518 d065 work_low
A 00046e W16 10151a 11fa work_low
A 00046e W16 10151c 59e3 work_low
A 00046e W16 10151e c170 work_low
A 00046e W16 101520 c731 work_low
A 00046e W16 101522 e3f6 work_low
A 00046e W16 101524 73cf work_low
A 00046e W16 101526 430c work_low
A 00046e W16 101528 4f3d work_low
A 00046e W16 10152a 8c32 work_low
A 00046e W16 10152c bcfb work_low
A 00046e W16 10152e b0e8 work_low
A 00046e W16 101530 7489 work_low
A 00046e W16 101532 46ae work_low
A 00046e W16 101534 6167 work_low
A 00046e W16 101536 e704 work_low
A 00046e W16 101538 8315 work_low
A 00046e W16 10153a 8f6a work_low
A 00046e W16 10153c cd13 work_low
A 00046e W16 10153e 0160 work_low
A 00046e W16 101540 06e1 work_low
A 00046e W16 101542 2266 work_low
A 00046e W16 101544 abff work_low
A 00046e W16 101546 5bfc work_low
A 00046e W16 101548 cbed work_low
A 00046e W16 10154a fba2 work_low
A 00046e W16 10154c ea2b work_low
A 00046e W16 10154e 92d8 work_low
A 00046e W16 101550 de39 work_low
A 00046e W16 101552 571e work_low
A 00046e W16 101554 b397 work_low
A 00046e W16 101556 81f4 work_low
A 00046e W16 101558 89c5 work_low
A 00046e W16 10155a b0da work_low
A 00046e W16 10155c 7443 work_low
A 00046e W16 10155e 4550 work_low
A 00046e W16 101560 5a91 work_low
A 00046e W16 101562 c4d6 work_low
A 00046e W16 101564 d82f work_low
A 00046e W16 101566 38ec work_low
A 00046e W16 101568 1c9d work_low
A 00046e W16 10156a 8f12 work_low
A 00046e W16 10156c cb5b work_low
A 00046e W16 10156e f8c8 work_low
A 00046e W16 101570 dbe9 work_low
A 00046e W16 101572 4b8e work_low
A 00046e W16 101574 79c7 work_low
A 00046e W16 101576 60e4 work_low
A 00046e W16 101578 e475 work_low
A 00046e W16 10157a 764a work_low
A 00046e W16 10157c 4f73 work_low
A 00046e W16 10157e 8d40 work_low
A 00046e W16 101580 c241 work_low
A 00046e W16 101582 cb46 work_low
A 00046e W16 101584 f85f work_low
A 00046e W16 101586 d9dc work_low
A 00046e W16 101588 414d work_low
A 00046e W16 10158a 4682 work_low
A 00046e W16 10158c 608b work_low
A 00046e W16 10158e e2b8 work_low
A 00046e W16 101590 6d99 work_low
A 00046e W16 101592 23fe work_low
A 00046e W16 101594 b3f7 work_low
A 00046e W16 101596 83d4 work_low
A 00046e W16 101598 9325 work_low
A 00046e W16 10159a dfba work_low
A 00046e W16 10159c 5ea3 work_low
A 00046e W16 10159e d930 work_low
A 00046e W16 1015a0 3df1 work_low
A 00046e W16 1015a2 35b6 work_low
A 00046e W16 1015a4 0c8f work_low
A 00046e W16 1015a6 3ecc work_low
A 00046e W16 1015a8 39fd work_low
A 00046e W16 1015aa 21f2 work_low
A 00046e W16 1015ac a9bb work_low
A 00046e W16 1015ae 50a8 work_low
A 00046e W16 1015b0 9349 work_low
A 00046e W16 1015b2 e06e work_low
A 00046e W16 1015b4 6227 work_low
A 00046e W16 1015b6 eac4 work_low
A 00046e W16 1015b8 95d5 work_low
A 00046e W16 1015ba ed2a work_low
A 00046e W16 1015bc a1d3 work_low
A 00046e W16 1015be 2920 work_low
A 00046e W16 1015c0 cda1 work_low
A 00046e W16 1015c2 0426 work_low
A 00046e W16 1015c4 14bf work_low
A 00046e W16 1015c6 67bc work_low
A 00046e W16 1015c8 06ad work_low
A 00046e W16 1015ca 2162 work_low
A 00046e W16 1015cc a6eb work_low
A 00046e W16 1015ce 4298 work_low
A 00046e W16 1015d0 4cf9 work_low
A 00046e W16 1015d2 80de work_low
A 00046e W16 1015d4 8457 work_low
A 00046e W16 1015d6 95b4 work_low
A 00046e W16 1015d8 ec85 work_low
A 00046e W16 1015da 9e9a work_low
A 00046e W16 1015dc 1903 work_low
A 00046e W16 1015de 7d10 work_low
A 00046e W16 1015e0 7151 work_low
A 00046e W16 1015e2 3696 work_low
A 00046e W16 1015e4 10ef work_low
A 00046e W16 1015e6 54ac work_low
A 00046e W16 1015e8 a75d work_low
A 00046e W16 1015ea 44d2 work_low
A 00046e W16 1015ec 581b work_low
A 00046e W16 1015ee b888 work_low
A 00046e W16 1015f0 9aa9 work_low
A 00046e W16 1015f2 054e work_low
A 00046e W16 1015f4 1a87 work_low
A 00046e W16 1015f6 84a4 work_low
A 00046e W16 1015f8 9735 work_low
A 00046e W16 1015fa f40a work_low
A 00046e W16 1015fc c433 work_low
A 00046e W16 1015fe d500 work_low
A 00046e W16 101600 2901 work_low
A 00046e W16 101602 cd06 work_low
A 00046e W16 101604 011f work_low
A 00046e W16 101606 059c work_low
A 00046e W16 101608 1c0d work_low
A 00046e W16 10160a 8c42 work_low
A 00046e W16 10160c bd4b work_low
A 00046e W16 10160e b278 work_low
A 00046e W16 101610 7c59 work_low
A 00046e W16 101612 6dbe work_low
A 00046e W16 101614 24b7 work_low
A 00046e W16 101616 b794 work_low
A 00046e W16 101618 95e5 work_low
A 00046e W16 10161a ed7a work_low
A 00046e W16 10161c a363 work_low
A 00046e W16 10161e 30f0 work_low
A 00046e W16 101620 f4b1 work_low
A 00046e W16 101622 c776 work_low
A 00046e W16 101624 e54f work_low
A 00046e W16 101626 7a8c work_low
A 00046e W16 101628 64bd work_low
A 00046e W16 10162a f7b2 work_low
A 00046e W16 10162c d67b work_low
A 00046e W16 10162e 3068 work_low
A 00046e W16 101630 f209 work_low
A 00046e W16 101632 ba2e work_low
A 00046e W16 101634 a2e7 work_low
A 00046e W16 101636 2e84 work_low
A 00046e W16 101638 e895 work_low
A 00046e W16 10163a 8aea work_low
A 00046e W16 10163c b693 work_low
A 00046e W16 10163e 90e0 work_low
A 00046e W16 101640 d461 work_low
A 00046e W16 101642 25e6 work_low
A 00046e W16 101644 bd7f work_low
A 00046e W16 101646 b37c work_low
A 00046e W16 101648 816d work_low
A 00046e W16 10164a 8722 work_low
A 00046e W16 10164c a3ab work_low
A 00046e W16 10164e 3258 work_low
A 00046e W16 101650 fbb9 work_low
A 00046e W16 101652 ea9e work_low
A 00046e W16 101654 9517 work_low
A 00046e W16 101656 e974 work_low
A 00046e W16 101658 8f45 work_low
A 00046e W16 10165a cc5a work_low
A 00046e W16 10165c fdc3 work_low
A 00046e W16 10165e f4d0 work_low
A 00046e W16 101660 c811 work_low
A 00046e W16 101662 e856 work_low
A 00046e W16 101664 89af work_low
A 00046e W16 101666 b06c work_low
A 00046e W16 101668 721d work_low
A 00046e W16 10166a 3a92 work_low
A 00046e W16 10166c 24db work_low
A 00046e W16 10166e b848 work_low
A 00046e W16 101670 9969 work_low
A 00046e W16 101672 ff0e work_low
A 00046e W16 101674 fb47 work_low
A 00046e W16 101676 e864 work_low
A 00046e W16 101678 89f5 work_low
A 00046e W16 10167a b1ca work_low
A 00046e W16 10167c 78f3 work_low
A 00046e W16 10167e 5cc0 work_low
A 00046e W16 101680 cfc1 work_low
A 00046e W16 101682 0ec6 work_low
A 00046e W16 101684 49df work_low
A 00046e W16 101686 715c work_low
A 00046e W16 101688 36cd work_low
A 00046e W16 10168a 1202 work_low
A 00046e W16 10168c 5a0b work_low
A 00046e W16 10168e c238 work_low
A 00046e W16 101690 cb19 work_low
A 00046e W16 101692 f77e work_low
A 00046e W16 101694 d577 work_low
A 00046e W16 101696 2b54 work_low
A 00046e W16 101698 d8a5 work_low
A 00046e W16 10169a 3b3a work_low
A 00046e W16 10169c 2823 work_low
A 00046e W16 10169e c8b0 work_low
A 00046e W16 1016a0 eb71 work_low
A 00046e W16 1016a2 9936 work_low
A 00046e W16 1016a4 fe0f work_low
A 00046e W16 1016a6 f64c work_low
A 00046e W16 1016a8 cf7d work_low
A 00046e W16 1016aa 0d72 work_low
A 00046e W16 1016ac 433b work_low
A 00046e W16 1016ae 5028 work_low
A 00046e W16 1016b0 90c9 work_low
A 00046e W16 1016b2 d3ee work_low
A 00046e W16 1016b4 23a7 work_low
A 00046e W16 1016b6 b244 work_low
A 00046e W16 1016b8 7b55 work_low
A 00046e W16 1016ba 68aa work_low
A 00046e W16 1016bc 0b53 work_low
A 00046e W16 1016be 38a0 work_low
A 00046e W16 1016c0 1b21 work_low
A 00046e W16 1016c2 87a6 work_low
A 00046e W16 1016c4 a63f work_low
A 00046e W16 1016c6 3f3c work_low
A 00046e W16 1016c8 3c2d work_low
A 00046e W16 1016ca 2ce2 work_low
A 00046e W16 1016cc e06b work_low
A 00046e W16 1016ce 6218 work_low
A 00046e W16 1016d0 ea79 work_low
A 00046e W16 1016d2 945e work_low
A 00046e W16 1016d4 e5d7 work_low
A 00046e W16 1016d6 7d34 work_low
A 00046e W16 1016d8 7205 work_low
A 00046e W16 1016da 3a1a work_low
A 00046e W16 1016dc 2283 work_low
A 00046e W16 1016de ac90 work_low
A 00046e W16 1016e0 5ed1 work_low
A 00046e W16 1016e2 da16 work_low
A 00046e W16 1016e4 426f work_low
A 00046e W16 1016e6 4c2c work_low
A 00046e W16 1016e8 7cdd work_low
A 00046e W16 1016ea 7052 work_low
A 00046e W16 1016ec 319b work_low
A 00046e W16 1016ee f808 work_low
A 00046e W16 1016f0 d829 work_low
A 00046e W16 1016f2 38ce work_low
A 00046e W16 1016f4 1c07 work_low
A 00046e W16 1016f6 8c24 work_low
A 00046e W16 1016f8 bcb5 work_low
A 00046e W16 1016fa af8a work_low
A 00046e W16 1016fc 6db3 work_low
A 00046e W16 1016fe 2480 work_low
A 00046e W16 101700 b681 work_low
A 00046e W16 101702 9086 work_low
A 00046e W16 101704 d29f work_low
A 00046e W16 101706 1d1c work_low
A 00046e W16 101708 918d work_low
A 00046e W16 10170a d7c2 work_low
A 00046e W16 10170c 36cb work_low
A 00046e W16 10170e 11f8 work_low
A 00046e W16 101710 59d9 work_low
A 00046e W16 101712 c13e work_low
A 00046e W16 101714 c637 work_low
A 00046e W16 101716 df14 work_low
A 00046e W16 101718 5b65 work_low
A 00046e W16 10171a c8fa work_low
A 00046e W16 10171c ece3 work_low
A 00046e W16 10171e a070 work_low
A 00046e W16 101720 2231 work_low
A 00046e W16 101722 aaf6 work_low
A 00046e W16 101724 56cf work_low
A 00046e W16 101726 b20c work_low
A 00046e W16 101728 7a3d work_low
A 00046e W16 10172a 6332 work_low
A 00046e W16 10172c effb work_low
A 00046e W16 10172e afe8 work_low
A 00046e W16 101730 6f89 work_low
A 00046e W16 101732 2dae work_low
A 00046e W16 101734 e467 work_low
A 00046e W16 101736 7604 work_low
A 00046e W16 101738 4e15 work_low
A 00046e W16 10173a 866a work_low
A 00046e W16 10173c a013 work_low
A 00046e W16 10173e 2060 work_low
A 00046e W16 101740 a1e1 work_low
A 00046e W16 101742 2966 work_low
A 00046e W16 101744 ceff work_low
A 00046e W16 101746 0afc work_low
A 00046e W16 101748 36ed work_low
A 00046e W16 10174a 12a2 work_low
A 00046e W16 10174c 5d2b work_low
A 00046e W16 10174e d1d8 work_low
A 00046e W16 101750 1939 work_low
A 00046e W16 101752 7e1e work_low
A 00046e W16 101754 7697 work_low
A 00046e W16 101756 50f4 work_low
A 00046e W16 101758 94c5 work_low
A 00046e W16 10175a e7da work_low
A 00046e W16 10175c 8743 work_low
A 00046e W16 10175e a450 work_low
A 00046e W16 101760 3591 work_low
A 00046e W16 101762 0bd6 work_low
A 00046e W16 101764 3b2f work_low
A 00046e W16 101766 27ec work_low
A 00046e W16 101768 c79d work_low
A 00046e W16 10176a e612 work_low
A 00046e W16 10176c 7e5b work_low
A 00046e W16 10176e 77c8 work_low
A 00046e W16 101770 56e9 work_low
A 00046e W16 101772 b28e work_low
A 00046e W16 101774 7cc7 work_low
A 00046e W16 101776 6fe4 work_low
A 00046e W16 101778 2f75 work_low
A 00046e W16 10177a ed4a work_low
A 00046e W16 10177c a273 work_low
A 00046e W16 10177e 2c40 work_low
A 00046e W16 101780 dd41 work_low
A 00046e W16 101782 5246 work_low
A 00046e W16 101784 9b5f work_low
A 00046e W16 101786 08dc work_low
A 00046e W16 101788 2c4d work_low
A 00046e W16 10178a dd82 work_low
A 00046e W16 10178c 538b work_low
A 00046e W16 10178e a1b8 work_low
A 00046e W16 101790 2899 work_low
A 00046e W16 101792 cafe work_low
A 00046e W16 101794 f6f7 work_low
A 00046e W16 101796 d2d4 work_low
A 00046e W16 101798 1e25 work_low
A 00046e W16 10179a 96ba work_low
A 00046e W16 10179c f1a3 work_low
A 00046e W16 10179e b830 work_low
A 00046e W16 1017a0 98f1 work_low
A 00046e W16 1017a2 fcb6 work_low
A 00046e W16 1017a4 ef8f work_low
A 00046e W16 1017a6 adcc work_low
A 00046e W16 1017a8 64fd work_low
A 00046e W16 1017aa f8f2 work_low
A 00046e W16 1017ac dcbb work_low
A 00046e W16 1017ae 4fa8 work_low
A 00046e W16 1017b0 8e49 work_low
A 00046e W16 1017b2 c76e work_low
A 00046e W16 1017b4 e527 work_low
A 00046e W16 1017b6 79c4 work_low
A 00046e W16 1017b8 60d5 work_low
A 00046e W16 1017ba e42a work_low
A 00046e W16 1017bc 74d3 work_low
A 00046e W16 1017be 4820 work_low
A 00046e W16 1017c0 68a1 work_low
A 00046e W16 1017c2 0b26 work_low
A 00046e W16 1017c4 37bf work_low
A 00046e W16 1017c6 16bc work_low
A 00046e W16 1017c8 71ad work_low
A 00046e W16 1017ca 3862 work_low
A 00046e W16 1017cc 19eb work_low
A 00046e W16 1017ce 8198 work_low
A 00046e W16 1017d0 87f9 work_low
A 00046e W16 1017d2 a7de work_low
A 00046e W16 1017d4 4757 work_low
A 00046e W16 1017d6 64b4 work_low
A 00046e W16 1017d8 f785 work_low
A 00046e W16 1017da d59a work_low
A 00046e W16 1017dc 2c03 work_low
A 00046e W16 1017de dc10 work_low
A 00046e W16 1017e0 4c51 work_low
A 00046e W16 1017e2 7d96 work_low
A 00046e W16 1017e4 73ef work_low
A 00046e W16 1017e6 43ac work_low
A 00046e W16 1017e8 525d work_low
A 00046e W16 1017ea 9bd2 work_low
A 00046e W16 1017ec 0b1b work_low
A 00046e W16 1017ee 3788 work_low
A 00046e W16 1017f0 15a9 work_low
A 00046e W16 1017f2 6c4e work_low
A 00046e W16 1017f4 1d87 work_low
A 00046e W16 1017f6 93a4 work_low
A 00046e W16 1017f8 e235 work_low
A 00046e W16 1017fa 6b0a work_low
A 00046e W16 1017fc 1733 work_low
A 00046e W16 1017fe 7400 work_low
A 00046e W16 101800 4401 work_low
A 00046e W16 101802 5406 work_low
A 00046e W16 101804 a41f work_low
A 00046e W16 101806 349c work_low
A 00046e W16 101808 070d work_low
A 00046e W16 10180a 2342 work_low
A 00046e W16 10180c b04b work_low
A 00046e W16 10180e 7178 work_low
A 00046e W16 101810 3759 work_low
A 00046e W16 101812 14be work_low
A 00046e W16 101814 67b7 work_low
A 00046e W16 101816 0694 work_low
A 00046e W16 101818 20e5 work_low
A 00046e W16 10181a a47a work_low
A 00046e W16 10181c 3663 work_low
A 00046e W16 10181e 0ff0 work_low
A 00046e W16 101820 4fb1 work_low
A 00046e W16 101822 8e76 work_low
A 00046e W16 101824 c84f work_low
A 00046e W16 101826 e98c work_low
A 00046e W16 101828 8fbd work_low
A 00046e W16 10182a ceb2 work_low
A 00046e W16 10182c 097b work_low
A 00046e W16 10182e 2f68 work_low
A 00046e W16 101830 ed09 work_low
A 00046e W16 101832 a12e work_low
A 00046e W16 101834 25e7 work_low
A 00046e W16 101836 bd84 work_low
A 00046e W16 101838 b395 work_low
A 00046e W16 10183a 81ea work_low
A 00046e W16 10183c 8993 work_low
A 00046e W16 10183e afe0 work_low
A 00046e W16 101840 6f61 work_low
A 00046e W16 101842 2ce6 work_low
A 00046e W16 101844 e07f work_low
A 00046e W16 101846 627c work_low
A 00046e W16 101848 ec6d work_low
A 00046e W16 10184a 9e22 work_low
A 00046e W16 10184c 16ab work_low
A 00046e W16 10184e 7158 work_low
A 00046e W16 101850 36b9 work_low
A 00046e W16 101852 119e work_low
A 00046e W16 101854 5817 work_low
A 00046e W16 101856 b874 work_low
A 00046e W16 101858 9a45 work_low
A 00046e W16 10185a 035a work_low
A 00046e W16 10185c 10c3 work_low
A 00046e W16 10185e 53d0 work_low
A 00046e W16 101860 a311 work_low
A 00046e W16 101862 2f56 work_low
A 00046e W16 101864 ecaf work_low
A 00046e W16 101866 9f6c work_low
A 00046e W16 101868 1d1d work_low
A 00046e W16 10186a 9192 work_low
A 00046e W16 10186c d7db work_low
A 00046e W16 10186e 3748 work_low
A 00046e W16 101870 1469 work_low
A 00046e W16 101872 660e work_low
A 00046e W16 101874 fe47 work_low
A 00046e W16 101876 f764 work_low
A 00046e W16 101878 d4f5 work_low
A 00046e W16 10187a 28ca work_low
A 00046e W16 10187c cbf3 work_low
A 00046e W16 10187e fbc0 work_low
A 00046e W16 101880 eac1 work_low
A 00046e W16 101882 95c6 work_low
A 00046e W16 101884 ecdf work_low
A 00046e W16 101886 a05c work_low
A 00046e W16 101888 21cd work_low
A 00046e W16 10188a a902 work_low
A 00046e W16 10188c 4d0b work_low
A 00046e W16 10188e 8138 work_low
A 00046e W16 101890 8619 work_low
A 00046e W16 101892 9e7e work_low
A 00046e W16 101894 1877 work_low
A 00046e W16 101896 7a54 work_low
A 00046e W16 101898 63a5 work_low
A 00046e W16 10189a f23a work_low
A 00046e W16 10189c bb23 work_low
A 00046e W16 10189e a7b0 work_low
A 00046e W16 1018a0 4671 work_low
A 00046e W16 1018a2 6036 work_low
A 00046e W16 1018a4 e10f work_low
A 00046e W16 1018a6 654c work_low
A 00046e W16 1018a8 fa7d work_low
A 00046e W16 1018aa e472 work_low
A 00046e W16 1018ac 763b work_low
A 00046e W16 1018ae 4f28 work_low
A 00046e W16 1018b0 8bc9 work_low
A 00046e W16 1018b2 baee work_low
A 00046e W16 1018b4 a6a7 work_low
A 00046e W16 1018b6 4144 work_low
A 00046e W16 1018b8 4655 work_low
A 00046e W16 1018ba 5faa work_low
A 00046e W16 1018bc de53 work_low
A 00046e W16 1018be 57a0 work_low
A 00046e W16 1018c0 b621 work_low
A 00046e W16 1018c2 8ea6 work_low
A 00046e W16 1018c4 c93f work_low
A 00046e W16 1018c6 ee3c work_low
A 00046e W16 1018c8 a72d work_low
A 00046e W16 1018ca 43e2 work_low
A 00046e W16 1018cc 536b work_low
A 00046e W16 1018ce a118 work_low
A 00046e W16 1018d0 2579 work_low
A 00046e W16 1018d2 bb5e work_low
A 00046e W16 1018d4 a8d7 work_low
A 00046e W16 1018d6 4c34 work_low
A 00046e W16 1018d8 7d05 work_low
A 00046e W16 1018da 711a work_low
A 00046e W16 1018dc 3583 work_low
A 00046e W16 1018de 0b90 work_low
A 00046e W16 1018e0 39d1 work_low
A 00046e W16 1018e2 2116 work_low
A 00046e W16 1018e4 a56f work_low
A 00046e W16 1018e6 3b2c work_low
A 00046e W16 1018e8 27dd work_low
A 00046e W16 1018ea c752 work_low
A 00046e W16 1018ec e49b work_low
A 00046e W16 1018ee 7708 work_low
A 00046e W16 1018f0 5329 work_low
A 00046e W16 1018f2 9fce work_low
A 00046e W16 1018f4 1f07 work_low
A 00046e W16 1018f6 9b24 work_low
A 00046e W16 1018f8 07b5 work_low
A 00046e W16 1018fa 268a work_low
A 00046e W16 1018fc c0b3 work_low
A 00046e W16 1018fe c380 work_low
A 00046e W16 101900 d181 work_low
A 00046e W16 101902 1786 work_low
A 00046e W16 101904 759f work_low
A 00046e W16 101906 4c1c work_low
A 00046e W16 101908 7c8d work_low
A 00046e W16 10190a 6ec2 work_low
A 00046e W16 10190c 29cb work_low
A 00046e W16 10190e d0f8 work_low
A 00046e W16 101910 14d9 work_low
A 00046e W16 101912 683e work_low
A 00046e W16 101914 0937 work_low
A 00046e W16 101916 2e14 work_low
A 00046e W16 101918 e665 work_low
A 00046e W16 10191a 7ffa work_low
A 00046e W16 10191c 7fe3 work_low
A 00046e W16 10191e 7f70 work_low
A 00046e W16 101920 7d31 work_low
A 00046e W16 101922 71f6 work_low
A 00046e W16 101924 39cf work_low
A 00046e W16 101926 210c work_low
A 00046e W16 101928 a53d work_low
A 00046e W16 10192a 3a32 work_low
A 00046e W16 10192c 22fb work_low
A 00046e W16 10192e aee8 work_low
A 00046e W16 101930 6a89 work_low
A 00046e W16 101932 14ae work_low
A 00046e W16 101934 6767 work_low
A 00046e W16 101936 0504 work_low
A 00046e W16 101938 1915 work_low
A 00046e W16 10193a 7d6a work_low
A 00046e W16 10193c 7313 work_low
A 00046e W16 10193e 3f60 work_low
A 00046e W16 101940 3ce1 work_low
A 00046e W16 101942 3066 work_low
A 00046e W16 101944 f1ff work_low
A 00046e W16 101946 b9fc work_low
A 00046e W16 101948 a1ed work_low
A 00046e W16 10194a 29a2 work_low
A 00046e W16 10194c d02b work_low
A 00046e W16 10194e 10d8 work_low
A 00046e W16 101950 5439 work_low
A 00046e W16 101952 a51e work_low
A 00046e W16 101954 3997 work_low
A 00046e W16 101956 1ff4 work_low
A 00046e W16 101958 9fc5 work_low
A 00046e W16 10195a 1eda work_low
A 00046e W16 10195c 9a43 work_low
A 00046e W16 10195e 0350 work_low
A 00046e W16 101960 1091 work_low
A 00046e W16 101962 52d6 work_low
A 00046e W16 101964 9e2f work_low
A 00046e W16 101966 16ec work_low
A 00046e W16 101968 729d work_low
A 00046e W16 10196a 3d12 work_low
A 00046e W16 10196c 315b work_low
A 00046e W16 10196e f6c8 work_low
A 00046e W16 101970 d1e9 work_low
A 00046e W16 101972 198e work_low
A 00046e W16 101974 7fc7 work_low
A 00046e W16 101976 7ee4 work_low
A 00046e W16 101978 7a75 work_low
A 00046e W16 10197a 644a work_low
A 00046e W16 10197c f573 work_low
A 00046e W16 10197e cb40 work_low
A 00046e W16 101980 f841 work_low
A 00046e W16 101982 d946 work_low
A 00046e W16 101984 3e5f work_low
A 00046e W16 101986 37dc work_low
A 00046e W16 101988 174d work_low
A 00046e W16 10198a 7482 work_low
A 00046e W16 10198c 468b work_low
A 00046e W16 10198e 60b8 work_low
A 00046e W16 101990 e399 work_low
A 00046e W16 101992 71fe work_low
A 00046e W16 101994 39f7 work_low
A 00046e W16 101996 21d4 work_low
A 00046e W16 101998 a925 work_low
A 00046e W16 10199a 4dba work_low
A 00046e W16 10199c 84a3 work_low
A 00046e W16 10199e 9730 work_low
A 00046e W16 1019a0 f3f1 work_low
A 00046e W16 1019a2 c3b6 work_low
A 00046e W16 1019a4 d28f work_low
A 00046e W16 1019a6 1ccc work_low
A 00046e W16 1019a8 8ffd work_low
A 00046e W16 1019aa cff2 work_low
A 00046e W16 1019ac 0fbb work_low
A 00046e W16 1019ae 4ea8 work_low
A 00046e W16 1019b0 8949 work_low
A 00046e W16 1019b2 ae6e work_low
A 00046e W16 1019b4 6827 work_low
A 00046e W16 1019b6 08c4 work_low
A 00046e W16 1019b8 2bd5 work_low
A 00046e W16 1019ba db2a work_low
A 00046e W16 1019bc 47d3 work_low
A 00046e W16 1019be 6720 work_low
A 00046e W16 1019c0 03a1 work_low
A 00046e W16 1019c2 1226 work_low
A 00046e W16 1019c4 5abf work_low
A 00046e W16 1019c6 c5bc work_low
A 00046e W16 1019c8 dcad work_low
A 00046e W16 1019ca 4f62 work_low
A 00046e W16 1019cc 8ceb work_low
A 00046e W16 1019ce c098 work_low
A 00046e W16 1019d0 c2f9 work_low
A 00046e W16 1019d2 cede work_low
A 00046e W16 1019d4 0a57 work_low
A 00046e W16 1019d6 33b4 work_low
A 00046e W16 1019d8 0285 work_low
A 00046e W16 1019da 0c9a work_low
A 00046e W16 1019dc 3f03 work_low
A 00046e W16 1019de 3b10 work_low
A 00046e W16 1019e0 2751 work_low
A 00046e W16 1019e2 c496 work_low
A 00046e W16 1019e4 d6ef work_low
A 00046e W16 1019e6 32ac work_low
A 00046e W16 1019e8 fd5d work_low
A 00046e W16 1019ea f2d2 work_low
A 00046e W16 1019ec be1b work_low
A 00046e W16 1019ee b688 work_low
A 00046e W16 1019f0 90a9 work_low
A 00046e W16 1019f2 d34e work_low
A 00046e W16 1019f4 2087 work_low
A 00046e W16 1019f6 a2a4 work_low
A 00046e W16 1019f8 2d35 work_low
A 00046e W16 1019fa e20a work_low
A 00046e W16 1019fc 6a33 work_low
A 00046e W16 1019fe 1300 work_low
A 00046e W16 101a00 5f01 work_low
A 00046e W16 101a02 db06 work_low
A 00046e W16 101a04 471f work_low
A 00046e W16 101a06 639c work_low
A 00046e W16 101a08 f20d work_low
A 00046e W16 101a0a ba42 work_low
A 00046e W16 101a0c a34b work_low
A 00046e W16 101a0e 3078 work_low
A 00046e W16 101a10 f259 work_low
A 00046e W16 101a12 bbbe work_low
A 00046e W16 101a14 aab7 work_low
A 00046e W16 101a16 5594 work_low
A 00046e W16 101a18 abe5 work_low
A 00046e W16 101a1a 5b7a work_low
A 00046e W16 101a1c c963 work_low
A 00046e W16 101a1e eef0 work_low
A 00046e W16 101a20 aab1 work_low
A 00046e W16 101a22 5576 work_low
A 00046e W16 101a24 ab4f work_low
A 00046e W16 101a26 588c work_low
A 00046e W16 101a28 babd work_low
A 00046e W16 101a2a a5b2 work_low
A 00046e W16 101a2c 3c7b work_low
A 00046e W16 101a2e 2e68 work_low
A 00046e W16 101a30 e809 work_low
A 00046e W16 101a32 882e work_low
A 00046e W16 101a34 a8e7 work_low
A 00046e W16 101a36 4c84 work_low
A 00046e W16 101a38 7e95 work_low
A 00046e W16 101a3a 78ea work_low
A 00046e W16 101a3c 5c93 work_low
A 00046e W16 101a3e cee0 work_low
A 00046e W16 101a40 0a61 work_low
A 00046e W16 101a42 33e6 work_low
A 00046e W16 101a44 037f work_low
A 00046e W16 101a46 117c work_low
A 00046e W16 101a48 576d work_low
A 00046e W16 101a4a b522 work_low
A 00046e W16 101a4c 89ab work_low
A 00046e W16 101a4e b058 work_low
A 00046e W16 101a50 71b9 work_low
A 00046e W16 101a52 389e work_low
A 00046e W16 101a54 1b17 work_low
A 00046e W16 101a56 8774 work_low
A 00046e W16 101a58 a545 work_low
A 00046e W16 101a5a 3a5a work_low
A 00046e W16 101a5c 23c3 work_low
A 00046e W16 101a5e b2d0 work_low
A 00046e W16 101a60 7e11 work_low
A 00046e W16 101a62 7656 work_low
A 00046e W16 101a64 4faf work_low
A 00046e W16 101a66 8e6c work_low
A 00046e W16 101a68 c81d work_low
A 00046e W16 101a6a e892 work_low
A 00046e W16 101a6c 8adb work_low
A 00046e W16 101a6e b648 work_low
A 00046e W16 101a70 8f69 work_low
A 00046e W16 101a72 cd0e work_low
A 00046e W16 101a74 0147 work_low
A 00046e W16 101a76 0664 work_low
A 00046e W16 101a78 1ff5 work_low
A 00046e W16 101a7a 9fca work_low
A 00046e W16 101a7c 1ef3 work_low
A 00046e W16 101a7e 9ac0 work_low
A 00046e W16 101a80 05c1 work_low
A 00046e W16 101a82 1cc6 work_low
A 00046e W16 101a84 8fdf work_low
A 00046e W16 101a86 cf5c work_low
A 00046e W16 101a88 0ccd work_low
A 00046e W16 101a8a 4002 work_low
A 00046e W16 101a8c 400b work_low
A 00046e W16 101a8e 4038 work_low
A 00046e W16 101a90 4119 work_low
A 00046e W16 101a92 457e work_low
A 00046e W16 101a94 5b77 work_low
A 00046e W16 101a96 c954 work_low
A 00046e W16 101a98 eea5 work_low
A 00046e W16 101a9a a93a work_low
A 00046e W16 101a9c 4e23 work_low
A 00046e W16 101a9e 86b0 work_low
A 00046e W16 101aa0 a171 work_low
A 00046e W16 101aa2 2736 work_low
A 00046e W16 101aa4 c40f work_low
A 00046e W16 101aa6 d44c work_low
A 00046e W16 101aa8 257d work_low
A 00046e W16 101aaa bb72 work_low
A 00046e W16 101aac a93b work_low
A 00046e W16 101aae 4e28 work_low
A 00046e W16 101ab0 86c9 work_low
A 00046e W16 101ab2 a1ee work_low
A 00046e W16 101ab4 29a7 work_low
A 00046e W16 101ab6 d044 work_low
A 00046e W16 101ab8 1155 work_low
A 00046e W16 101aba 56aa work_low
A 00046e W16 101abc b153 work_low
A 00046e W16 101abe 76a0 work_low
A 00046e W16 101ac0 5121 work_low
A 00046e W16 101ac2 95a6 work_low
A 00046e W16 101ac4 ec3f work_low
A 00046e W16 101ac6 9d3c work_low
A 00046e W16 101ac8 122d work_low
A 00046e W16 101aca 5ae2 work_low
A 00046e W16 101acc c66b work_low
A 00046e W16 101ace e018 work_low
A 00046e W16 101ad0 6079 work_low
A 00046e W16 101ad2 e25e work_low
A 00046e W16 101ad4 6bd7 work_low
A 00046e W16 101ad6 1b34 work_low
A 00046e W16 101ad8 8805 work_low
A 00046e W16 101ada a81a work_low
A 00046e W16 101adc 4883 work_low
A 00046e W16 101ade 6a90 work_low
A 00046e W16 101ae0 14d1 work_low
A 00046e W16 101ae2 6816 work_low
A 00046e W16 101ae4 086f work_low
A 00046e W16 101ae6 2a2c work_low
A 00046e W16 101ae8 d2dd work_low
A 00046e W16 101aea 1e52 work_low
A 00046e W16 101aec 979b work_low
A 00046e W16 101aee f608 work_low
A 00046e W16 101af0 ce29 work_low
A 00046e W16 101af2 06ce work_low
A 00046e W16 101af4 2207 work_low
A 00046e W16 101af6 aa24 work_low
A 00046e W16 101af8 52b5 work_low
A 00046e W16 101afa 9d8a work_low
A 00046e W16 101afc 13b3 work_low
A 00046e W16 101afe 6280 work_low
A 00046e W16 101b00 ec81 work_low
A 00046e W16 101b02 9e86 work_low
A 00046e W16 101b04 189f work_low
A 00046e W16 101b06 7b1c work_low
A 00046e W16 101b08 678d work_low
A 00046e W16 101b0a 05c2 work_low
A 00046e W16 101b0c 1ccb work_low
A 00046e W16 101b0e 8ff8 work_low
A 00046e W16 101b10 cfd9 work_low
A 00046e W16 101b12 0f3e work_low
A 00046e W16 101b14 4c37 work_low
A 00046e W16 101b16 7d14 work_low
A 00046e W16 101b18 7165 work_low
A 00046e W16 101b1a 36fa work_low
A 00046e W16 101b1c 12e3 work_low
A 00046e W16 101b1e 5e70 work_low
A 00046e W16 101b20 d831 work_low
A 00046e W16 101b22 38f6 work_low
A 00046e W16 101b24 1ccf work_low
A 00046e W16 101b26 900c work_low
A 00046e W16 101b28 d03d work_low
A 00046e W16 101b2a 1132 work_low
A 00046e W16 101b2c 55fb work_low
A 00046e W16 101b2e ade8 work_low
A 00046e W16 101b30 6589 work_low
A 00046e W16 101b32 fbae work_low
A 00046e W16 101b34 ea67 work_low
A 00046e W16 101b36 9404 work_low
A 00046e W16 101b38 e415 work_low
A 00046e W16 101b3a 746a work_low
A 00046e W16 101b3c 4613 work_low
A 00046e W16 101b3e 5e60 work_low
A 00046e W16 101b40 d7e1 work_low
A 00046e W16 101b42 3766 work_low
A 00046e W16 101b44 14ff work_low
A 00046e W16 101b46 68fc work_low
A 00046e W16 101b48 0ced work_low
A 00046e W16 101b4a 40a2 work_low
A 00046e W16 101b4c 432b work_low
A 00046e W16 101b4e 4fd8 work_low
A 00046e W16 101b50 8f39 work_low
A 00046e W16 101b52 cc1e work_low
A 00046e W16 101b54 fc97 work_low
A 00046e W16 101b56 eef4 work_low
A 00046e W16 101b58 aac5 work_low
A 00046e W16 101b5a 55da work_low
A 00046e W16 101b5c ad43 work_low
A 00046e W16 101b5e 6250 work_low
A 00046e W16 101b60 eb91 work_low
A 00046e W16 101b62 99d6 work_low
A 00046e W16 101b64 012f work_low
A 00046e W16 101b66 05ec work_low
A 00046e W16 101b68 1d9d work_low
A 00046e W16 101b6a 9412 work_low
A 00046e W16 101b6c e45b work_low
A 00046e W16 101b6e 75c8 work_low
A 00046e W16 101b70 4ce9 work_low
A 00046e W16 101b72 808e work_low
A 00046e W16 101b74 82c7 work_low
A 00046e W16 101b76 8de4 work_low
A 00046e W16 101b78 c575 work_low
A 00046e W16 101b7a db4a work_low
A 00046e W16 101b7c 4873 work_low
A 00046e W16 101b7e 6a40 work_low
A 00046e W16 101b80 1341 work_low
A 00046e W16 101b82 6046 work_low
A 00046e W16 101b84 e15f work_low
A 00046e W16 101b86 66dc work_low
A 00046e W16 101b88 024d work_low
A 00046e W16 101b8a 0b82 work_low
A 00046e W16 101b8c 398b work_low
A 00046e W16 101b8e 1fb8 work_low
A 00046e W16 101b90 9e99 work_low
A 00046e W16 101b92 18fe work_low
A 00046e W16 101b94 7cf7 work_low
A 00046e W16 101b96 70d4 work_low
A 00046e W16 101b98 3425 work_low
A 00046e W16 101b9a 04ba work_low
A 00046e W16 101b9c 17a3 work_low
A 00046e W16 101b9e 7630 work_low
A 00046e W16 101ba0 4ef1 work_low
A 00046e W16 101ba2 8ab6 work_low
A 00046e W16 101ba4 b58f work_low
A 00046e W16 101ba6 8bcc work_low
A 00046e W16 101ba8 bafd work_low
A 00046e W16 101baa a6f2 work_low
A 00046e W16 101bac 42bb work_low
A 00046e W16 101bae 4da8 work_low
A 00046e W16 101bb0 8449 work_low
A 00046e W16 101bb2 956e work_low
A 00046e W16 101bb4 eb27 work_low
A 00046e W16 101bb6 97c4 work_low
A 00046e W16 101bb8 f6d5 work_low
A 00046e W16 101bba d22a work_low
A 00046e W16 101bbc 1ad3 work_low
A 00046e W16 101bbe 8620 work_low
A 00046e W16 101bc0 9ea1 work_low
A 00046e W16 101bc2 1926 work_low
A 00046e W16 101bc4 7dbf work_low
A 00046e W16 101bc6 74bc work_low
A 00046e W16 101bc8 47ad work_low
A 00046e W16 101bca 6662 work_low
A 00046e W16 101bcc ffeb work_low
A 00046e W16 101bce ff98 work_low
A 00046e W16 101bd0 fdf9 work_low
A 00046e W16 101bd2 f5de work_low
A 00046e W16 101bd4 cd57 work_low
A 00046e W16 101bd6 02b4 work_low
A 00046e W16 101bd8 0d85 work_low
A 00046e W16 101bda 439a work_low
A 00046e W16 101bdc 5203 work_low
A 00046e W16 101bde 9a10 work_low
A 00046e W16 101be0 0251 work_low
A 00046e W16 101be2 0b96 work_low
A 00046e W16 101be4 39ef work_low
A 00046e W16 101be6 21ac work_low
A 00046e W16 101be8 a85d work_low
A 00046e W16 101bea 49d2 work_low
A 00046e W16 101bec 711b work_low
A 00046e W16 101bee 3588 work_low
A 00046e W16 101bf0 0ba9 work_low
A 00046e W16 101bf2 3a4e work_low
A 00046e W16 101bf4 2387 work_low
A 00046e W16 101bf6 b1a4 work_low
A 00046e W16 101bf8 7835 work_low
A 00046e W16 101bfa 590a work_low
A 00046e W16 101bfc bd33 work_low
A 00046e W16 101bfe b200 work_low
A 00046e W16 101c00 7a01 work_low
A 00046e W16 101c02 6206 work_low
A 00046e W16 101c04 ea1f work_low
A 00046e W16 101c06 929c work_low
A 00046e W16 101c08 dd0d work_low
A 00046e W16 101c0a 5142 work_low
A 00046e W16 101c0c 964b work_low
A 00046e W16 101c0e ef78 work_low
A 00046e W16 101c10 ad59 work_low
A 00046e W16 101c12 62be work_low
A 00046e W16 101c14 edb7 work_low
A 00046e W16 101c16 a494 work_low
A 00046e W16 101c18 36e5 work_low
A 00046e W16 101c1a 127a work_low
A 00046e W16 101c1c 5c63 work_low
A 00046e W16 101c1e cdf0 work_low
A 00046e W16 101c20 05b1 work_low
A 00046e W16 101c22 1c76 work_low
A 00046e W16 101c24 8e4f work_low
A 00046e W16 101c26 c78c work_low
A 00046e W16 101c28 e5bd work_low
A 00046e W16 101c2a 7cb2 work_low
A 00046e W16 101c2c 6f7b work_low
A 00046e W16 101c2e 2d68 work_low
A 00046e W16 101c30 e309 work_low
A 00046e W16 101c32 6f2e work_low
A 00046e W16 101c34 2be7 work_low
A 00046e W16 101c36 db84 work_low
A 00046e W16 101c38 4995 work_low
A 00046e W16 101c3a 6fea work_low
A 00046e W16 101c3c 2f93 work_low
A 00046e W16 101c3e ede0 work_low
A 00046e W16 101c40 a561 work_low
A 00046e W16 101c42 3ae6 work_low
A 00046e W16 101c44 267f work_low
A 00046e W16 101c46 c07c work_low
A 00046e W16 101c48 c26d work_low
A 00046e W16 101c4a cc22 work_low
A 00046e W16 101c4c fcab work_low
A 00046e W16 101c4e ef58 work_low
A 00046e W16 101c50 acb9 work_low
A 00046e W16 101c52 5f9e work_low
A 00046e W16 101c54 de17 work_low
A 00046e W16 101c56 5674 work_low
A 00046e W16 101c58 b045 work_low
A 00046e W16 101c5a 715a work_low
A 00046e W16 101c5c 36c3 work_low
A 00046e W16 101c5e 11d0 work_low
A 00046e W16 101c60 5911 work_low
A 00046e W16 101c62 bd56 work_low
A 00046e W16 101c64 b2af work_low
A 00046e W16 101c66 7d6c work_low
A 00046e W16 101c68 731d work_low
A 00046e W16 101c6a 3f92 work_low
A 00046e W16 101c6c 3ddb work_low
A 00046e W16 101c6e 3548 work_low
A 00046e W16 101c70 0a69 work_low
A 00046e W16 101c72 340e work_low
A 00046e W16 101c74 0447 work_low
A 00046e W16 101c76 1564 work_low
A 00046e W16 101c78 6af5 work_low
A 00046e W16 101c7a 16ca work_low
A 00046e W16 101c7c 71f3 work_low
A 00046e W16 101c7e 39c0 work_low
A 00046e W16 101c80 20c1 work_low
A 00046e W16 101c82 a3c6 work_low
A 00046e W16 101c84 32df work_low
A 00046e W16 101c86 fe5c work_low
A 00046e W16 101c88 f7cd work_low
A 00046e W16 101c8a d702 work_low
A 00046e W16 101c8c 330b work_low
A 00046e W16 101c8e ff38 work_low
A 00046e W16 101c90 fc19 work_low
A 00046e W16 101c92 ec7e work_low
A 00046e W16 101c94 9e77 work_low
A 00046e W16 101c96 1854 work_low
A 00046e W16 101c98 79a5 work_low
A 00046e W16 101c9a 603a work_low
A 00046e W16 101c9c e123 work_low
A 00046e W16 101c9e 65b0 work_low
A 00046e W16 101ca0 fc71 work_low
A 00046e W16 101ca2 ee36 work_low
A 00046e W16 101ca4 a70f work_low
A 00046e W16 101ca6 434c work_low
A 00046e W16 101ca8 507d work_low
A 00046e W16 101caa 9272 work_low
A 00046e W16 101cac dc3b work_low
A 00046e W16 101cae 4d28 work_low
A 00046e W16 101cb0 81c9 work_low
A 00046e W16 101cb2 88ee work_low
A 00046e W16 101cb4 aca7 work_low
A 00046e W16 101cb6 5f44 work_low
A 00046e W16 101cb8 dc55 work_low
A 00046e W16 101cba 4daa work_low
A 00046e W16 101cbc 8453 work_low
A 00046e W16 101cbe 95a0 work_low
A 00046e W16 101cc0 ec21 work_low
A 00046e W16 101cc2 9ca6 work_low
A 00046e W16 101cc4 0f3f work_low
A 00046e W16 101cc6 4c3c work_low
A 00046e W16 101cc8 7d2d work_low
A 00046e W16 101cca 71e2 work_low
A 00046e W16 101ccc 396b work_low
A 00046e W16 101cce 1f18 work_low
A 00046e W16 101cd0 9b79 work_low
A 00046e W16 101cd2 095e work_low
A 00046e W16 101cd4 2ed7 work_low
A 00046e W16 101cd6 ea34 work_low
A 00046e W16 101cd8 9305 work_low
A 00046e W16 101cda df1a work_low
A 00046e W16 101cdc 5b83 work_low
A 00046e W16 101cde c990 work_low
A 00046e W16 101ce0 efd1 work_low
A 00046e W16 101ce2 af16 work_low
A 00046e W16 101ce4 6b6f work_low
A 00046e W16 101ce6 192c work_low
A 00046e W16 101ce8 7ddd work_low
A 00046e W16 101cea 7552 work_low
A 00046e W16 101cec 4a9b work_low
A 00046e W16 101cee 7508 work_low
A 00046e W16 101cf0 4929 work_low
A 00046e W16 101cf2 6dce work_low
A 00046e W16 101cf4 2507 work_low
A 00046e W16 101cf6 b924 work_low
A 00046e W16 101cf8 9db5 work_low
A 00046e W16 101cfa 148a work_low
A 00046e W16 101cfc 66b3 work_low
A 00046e W16 101cfe 0180 work_low
A 00046e W16 101d00 0781 work_low
A 00046e W16 101d02 2586 work_low
A 00046e W16 101d04 bb9f work_low
A 00046e W16 101d06 aa1c work_low
A 00046e W16 101d08 528d work_low
A 00046e W16 101d0a 9cc2 work_low
A 00046e W16 101d0c 0fcb work_low
A 00046e W16 101d0e 4ef8 work_low
A 00046e W16 101d10 8ad9 work_low
A 00046e W16 101d12 b63e work_low
A 00046e W16 101d14 8f37 work_low
A 00046e W16 101d16 cc14 work_low
A 00046e W16 101d18 fc65 work_low
A 00046e W16 101d1a edfa work_low
A 00046e W16 101d1c a5e3 work_low
A 00046e W16 101d1e 3d70 work_low
A 00046e W16 101d20 3331 work_low
A 00046e W16 101d22 fff6 work_low
A 00046e W16 101d24 ffcf work_low
A 00046e W16 101d26 ff0c work_low
A 00046e W16 101d28 fb3d work_low
A 00046e W16 101d2a e832 work_low
A 00046e W16 101d2c 88fb work_low
A 00046e W16 101d2e ace8 work_low
A 00046e W16 101d30 6089 work_low
A 00046e W16 101d32 e2ae work_low
A 00046e W16 101d34 6d67 work_low
A 00046e W16 101d36 2304 work_low
A 00046e W16 101d38 af15 work_low
A 00046e W16 101d3a 6b6a work_low
A 00046e W16 101d3c 1913 work_low
A 00046e W16 101d3e 7d60 work_low
A 00046e W16 101d40 72e1 work_low
A 00046e W16 101d42 3e66 work_low
A 00046e W16 101d44 37ff work_low
A 00046e W16 101d46 17fc work_low
A 00046e W16 101d48 77ed work_low
A 00046e W16 101d4a 57a2 work_low
A 00046e W16 101d4c b62b work_low
A 00046e W16 101d4e 8ed8 work_low
A 00046e W16 101d50 ca39 work_low
A 00046e W16 101d52 f31e work_low
A 00046e W16 101d54 bf97 work_low
A 00046e W16 101d56 bdf4 work_low
A 00046e W16 101d58 b5c5 work_low
A 00046e W16 101d5a 8cda work_low
A 00046e W16 101d5c c043 work_low
A 00046e W16 101d5e c150 work_low
A 00046e W16 101d60 c691 work_low
A 00046e W16 101d62 e0d6 work_low
A 00046e W16 101d64 642f work_low
A 00046e W16 101d66 f4ec work_low
A 00046e W16 101d68 c89d work_low
A 00046e W16 101d6a eb12 work_low
A 00046e W16 101d6c 975b work_low
A 00046e W16 101d6e f4c8 work_low
A 00046e W16 101d70 c7e9 work_low
A 00046e W16 101d72 e78e work_low
A 00046e W16 101d74 85c7 work_low
A 00046e W16 101d76 9ce4 work_low
A 00046e W16 101d78 1075 work_low
A 00046e W16 101d7a 524a work_low
A 00046e W16 101d7c 9b73 work_low
A 00046e W16 101d7e 0940 work_low
A 00046e W16 101d80 2e41 work_low
A 00046e W16 101d82 e746 work_low
A 00046e W16 101d84 845f work_low
A 00046e W16 101d86 95dc work_low
A 00046e W16 101d88 ed4d work_low
A 00046e W16 101d8a a282 work_low
A 00046e W16 101d8c 2c8b work_low
A 00046e W16 101d8e deb8 work_low
A 00046e W16 101d90 5999 work_low
A 00046e W16 101d92 bffe work_low
A 00046e W16 101d94 bff7 work_low
A 00046e W16 101d96 bfd4 work_low
A 00046e W16 101d98 bf25 work_low
A 00046e W16 101d9a bbba work_low
A 00046e W16 101d9c aaa3 work_low
A 00046e W16 101d9e 5530 work_low
A 00046e W16 101da0 a9f1 work_low
A 00046e W16 101da2 51b6 work_low
A 00046e W16 101da4 988f work_low
A 00046e W16 101da6 facc work_low
A 00046e W16 101da8 e5fd work_low
A 00046e W16 101daa 7df2 work_low
A 00046e W16 101dac 75bb work_low
A 00046e W16 101dae 4ca8 work_low
A 00046e W16 101db0 7f49 work_low
A 00046e W16 101db2 7c6e work_low
A 00046e W16 101db4 6e27 work_low
A 00046e W16 101db6 26c4 work_low
A 00046e W16 101db8 c1d5 work_low
A 00046e W16 101dba c92a work_low
A 00046e W16 101dbc edd3 work_low
A 00046e W16 101dbe a520 work_low
A 00046e W16 101dc0 39a1 work_low
A 00046e W16 101dc2 2026 work_low
A 00046e W16 101dc4 a0bf work_low
A 00046e W16 101dc6 23bc work_low
A 00046e W16 101dc8 b2ad work_low
A 00046e W16 101dca 7d62 work_low
A 00046e W16 101dcc 72eb work_low
A 00046e W16 101dce 3e98 work_low
A 00046e W16 101dd0 38f9 work_low
A 00046e W16 101dd2 1cde work_low
A 00046e W16 101dd4 9057 work_low
A 00046e W16 101dd6 d1b4 work_low
A 00046e W16 101dd8 1885 work_low
A 00046e W16 101dda 7a9a work_low
A 00046e W16 101ddc 6503 work_low
A 00046e W16 101dde f910 work_low
A 00046e W16 101de0 dd51 work_low
A 00046e W16 101de2 5296 work_low
A 00046e W16 101de4 9cef work_low
A 00046e W16 101de6 10ac work_low
A 00046e W16 101de8 535d work_low
A 00046e W16 101dea a0d2 work_low
A 00046e W16 101dec 241b work_low
A 00046e W16 101dee b488 work_low
A 00046e W16 101df0 86a9 work_low
A 00046e W16 101df2 a14e work_low
A 00046e W16 101df4 2687 work_low
A 00046e W16 101df6 c0a4 work_low
A 00046e W16 101df8 c335 work_low
A 00046e W16 101dfa d00a work_low
A 00046e W16 101dfc 1033 work_low
A 00046e W16 101dfe 5100 work_low
A 00046e W16 101e00 9501 work_low
A 00046e W16 101e02 e906 work_low
A 00046e W16 101e04 8d1f work_low
A 00046e W16 101e06 c19c work_low
A 00046e W16 101e08 c80d work_low
A 00046e W16 101e0a e842 work_low
A 00046e W16 101e0c 894b work_low
A 00046e W16 101e0e ae78 work_low
A 00046e W16 101e10 6859 work_low
A 00046e W16 101e12 09be work_low
A 00046e W16 101e14 30b7 work_low
A 00046e W16 101e16 f394 work_low
A 00046e W16 101e18 c1e5 work_low
A 00046e W16 101e1a c97a work_low
A 00046e W16 101e1c ef63 work_low
A 00046e W16 101e1e acf0 work_low
A 00046e W16 101e20 60b1 work_low
A 00046e W16 101e22 e376 work_low
A 00046e W16 101e24 714f work_low
A 00046e W16 101e26 368c work_low
A 00046e W16 101e28 10bd work_low
A 00046e W16 101e2a 53b2 work_low
A 00046e W16 101e2c a27b work_low
A 00046e W16 101e2e 2c68 work_low
A 00046e W16 101e30 de09 work_low
A 00046e W16 101e32 562e work_low
A 00046e W16 101e34 aee7 work_low
A 00046e W16 101e36 6a84 work_low
A 00046e W16 101e38 1495 work_low
A 00046e W16 101e3a 66ea work_low
A 00046e W16 101e3c 0293 work_low
A 00046e W16 101e3e 0ce0 work_low
A 00046e W16 101e40 4061 work_low
A 00046e W16 101e42 41e6 work_low
A 00046e W16 101e44 497f work_low
A 00046e W16 101e46 6f7c work_low
A 00046e W16 101e48 2d6d work_low
A 00046e W16 101e4a e322 work_low
A 00046e W16 101e4c 6fab work_low
A 00046e W16 101e4e 2e58 work_low
A 00046e W16 101e50 e7b9 work_low
A 00046e W16 101e52 869e work_low
A 00046e W16 101e54 a117 work_low
A 00046e W16 101e56 2574 work_low
A 00046e W16 101e58 bb45 work_low
A 00046e W16 101e5a a85a work_low
A 00046e W16 101e5c 49c3 work_low
A 00046e W16 101e5e 70d0 work_low
A 00046e W16 101e60 3411 work_low
A 00046e W16 101e62 0456 work_low
A 00046e W16 101e64 15af work_low
A 00046e W16 101e66 6c6c work_low
A 00046e W16 101e68 1e1d work_low
A 00046e W16 101e6a 9692 work_low
A 00046e W16 101e6c f0db work_low
A 00046e W16 101e6e b448 work_low
A 00046e W16 101e70 8569 work_low
A 00046e W16 101e72 9b0e work_low
A 00046e W16 101e74 0747 work_low
A 00046e W16 101e76 2464 work_low
A 00046e W16 101e78 b5f5 work_low
A 00046e W16 101e7a 8dca work_low
A 00046e W16 101e7c c4f3 work_low
A 00046e W16 101e7e d8c0 work_low
A 00046e W16 101e80 3bc1 work_low
A 00046e W16 101e82 2ac6 work_low
A 00046e W16 101e84 d5df work_low
A 00046e W16 101e86 2d5c work_low
A 00046e W16 101e88 e2cd work_low
A 00046e W16 101e8a 6e02 work_low
A 00046e W16 101e8c 260b work_low
A 00046e W16 101e8e be38 work_low
A 00046e W16 101e90 b719 work_low
A 00046e W16 101e92 937e work_low
A 00046e W16 101e94 e177 work_low
A 00046e W16 101e96 6754 work_low
A 00046e W16 101e98 04a5 work_low
A 00046e W16 101e9a 173a work_low
A 00046e W16 101e9c 7423 work_low
A 00046e W16 101e9e 44b0 work_low
A 00046e W16 101ea0 5771 work_low
A 00046e W16 101ea2 b536 work_low
A 00046e W16 101ea4 8a0f work_low
A 00046e W16 101ea6 b24c work_low
A 00046e W16 101ea8 7b7d work_low
A 00046e W16 101eaa 6972 work_low
A 00046e W16 101eac 0f3b work_low
A 00046e W16 101eae 4c28 work_low
A 00046e W16 101eb0 7cc9 work_low
A 00046e W16 101eb2 6fee work_low
A 00046e W16 101eb4 2fa7 work_low
A 00046e W16 101eb6 ee44 work_low
A 00046e W16 101eb8 a755 work_low
A 00046e W16 101eba 44aa work_low
A 00046e W16 101ebc 5753 work_low
A 00046e W16 101ebe b4a0 work_low
A 00046e W16 101ec0 8721 work_low
A 00046e W16 101ec2 a3a6 work_low
A 00046e W16 101ec4 323f work_low
A 00046e W16 101ec6 fb3c work_low
A 00046e W16 101ec8 e82d work_low
A 00046e W16 101eca 88e2 work_low
A 00046e W16 101ecc ac6b work_low
A 00046e W16 101ece 5e18 work_low
A 00046e W16 101ed0 d679 work_low
A 00046e W16 101ed2 305e work_low
A 00046e W16 101ed4 f1d7 work_low
A 00046e W16 101ed6 b934 work_low
A 00046e W16 101ed8 9e05 work_low
A 00046e W16 101eda 161a work_low
A 00046e W16 101edc 6e83 work_low
A 00046e W16 101ede 2890 work_low
A 00046e W16 101ee0 cad1 work_low
A 00046e W16 101ee2 f616 work_low
A 00046e W16 101ee4 ce6f work_low
A 00046e W16 101ee6 082c work_low
A 00046e W16 101ee8 28dd work_low
A 00046e W16 101eea cc52 work_low
A 00046e W16 101eec fd9b work_low
A 00046e W16 101eee f408 work_low
A 00046e W16 101ef0 c429 work_low
A 00046e W16 101ef2 d4ce work_low
A 00046e W16 101ef4 2807 work_low
A 00046e W16 101ef6 c824 work_low
A 00046e W16 101ef8 e8b5 work_low
A 00046e W16 101efa 8b8a work_low
A 00046e W16 101efc b9b3 work_low
A 00046e W16 101efe a080 work_low
A 00046e W16 101f00 2281 work_low
A 00046e W16 101f02 ac86 work_low
A 00046e W16 101f04 5e9f work_low
A 00046e W16 101f06 d91c work_low
A 00046e W16 101f08 3d8d work_low
A 00046e W16 101f0a 33c2 work_low
A 00046e W16 101f0c 02cb work_low
A 00046e W16 101f0e 0df8 work_low
A 00046e W16 101f10 45d9 work_low
A 00046e W16 101f12 5d3e work_low
A 00046e W16 101f14 d237 work_low
A 00046e W16 101f16 1b14 work_low
A 00046e W16 101f18 8765 work_low
A 00046e W16 101f1a a4fa work_low
A 00046e W16 101f1c 38e3 work_low
A 00046e W16 101f1e 1c70 work_low
A 00046e W16 101f20 8e31 work_low
A 00046e W16 101f22 c6f6 work_low
A 00046e W16 101f24 e2cf work_low
A 00046e W16 101f26 6e0c work_low
A 00046e W16 101f28 263d work_low
A 00046e W16 101f2a bf32 work_low
A 00046e W16 101f2c bbfb work_low
A 00046e W16 101f2e abe8 work_low
A 00046e W16 101f30 5b89 work_low
A 00046e W16 101f32 c9ae work_low
A 00046e W16 101f34 f067 work_low
A 00046e W16 101f36 b204 work_low
A 00046e W16 101f38 7a15 work_low
A 00046e W16 101f3a 626a work_low
A 00046e W16 101f3c ec13 work_low
A 00046e W16 101f3e 9c60 work_low
A 00046e W16 101f40 0de1 work_low
A 00046e W16 101f42 4566 work_low
A 00046e W16 101f44 5aff work_low
A 00046e W16 101f46 c6fc work_low
A 00046e W16 101f48 e2ed work_low
A 00046e W16 101f4a 6ea2 work_low
A 00046e W16 101f4c 292b work_low
A 00046e W16 101f4e cdd8 work_low
A 00046e W16 101f50 0539 work_low
A 00046e W16 101f52 1a1e work_low
A 00046e W16 101f54 8297 work_low
A 00046e W16 101f56 8cf4 work_low
A 00046e W16 101f58 c0c5 work_low
A 00046e W16 101f5a c3da work_low
A 00046e W16 101f5c d343 work_low
A 00046e W16 101f5e 2050 work_low
A 00046e W16 101f60 a191 work_low
A 00046e W16 101f62 27d6 work_low
A 00046e W16 101f64 c72f work_low
A 00046e W16 101f66 e3ec work_low
A 00046e W16 101f68 739d work_low
A 00046e W16 101f6a 4212 work_low
A 00046e W16 101f6c 4a5b work_low
A 00046e W16 101f6e 73c8 work_low
A 00046e W16 101f70 42e9 work_low
A 00046e W16 101f72 4e8e work_low
A 00046e W16 101f74 88c7 work_low
A 00046e W16 101f76 abe4 work_low
A 00046e W16 101f78 5b75 work_low
A 00046e W16 101f7a c94a work_low
A 00046e W16 101f7c ee73 work_low
A 00046e W16 101f7e a840 work_low
A 00046e W16 101f80 4941 work_low
A 00046e W16 101f82 6e46 work_low
A 00046e W16 101f84 275f work_low
A 00046e W16 101f86 c4dc work_low
A 00046e W16 101f88 d84d work_low
A 00046e W16 101f8a 3982 work_low
A 00046e W16 101f8c 1f8b work_low
A 00046e W16 101f8e 9db8 work_low
A 00046e W16 101f90 1499 work_low
A 00046e W16 101f92 66fe work_low
A 00046e W16 101f94 02f7 work_low
A 00046e W16 101f96 0ed4 work_low
A 00046e W16 101f98 4a25 work_low
A 00046e W16 101f9a 72ba work_low
A 00046e W16 101f9c 3da3 work_low
A 00046e W16 101f9e 3430 work_low
A 00046e W16 101fa0 04f1 work_low
A 00046e W16 101fa2 18b6 work_low
A 00046e W16 101fa4 7b8f work_low
A 00046e W16 101fa6 69cc work_low
A 00046e W16 101fa8 10fd work_low
A 00046e W16 101faa 54f2 work_low
A 00046e W16 101fac a8bb work_low
A 00046e W16 101fae 4ba8 work_low
A 00046e W16 101fb0 7a49 work_low
A 00046e W16 101fb2 636e work_low
A 00046e W16 101fb4 f127 work_low
A 00046e W16 101fb6 b5c4 work_low
A 00046e W16 101fb8 8cd5 work_low
A 00046e W16 101fba c02a work_low
A 00046e W16 101fbc c0d3 work_low
A 00046e W16 101fbe c420 work_low
A 00046e W16 101fc0 d4a1 work_low
A 00046e W16 101fc2 2726 work_low
A 00046e W16 101fc4 c3bf work_low
A 00046e W16 101fc6 d2bc work_low
A 00046e W16 101fc8 1dad work_low
A 00046e W16 101fca 9462 work_low
A 00046e W16 101fcc e5eb work_low
A 00046e W16 101fce 7d98 work_low
A 00046e W16 101fd0 73f9 work_low
A 00046e W16 101fd2 43de work_low
A 00046e W16 101fd4 5357 work_low
A 00046e W16 101fd6 a0b4 work_low
A 00046e W16 101fd8 2385 work_low
A 00046e W16 101fda b19a work_low
A 00046e W16 101fdc 7803 work_low
A 00046e W16 101fde 5810 work_low
A 00046e W16 101fe0 b851 work_low
A 00046e W16 101fe2 9996 work_low
A 00046e W16 101fe4 ffef work_low
A 00046e W16 101fe6 ffac work_low
A 00046e W16 101fe8 fe5d work_low
A 00046e W16 101fea f7d2 work_low
A 00046e W16 101fec d71b work_low
A 00046e W16 101fee 3388 work_low
A 00046e W16 101ff0 01a9 work_low
A 00046e W16 101ff2 084e work_low
A 00046e W16 101ff4 2987 work_low
A 00046e W16 101ff6 cfa4 work_low
A 00046e W16 101ff8 0e35 work_low
A 00046e W16 101ffa 470a work_low
A 00046e W16 101ffc 6333 work_low
A 00046e W16 101ffe f000 work_low
A 00046e W16 102000 b001 work_low
A 00046e W16 102002 7006 work_low
A 00046e W16 102004 301f work_low
A 00046e W16 102006 f09c work_low
A 00046e W16 102008 b30d work_low
A 00046e W16 10200a 7f42 work_low
A 00046e W16 10200c 7c4b work_low
A 00046e W16 10200e 6d78 work_low
A 00046e W16 102010 2359 work_low
A 00046e W16 102012 b0be work_low
A 00046e W16 102014 73b7 work_low
A 00046e W16 102016 4294 work_low
A 00046e W16 102018 4ce5 work_low
A 00046e W16 10201a 807a work_low
A 00046e W16 10201c 8263 work_low
A 00046e W16 10201e 8bf0 work_low
A 00046e W16 102020 bbb1 work_low
A 00046e W16 102022 aa76 work_low
A 00046e W16 102024 544f work_low
A 00046e W16 102026 a58c work_low
A 00046e W16 102028 3bbd work_low
A 00046e W16 10202a 2ab2 work_low
A 00046e W16 10202c d57b work_low
A 00046e W16 10202e 2b68 work_low
A 00046e W16 102030 d909 work_low
A 00046e W16 102032 3d2e work_low
A 00046e W16 102034 31e7 work_low
A 00046e W16 102036 f984 work_low
A 00046e W16 102038 df95 work_low
A 00046e W16 10203a 5dea work_low
A 00046e W16 10203c d593 work_low
A 00046e W16 10203e 2be0 work_low
A 00046e W16 102040 db61 work_low
A 00046e W16 102042 48e6 work_low
A 00046e W16 102044 6c7f work_low
A 00046e W16 102046 1e7c work_low
A 00046e W16 102048 986d work_low
A 00046e W16 10204a fa22 work_low
A 00046e W16 10204c e2ab work_low
A 00046e W16 10204e 6d58 work_low
A 00046e W16 102050 22b9 work_low
A 00046e W16 102052 ad9e work_low
A 00046e W16 102054 6417 work_low
A 00046e W16 102056 f474 work_low
A 00046e W16 102058 c645 work_low
A 00046e W16 10205a df5a work_low
A 00046e W16 10205c 5cc3 work_low
A 00046e W16 10205e cfd0 work_low
A 00046e W16 102060 0f11 work_low
A 00046e W16 102062 4b56 work_low
A 00046e W16 102064 78af work_low
A 00046e W16 102066 5b6c work_low
A 00046e W16 102068 c91d work_low
A 00046e W16 10206a ed92 work_low
A 00046e W16 10206c a3db work_low
A 00046e W16 10206e 3348 work_low
A 00046e W16 102070 0069 work_low
A 00046e W16 102072 020e work_low
A 00046e W16 102074 0a47 work_low
A 00046e W16 102076 3364 work_low
A 00046e W16 102078 00f5 work_low
A 00046e W16 10207a 04ca work_low
A 00046e W16 10207c 17f3 work_low
A 00046e W16 10207e 77c0 work_low
A 00046e W16 102080 56c1 work_low
A 00046e W16 102082 b1c6 work_low
A 00046e W16 102084 78df work_low
A 00046e W16 102086 5c5c work_low
A 00046e W16 102088 cdcd work_low
A 00046e W16 10208a 0502 work_low
A 00046e W16 10208c 190b work_low
A 00046e W16 10208e 7d38 work_low
A 00046e W16 102090 7219 work_low
A 00046e W16 102092 3a7e work_low
A 00046e W16 102094 2477 work_low
A 00046e W16 102096 b654 work_low
A 00046e W16 102098 8fa5 work_low
A 00046e W16 10209a ce3a work_low
A 00046e W16 10209c 0723 work_low
A 00046e W16 10209e 23b0 work_low
A 00046e W16 1020a0 b271 work_low
A 00046e W16 1020a2 7c36 work_low
A 00046e W16 1020a4 6d0f work_low
A 00046e W16 1020a6 214c work_low
A 00046e W16 1020a8 a67d work_low
A 00046e W16 1020aa 4072 work_low
A 00046e W16 1020ac 423b work_low
A 00046e W16 1020ae 4b28 work_low
A 00046e W16 1020b0 77c9 work_low
A 00046e W16 1020b2 56ee work_low
A 00046e W16 1020b4 b2a7 work_low
A 00046e W16 1020b6 7d44 work_low
A 00046e W16 1020b8 7255 work_low
A 00046e W16 1020ba 3baa work_low
A 00046e W16 1020bc 2a53 work_low
A 00046e W16 1020be d3a0 work_low
A 00046e W16 1020c0 2221 work_low
A 00046e W16 1020c2 aaa6 work_low
A 00046e W16 1020c4 553f work_low
A 00046e W16 1020c6 aa3c work_low
A 00046e W16 1020c8 532d work_low
A 00046e W16 1020ca 9fe2 work_low
A 00046e W16 1020cc 1f6b work_low
A 00046e W16 1020ce 9d18 work_low
A 00046e W16 1020d0 1179 work_low
A 00046e W16 1020d2 575e work_low
A 00046e W16 1020d4 b4d7 work_low
A 00046e W16 1020d6 8834 work_low
A 00046e W16 1020d8 a905 work_low
A 00046e W16 1020da 4d1a work_low
A 00046e W16 1020dc 8183 work_low
A 00046e W16 1020de 8790 work_low
A 00046e W16 1020e0 a5d1 work_low
A 00046e W16 1020e2 3d16 work_low
A 00046e W16 1020e4 316f work_low
A 00046e W16 1020e6 f72c work_low
A 00046e W16 1020e8 d3dd work_low
A 00046e W16 1020ea 2352 work_low
A 00046e W16 1020ec b09b work_low
A 00046e W16 1020ee 7308 work_low
A 00046e W16 1020f0 3f29 work_low
A 00046e W16 1020f2 3bce work_low
A 00046e W16 1020f4 2b07 work_low
A 00046e W16 1020f6 d724 work_low
A 00046e W16 1020f8 33b5 work_low
A 00046e W16 1020fa 028a work_low
A 00046e W16 1020fc 0cb3 work_low
A 00046e W16 1020fe 3f80 work_low
A 00046e W16 102100 3d81 work_low
A 00046e W16 102102 3386 work_low
A 00046e W16 102104 019f work_low
A 00046e W16 102106 081c work_low
A 00046e W16 102108 288d work_low
A 00046e W16 10210a cac2 work_low
A 00046e W16 10210c f5cb work_low
A 00046e W16 10210e ccf8 work_low
A 00046e W16 102110 00d9 work_low
A 00046e W16 102112 043e work_low
A 00046e W16 102114 1537 work_low
A 00046e W16 102116 6a14 work_low
A 00046e W16 102118 1265 work_low
A 00046e W16 10211a 5bfa work_low
A 00046e W16 10211c cbe3 work_low
A 00046e W16 10211e fb70 work_low
A 00046e W16 102120 e931 work_low
A 00046e W16 102122 8df6 work_low
A 00046e W16 102124 c5cf work_low
A 00046e W16 102126 dd0c work_low
A 00046e W16 102128 513d work_low
A 00046e W16 10212a 9632 work_low
A 00046e W16 10212c eefb work_low
A 00046e W16 10212e aae8 work_low
A 00046e W16 102130 5689 work_low
A 00046e W16 102132 b0ae work_low
A 00046e W16 102134 7367 work_low
A 00046e W16 102136 4104 work_low
A 00046e W16 102138 4515 work_low
A 00046e W16 10213a 596a work_low
A 00046e W16 10213c bf13 work_low
A 00046e W16 10213e bb60 work_low
A 00046e W16 102140 a8e1 work_low
A 00046e W16 102142 4c66 work_low
A 00046e W16 102144 7dff work_low
A 00046e W16 102146 75fc work_low
A 00046e W16 102148 4ded work_low
A 00046e W16 10214a 85a2 work_low
A 00046e W16 10214c 9c2b work_low
A 00046e W16 10214e 0cd8 work_low
A 00046e W16 102150 4039 work_low
A 00046e W16 102152 411e work_low
A 00046e W16 102154 4597 work_low
A 00046e W16 102156 5bf4 work_low
A 00046e W16 102158 cbc5 work_low
A 00046e W16 10215a fada work_low
A 00046e W16 10215c e643 work_low
A 00046e W16 10215e 7f50 work_low
A 00046e W16 102160 7c91 work_low
A 00046e W16 102162 6ed6 work_low
A 00046e W16 102164 2a2f work_low
A 00046e W16 102166 d2ec work_low
A 00046e W16 102168 1e9d work_low
A 00046e W16 10216a 9912 work_low
A 00046e W16 10216c fd5b work_low
A 00046e W16 10216e f2c8 work_low
A 00046e W16 102170 bde9 work_low
A 00046e W16 102172 b58e work_low
A 00046e W16 102174 8bc7 work_low
A 00046e W16 102176 bae4 work_low
A 00046e W16 102178 a675 work_low
A 00046e W16 10217a 404a work_low
A 00046e W16 10217c 4173 work_low
A 00046e W16 10217e 4740 work_low
A 00046e W16 102180 6441 work_low
A 00046e W16 102182 f546 work_low
A 00046e W16 102184 ca5f work_low
A 00046e W16 102186 f3dc work_low
A 00046e W16 102188 c34d work_low
A 00046e W16 10218a d082 work_low
A 00046e W16 10218c 128b work_low
A 00046e W16 10218e 5cb8 work_low
A 00046e W16 102190 cf99 work_low
A 00046e W16 102192 0dfe work_low
A 00046e W16 102194 45f7 work_low
A 00046e W16 102196 5dd4 work_low
A 00046e W16 102198 d525 work_low
A 00046e W16 10219a 29ba work_low
A 00046e W16 10219c d0a3 work_low
A 00046e W16 10219e 1330 work_low
A 00046e W16 1021a0 5ff1 work_low
A 00046e W16 1021a2 dfb6 work_low
A 00046e W16 1021a4 5e8f work_low
A 00046e W16 1021a6 d8cc work_low
A 00046e W16 1021a8 3bfd work_low
A 00046e W16 1021aa 2bf2 work_low
A 00046e W16 1021ac dbbb work_low
A 00046e W16 1021ae 4aa8 work_low
A 00046e W16 1021b0 7549 work_low
A 00046e W16 1021b2 4a6e work_low
A 00046e W16 1021b4 7427 work_low
A 00046e W16 1021b6 44c4 work_low
A 00046e W16 1021b8 57d5 work_low
A 00046e W16 1021ba b72a work_low
A 00046e W16 1021bc 93d3 work_low
A 00046e W16 1021be e320 work_low
A 00046e W16 1021c0 6fa1 work_low
A 00046e W16 1021c2 2e26 work_low
A 00046e W16 1021c4 e6bf work_low
A 00046e W16 1021c6 81bc work_low
A 00046e W16 1021c8 88ad work_low
A 00046e W16 1021ca ab62 work_low
A 00046e W16 1021cc 58eb work_low
A 00046e W16 1021ce bc98 work_low
A 00046e W16 1021d0 aef9 work_low
A 00046e W16 1021d2 6ade work_low
A 00046e W16 1021d4 1657 work_low
A 00046e W16 1021d6 6fb4 work_low
A 00046e W16 1021d8 2e85 work_low
A 00046e W16 1021da e89a work_low
A 00046e W16 1021dc 8b03 work_low
A 00046e W16 1021de b710 work_low
A 00046e W16 1021e0 9351 work_low
A 00046e W16 1021e2 e096 work_low
A 00046e W16 1021e4 62ef work_low
A 00046e W16 1021e6 eeac work_low
A 00046e W16 1021e8 a95d work_low
A 00046e W16 1021ea 4ed2 work_low
A 00046e W16 1021ec 8a1b work_low
A 00046e W16 1021ee b288 work_low
A 00046e W16 1021f0 7ca9 work_low
A 00046e W16 1021f2 6f4e work_low
A 00046e W16 1021f4 2c87 work_low
A 00046e W16 1021f6 dea4 work_low
A 00046e W16 1021f8 5935 work_low
A 00046e W16 1021fa be0a work_low
A 00046e W16 1021fc b633 work_low
A 00046e W16 1021fe 8f00 work_low
A 00046e W16 102200 cb01 work_low
A 00046e W16 102202 f706 work_low
A 00046e W16 102204 d31f work_low
A 00046e W16 102206 1f9c work_low
A 00046e W16 102208 9e0d work_low
A 00046e W16 10220a 1642 work_low
A 00046e W16 10220c 6f4b work_low
A 00046e W16 10220e 2c78 work_low
A 00046e W16 102210 de59 work_low
A 00046e W16 102212 57be work_low
A 00046e W16 102214 b6b7 work_low
A 00046e W16 102216 9194 work_low
A 00046e W16 102218 d7e5 work_low
A 00046e W16 10221a 377a work_low
A 00046e W16 10221c 1563 work_low
A 00046e W16 10221e 6af0 work_low
A 00046e W16 102220 16b1 work_low
A 00046e W16 102222 7176 work_low
A 00046e W16 102224 374f work_low
A 00046e W16 102226 148c work_low
A 00046e W16 102228 66bd work_low
A 00046e W16 10222a 01b2 work_low
A 00046e W16 10222c 087b work_low
A 00046e W16 10222e 2a68 work_low
A 00046e W16 102230 d409 work_low
A 00046e W16 102232 242e work_low
A 00046e W16 102234 b4e7 work_low
A 00046e W16 102236 8884 work_low
A 00046e W16 102238 aa95 work_low
A 00046e W16 10223a 54ea work_low
A 00046e W16 10223c a893 work_low
A 00046e W16 10223e 4ae0 work_low
A 00046e W16 102240 7661 work_low
A 00046e W16 102242 4fe6 work_low
A 00046e W16 102244 8f7f work_low
A 00046e W16 102246 cd7c work_low
A 00046e W16 102248 036d work_low
A 00046e W16 10224a 1122 work_low
A 00046e W16 10224c 55ab work_low
A 00046e W16 10224e ac58 work_low
A 00046e W16 102250 5db9 work_low
A 00046e W16 102252 d49e work_low
A 00046e W16 102254 2717 work_low
A 00046e W16 102256 c374 work_low
A 00046e W16 102258 d145 work_low
A 00046e W16 10225a 165a work_low
A 00046e W16 10225c 6fc3 work_low
A 00046e W16 10225e 2ed0 work_low
A 00046e W16 102260 ea11 work_low
A 00046e W16 102262 9256 work_low
A 00046e W16 102264 dbaf work_low
A 00046e W16 102266 4a6c work_low
A 00046e W16 102268 741d work_low
A 00046e W16 10226a 4492 work_low
A 00046e W16 10226c 56db work_low
A 00046e W16 10226e b248 work_low
A 00046e W16 102270 7b69 work_low
A 00046e W16 102272 690e work_low
A 00046e W16 102274 0d47 work_low
A 00046e W16 102276 4264 work_low
A 00046e W16 102278 4bf5 work_low
A 00046e W16 10227a 7bca work_low
A 00046e W16 10227c 6af3 work_low
A 00046e W16 10227e 16c0 work_low
A 00046e W16 102280 71c1 work_low
A 00046e W16 102282 38c6 work_low
A 00046e W16 102284 1bdf work_low
A 00046e W16 102286 8b5c work_low
A 00046e W16 102288 b8cd work_low
A 00046e W16 10228a 9c02 work_low
A 00046e W16 10228c 0c0b work_low
A 00046e W16 10228e 3c38 work_low
A 00046e W16 102290 2d19 work_low
A 00046e W16 102292 e17e work_low
A 00046e W16 102294 6777 work_low
A 00046e W16 102296 0554 work_low
A 00046e W16 102298 1aa5 work_low
A 00046e W16 10229a 853a work_low
A 00046e W16 10229c 9a23 work_low
A 00046e W16 10229e 02b0 work_low
A 00046e W16 1022a0 0d71 work_low
A 00046e W16 1022a2 4336 work_low
A 00046e W16 1022a4 500f work_low
A 00046e W16 1022a6 904c work_low
A 00046e W16 1022a8 d17d work_low
A 00046e W16 1022aa 1772 work_low
A 00046e W16 1022ac 753b work_low
A 00046e W16 1022ae 4a28 work_low
A 00046e W16 1022b0 72c9 work_low
A 00046e W16 1022b2 3dee work_low
A 00046e W16 1022b4 35a7 work_low
A 00046e W16 1022b6 0c44 work_low
A 00046e W16 1022b8 3d55 work_low
A 00046e W16 1022ba 32aa work_low
A 00046e W16 1022bc fd53 work_low
A 00046e W16 1022be f2a0 work_low
A 00046e W16 1022c0 bd21 work_low
A 00046e W16 1022c2 b1a6 work_low
A 00046e W16 1022c4 783f work_low
A 00046e W16 1022c6 593c work_low
A 00046e W16 1022c8 be2d work_low
A 00046e W16 1022ca b6e2 work_low
A 00046e W16 1022cc 926b work_low
A 00046e W16 1022ce dc18 work_low
A 00046e W16 1022d0 4c79 work_low
A 00046e W16 1022d2 7e5e work_low
A 00046e W16 1022d4 77d7 work_low
A 00046e W16 1022d6 5734 work_low
A 00046e W16 1022d8 b405 work_low
A 00046e W16 1022da 841a work_low
A 00046e W16 1022dc 9483 work_low
A 00046e W16 1022de e690 work_low
A 00046e W16 1022e0 80d1 work_low
A 00046e W16 1022e2 8416 work_low
A 00046e W16 1022e4 946f work_low
A 00046e W16 1022e6 e62c work_low
A 00046e W16 1022e8 7edd work_low
A 00046e W16 1022ea 7a52 work_low
A 00046e W16 1022ec 639b work_low
A 00046e W16 1022ee f208 work_low
A 00046e W16 1022f0 ba29 work_low
A 00046e W16 1022f2 a2ce work_low
A 00046e W16 1022f4 2e07 work_low
A 00046e W16 1022f6 e624 work_low
A 00046e W16 1022f8 7eb5 work_low
A 00046e W16 1022fa 798a work_low
A 00046e W16 1022fc 5fb3 work_low
A 00046e W16 1022fe de80 work_low
A 00046e W16 102300 5881 work_low
A 00046e W16 102302 ba86 work_low
A 00046e W16 102304 a49f work_low
A 00046e W16 102306 371c work_low
A 00046e W16 102308 138d work_low
A 00046e W16 10230a 61c2 work_low
A 00046e W16 10230c e8cb work_low
A 00046e W16 10230e 8bf8 work_low
A 00046e W16 102310 bbd9 work_low
A 00046e W16 102312 ab3e work_low
A 00046e W16 102314 5837 work_low
A 00046e W16 102316 b914 work_low
A 00046e W16 102318 9d65 work_low
A 00046e W16 10231a 12fa work_low
A 00046e W16 10231c 5ee3 work_low
A 00046e W16 10231e da70 work_low
A 00046e W16 102320 4431 work_low
A 00046e W16 102322 54f6 work_low
A 00046e W16 102324 a8cf work_low
A 00046e W16 102326 4c0c work_low
A 00046e W16 102328 7c3d work_low
A 00046e W16 10232a 6d32 work_low
A 00046e W16 10232c 21fb work_low
A 00046e W16 10232e a9e8 work_low
A 00046e W16 102330 5189 work_low
A 00046e W16 102332 97ae work_low
A 00046e W16 102334 f667 work_low
A 00046e W16 102336 d004 work_low
A 00046e W16 102338 1015 work_low
A 00046e W16 10233a 506a work_low
A 00046e W16 10233c 9213 work_low
A 00046e W16 10233e da60 work_low
A 00046e W16 102340 43e1 work_low
A 00046e W16 102342 5366 work_low
A 00046e W16 102344 a0ff work_low
A 00046e W16 102346 24fc work_low
A 00046e W16 102348 b8ed work_low
A 00046e W16 10234a 9ca2 work_low
A 00046e W16 10234c 0f2b work_low
A 00046e W16 10234e 4bd8 work_low
A 00046e W16 102350 7b39 work_low
A 00046e W16 102352 681e work_low
A 00046e W16 102354 0897 work_low
A 00046e W16 102356 2af4 work_low
A 00046e W16 102358 d6c5 work_low
A 00046e W16 10235a 31da work_low
A 00046e W16 10235c f943 work_low
A 00046e W16 10235e de50 work_low
A 00046e W16 102360 5791 work_low
A 00046e W16 102362 b5d6 work_low
A 00046e W16 102364 8d2f work_low
A 00046e W16 102366 c1ec work_low
A 00046e W16 102368 c99d work_low
A 00046e W16 10236a f012 work_low
A 00046e W16 10236c b05b work_low
A 00046e W16 10236e 71c8 work_low
A 00046e W16 102370 38e9 work_low
A 00046e W16 102372 1c8e work_low
A 00046e W16 102374 8ec7 work_low
A 00046e W16 102376 c9e4 work_low
A 00046e W16 102378 f175 work_low
A 00046e W16 10237a b74a work_low
A 00046e W16 10237c 9473 work_low
A 00046e W16 10237e e640 work_low
A 00046e W16 102380 7f41 work_low
A 00046e W16 102382 7c46 work_low
A 00046e W16 102384 6d5f work_low
A 00046e W16 102386 22dc work_low
A 00046e W16 102388 ae4d work_low
A 00046e W16 10238a 6782 work_low
A 00046e W16 10238c 058b work_low
A 00046e W16 10238e 1bb8 work_low
A 00046e W16 102390 8a99 work_low
A 00046e W16 102392 b4fe work_low
A 00046e W16 102394 88f7 work_low
A 00046e W16 102396 acd4 work_low
A 00046e W16 102398 6025 work_low
A 00046e W16 10239a e0ba work_low
A 00046e W16 10239c 63a3 work_low
A 00046e W16 10239e f230 work_low
A 00046e W16 1023a0 baf1 work_low
A 00046e W16 1023a2 a6b6 work_low
A 00046e W16 1023a4 418f work_low
A 00046e W16 1023a6 47cc work_low
A 00046e W16 1023a8 66fd work_low
A 00046e W16 1023aa 02f2 work_low
A 00046e W16 1023ac 0ebb work_low
A 00046e W16 1023ae 49a8 work_low
A 00046e W16 1023b0 7049 work_low
A 00046e W16 1023b2 316e work_low
A 00046e W16 1023b4 f727 work_low
A 00046e W16 1023b6 d3c4 work_low
A 00046e W16 1023b8 22d5 work_low
A 00046e W16 1023ba ae2a work_low
A 00046e W16 1023bc 66d3 work_low
A 00046e W16 1023be 0220 work_low
A 00046e W16 1023c0 0aa1 work_low
A 00046e W16 1023c2 3526 work_low
A 00046e W16 1023c4 09bf work_low
A 00046e W16 1023c6 30bc work_low
A 00046e W16 1023c8 f3ad work_low
A 00046e W16 1023ca c262 work_low
A 00046e W16 1023cc cbeb work_low
A 00046e W16 1023ce fb98 work_low
A 00046e W16 1023d0 e9f9 work_low
A 00046e W16 1023d2 91de work_low
A 00046e W16 1023d4 d957 work_low
A 00046e W16 1023d6 3eb4 work_low
A 00046e W16 1023d8 3985 work_low
A 00046e W16 1023da 1f9a work_low
A 00046e W16 1023dc 9e03 work_low
A 00046e W16 1023de 1610 work_low
A 00046e W16 1023e0 6e51 work_low
A 00046e W16 1023e2 2796 work_low
A 00046e W16 1023e4 c5ef work_low
A 00046e W16 1023e6 ddac work_low
A 00046e W16 1023e8 545d work_low
A 00046e W16 1023ea a5d2 work_low
A 00046e W16 1023ec 3d1b work_low
A 00046e W16 1023ee 3188 work_low
A 00046e W16 1023f0 f7a9 work_low
A 00046e W16 1023f2 d64e work_low
A 00046e W16 1023f4 2f87 work_low
A 00046e W16 1023f6 eda4 work_low
A 00046e W16 1023f8 a435 work_low
A 00046e W16 1023fa 350a work_low
A 00046e W16 1023fc 0933 work_low
A 00046e W16 1023fe 2e00 work_low
A 00046e W16 102400 e601 work_low
A 00046e W16 102402 7e06 work_low
A 00046e W16 102404 761f work_low
A 00046e W16 102406 4e9c work_low
A 00046e W16 102408 890d work_low
A 00046e W16 10240a ad42 work_low
A 00046e W16 10240c 624b work_low
A 00046e W16 10240e eb78 work_low
A 00046e W16 102410 9959 work_low
A 00046e W16 102412 febe work_low
A 00046e W16 102414 f9b7 work_low
A 00046e W16 102416 e094 work_low
A 00046e W16 102418 62e5 work_low
A 00046e W16 10241a ee7a work_low
A 00046e W16 10241c a863 work_low
A 00046e W16 10241e 49f0 work_low
A 00046e W16 102420 71b1 work_low
A 00046e W16 102422 3876 work_low
A 00046e W16 102424 1a4f work_low
A 00046e W16 102426 838c work_low
A 00046e W16 102428 91bd work_low
A 00046e W16 10242a d8b2 work_low
A 00046e W16 10242c 3b7b work_low
A 00046e W16 10242e 2968 work_low
A 00046e W16 102430 cf09 work_low
A 00046e W16 102432 0b2e work_low
A 00046e W16 102434 37e7 work_low
A 00046e W16 102436 1784 work_low
A 00046e W16 102438 7595 work_low
A 00046e W16 10243a 4bea work_low
A 00046e W16 10243c 7b93 work_low
A 00046e W16 10243e 69e0 work_low
A 00046e W16 102440 1161 work_low
A 00046e W16 102442 56e6 work_low
A 00046e W16 102444 b27f work_low
A 00046e W16 102446 7c7c work_low
A 00046e W16 102448 6e6d work_low
A 00046e W16 10244a 2822 work_low
A 00046e W16 10244c c8ab work_low
A 00046e W16 10244e eb58 work_low
A 00046e W16 102450 98b9 work_low
A 00046e W16 102452 fb9e work_low
A 00046e W16 102454 ea17 work_low
A 00046e W16 102456 9274 work_low
A 00046e W16 102458 dc45 work_low
A 00046e W16 10245a 4d5a work_low
A 00046e W16 10245c 82c3 work_low
A 00046e W16 10245e 8dd0 work_low
A 00046e W16 102460 c511 work_low
A 00046e W16 102462 d956 work_low
A 00046e W16 102464 3eaf work_low
A 00046e W16 102466 396c work_low
A 00046e W16 102468 1f1d work_low
A 00046e W16 10246a 9b92 work_low
A 00046e W16 10246c 09db work_low
A 00046e W16 10246e 3148 work_low
A 00046e W16 102470 f669 work_low
A 00046e W16 102472 d00e work_low
A 00046e W16 102474 1047 work_low
A 00046e W16 102476 5164 work_low
A 00046e W16 102478 96f5 work_low
A 00046e W16 10247a f2ca work_low
A 00046e W16 10247c bdf3 work_low
A 00046e W16 10247e b5c0 work_low
A 00046e W16 102480 8cc1 work_low
A 00046e W16 102482 bfc6 work_low
A 00046e W16 102484 bedf work_low
A 00046e W16 102486 ba5c work_low
A 00046e W16 102488 a3cd work_low
A 00046e W16 10248a 3302 work_low
A 00046e W16 10248c ff0b work_low
A 00046e W16 10248e fb38 work_low
A 00046e W16 102490 e819 work_low
A 00046e W16 102492 887e work_low
A 00046e W16 102494 aa77 work_low
A 00046e W16 102496 5454 work_low
A 00046e W16 102498 a5a5 work_low
A 00046e W16 10249a 3c3a work_low
A 00046e W16 10249c 2d23 work_low
A 00046e W16 10249e e1b0 work_low
A 00046e W16 1024a0 6871 work_low
A 00046e W16 1024a2 0a36 work_low
A 00046e W16 1024a4 330f work_low
A 00046e W16 1024a6 ff4c work_low
A 00046e W16 1024a8 fc7d work_low
A 00046e W16 1024aa ee72 work_low
A 00046e W16 1024ac a83b work_low
A 00046e W16 1024ae 4928 work_low
A 00046e W16 1024b0 6dc9 work_low
A 00046e W16 1024b2 24ee work_low
A 00046e W16 1024b4 b8a7 work_low
A 00046e W16 1024b6 9b44 work_low
A 00046e W16 1024b8 0855 work_low
A 00046e W16 1024ba 29aa work_low
A 00046e W16 1024bc d053 work_low
A 00046e W16 1024be 11a0 work_low
A 00046e W16 1024c0 5821 work_low
A 00046e W16 1024c2 b8a6 work_low
A 00046e W16 1024c4 9b3f work_low
A 00046e W16 1024c6 083c work_low
A 00046e W16 1024c8 292d work_low
A 00046e W16 1024ca cde2 work_low
A 00046e W16 1024cc 056b work_low
A 00046e W16 1024ce 1b18 work_low
A 00046e W16 1024d0 8779 work_low
A 00046e W16 1024d2 a55e work_low
A 00046e W16 1024d4 3ad7 work_low
A 00046e W16 1024d6 2634 work_low
A 00046e W16 1024d8 bf05 work_low
A 00046e W16 1024da bb1a work_low
A 00046e W16 1024dc a783 work_low
A 00046e W16 1024de 4590 work_low
A 00046e W16 1024e0 5bd1 work_low
A 00046e W16 1024e2 cb16 work_low
A 00046e W16 1024e4 f76f work_low
A 00046e W16 1024e6 d52c work_low
A 00046e W16 1024e8 29dd work_low
A 00046e W16 1024ea d152 work_low
A 00046e W16 1024ec 169b work_low
A 00046e W16 1024ee 7108 work_low
A 00046e W16 1024f0 3529 work_low
A 00046e W16 1024f2 09ce work_low
A 00046e W16 1024f4 3107 work_low
A 00046e W16 1024f6 f524 work_low
A 00046e W16 1024f8 c9b5 work_low
A 00046e W16 1024fa f08a work_low
A 00046e W16 1024fc b2b3 work_low
A 00046e W16 1024fe 7d80 work_low
A 00046e W16 102500 7381 work_low
A 00046e W16 102502 4186 work_low
A 00046e W16 102504 479f work_low
A 00046e W16 102506 661c work_low
A 00046e W16 102508 fe8d work_low
A 00046e W16 10250a f8c2 work_low
A 00046e W16 10250c dbcb work_low
A 00046e W16 10250e 4af8 work_low
A 00046e W16 102510 76d9 work_low
A 00046e W16 102512 523e work_low
A 00046e W16 102514 9b37 work_low
A 00046e W16 102516 0814 work_low
A 00046e W16 102518 2865 work_low
A 00046e W16 10251a c9fa work_low
A 00046e W16 10251c f1e3 work_low
A 00046e W16 10251e b970 work_low
A 00046e W16 102520 9f31 work_low
A 00046e W16 102522 1bf6 work_low
A 00046e W16 102524 8bcf work_low
A 00046e W16 102526 bb0c work_low
A 00046e W16 102528 a73d work_low
A 00046e W16 10252a 4432 work_low
A 00046e W16 10252c 54fb work_low
A 00046e W16 10252e a8e8 work_low
A 00046e W16 102530 4c89 work_low
A 00046e W16 102532 7eae work_low
A 00046e W16 102534 7967 work_low
A 00046e W16 102536 5f04 work_low
A 00046e W16 102538 db15 work_low
A 00046e W16 10253a 476a work_low
A 00046e W16 10253c 6513 work_low
A 00046e W16 10253e f960 work_low
A 00046e W16 102540 dee1 work_low
A 00046e W16 102542 5a66 work_low
A 00046e W16 102544 c3ff work_low
A 00046e W16 102546 d3fc work_low
A 00046e W16 102548 23ed work_low
A 00046e W16 10254a b3a2 work_low
A 00046e W16 10254c 822b work_low
A 00046e W16 10254e 8ad8 work_low
A 00046e W16 102550 b639 work_low
A 00046e W16 102552 8f1e work_low
A 00046e W16 102554 cb97 work_low
A 00046e W16 102556 f9f4 work_low
A 00046e W16 102558 e1c5 work_low
A 00046e W16 10255a 68da work_low
A 00046e W16 10255c 0c43 work_low
A 00046e W16 10255e 3d50 work_low
A 00046e W16 102560 3291 work_low
A 00046e W16 102562 fcd6 work_low
A 00046e W16 102564 f02f work_low
A 00046e W16 102566 b0ec work_low
A 00046e W16 102568 749d work_low
A 00046e W16 10256a 4712 work_low
A 00046e W16 10256c 635b work_low
A 00046e W16 10256e f0c8 work_low
A 00046e W16 102570 b3e9 work_low
A 00046e W16 102572 838e work_low
A 00046e W16 102574 91c7 work_low
A 00046e W16 102576 d8e4 work_low
A 00046e W16 102578 3c75 work_low
A 00046e W16 10257a 2e4a work_low
A 00046e W16 10257c e773 work_low
A 00046e W16 10257e 8540 work_low
A 00046e W16 102580 9a41 work_low
A 00046e W16 102582 0346 work_low
A 00046e W16 102584 105f work_low
A 00046e W16 102586 51dc work_low
A 00046e W16 102588 994d work_low
A 00046e W16 10258a fe82 work_low
A 00046e W16 10258c f88b work_low
A 00046e W16 10258e dab8 work_low
A 00046e W16 102590 4599 work_low
A 00046e W16 102592 5bfe work_low
A 00046e W16 102594 cbf7 work_low
A 00046e W16 102596 fbd4 work_low
A 00046e W16 102598 eb25 work_low
A 00046e W16 10259a 97ba work_low
A 00046e W16 10259c f6a3 work_low
A 00046e W16 10259e d130 work_low
A 00046e W16 1025a0 15f1 work_low
A 00046e W16 1025a2 6db6 work_low
A 00046e W16 1025a4 248f work_low
A 00046e W16 1025a6 b6cc work_low
A 00046e W16 1025a8 91fd work_low
A 00046e W16 1025aa d9f2 work_low
A 00046e W16 1025ac 41bb work_low
A 00046e W16 1025ae 48a8 work_low
A 00046e W16 1025b0 6b49 work_low
A 00046e W16 1025b2 186e work_low
A 00046e W16 1025b4 7a27 work_low
A 00046e W16 1025b6 62c4 work_low
A 00046e W16 1025b8 edd5 work_low
A 00046e W16 1025ba a52a work_low
A 00046e W16 1025bc 39d3 work_low
A 00046e W16 1025be 2120 work_low
A 00046e W16 1025c0 a5a1 work_low
A 00046e W16 1025c2 3c26 work_low
A 00046e W16 1025c4 2cbf work_low
A 00046e W16 1025c6 dfbc work_low
A 00046e W16 1025c8 5ead work_low
A 00046e W16 1025ca d962 work_low
A 00046e W16 1025cc 3eeb work_low
A 00046e W16 1025ce 3a98 work_low
A 00046e W16 1025d0 24f9 work_low
A 00046e W16 1025d2 b8de work_low
A 00046e W16 1025d4 9c57 work_low
A 00046e W16 1025d6 0db4 work_low
A 00046e W16 1025d8 4485 work_low
A 00046e W16 1025da 569a work_low
A 00046e W16 1025dc b103 work_low
A 00046e W16 1025de 7510 work_low
A 00046e W16 1025e0 4951 work_low
A 00046e W16 1025e2 6e96 work_low
A 00046e W16 1025e4 28ef work_low
A 00046e W16 1025e6 ccac work_low
A 00046e W16 1025e8 ff5d work_low
A 00046e W16 1025ea fcd2 work_low
A 00046e W16 1025ec f01b work_low
A 00046e W16 1025ee b088 work_low
A 00046e W16 1025f0 72a9 work_low
A 00046e W16 1025f2 3d4e work_low
A 00046e W16 1025f4 3287 work_low
A 00046e W16 1025f6 fca4 work_low
A 00046e W16 1025f8 ef35 work_low
A 00046e W16 1025fa ac0a work_low
A 00046e W16 1025fc 5c33 work_low
A 00046e W16 1025fe cd00 work_low
A 00046e W16 102600 0101 work_low
A 00046e W16 102602 0506 work_low
A 00046e W16 102604 191f work_low
A 00046e W16 102606 7d9c work_low
A 00046e W16 102608 740d work_low
A 00046e W16 10260a 4442 work_low
A 00046e W16 10260c 554b work_low
A 00046e W16 10260e aa78 work_low
A 00046e W16 102610 5459 work_low
A 00046e W16 102612 a5be work_low
A 00046e W16 102614 3cb7 work_low
A 00046e W16 102616 2f94 work_low
A 00046e W16 102618 ede5 work_low
A 00046e W16 10261a a57a work_low
A 00046e W16 10261c 3b63 work_low
A 00046e W16 10261e 28f0 work_low
A 00046e W16 102620 ccb1 work_low
A 00046e W16 102622 ff76 work_low
A 00046e W16 102624 fd4f work_low
A 00046e W16 102626 f28c work_low
A 00046e W16 102628 bcbd work_low
A 00046e W16 10262a afb2 work_low
A 00046e W16 10262c 6e7b work_low
A 00046e W16 10262e 2868 work_low
A 00046e W16 102630 ca09 work_low
A 00046e W16 102632 f22e work_low
A 00046e W16 102634 bae7 work_low
A 00046e W16 102636 a684 work_low
A 00046e W16 102638 4095 work_low
A 00046e W16 10263a 42ea work_low
A 00046e W16 10263c 4e93 work_low
A 00046e W16 10263e 88e0 work_low
A 00046e W16 102640 ac61 work_low
A 00046e W16 102642 5de6 work_low
A 00046e W16 102644 d57f work_low
A 00046e W16 102646 2b7c work_low
A 00046e W16 102648 d96d work_low
A 00046e W16 10264a 3f22 work_low
A 00046e W16 10264c 3bab work_low
A 00046e W16 10264e 2a58 work_low
A 00046e W16 102650 d3b9 work_low
A 00046e W16 102652 229e work_low
A 00046e W16 102654 ad17 work_low
A 00046e W16 102656 6174 work_low
A 00046e W16 102658 e745 work_low
A 00046e W16 10265a 845a work_low
A 00046e W16 10265c 95c3 work_low
A 00046e W16 10265e ecd0 work_low
A 00046e W16 102660 a011 work_low
A 00046e W16 102662 2056 work_low
A 00046e W16 102664 a1af work_low
A 00046e W16 102666 286c work_low
A 00046e W16 102668 ca1d work_low
A 00046e W16 10266a f292 work_low
A 00046e W16 10266c bcdb work_low
A 00046e W16 10266e b048 work_low
A 00046e W16 102670 7169 work_low
A 00046e W16 102672 370e work_low
A 00046e W16 102674 1347 work_low
A 00046e W16 102676 6064 work_low
A 00046e W16 102678 e1f5 work_low
A 00046e W16 10267a 69ca work_low
A 00046e W16 10267c 10f3 work_low
A 00046e W16 10267e 54c0 work_low
A 00046e W16 102680 a7c1 work_low
A 00046e W16 102682 46c6 work_low
A 00046e W16 102684 61df work_low
A 00046e W16 102686 e95c work_low
A 00046e W16 102688 8ecd work_low
A 00046e W16 10268a ca02 work_low
A 00046e W16 10268c f20b work_low
A 00046e W16 10268e ba38 work_low
A 00046e W16 102690 a319 work_low
A 00046e W16 102692 2f7e work_low
A 00046e W16 102694 ed77 work_low
A 00046e W16 102696 a354 work_low
A 00046e W16 102698 30a5 work_low
A 00046e W16 10269a f33a work_low
A 00046e W16 10269c c023 work_low
A 00046e W16 10269e c0b0 work_low
A 00046e W16 1026a0 c371 work_low
A 00046e W16 1026a2 d136 work_low
A 00046e W16 1026a4 160f work_low
A 00046e W16 1026a6 6e4c work_low
A 00046e W16 1026a8 277d work_low
A 00046e W16 1026aa c572 work_low
A 00046e W16 1026ac db3b work_low
A 00046e W16 1026ae 4828 work_low
A 00046e W16 1026b0 68c9 work_low
A 00046e W16 1026b2 0bee work_low
A 00046e W16 1026b4 3ba7 work_low
A 00046e W16 1026b6 2a44 work_low
A 00046e W16 1026b8 d355 work_low
A 00046e W16 1026ba 20aa work_low
A 00046e W16 1026bc a353 work_low
A 00046e W16 1026be 30a0 work_low
A 00046e W16 1026c0 f321 work_low
A 00046e W16 1026c2 bfa6 work_low
A 00046e W16 1026c4 be3f work_low
A 00046e W16 1026c6 b73c work_low
A 00046e W16 1026c8 942d work_low
A 00046e W16 1026ca e4e2 work_low
A 00046e W16 1026cc 786b work_low
A 00046e W16 1026ce 5a18 work_low
A 00046e W16 1026d0 c279 work_low
A 00046e W16 1026d2 cc5e work_low
A 00046e W16 1026d4 fdd7 work_low
A 00046e W16 1026d6 f534 work_low
A 00046e W16 1026d8 ca05 work_low
A 00046e W16 1026da f21a work_low
A 00046e W16 1026dc ba83 work_low
A 00046e W16 1026de a490 work_low
A 00046e W16 1026e0 36d1 work_low
A 00046e W16 1026e2 1216 work_low
A 00046e W16 1026e4 5a6f work_low
A 00046e W16 1026e6 c42c work_low
A 00046e W16 1026e8 d4dd work_low
A 00046e W16 1026ea 2852 work_low
A 00046e W16 1026ec c99b work_low
A 00046e W16 1026ee f008 work_low
A 00046e W16 1026f0 b029 work_low
A 00046e W16 1026f2 70ce work_low
A 00046e W16 1026f4 3407 work_low
A 00046e W16 1026f6 0424 work_low
A 00046e W16 1026f8 14b5 work_low
A 00046e W16 1026fa 678a work_low
A 00046e W16 1026fc 05b3 work_low
A 00046e W16 1026fe 1c80 work_low
A 00046e W16 102700 8e81 work_low
A 00046e W16 102702 c886 work_low
A 00046e W16 102704 ea9f work_low
A 00046e W16 102706 951c work_low
A 00046e W16 102708 e98d work_low
A 00046e W16 10270a 8fc2 work_low
A 00046e W16 10270c cecb work_low
A 00046e W16 10270e 09f8 work_low
A 00046e W16 102710 31d9 work_low
A 00046e W16 102712 f93e work_low
A 00046e W16 102714 de37 work_low
A 00046e W16 102716 5714 work_low
A 00046e W16 102718 b365 work_low
A 00046e W16 10271a 80fa work_low
A 00046e W16 10271c 84e3 work_low
A 00046e W16 10271e 9870 work_low
A 00046e W16 102720 fa31 work_low
A 00046e W16 102722 e2f6 work_low
A 00046e W16 102724 6ecf work_low
A 00046e W16 102726 2a0c work_low
A 00046e W16 102728 d23d work_low
A 00046e W16 10272a 1b32 work_low
A 00046e W16 10272c 87fb work_low
A 00046e W16 10272e a7e8 work_low
A 00046e W16 102730 4789 work_low
A 00046e W16 102732 65ae work_low
A 00046e W16 102734 fc67 work_low
A 00046e W16 102736 ee04 work_low
A 00046e W16 102738 a615 work_low
A 00046e W16 10273a 3e6a work_low
A 00046e W16 10273c 3813 work_low
A 00046e W16 10273e 1860 work_low
A 00046e W16 102740 79e1 work_low
A 00046e W16 102742 6166 work_low
A 00046e W16 102744 e6ff work_low
A 00046e W16 102746 82fc work_low
A 00046e W16 102748 8eed work_low
A 00046e W16 10274a caa2 work_low
A 00046e W16 10274c f52b work_low
A 00046e W16 10274e c9d8 work_low
A 00046e W16 102750 f139 work_low
A 00046e W16 102752 b61e work_low
A 00046e W16 102754 8e97 work_low
A 00046e W16 102756 c8f4 work_low
A 00046e W16 102758 ecc5 work_low
A 00046e W16 10275a 9fda work_low
A 00046e W16 10275c 1f43 work_low
A 00046e W16 10275e 9c50 work_low
A 00046e W16 102760 0d91 work_low
A 00046e W16 102762 43d6 work_low
A 00046e W16 102764 532f work_low
A 00046e W16 102766 9fec work_low
A 00046e W16 102768 1f9d work_low
A 00046e W16 10276a 9e12 work_low
A 00046e W16 10276c 165b work_low
A 00046e W16 10276e 6fc8 work_low
A 00046e W16 102770 2ee9 work_low
A 00046e W16 102772 ea8e work_low
A 00046e W16 102774 94c7 work_low
A 00046e W16 102776 e7e4 work_low
A 00046e W16 102778 8775 work_low
A 00046e W16 10277a a54a work_low
A 00046e W16 10277c 3a73 work_low
A 00046e W16 10277e 2440 work_low
A 00046e W16 102780 b541 work_low
A 00046e W16 102782 8a46 work_low
A 00046e W16 102784 b35f work_low
A 00046e W16 102786 80dc work_low
A 00046e W16 102788 844d work_low
A 00046e W16 10278a 9582 work_low
A 00046e W16 10278c eb8b work_low
A 00046e W16 10278e 99b8 work_low
A 00046e W16 102790 0099 work_low
A 00046e W16 102792 02fe work_low
A 00046e W16 102794 0ef7 work_low
A 00046e W16 102796 4ad4 work_low
A 00046e W16 102798 7625 work_low
A 00046e W16 10279a 4eba work_low
A 00046e W16 10279c 89a3 work_low
A 00046e W16 10279e b030 work_low
A 00046e W16 1027a0 70f1 work_low
A 00046e W16 1027a2 34b6 work_low
A 00046e W16 1027a4 078f work_low
A 00046e W16 1027a6 25cc work_low
A 00046e W16 1027a8 bcfd work_low
A 00046e W16 1027aa b0f2 work_low
A 00046e W16 1027ac 74bb work_low
A 00046e W16 1027ae 47a8 work_low
A 00046e W16 1027b0 6649 work_low
A 00046e W16 1027b2 ff6e work_low
A 00046e W16 1027b4 fd27 work_low
A 00046e W16 1027b6 f1c4 work_low
A 00046e W16 1027b8 b8d5 work_low
A 00046e W16 1027ba 9c2a work_low
A 00046e W16 1027bc 0cd3 work_low
A 00046e W16 1027be 4020 work_low
A 00046e W16 1027c0 40a1 work_low
A 00046e W16 1027c2 4326 work_low
A 00046e W16 1027c4 4fbf work_low
A 00046e W16 1027c6 8ebc work_low
A 00046e W16 1027c8 c9ad work_low
A 00046e W16 1027ca f062 work_low
A 00046e W16 1027cc b1eb work_low
A 00046e W16 1027ce 7998 work_low
A 00046e W16 1027d0 5ff9 work_low
A 00046e W16 1027d2 dfde work_low
A 00046e W16 1027d4 5f57 work_low
A 00046e W16 1027d6 dcb4 work_low
A 00046e W16 1027d8 4f85 work_low
A 00046e W16 1027da 8d9a work_low
A 00046e W16 1027dc c403 work_low
A 00046e W16 1027de d410 work_low
A 00046e W16 1027e0 2451 work_low
A 00046e W16 1027e2 b596 work_low
A 00046e W16 1027e4 8bef work_low
A 00046e W16 1027e6 bbac work_low
A 00046e W16 1027e8 aa5d work_low
A 00046e W16 1027ea 53d2 work_low
A 00046e W16 1027ec a31b work_low
A 00046e W16 1027ee 2f88 work_low
A 00046e W16 1027f0 eda9 work_low
A 00046e W16 1027f2 a44e work_low
A 00046e W16 1027f4 3587 work_low
A 00046e W16 1027f6 0ba4 work_low
A 00046e W16 1027f8 3a35 work_low
A 00046e W16 1027fa 230a work_low
A 00046e W16 1027fc af33 work_low
A 00046e W16 1027fe 6c00 work_low
A 00046e W16 102800 1c01 work_low
A 00046e W16 102802 8c06 work_low
A 00046e W16 102804 bc1f work_low
A 00046e W16 102806 ac9c work_low
A 00046e W16 102808 5f0d work_low
A 00046e W16 10280a db42 work_low
A 00046e W16 10280c 484b work_low
A 00046e W16 10280e 6978 work_low
A 00046e W16 102810 0f59 work_low
A 00046e W16 102812 4cbe work_low
A 00046e W16 102814 7fb7 work_low
A 00046e W16 102816 7e94 work_low
A 00046e W16 102818 78e5 work_low
A 00046e W16 10281a 5c7a work_low
A 00046e W16 10281c ce63 work_low
A 00046e W16 10281e 07f0 work_low
A 00046e W16 102820 27b1 work_low
A 00046e W16 102822 c676 work_low
A 00046e W16 102824 e04f work_low
A 00046e W16 102826 618c work_low
A 00046e W16 102828 e7bd work_low
A 00046e W16 10282a 86b2 work_low
A 00046e W16 10282c a17b work_low
A 00046e W16 10282e 2768 work_low
A 00046e W16 102830 c509 work_low
A 00046e W16 102832 d92e work_low
A 00046e W16 102834 3de7 work_low
A 00046e W16 102836 3584 work_low
A 00046e W16 102838 0b95 work_low
A 00046e W16 10283a 39ea work_low
A 00046e W16 10283c 2193 work_low
A 00046e W16 10283e a7e0 work_low
A 00046e W16 102840 4761 work_low
A 00046e W16 102842 64e6 work_low
A 00046e W16 102844 f87f work_low
A 00046e W16 102846 da7c work_low
A 00046e W16 102848 446d work_low
A 00046e W16 10284a 5622 work_low
A 00046e W16 10284c aeab work_low
A 00046e W16 10284e 6958 work_low
A 00046e W16 102850 0eb9 work_low
A 00046e W16 102852 499e work_low
A 00046e W16 102854 7017 work_low
A 00046e W16 102856 3074 work_low
A 00046e W16 102858 f245 work_low
A 00046e W16 10285a bb5a work_low
A 00046e W16 10285c a8c3 work_low
A 00046e W16 10285e 4bd0 work_low
A 00046e W16 102860 7b11 work_low
A 00046e W16 102862 6756 work_low
A 00046e W16 102864 04af work_low
A 00046e W16 102866 176c work_low
A 00046e W16 102868 751d work_low
A 00046e W16 10286a 4992 work_low
A 00046e W16 10286c 6fdb work_low
A 00046e W16 10286e 2f48 work_low
A 00046e W16 102870 ec69 work_low
A 00046e W16 102872 9e0e work_low
A 00046e W16 102874 1647 work_low
A 00046e W16 102876 6f64 work_low
A 00046e W16 102878 2cf5 work_low
A 00046e W16 10287a e0ca work_low
A 00046e W16 10287c 63f3 work_low
A 00046e W16 10287e f3c0 work_low
A 00046e W16 102880 c2c1 work_low
A 00046e W16 102882 cdc6 work_low
A 00046e W16 102884 04df work_low
A 00046e W16 102886 185c work_low
A 00046e W16 102888 79cd work_low
A 00046e W16 10288a 6102 work_low
A 00046e W16 10288c e50b work_low
A 00046e W16 10288e 7938 work_low
A 00046e W16 102890 5e19 work_low
A 00046e W16 102892 d67e work_low
A 00046e W16 102894 3077 work_low
A 00046e W16 102896 f254 work_low
A 00046e W16 102898 bba5 work_low
A 00046e W16 10289a aa3a work_low
A 00046e W16 10289c 5323 work_low
A 00046e W16 10289e 9fb0 work_low
A 00046e W16 1028a0 1e71 work_low
A 00046e W16 1028a2 9836 work_low
A 00046e W16 1028a4 f90f work_low
A 00046e W16 1028a6 dd4c work_low
A 00046e W16 1028a8 527d work_low
A 00046e W16 1028aa 9c72 work_low
A 00046e W16 1028ac 0e3b work_low
A 00046e W16 1028ae 4728 work_low
A 00046e W16 1028b0 63c9 work_low
A 00046e W16 1028b2 f2ee work_low
A 00046e W16 1028b4 bea7 work_low
A 00046e W16 1028b6 b944 work_low
A 00046e W16 1028b8 9e55 work_low
A 00046e W16 1028ba 17aa work_low
A 00046e W16 1028bc 7653 work_low
A 00046e W16 1028be 4fa0 work_low
A 00046e W16 1028c0 8e21 work_low
A 00046e W16 1028c2 c6a6 work_low
A 00046e W16 1028c4 e13f work_low
A 00046e W16 1028c6 663c work_low
A 00046e W16 1028c8 ff2d work_low
A 00046e W16 1028ca fbe2 work_low
A 00046e W16 1028cc eb6b work_low
A 00046e W16 1028ce 9918 work_low
A 00046e W16 1028d0 fd79 work_low
A 00046e W16 1028d2 f35e work_low
A 00046e W16 1028d4 c0d7 work_low
A 00046e W16 1028d6 c434 work_low
A 00046e W16 1028d8 d505 work_low
A 00046e W16 1028da 291a work_low
A 00046e W16 1028dc cd83 work_low
A 00046e W16 1028de 0390 work_low
A 00046e W16 1028e0 11d1 work_low
A 00046e W16 1028e2 5916 work_low
A 00046e W16 1028e4 bd6f work_low
A 00046e W16 1028e6 b32c work_low
A 00046e W16 1028e8 7fdd work_low
A 00046e W16 1028ea 7f52 work_low
A 00046e W16 1028ec 7c9b work_low
A 00046e W16 1028ee 6f08 work_low
A 00046e W16 1028f0 2b29 work_low
A 00046e W16 1028f2 d7ce work_low
A 00046e W16 1028f4 3707 work_low
A 00046e W16 1028f6 1324 work_low
A 00046e W16 1028f8 5fb5 work_low
A 00046e W16 1028fa de8a work_low
A 00046e W16 1028fc 58b3 work_low
A 00046e W16 1028fe bb80 work_low
A 00046e W16 102900 a981 work_low
A 00046e W16 102902 4f86 work_low
A 00046e W16 102904 8d9f work_low
A 00046e W16 102906 c41c work_low
A 00046e W16 102908 d48d work_low
A 00046e W16 10290a 26c2 work_low
A 00046e W16 10290c c1cb work_low
A 00046e W16 10290e c8f8 work_low
A 00046e W16 102910 ecd9 work_low
A 00046e W16 102912 a03e work_low
A 00046e W16 102914 2137 work_low
A 00046e W16 102916 a614 work_low
A 00046e W16 102918 3e65 work_low
A 00046e W16 10291a 37fa work_low
A 00046e W16 10291c 17e3 work_low
A 00046e W16 10291e 7770 work_low
A 00046e W16 102920 5531 work_low
A 00046e W16 102922 a9f6 work_low
A 00046e W16 102924 51cf work_low
A 00046e W16 102926 990c work_low
A 00046e W16 102928 fd3d work_low
A 00046e W16 10292a f232 work_low
A 00046e W16 10292c bafb work_low
A 00046e W16 10292e a6e8 work_low
A 00046e W16 102930 4289 work_low
A 00046e W16 102932 4cae work_low
A 00046e W16 102934 7f67 work_low
A 00046e W16 102936 7d04 work_low
A 00046e W16 102938 7115 work_low
A 00046e W16 10293a 356a work_low
A 00046e W16 10293c 0b13 work_low
A 00046e W16 10293e 3760 work_low
A 00046e W16 102940 14e1 work_low
A 00046e W16 102942 6866 work_low
A 00046e W16 102944 09ff work_low
A 00046e W16 102946 31fc work_low
A 00046e W16 102948 f9ed work_low
A 00046e W16 10294a e1a2 work_low
A 00046e W16 10294c 682b work_low
A 00046e W16 10294e 08d8 work_low
A 00046e W16 102950 2c39 work_low
A 00046e W16 102952 dd1e work_low
A 00046e W16 102954 5197 work_low
A 00046e W16 102956 97f4 work_low
A 00046e W16 102958 f7c5 work_low
A 00046e W16 10295a d6da work_low
A 00046e W16 10295c 3243 work_low
A 00046e W16 10295e fb50 work_low
A 00046e W16 102960 e891 work_low
A 00046e W16 102962 8ad6 work_low
A 00046e W16 102964 b62f work_low
A 00046e W16 102966 8eec work_low
A 00046e W16 102968 ca9d work_low
A 00046e W16 10296a f512 work_low
A 00046e W16 10296c c95b work_low
A 00046e W16 10296e eec8 work_low
A 00046e W16 102970 a9e9 work_low
A 00046e W16 102972 518e work_low
A 00046e W16 102974 97c7 work_low
A 00046e W16 102976 f6e4 work_low
A 00046e W16 102978 d275 work_low
A 00046e W16 10297a 1c4a work_low
A 00046e W16 10297c 8d73 work_low
A 00046e W16 10297e c340 work_low
A 00046e W16 102980 d041 work_low
A 00046e W16 102982 1146 work_low
A 00046e W16 102984 565f work_low
A 00046e W16 102986 afdc work_low
A 00046e W16 102988 6f4d work_low
A 00046e W16 10298a 2c82 work_low
A 00046e W16 10298c de8b work_low
A 00046e W16 10298e 58b8 work_low
A 00046e W16 102990 bb99 work_low
A 00046e W16 102992 a9fe work_low
A 00046e W16 102994 51f7 work_low
A 00046e W16 102996 99d4 work_low
A 00046e W16 102998 0125 work_low
A 00046e W16 10299a 05ba work_low
A 00046e W16 10299c 1ca3 work_low
A 00046e W16 10299e 8f30 work_low
A 00046e W16 1029a0 cbf1 work_low
A 00046e W16 1029a2 fbb6 work_low
A 00046e W16 1029a4 ea8f work_low
A 00046e W16 1029a6 94cc work_low
A 00046e W16 1029a8 e7fd work_low
A 00046e W16 1029aa 87f2 work_low
A 00046e W16 1029ac a7bb work_low
A 00046e W16 1029ae 46a8 work_low
A 00046e W16 1029b0 6149 work_low
A 00046e W16 1029b2 e66e work_low
A 00046e W16 1029b4 8027 work_low
A 00046e W16 1029b6 80c4 work_low
A 00046e W16 1029b8 83d5 work_low
A 00046e W16 1029ba 932a work_low
A 00046e W16 1029bc dfd3 work_low
A 00046e W16 1029be 5f20 work_low
A 00046e W16 1029c0 dba1 work_low
A 00046e W16 1029c2 4a26 work_low
A 00046e W16 1029c4 72bf work_low
A 00046e W16 1029c6 3dbc work_low
A 00046e W16 1029c8 34ad work_low
A 00046e W16 1029ca 0762 work_low
A 00046e W16 1029cc 24eb work_low
A 00046e W16 1029ce b898 work_low
A 00046e W16 1029d0 9af9 work_low
A 00046e W16 1029d2 06de work_low
A 00046e W16 1029d4 2257 work_low
A 00046e W16 1029d6 abb4 work_low
A 00046e W16 1029d8 5a85 work_low
A 00046e W16 1029da c49a work_low
A 00046e W16 1029dc d703 work_low
A 00046e W16 1029de 3310 work_low
A 00046e W16 1029e0 ff51 work_low
A 00046e W16 1029e2 fc96 work_low
A 00046e W16 1029e4 eeef work_low
A 00046e W16 1029e6 aaac work_low
A 00046e W16 1029e8 555d work_low
A 00046e W16 1029ea aad2 work_low
A 00046e W16 1029ec 561b work_low
A 00046e W16 1029ee ae88 work_low
A 00046e W16 1029f0 68a9 work_low
A 00046e W16 1029f2 0b4e work_low
A 00046e W16 1029f4 3887 work_low
A 00046e W16 1029f6 1aa4 work_low
A 00046e W16 1029f8 8535 work_low
A 00046e W16 1029fa 9a0a work_low
A 00046e W16 1029fc 0233 work_low
A 00046e W16 1029fe 0b00 work_low
A 00046e W16 102a00 3701 work_low
A 00046e W16 102a02 1306 work_low
A 00046e W16 102a04 5f1f work_low
A 00046e W16 102a06 db9c work_low
A 00046e W16 102a08 4a0d work_low
A 00046e W16 102a0a 7242 work_low
A 00046e W16 102a0c 3b4b work_low
A 00046e W16 102a0e 2878 work_low
A 00046e W16 102a10 ca59 work_low
A 00046e W16 102a12 f3be work_low
A 00046e W16 102a14 c2b7 work_low
A 00046e W16 102a16 cd94 work_low
A 00046e W16 102a18 03e5 work_low
A 00046e W16 102a1a 137a work_low
A 00046e W16 102a1c 6163 work_low
A 00046e W16 102a1e e6f0 work_low
A 00046e W16 102a20 82b1 work_low
A 00046e W16 102a22 8d76 work_low
A 00046e W16 102a24 c34f work_low
A 00046e W16 102a26 d08c work_low
A 00046e W16 102a28 12bd work_low
A 00046e W16 102a2a 5db2 work_low
A 00046e W16 102a2c d47b work_low
A 00046e W16 102a2e 2668 work_low
A 00046e W16 102a30 c009 work_low
A 00046e W16 102a32 c02e work_low
A 00046e W16 102a34 c0e7 work_low
A 00046e W16 102a36 c484 work_low
A 00046e W16 102a38 d695 work_low
A 00046e W16 102a3a 30ea work_low
A 00046e W16 102a3c f493 work_low
A 00046e W16 102a3e c6e0 work_low
A 00046e W16 102a40 e261 work_low
A 00046e W16 102a42 6be6 work_low
A 00046e W16 102a44 1b7f work_low
A 00046e W16 102a46 897c work_low
A 00046e W16 102a48 af6d work_low
A 00046e W16 102a4a 6d22 work_low
A 00046e W16 102a4c 21ab work_low
A 00046e W16 102a4e a858 work_low
A 00046e W16 102a50 49b9 work_low
A 00046e W16 102a52 709e work_low
A 00046e W16 102a54 3317 work_low
A 00046e W16 102a56 ff74 work_low
A 00046e W16 102a58 fd45 work_low
A 00046e W16 102a5a f25a work_low
A 00046e W16 102a5c bbc3 work_low
A 00046e W16 102a5e aad0 work_low
A 00046e W16 102a60 5611 work_low
A 00046e W16 102a62 ae56 work_low
A 00046e W16 102a64 67af work_low
A 00046e W16 102a66 066c work_low
A 00046e W16 102a68 201d work_low
A 00046e W16 102a6a a092 work_low
A 00046e W16 102a6c 22db work_low
A 00046e W16 102a6e ae48 work_low
A 00046e W16 102a70 6769 work_low
A 00046e W16 102a72 050e work_low
A 00046e W16 102a74 1947 work_low
A 00046e W16 102a76 7e64 work_low
A 00046e W16 102a78 77f5 work_low
A 00046e W16 102a7a 57ca work_low
A 00046e W16 102a7c b6f3 work_low
A 00046e W16 102a7e 92c0 work_low
A 00046e W16 102a80 ddc1 work_low
A 00046e W16 102a82 54c6 work_low
A 00046e W16 102a84 a7df work_low
A 00046e W16 102a86 475c work_low
A 00046e W16 102a88 64cd work_low
A 00046e W16 102a8a f802 work_low
A 00046e W16 102a8c d80b work_low
A 00046e W16 102a8e 3838 work_low
A 00046e W16 102a90 1919 work_low
A 00046e W16 102a92 7d7e work_low
A 00046e W16 102a94 7377 work_low
A 00046e W16 102a96 4154 work_low
A 00046e W16 102a98 46a5 work_low
A 00046e W16 102a9a 613a work_low
A 00046e W16 102a9c e623 work_low
A 00046e W16 102a9e 7eb0 work_low
A 00046e W16 102aa0 7971 work_low
A 00046e W16 102aa2 5f36 work_low
A 00046e W16 102aa4 dc0f work_low
A 00046e W16 102aa6 4c4c work_low
A 00046e W16 102aa8 7d7d work_low
A 00046e W16 102aaa 7372 work_low
A 00046e W16 102aac 413b work_low
A 00046e W16 102aae 4628 work_low
A 00046e W16 102ab0 5ec9 work_low
A 00046e W16 102ab2 d9ee work_low
A 00046e W16 102ab4 41a7 work_low
A 00046e W16 102ab6 4844 work_low
A 00046e W16 102ab8 6955 work_low
A 00046e W16 102aba 0eaa work_low
A 00046e W16 102abc 4953 work_low
A 00046e W16 102abe 6ea0 work_low
A 00046e W16 102ac0 2921 work_low
A 00046e W16 102ac2 cda6 work_low
A 00046e W16 102ac4 043f work_low
A 00046e W16 102ac6 153c work_low
A 00046e W16 102ac8 6a2d work_low
A 00046e W16 102aca 12e2 work_low
A 00046e W16 102acc 5e6b work_low
A 00046e W16 102ace d818 work_low
A 00046e W16 102ad0 3879 work_low
A 00046e W16 102ad2 1a5e work_low
A 00046e W16 102ad4 83d7 work_low
A 00046e W16 102ad6 9334 work_low
A 00046e W16 102ad8 e005 work_low
A 00046e W16 102ada 601a work_low
A 00046e W16 102adc e083 work_low
A 00046e W16 102ade 6290 work_low
A 00046e W16 102ae0 ecd1 work_low
A 00046e W16 102ae2 a016 work_low
A 00046e W16 102ae4 206f work_low
A 00046e W16 102ae6 a22c work_low
A 00046e W16 102ae8 2add work_low
A 00046e W16 102aea d652 work_low
A 00046e W16 102aec 2f9b work_low
A 00046e W16 102aee ee08 work_low
A 00046e W16 102af0 a629 work_low
A 00046e W16 102af2 3ece work_low
A 00046e W16 102af4 3a07 work_low
A 00046e W16 102af6 2224 work_low
A 00046e W16 102af8 aab5 work_low
A 00046e W16 102afa 558a work_low
A 00046e W16 102afc abb3 work_low
A 00046e W16 102afe 5a80 work_low
A 00046e W16 102b00 c481 work_low
A 00046e W16 102b02 d686 work_low
A 00046e W16 102b04 309f work_low
A 00046e W16 102b06 f31c work_low
A 00046e W16 102b08 bf8d work_low
A 00046e W16 102b0a bdc2 work_low
A 00046e W16 102b0c b4cb work_low
A 00046e W16 102b0e 87f8 work_low
A 00046e W16 102b10 a7d9 work_low
A 00046e W16 102b12 473e work_low
A 00046e W16 102b14 6437 work_low
A 00046e W16 102b16 f514 work_low
A 00046e W16 102b18 c965 work_low
A 00046e W16 102b1a eefa work_low
A 00046e W16 102b1c aae3 work_low
A 00046e W16 102b1e 5670 work_low
A 00046e W16 102b20 b031 work_low
A 00046e W16 102b22 70f6 work_low
A 00046e W16 102b24 34cf work_low
A 00046e W16 102b26 080c work_low
A 00046e W16 102b28 283d work_low
A 00046e W16 102b2a c932 work_low
A 00046e W16 102b2c edfb work_low
A 00046e W16 102b2e a5e8 work_low
A 00046e W16 102b30 3d89 work_low
A 00046e W16 102b32 33ae work_low
A 00046e W16 102b34 0267 work_low
A 00046e W16 102b36 0c04 work_low
A 00046e W16 102b38 3c15 work_low
A 00046e W16 102b3a 2c6a work_low
A 00046e W16 102b3c de13 work_low
A 00046e W16 102b3e 5660 work_low
A 00046e W16 102b40 afe1 work_low
A 00046e W16 102b42 6f66 work_low
A 00046e W16 102b44 2cff work_low
A 00046e W16 102b46 e0fc work_low
A 00046e W16 102b48 64ed work_low
A 00046e W16 102b4a f8a2 work_low
A 00046e W16 102b4c db2b work_low
A 00046e W16 102b4e 47d8 work_low
A 00046e W16 102b50 6739 work_low
A 00046e W16 102b52 041e work_low
A 00046e W16 102b54 1497 work_low
A 00046e W16 102b56 66f4 work_low
A 00046e W16 102b58 02c5 work_low
A 00046e W16 102b5a 0dda work_low
A 00046e W16 102b5c 4543 work_low
A 00046e W16 102b5e 5a50 work_low
A 00046e W16 102b60 c391 work_low
A 00046e W16 102b62 d1d6 work_low
A 00046e W16 102b64 192f work_low
A 00046e W16 102b66 7dec work_low
A 00046e W16 102b68 759d work_low
A 00046e W16 102b6a 4c12 work_low
A 00046e W16 102b6c 7c5b work_low
A 00046e W16 102b6e 6dc8 work_low
A 00046e W16 102b70 24e9 work_low
A 00046e W16 102b72 b88e work_low
A 00046e W16 102b74 9ac7 work_low
A 00046e W16 102b76 05e4 work_low
A 00046e W16 102b78 1d75 work_low
A 00046e W16 102b7a 934a work_low
A 00046e W16 102b7c e073 work_low
A 00046e W16 102b7e 6240 work_low
A 00046e W16 102b80 eb41 work_low
A 00046e W16 102b82 9846 work_low
A 00046e W16 102b84 f95f work_low
A 00046e W16 102b86 dedc work_low
A 00046e W16 102b88 5a4d work_low
A 00046e W16 102b8a c382 work_low
A 00046e W16 102b8c d18b work_low
A 00046e W16 102b8e 17b8 work_low
A 00046e W16 102b90 7699 work_low
A 00046e W16 102b92 50fe work_low
A 00046e W16 102b94 94f7 work_low
A 00046e W16 102b96 e8d4 work_low
A 00046e W16 102b98 8c25 work_low
A 00046e W16 102b9a bcba work_low
A 00046e W16 102b9c afa3 work_low
A 00046e W16 102b9e 6e30 work_low
A 00046e W16 102ba0 26f1 work_low
A 00046e W16 102ba2 c2b6 work_low
A 00046e W16 102ba4 cd8f work_low
A 00046e W16 102ba6 03cc work_low
A 00046e W16 102ba8 12fd work_low
A 00046e W16 102baa 5ef2 work_low
A 00046e W16 102bac dabb work_low
A 00046e W16 102bae 45a8 work_low
A 00046e W16 102bb0 5c49 work_low
A 00046e W16 102bb2 cd6e work_low
A 00046e W16 102bb4 0327 work_low
A 00046e W16 102bb6 0fc4 work_low
A 00046e W16 102bb8 4ed5 work_low
A 00046e W16 102bba 8a2a work_low
A 00046e W16 102bbc b2d3 work_low
A 00046e W16 102bbe 7e20 work_low
A 00046e W16 102bc0 76a1 work_low
A 00046e W16 102bc2 5126 work_low
A 00046e W16 102bc4 95bf work_low
A 00046e W16 102bc6 ecbc work_low
A 00046e W16 102bc8 9fad work_low
A 00046e W16 102bca 1e62 work_low
A 00046e W16 102bcc 97eb work_low
A 00046e W16 102bce f798 work_low
A 00046e W16 102bd0 d5f9 work_low
A 00046e W16 102bd2 2dde work_low
A 00046e W16 102bd4 e557 work_low
A 00046e W16 102bd6 7ab4 work_low
A 00046e W16 102bd8 6585 work_low
A 00046e W16 102bda fb9a work_low
A 00046e W16 102bdc ea03 work_low
A 00046e W16 102bde 9210 work_low
A 00046e W16 102be0 da51 work_low
A 00046e W16 102be2 4396 work_low
A 00046e W16 102be4 51ef work_low
A 00046e W16 102be6 99ac work_low
A 00046e W16 102be8 005d work_low
A 00046e W16 102bea 01d2 work_low
A 00046e W16 102bec 091b work_low
A 00046e W16 102bee 2d88 work_low
A 00046e W16 102bf0 e3a9 work_low
A 00046e W16 102bf2 724e work_low
A 00046e W16 102bf4 3b87 work_low
A 00046e W16 102bf6 29a4 work_low
A 00046e W16 102bf8 d035 work_low
A 00046e W16 102bfa 110a work_low
A 00046e W16 102bfc 5533 work_low
A 00046e W16 102bfe aa00 work_low
A 00046e W16 102c00 5201 work_low
A 00046e W16 102c02 9a06 work_low
A 00046e W16 102c04 021f work_low
A 00046e W16 102c06 0a9c work_low
A 00046e W16 102c08 350d work_low
A 00046e W16 102c0a 0942 work_low
A 00046e W16 102c0c 2e4b work_low
A 00046e W16 102c0e e778 work_low
A 00046e W16 102c10 8559 work_low
A 00046e W16 102c12 9abe work_low
A 00046e W16 102c14 05b7 work_low
A 00046e W16 102c16 1c94 work_low
A 00046e W16 102c18 8ee5 work_low
A 00046e W16 102c1a ca7a work_low
A 00046e W16 102c1c f463 work_low
A 00046e W16 102c1e c5f0 work_low
A 00046e W16 102c20 ddb1 work_low
A 00046e W16 102c22 5476 work_low
A 00046e W16 102c24 a64f work_low
A 00046e W16 102c26 3f8c work_low
A 00046e W16 102c28 3dbd work_low
A 00046e W16 102c2a 34b2 work_low
A 00046e W16 102c2c 077b work_low
A 00046e W16 102c2e 2568 work_low
A 00046e W16 102c30 bb09 work_low
A 00046e W16 102c32 a72e work_low
A 00046e W16 102c34 43e7 work_low
A 00046e W16 102c36 5384 work_low
A 00046e W16 102c38 a195 work_low
A 00046e W16 102c3a 27ea work_low
A 00046e W16 102c3c c793 work_low
A 00046e W16 102c3e e5e0 work_low
A 00046e W16 102c40 7d61 work_low
A 00046e W16 102c42 72e6 work_low
A 00046e W16 102c44 3e7f work_low
A 00046e W16 102c46 387c work_low
A 00046e W16 102c48 1a6d work_low
A 00046e W16 102c4a 8422 work_low
A 00046e W16 102c4c 94ab work_low
A 00046e W16 102c4e e758 work_low
A 00046e W16 102c50 84b9 work_low
A 00046e W16 102c52 979e work_low
A 00046e W16 102c54 f617 work_low
A 00046e W16 102c56 ce74 work_low
A 00046e W16 102c58 0845 work_low
A 00046e W16 102c5a 295a work_low
A 00046e W16 102c5c cec3 work_low
A 00046e W16 102c5e 09d0 work_low
A 00046e W16 102c60 3111 work_low
A 00046e W16 102c62 f556 work_low
A 00046e W16 102c64 caaf work_low
A 00046e W16 102c66 f56c work_low
A 00046e W16 102c68 cb1d work_low
A 00046e W16 102c6a f792 work_low
A 00046e W16 102c6c d5db work_low
A 00046e W16 102c6e 2d48 work_low
A 00046e W16 102c70 e269 work_low
A 00046e W16 102c72 6c0e work_low
A 00046e W16 102c74 1c47 work_low
A 00046e W16 102c76 8d64 work_low
A 00046e W16 102c78 c2f5 work_low
A 00046e W16 102c7a ceca work_low
A 00046e W16 102c7c 09f3 work_low
A 00046e W16 102c7e 31c0 work_low
A 00046e W16 102c80 f8c1 work_low
A 00046e W16 102c82 dbc6 work_low
A 00046e W16 102c84 4adf work_low
A 00046e W16 102c86 765c work_low
A 00046e W16 102c88 4fcd work_low
A 00046e W16 102c8a 8f02 work_low
A 00046e W16 102c8c cb0b work_low
A 00046e W16 102c8e f738 work_low
A 00046e W16 102c90 d419 work_low
A 00046e W16 102c92 247e work_low
A 00046e W16 102c94 b677 work_low
A 00046e W16 102c96 9054 work_low
A 00046e W16 102c98 d1a5 work_low
A 00046e W16 102c9a 183a work_low
A 00046e W16 102c9c 7923 work_low
A 00046e W16 102c9e 5db0 work_low
A 00046e W16 102ca0 d471 work_low
A 00046e W16 102ca2 2636 work_low
A 00046e W16 102ca4 bf0f work_low
A 00046e W16 102ca6 bb4c work_low
A 00046e W16 102ca8 a87d work_low
A 00046e W16 102caa 4a72 work_low
A 00046e W16 102cac 743b work_low
A 00046e W16 102cae 4528 work_low
A 00046e W16 102cb0 59c9 work_low
A 00046e W16 102cb2 c0ee work_low
A 00046e W16 102cb4 c4a7 work_low
A 00046e W16 102cb6 d744 work_low
A 00046e W16 102cb8 3455 work_low
A 00046e W16 102cba 05aa work_low
A 00046e W16 102cbc 1c53 work_low
A 00046e W16 102cbe 8da0 work_low
A 00046e W16 102cc0 c421 work_low
A 00046e W16 102cc2 d4a6 work_low
A 00046e W16 102cc4 273f work_low
A 00046e W16 102cc6 c43c work_low
A 00046e W16 102cc8 d52d work_low
A 00046e W16 102cca 29e2 work_low
A 00046e W16 102ccc d16b work_low
A 00046e W16 102cce 1718 work_low
A 00046e W16 102cd0 7379 work_low
A 00046e W16 102cd2 415e work_low
A 00046e W16 102cd4 46d7 work_low
A 00046e W16 102cd6 6234 work_low
A 00046e W16 102cd8 eb05 work_low
A 00046e W16 102cda 971a work_low
A 00046e W16 102cdc f383 work_low
A 00046e W16 102cde c190 work_low
A 00046e W16 102ce0 c7d1 work_low
A 00046e W16 102ce2 e716 work_low
A 00046e W16 102ce4 836f work_low
A 00046e W16 102ce6 912c work_low
A 00046e W16 102ce8 d5dd work_low
A 00046e W16 102cea 2d52 work_low
A 00046e W16 102cec e29b work_low
A 00046e W16 102cee 6d08 work_low
A 00046e W16 102cf0 2129 work_low
A 00046e W16 102cf2 a5ce work_low
A 00046e W16 102cf4 3d07 work_low
A 00046e W16 102cf6 3124 work_low
A 00046e W16 102cf8 f5b5 work_low
A 00046e W16 102cfa cc8a work_low
A 00046e W16 102cfc feb3 work_low
A 00046e W16 102cfe f980 work_low
A 00046e W16 102d00 df81 work_low
A 00046e W16 102d02 5d86 work_low
A 00046e W16 102d04 d39f work_low
A 00046e W16 102d06 221c work_low
A 00046e W16 102d08 aa8d work_low
A 00046e W16 102d0a 54c2 work_low
A 00046e W16 102d0c a7cb work_low
A 00046e W16 102d0e 46f8 work_low
A 00046e W16 102d10 62d9 work_low
A 00046e W16 102d12 ee3e work_low
A 00046e W16 102d14 a737 work_low
A 00046e W16 102d16 4414 work_low
A 00046e W16 102d18 5465 work_low
A 00046e W16 102d1a a5fa work_low
A 00046e W16 102d1c 3de3 work_low
A 00046e W16 102d1e 3570 work_low
A 00046e W16 102d20 0b31 work_low
A 00046e W16 102d22 37f6 work_low
A 00046e W16 102d24 17cf work_low
A 00046e W16 102d26 770c work_low
A 00046e W16 102d28 533d work_low
A 00046e W16 102d2a a032 work_low
A 00046e W16 102d2c 20fb work_low
A 00046e W16 102d2e a4e8 work_low
A 00046e W16 102d30 3889 work_low
A 00046e W16 102d32 1aae work_low
A 00046e W16 102d34 8567 work_low
A 00046e W16 102d36 9b04 work_low
A 00046e W16 102d38 0715 work_low
A 00046e W16 102d3a 236a work_low
A 00046e W16 102d3c b113 work_low
A 00046e W16 102d3e 7560 work_low
A 00046e W16 102d40 4ae1 work_low
A 00046e W16 102d42 7666 work_low
A 00046e W16 102d44 4fff work_low
A 00046e W16 102d46 8ffc work_low
A 00046e W16 102d48 cfed work_low
A 00046e W16 102d4a 0fa2 work_low
A 00046e W16 102d4c 4e2b work_low
A 00046e W16 102d4e 86d8 work_low
A 00046e W16 102d50 a239 work_low
A 00046e W16 102d52 2b1e work_low
A 00046e W16 102d54 d797 work_low
A 00046e W16 102d56 35f4 work_low
A 00046e W16 102d58 0dc5 work_low
A 00046e W16 102d5a 44da work_low
A 00046e W16 102d5c 5843 work_low
A 00046e W16 102d5e b950 work_low
A 00046e W16 102d60 9e91 work_low
A 00046e W16 102d62 18d6 work_low
A 00046e W16 102d64 7c2f work_low
A 00046e W16 102d66 6cec work_low
A 00046e W16 102d68 209d work_low
A 00046e W16 102d6a a312 work_low
A 00046e W16 102d6c 2f5b work_low
A 00046e W16 102d6e ecc8 work_low
A 00046e W16 102d70 9fe9 work_low
A 00046e W16 102d72 1f8e work_low
A 00046e W16 102d74 9dc7 work_low
A 00046e W16 102d76 14e4 work_low
A 00046e W16 102d78 6875 work_low
A 00046e W16 102d7a 0a4a work_low
A 00046e W16 102d7c 3373 work_low
A 00046e W16 102d7e 0140 work_low
A 00046e W16 102d80 0641 work_low
A 00046e W16 102d82 1f46 work_low
A 00046e W16 102d84 9c5f work_low
A 00046e W16 102d86 0ddc work_low
A 00046e W16 102d88 454d work_low
A 00046e W16 102d8a 5a82 work_low
A 00046e W16 102d8c c48b work_low
A 00046e W16 102d8e d6b8 work_low
A 00046e W16 102d90 3199 work_low
A 00046e W16 102d92 f7fe work_low
A 00046e W16 102d94 d7f7 work_low
A 00046e W16 102d96 37d4 work_low
A 00046e W16 102d98 1725 work_low
A 00046e W16 102d9a 73ba work_low
A 00046e W16 102d9c 42a3 work_low
A 00046e W16 102d9e 4d30 work_low
A 00046e W16 102da0 81f1 work_low
A 00046e W16 102da2 89b6 work_low
A 00046e W16 102da4 b08f work_low
A 00046e W16 102da6 72cc work_low
A 00046e W16 102da8 3dfd work_low
A 00046e W16 102daa 35f2 work_low
A 00046e W16 102dac 0dbb work_low
A 00046e W16 102dae 44a8 work_low
A 00046e W16 102db0 5749 work_low
A 00046e W16 102db2 b46e work_low
A 00046e W16 102db4 8627 work_low
A 00046e W16 102db6 9ec4 work_low
A 00046e W16 102db8 19d5 work_low
A 00046e W16 102dba 812a work_low
A 00046e W16 102dbc 85d3 work_low
A 00046e W16 102dbe 9d20 work_low
A 00046e W16 102dc0 11a1 work_low
A 00046e W16 102dc2 5826 work_low
A 00046e W16 102dc4 b8bf work_low
A 00046e W16 102dc6 9bbc work_low
A 00046e W16 102dc8 0aad work_low
A 00046e W16 102dca 3562 work_low
A 00046e W16 102dcc 0aeb work_low
A 00046e W16 102dce 3698 work_low
A 00046e W16 102dd0 10f9 work_low
A 00046e W16 102dd2 54de work_low
A 00046e W16 102dd4 a857 work_low
A 00046e W16 102dd6 49b4 work_low
A 00046e W16 102dd8 7085 work_low
A 00046e W16 102dda 329a work_low
A 00046e W16 102ddc fd03 work_low
A 00046e W16 102dde f110 work_low
A 00046e W16 102de0 b551 work_low
A 00046e W16 102de2 8a96 work_low
A 00046e W16 102de4 b4ef work_low
A 00046e W16 102de6 88ac work_low
A 00046e W16 102de8 ab5d work_low
A 00046e W16 102dea 58d2 work_low
A 00046e W16 102dec bc1b work_low
A 00046e W16 102dee ac88 work_low
A 00046e W16 102df0 5ea9 work_low
A 00046e W16 102df2 d94e work_low
A 00046e W16 102df4 3e87 work_low
A 00046e W16 102df6 38a4 work_low
A 00046e W16 102df8 1b35 work_low
A 00046e W16 102dfa 880a work_low
A 00046e W16 102dfc a833 work_low
A 00046e W16 102dfe 4900 work_low
A 00046e W16 102e00 6d01 work_low
A 00046e W16 102e02 2106 work_low
A 00046e W16 102e04 a51f work_low
A 00046e W16 102e06 399c work_low
A 00046e W16 102e08 200d work_low
A 00046e W16 102e0a a042 work_low
A 00046e W16 102e0c 214b work_low
A 00046e W16 102e0e a678 work_low
A 00046e W16 102e10 4059 work_low
A 00046e W16 102e12 41be work_low
A 00046e W16 102e14 48b7 work_low
A 00046e W16 102e16 6b94 work_low
A 00046e W16 102e18 19e5 work_low
A 00046e W16 102e1a 817a work_low
A 00046e W16 102e1c 8763 work_low
A 00046e W16 102e1e a4f0 work_low
A 00046e W16 102e20 38b1 work_low
A 00046e W16 102e22 1b76 work_low
A 00046e W16 102e24 894f work_low
A 00046e W16 102e26 ae8c work_low
A 00046e W16 102e28 68bd work_low
A 00046e W16 102e2a 0bb2 work_low
A 00046e W16 102e2c 3a7b work_low
A 00046e W16 102e2e 2468 work_low
A 00046e W16 102e30 b609 work_low
A 00046e W16 102e32 8e2e work_low
A 00046e W16 102e34 c6e7 work_low
A 00046e W16 102e36 e284 work_low
A 00046e W16 102e38 6c95 work_low
A 00046e W16 102e3a 1eea work_low
A 00046e W16 102e3c 9a93 work_low
A 00046e W16 102e3e 04e0 work_low
A 00046e W16 102e40 1861 work_low
A 00046e W16 102e42 79e6 work_low
A 00046e W16 102e44 617f work_low
A 00046e W16 102e46 e77c work_low
A 00046e W16 102e48 856d work_low
A 00046e W16 102e4a 9b22 work_low
A 00046e W16 102e4c 07ab work_low
A 00046e W16 102e4e 2658 work_low
A 00046e W16 102e50 bfb9 work_low
A 00046e W16 102e52 be9e work_low
A 00046e W16 102e54 b917 work_low
A 00046e W16 102e56 9d74 work_low
A 00046e W16 102e58 1345 work_low
A 00046e W16 102e5a 605a work_low
A 00046e W16 102e5c e1c3 work_low
A 00046e W16 102e5e 68d0 work_low
A 00046e W16 102e60 0c11 work_low
A 00046e W16 102e62 3c56 work_low
A 00046e W16 102e64 2daf work_low
A 00046e W16 102e66 e46c work_low
A 00046e W16 102e68 761d work_low
A 00046e W16 102e6a 4e92 work_low
A 00046e W16 102e6c 88db work_low
A 00046e W16 102e6e ac48 work_low
A 00046e W16 102e70 5d69 work_low
A 00046e W16 102e72 d30e work_low
A 00046e W16 102e74 1f47 work_low
A 00046e W16 102e76 9c64 work_low
A 00046e W16 102e78 0df5 work_low
A 00046e W16 102e7a 45ca work_low
A 00046e W16 102e7c 5cf3 work_low
A 00046e W16 102e7e d0c0 work_low
A 00046e W16 102e80 13c1 work_low
A 00046e W16 102e82 62c6 work_low
A 00046e W16 102e84 eddf work_low
A 00046e W16 102e86 a55c work_low
A 00046e W16 102e88 3acd work_low
A 00046e W16 102e8a 2602 work_low
A 00046e W16 102e8c be0b work_low
A 00046e W16 102e8e b638 work_low
A 00046e W16 102e90 8f19 work_low
A 00046e W16 102e92 cb7e work_low
A 00046e W16 102e94 f977 work_low
A 00046e W16 102e96 df54 work_low
A 00046e W16 102e98 5ca5 work_low
A 00046e W16 102e9a cf3a work_low
A 00046e W16 102e9c 0c23 work_low
A 00046e W16 102e9e 3cb0 work_low
A 00046e W16 102ea0 2f71 work_low
A 00046e W16 102ea2 ed36 work_low
A 00046e W16 102ea4 a20f work_low
A 00046e W16 102ea6 2a4c work_low
A 00046e W16 102ea8 d37d work_low
A 00046e W16 102eaa 2172 work_low
A 00046e W16 102eac a73b work_low
A 00046e W16 102eae 4428 work_low
A 00046e W16 102eb0 54c9 work_low
A 00046e W16 102eb2 a7ee work_low
A 00046e W16 102eb4 47a7 work_low
A 00046e W16 102eb6 6644 work_low
A 00046e W16 102eb8 ff55 work_low
A 00046e W16 102eba fcaa work_low
A 00046e W16 102ebc ef53 work_low
A 00046e W16 102ebe aca0 work_low
A 00046e W16 102ec0 5f21 work_low
A 00046e W16 102ec2 dba6 work_low
A 00046e W16 102ec4 4a3f work_low
A 00046e W16 102ec6 733c work_low
A 00046e W16 102ec8 402d work_low
A 00046e W16 102eca 40e2 work_low
A 00046e W16 102ecc 446b work_low
A 00046e W16 102ece 5618 work_low
A 00046e W16 102ed0 ae79 work_low
A 00046e W16 102ed2 685e work_low
A 00046e W16 102ed4 09d7 work_low
A 00046e W16 102ed6 3134 work_low
A 00046e W16 102ed8 f605 work_low
A 00046e W16 102eda ce1a work_low
A 00046e W16 102edc 0683 work_low
A 00046e W16 102ede 2090 work_low
A 00046e W16 102ee0 a2d1 work_low
A 00046e W16 102ee2 2e16 work_low
A 00046e W16 102ee4 e66f work_low
A 00046e W16 102ee6 802c work_low
A 00046e W16 102ee8 80dd work_low
A 00046e W16 102eea 8452 work_low
A 00046e W16 102eec 959b work_low
A 00046e W16 102eee ec08 work_low
A 00046e W16 102ef0 9c29 work_low
A 00046e W16 102ef2 0cce work_low
A 00046e W16 102ef4 4007 work_low
A 00046e W16 102ef6 4024 work_low
A 00046e W16 102ef8 40b5 work_low
A 00046e W16 102efa 438a work_low
A 00046e W16 102efc 51b3 work_low
A 00046e W16 102efe 9880 work_low
A 00046e W16 102f00 fa81 work_low
A 00046e W16 102f02 e486 work_low
A 00046e W16 102f04 769f work_low
A 00046e W16 102f06 511c work_low
A 00046e W16 102f08 958d work_low
A 00046e W16 102f0a ebc2 work_low
A 00046e W16 102f0c 9acb work_low
A 00046e W16 102f0e 05f8 work_low
A 00046e W16 102f10 1dd9 work_low
A 00046e W16 102f12 953e work_low
A 00046e W16 102f14 ea37 work_low
A 00046e W16 102f16 9314 work_low
A 00046e W16 102f18 df65 work_low
A 00046e W16 102f1a 5cfa work_low
A 00046e W16 102f1c d0e3 work_low
A 00046e W16 102f1e 1470 work_low
A 00046e W16 102f20 6631 work_low
A 00046e W16 102f22 fef6 work_low
A 00046e W16 102f24 facf work_low
A 00046e W16 102f26 e60c work_low
A 00046e W16 102f28 7e3d work_low
A 00046e W16 102f2a 7732 work_low
A 00046e W16 102f2c 53fb work_low
A 00046e W16 102f2e a3e8 work_low
A 00046e W16 102f30 3389 work_low
A 00046e W16 102f32 01ae work_low
A 00046e W16 102f34 0867 work_low
A 00046e W16 102f36 2a04 work_low
A 00046e W16 102f38 d215 work_low
A 00046e W16 102f3a 1a6a work_low
A 00046e W16 102f3c 8413 work_low
A 00046e W16 102f3e 9460 work_low
A 00046e W16 102f40 e5e1 work_low
A 00046e W16 102f42 7d66 work_low
A 00046e W16 102f44 72ff work_low
A 00046e W16 102f46 3efc work_low
A 00046e W16 102f48 3aed work_low
A 00046e W16 102f4a 26a2 work_low
A 00046e W16 102f4c c12b work_low
A 00046e W16 102f4e c5d8 work_low
A 00046e W16 102f50 dd39 work_low
A 00046e W16 102f52 521e work_low
A 00046e W16 102f54 9a97 work_low
A 00046e W16 102f56 04f4 work_low
A 00046e W16 102f58 18c5 work_low
A 00046e W16 102f5a 7bda work_low
A 00046e W16 102f5c 6b43 work_low
A 00046e W16 102f5e 1850 work_low
A 00046e W16 102f60 7991 work_low
A 00046e W16 102f62 5fd6 work_low
A 00046e W16 102f64 df2f work_low
A 00046e W16 102f66 5bec work_low
A 00046e W16 102f68 cb9d work_low
A 00046e W16 102f6a fa12 work_low
A 00046e W16 102f6c e25b work_low
A 00046e W16 102f6e 6bc8 work_low
A 00046e W16 102f70 1ae9 work_low
A 00046e W16 102f72 868e work_low
A 00046e W16 102f74 a0c7 work_low
A 00046e W16 102f76 23e4 work_low
A 00046e W16 102f78 b375 work_low
A 00046e W16 102f7a 814a work_low
A 00046e W16 102f7c 8673 work_low
A 00046e W16 102f7e a040 work_low
A 00046e W16 102f80 2141 work_low
A 00046e W16 102f82 a646 work_low
A 00046e W16 102f84 3f5f work_low
A 00046e W16 102f86 3cdc work_low
A 00046e W16 102f88 304d work_low
A 00046e W16 102f8a f182 work_low
A 00046e W16 102f8c b78b work_low
A 00046e W16 102f8e 95b8 work_low
A 00046e W16 102f90 ec99 work_low
A 00046e W16 102f92 9efe work_low
A 00046e W16 102f94 1af7 work_low
A 00046e W16 102f96 86d4 work_low
A 00046e W16 102f98 a225 work_low
A 00046e W16 102f9a 2aba work_low
A 00046e W16 102f9c d5a3 work_low
A 00046e W16 102f9e 2c30 work_low
A 00046e W16 102fa0 dcf1 work_low
A 00046e W16 102fa2 50b6 work_low
A 00046e W16 102fa4 938f work_low
A 00046e W16 102fa6 e1cc work_low
A 00046e W16 102fa8 68fd work_low
A 00046e W16 102faa 0cf2 work_low
A 00046e W16 102fac 40bb work_low
A 00046e W16 102fae 43a8 work_low
A 00046e W16 102fb0 5249 work_low
A 00046e W16 102fb2 9b6e work_low
A 00046e W16 102fb4 0927 work_low
A 00046e W16 102fb6 2dc4 work_low
A 00046e W16 102fb8 e4d5 work_low
A 00046e W16 102fba 782a work_low
A 00046e W16 102fbc 58d3 work_low
A 00046e W16 102fbe bc20 work_low
A 00046e W16 102fc0 aca1 work_low
A 00046e W16 102fc2 5f26 work_low
A 00046e W16 102fc4 dbbf work_low
A 00046e W16 102fc6 4abc work_low
A 00046e W16 102fc8 75ad work_low
A 00046e W16 102fca 4c62 work_low
A 00046e W16 102fcc 7deb work_low
A 00046e W16 102fce 7598 work_low
A 00046e W16 102fd0 4bf9 work_low
A 00046e W16 102fd2 7bde work_low
A 00046e W16 102fd4 6b57 work_low
A 00046e W16 102fd6 18b4 work_low
A 00046e W16 102fd8 7b85 work_low
A 00046e W16 102fda 699a work_low
A 00046e W16 102fdc 1003 work_low
A 00046e W16 102fde 5010 work_low
A 00046e W16 102fe0 9051 work_low
A 00046e W16 102fe2 d196 work_low
A 00046e W16 102fe4 17ef work_low
A 00046e W16 102fe6 77ac work_low
A 00046e W16 102fe8 565d work_low
A 00046e W16 102fea afd2 work_low
A 00046e W16 102fec 6f1b work_low
A 00046e W16 102fee 2b88 work_low
A 00046e W16 102ff0 d9a9 work_low
A 00046e W16 102ff2 404e work_low
A 00046e W16 102ff4 4187 work_low
A 00046e W16 102ff6 47a4 work_low
A 00046e W16 102ff8 6635 work_low
A 00046e W16 102ffa ff0a work_low
A 00046e W16 102ffc fb33 work_low
A 00046e W16 102ffe e800 work_low
A 00046e W16 103000 8801 work_low
A 00046e W16 103002 a806 work_low
A 00046e W16 103004 481f work_low
A 00046e W16 103006 689c work_low
A 00046e W16 103008 0b0d work_low
A 00046e W16 10300a 3742 work_low
A 00046e W16 10300c 144b work_low
A 00046e W16 10300e 6578 work_low
A 00046e W16 103010 fb59 work_low
A 00046e W16 103012 e8be work_low
A 00046e W16 103014 8bb7 work_low
A 00046e W16 103016 ba94 work_low
A 00046e W16 103018 a4e5 work_low
A 00046e W16 10301a 387a work_low
A 00046e W16 10301c 1a63 work_low
A 00046e W16 10301e 83f0 work_low
A 00046e W16 103020 93b1 work_low
A 00046e W16 103022 e276 work_low
A 00046e W16 103024 6c4f work_low
A 00046e W16 103026 1d8c work_low
A 00046e W16 103028 93bd work_low
A 00046e W16 10302a e2b2 work_low
A 00046e W16 10302c 6d7b work_low
A 00046e W16 10302e 2368 work_low
A 00046e W16 103030 b109 work_low
A 00046e W16 103032 752e work_low
A 00046e W16 103034 49e7 work_low
A 00046e W16 103036 7184 work_low
A 00046e W16 103038 3795 work_low
A 00046e W16 10303a 15ea work_low
A 00046e W16 10303c 6d93 work_low
A 00046e W16 10303e 23e0 work_low
A 00046e W16 103040 b361 work_low
A 00046e W16 103042 80e6 work_low
A 00046e W16 103044 847f work_low
A 00046e W16 103046 967c work_low
A 00046e W16 103048 f06d work_low
A 00046e W16 10304a b222 work_low
A 00046e W16 10304c 7aab work_low
A 00046e W16 10304e 6558 work_low
A 00046e W16 103050 fab9 work_low
A 00046e W16 103052 e59e work_low
A 00046e W16 103054 7c17 work_low
A 00046e W16 103056 6c74 work_low
A 00046e W16 103058 1e45 work_low
A 00046e W16 10305a 975a work_low
A 00046e W16 10305c f4c3 work_low
A 00046e W16 10305e c7d0 work_low
A 00046e W16 103060 e711 work_low
A 00046e W16 103062 8356 work_low
A 00046e W16 103064 90af work_low
A 00046e W16 103066 d36c work_low
A 00046e W16 103068 211d work_low
A 00046e W16 10306a a592 work_low
A 00046e W16 10306c 3bdb work_low
A 00046e W16 10306e 2b48 work_low
A 00046e W16 103070 d869 work_low
A 00046e W16 103072 3a0e work_low
A 00046e W16 103074 2247 work_low
A 00046e W16 103076 ab64 work_low
A 00046e W16 103078 58f5 work_low
A 00046e W16 10307a bcca work_low
A 00046e W16 10307c aff3 work_low
A 00046e W16 10307e 6fc0 work_low
A 00046e W16 103080 2ec1 work_low
A 00046e W16 103082 e9c6 work_low
A 00046e W16 103084 90df work_low
A 00046e W16 103086 d45c work_low
A 00046e W16 103088 25cd work_low
A 00046e W16 10308a bd02 work_low
A 00046e W16 10308c b10b work_low
A 00046e W16 10308e 7538 work_low
A 00046e W16 103090 4a19 work_low
A 00046e W16 103092 727e work_low
A 00046e W16 103094 3c77 work_low
A 00046e W16 103096 2e54 work_low
A 00046e W16 103098 e7a5 work_low
A 00046e W16 10309a 863a work_low
A 00046e W16 10309c 9f23 work_low
A 00046e W16 10309e 1bb0 work_low
A 00046e W16 1030a0 8a71 work_low
A 00046e W16 1030a2 b436 work_low
A 00046e W16 1030a4 850f work_low
A 00046e W16 1030a6 994c work_low
A 00046e W16 1030a8 fe7d work_low
A 00046e W16 1030aa f872 work_low
A 00046e W16 1030ac da3b work_low
A 00046e W16 1030ae 4328 work_low
A 00046e W16 1030b0 4fc9 work_low
A 00046e W16 1030b2 8eee work_low
A 00046e W16 1030b4 caa7 work_low
A 00046e W16 1030b6 f544 work_low
A 00046e W16 1030b8 ca55 work_low
A 00046e W16 1030ba f3aa work_low
A 00046e W16 1030bc c253 work_low
A 00046e W16 1030be cba0 work_low
A 00046e W16 1030c0 fa21 work_low
A 00046e W16 1030c2 e2a6 work_low
A 00046e W16 1030c4 6d3f work_low
A 00046e W16 1030c6 223c work_low
A 00046e W16 1030c8 ab2d work_low
A 00046e W16 1030ca 57e2 work_low
A 00046e W16 1030cc b76b work_low
A 00046e W16 1030ce 9518 work_low
A 00046e W16 1030d0 e979 work_low
A 00046e W16 1030d2 8f5e work_low
A 00046e W16 1030d4 ccd7 work_low
A 00046e W16 1030d6 0034 work_low
A 00046e W16 1030d8 0105 work_low
A 00046e W16 1030da 051a work_low
A 00046e W16 1030dc 1983 work_low
A 00046e W16 1030de 7f90 work_low
A 00046e W16 1030e0 7dd1 work_low
A 00046e W16 1030e2 7516 work_low
A 00046e W16 1030e4 496f work_low
A 00046e W16 1030e6 6f2c work_low
A 00046e W16 1030e8 2bdd work_low
A 00046e W16 1030ea db52 work_low
A 00046e W16 1030ec 489b work_low
A 00046e W16 1030ee 6b08 work_low
A 00046e W16 1030f0 1729 work_low
A 00046e W16 1030f2 73ce work_low
A 00046e W16 1030f4 4307 work_low
A 00046e W16 1030f6 4f24 work_low
A 00046e W16 1030f8 8bb5 work_low
A 00046e W16 1030fa ba8a work_low
A 00046e W16 1030fc a4b3 work_low
A 00046e W16 1030fe 3780 work_low
A 00046e W16 103100 1581 work_low
A 00046e W16 103102 6b86 work_low
A 00046e W16 103104 199f work_low
A 00046e W16 103106 801c work_low
A 00046e W16 103108 808d work_low
A 00046e W16 10310a 82c2 work_low
A 00046e W16 10310c 8dcb work_low
A 00046e W16 10310e c4f8 work_low
A 00046e W16 103110 d8d9 work_low
A 00046e W16 103112 3c3e work_low
A 00046e W16 103114 2d37 work_low
A 00046e W16 103116 e214 work_low
A 00046e W16 103118 6a65 work_low
A 00046e W16 10311a 13fa work_low
A 00046e W16 10311c 63e3 work_low
A 00046e W16 10311e f370 work_low
A 00046e W16 103120 c131 work_low
A 00046e W16 103122 c5f6 work_low
A 00046e W16 103124 ddcf work_low
A 00046e W16 103126 550c work_low
A 00046e W16 103128 a93d work_low
A 00046e W16 10312a 4e32 work_low
A 00046e W16 10312c 86fb work_low
A 00046e W16 10312e a2e8 work_low
A 00046e W16 103130 2e89 work_low
A 00046e W16 103132 e8ae work_low
A 00046e W16 103134 8b67 work_low
A 00046e W16 103136 b904 work_low
A 00046e W16 103138 9d15 work_low
A 00046e W16 10313a 116a work_low
A 00046e W16 10313c 5713 work_low
A 00046e W16 10313e b360 work_low
A 00046e W16 103140 80e1 work_low
A 00046e W16 103142 8466 work_low
A 00046e W16 103144 95ff work_low
A 00046e W16 103146 edfc work_low
A 00046e W16 103148 a5ed work_low
A 00046e W16 10314a 3da2 work_low
A 00046e W16 10314c 342b work_low
A 00046e W16 10314e 04d8 work_low
A 00046e W16 103150 1839 work_low
A 00046e W16 103152 791e work_low
A 00046e W16 103154 5d97 work_low
A 00046e W16 103156 d3f4 work_low
A 00046e W16 103158 23c5 work_low
A 00046e W16 10315a b2da work_low
A 00046e W16 10315c 7e43 work_low
A 00046e W16 10315e 7750 work_low
A 00046e W16 103160 5491 work_low
A 00046e W16 103162 a6d6 work_low
A 00046e W16 103164 422f work_low
A 00046e W16 103166 4aec work_low
A 00046e W16 103168 769d work_low
A 00046e W16 10316a 5112 work_low
A 00046e W16 10316c 955b work_low
A 00046e W16 10316e eac8 work_low
A 00046e W16 103170 95e9 work_low
A 00046e W16 103172 ed8e work_low
A 00046e W16 103174 a3c7 work_low
A 00046e W16 103176 32e4 work_low
A 00046e W16 103178 fe75 work_low
A 00046e W16 10317a f84a work_low
A 00046e W16 10317c d973 work_low
A 00046e W16 10317e 3f40 work_low
A 00046e W16 103180 3c41 work_low
A 00046e W16 103182 2d46 work_low
A 00046e W16 103184 e25f work_low
A 00046e W16 103186 6bdc work_low
A 00046e W16 103188 1b4d work_low
A 00046e W16 10318a 8882 work_low
A 00046e W16 10318c aa8b work_low
A 00046e W16 10318e 54b8 work_low
A 00046e W16 103190 a799 work_low
A 00046e W16 103192 45fe work_low
A 00046e W16 103194 5df7 work_low
A 00046e W16 103196 d5d4 work_low
A 00046e W16 103198 2d25 work_low
A 00046e W16 10319a e1ba work_low
A 00046e W16 10319c 68a3 work_low
A 00046e W16 10319e 0b30 work_low
A 00046e W16 1031a0 37f1 work_low
A 00046e W16 1031a2 17b6 work_low
A 00046e W16 1031a4 768f work_low
A 00046e W16 1031a6 50cc work_low
A 00046e W16 1031a8 93fd work_low
A 00046e W16 1031aa e3f2 work_low
A 00046e W16 1031ac 73bb work_low
A 00046e W16 1031ae 42a8 work_low
A 00046e W16 1031b0 4d49 work_low
A 00046e W16 1031b2 826e work_low
A 00046e W16 1031b4 8c27 work_low
A 00046e W16 1031b6 bcc4 work_low
A 00046e W16 1031b8 afd5 work_low
A 00046e W16 1031ba 6f2a work_low
A 00046e W16 1031bc 2bd3 work_low
A 00046e W16 1031be db20 work_low
A 00046e W16 1031c0 47a1 work_low
A 00046e W16 1031c2 6626 work_low
A 00046e W16 1031c4 febf work_low
A 00046e W16 1031c6 f9bc work_low
A 00046e W16 1031c8 e0ad work_low
A 00046e W16 1031ca 6362 work_low
A 00046e W16 1031cc f0eb work_low
A 00046e W16 1031ce b498 work_low
A 00046e W16 1031d0 86f9 work_low
A 00046e W16 1031d2 a2de work_low
A 00046e W16 1031d4 2e57 work_low
A 00046e W16 1031d6 e7b4 work_low
A 00046e W16 1031d8 8685 work_low
A 00046e W16 1031da a09a work_low
A 00046e W16 1031dc 2303 work_low
A 00046e W16 1031de af10 work_low
A 00046e W16 1031e0 6b51 work_low
A 00046e W16 1031e2 1896 work_low
A 00046e W16 1031e4 7aef work_low
A 00046e W16 1031e6 66ac work_low
A 00046e W16 1031e8 015d work_low
A 00046e W16 1031ea 06d2 work_low
A 00046e W16 1031ec 221b work_low
A 00046e W16 1031ee aa88 work_low
A 00046e W16 1031f0 54a9 work_low
A 00046e W16 1031f2 a74e work_low
A 00046e W16 1031f4 4487 work_low
A 00046e W16 1031f6 56a4 work_low
A 00046e W16 1031f8 b135 work_low
A 00046e W16 1031fa 760a work_low
A 00046e W16 1031fc 4e33 work_low
A 00046e W16 1031fe 8700 work_low
A 00046e W16 103200 a301 work_low
A 00046e W16 103202 2f06 work_low
A 00046e W16 103204 eb1f work_low
A 00046e W16 103206 979c work_low
A 00046e W16 103208 f60d work_low
A 00046e W16 10320a ce42 work_low
A 00046e W16 10320c 074b work_low
A 00046e W16 10320e 2478 work_low
A 00046e W16 103210 b659 work_low
A 00046e W16 103212 8fbe work_low
A 00046e W16 103214 ceb7 work_low
A 00046e W16 103216 0994 work_low
A 00046e W16 103218 2fe5 work_low
A 00046e W16 10321a ef7a work_low
A 00046e W16 10321c ad63 work_low
A 00046e W16 10321e 62f0 work_low
A 00046e W16 103220 eeb1 work_low
A 00046e W16 103222 a976 work_low
A 00046e W16 103224 4f4f work_low
A 00046e W16 103226 8c8c work_low
A 00046e W16 103228 bebd work_low
A 00046e W16 10322a b9b2 work_low
A 00046e W16 10322c a07b work_low
A 00046e W16 10322e 2268 work_low
A 00046e W16 103230 ac09 work_low
A 00046e W16 103232 5c2e work_low
A 00046e W16 103234 cce7 work_low
A 00046e W16 103236 0084 work_low
A 00046e W16 103238 0295 work_low
A 00046e W16 10323a 0cea work_low
A 00046e W16 10323c 4093 work_low
A 00046e W16 10323e 42e0 work_low
A 00046e W16 103240 4e61 work_low
A 00046e W16 103242 87e6 work_low
A 00046e W16 103244 a77f work_low
A 00046e W16 103246 457c work_low
A 00046e W16 103248 5b6d work_low
A 00046e W16 10324a c922 work_low
A 00046e W16 10324c edab work_low
A 00046e W16 10324e a458 work_low
A 00046e W16 103250 35b9 work_low
A 00046e W16 103252 0c9e work_low
A 00046e W16 103254 3f17 work_low
A 00046e W16 103256 3b74 work_low
A 00046e W16 103258 2945 work_low
A 00046e W16 10325a ce5a work_low
A 00046e W16 10325c 07c3 work_low
A 00046e W16 10325e 26d0 work_low
A 00046e W16 103260 c211 work_low
A 00046e W16 103262 ca56 work_low
A 00046e W16 103264 f3af work_low
A 00046e W16 103266 c26c work_low
A 00046e W16 103268 cc1d work_low
A 00046e W16 10326a fc92 work_low
A 00046e W16 10326c eedb work_low
A 00046e W16 10326e aa48 work_low
A 00046e W16 103270 5369 work_low
A 00046e W16 103272 a10e work_low
A 00046e W16 103274 2547 work_low
A 00046e W16 103276 ba64 work_low
A 00046e W16 103278 a3f5 work_low
A 00046e W16 10327a 33ca work_low
A 00046e W16 10327c 02f3 work_low
A 00046e W16 10327e 0ec0 work_low
A 00046e W16 103280 49c1 work_low
A 00046e W16 103282 70c6 work_low
A 00046e W16 103284 33df work_low
A 00046e W16 103286 035c work_low
A 00046e W16 103288 10cd work_low
A 00046e W16 10328a 5402 work_low
A 00046e W16 10328c a40b work_low
A 00046e W16 10328e 3438 work_low
A 00046e W16 103290 0519 work_low
A 00046e W16 103292 197e work_low
A 00046e W16 103294 7f77 work_low
A 00046e W16 103296 7d54 work_low
A 00046e W16 103298 72a5 work_low
A 00046e W16 10329a 3d3a work_low
A 00046e W16 10329c 3223 work_low
A 00046e W16 10329e fab0 work_low
A 00046e W16 1032a0 e571 work_low
A 00046e W16 1032a2 7b36 work_low
A 00046e W16 1032a4 680f work_low
A 00046e W16 1032a6 084c work_low
A 00046e W16 1032a8 297d work_low
A 00046e W16 1032aa cf72 work_low
A 00046e W16 1032ac 0d3b work_low
A 00046e W16 1032ae 4228 work_low
A 00046e W16 1032b0 4ac9 work_low
A 00046e W16 1032b2 75ee work_low
A 00046e W16 1032b4 4da7 work_low
A 00046e W16 1032b6 8444 work_low
A 00046e W16 1032b8 9555 work_low
A 00046e W16 1032ba eaaa work_low
A 00046e W16 1032bc 9553 work_low
A 00046e W16 1032be eaa0 work_low
A 00046e W16 1032c0 9521 work_low
A 00046e W16 1032c2 e9a6 work_low
A 00046e W16 1032c4 903f work_low
A 00046e W16 1032c6 d13c work_low
A 00046e W16 1032c8 162d work_low
A 00046e W16 1032ca 6ee2 work_low
A 00046e W16 1032cc 2a6b work_low
A 00046e W16 1032ce d418 work_low
A 00046e W16 1032d0 2479 work_low
A 00046e W16 1032d2 b65e work_low
A 00046e W16 1032d4 8fd7 work_low
A 00046e W16 1032d6 cf34 work_low
A 00046e W16 1032d8 0c05 work_low
A 00046e W16 1032da 3c1a work_low
A 00046e W16 1032dc 2c83 work_low
A 00046e W16 1032de de90 work_low
A 00046e W16 1032e0 58d1 work_low
A 00046e W16 1032e2 bc16 work_low
A 00046e W16 1032e4 ac6f work_low
A 00046e W16 1032e6 5e2c work_low
A 00046e W16 1032e8 d6dd work_low
A 00046e W16 1032ea 3252 work_low
A 00046e W16 1032ec fb9b work_low
A 00046e W16 1032ee ea08 work_low
A 00046e W16 1032f0 9229 work_low
A 00046e W16 1032f2 dace work_low
A 00046e W16 1032f4 4607 work_low
A 00046e W16 1032f6 5e24 work_low
A 00046e W16 1032f8 d6b5 work_low
A 00046e W16 1032fa 318a work_low
A 00046e W16 1032fc f7b3 work_low
A 00046e W16 1032fe d680 work_low
A 00046e W16 103300 3081 work_low
A 00046e W16 103302 f286 work_low
A 00046e W16 103304 bc9f work_low
A 00046e W16 103306 af1c work_low
A 00046e W16 103308 6b8d work_low
A 00046e W16 10330a 19c2 work_low
A 00046e W16 10330c 80cb work_low
A 00046e W16 10330e 83f8 work_low
A 00046e W16 103310 93d9 work_low
A 00046e W16 103312 e33e work_low
A 00046e W16 103314 7037 work_low
A 00046e W16 103316 3114 work_low
A 00046e W16 103318 f565 work_low
A 00046e W16 10331a cafa work_low
A 00046e W16 10331c f6e3 work_low
A 00046e W16 10331e d270 work_low
A 00046e W16 103320 1c31 work_low
A 00046e W16 103322 8cf6 work_low
A 00046e W16 103324 c0cf work_low
A 00046e W16 103326 c40c work_low
A 00046e W16 103328 d43d work_low
A 00046e W16 10332a 2532 work_low
A 00046e W16 10332c b9fb work_low
A 00046e W16 10332e a1e8 work_low
A 00046e W16 103330 2989 work_low
A 00046e W16 103332 cfae work_low
A 00046e W16 103334 0e67 work_low
A 00046e W16 103336 4804 work_low
A 00046e W16 103338 6815 work_low
A 00046e W16 10333a 086a work_low
A 00046e W16 10333c 2a13 work_low
A 00046e W16 10333e d260 work_low
A 00046e W16 103340 1be1 work_low
A 00046e W16 103342 8b66 work_low
A 00046e W16 103344 b8ff work_low
A 00046e W16 103346 9cfc work_low
A 00046e W16 103348 10ed work_low
A 00046e W16 10334a 54a2 work_low
A 00046e W16 10334c a72b work_low
A 00046e W16 10334e 43d8 work_low
A 00046e W16 103350 5339 work_low
A 00046e W16 103352 a01e work_low
A 00046e W16 103354 2097 work_low
A 00046e W16 103356 a2f4 work_low
A 00046e W16 103358 2ec5 work_low
A 00046e W16 10335a e9da work_low
A 00046e W16 10335c 9143 work_low
A 00046e W16 10335e d650 work_low
A 00046e W16 103360 2f91 work_low
A 00046e W16 103362 edd6 work_low
A 00046e W16 103364 a52f work_low
A 00046e W16 103366 39ec work_low
A 00046e W16 103368 219d work_low
A 00046e W16 10336a a812 work_low
A 00046e W16 10336c 485b work_low
A 00046e W16 10336e 69c8 work_low
A 00046e W16 103370 10e9 work_low
A 00046e W16 103372 548e work_low
A 00046e W16 103374 a6c7 work_low
A 00046e W16 103376 41e4 work_low
A 00046e W16 103378 4975 work_low
A 00046e W16 10337a 6f4a work_low
A 00046e W16 10337c 2c73 work_low
A 00046e W16 10337e de40 work_low
A 00046e W16 103380 5741 work_low
A 00046e W16 103382 b446 work_low
A 00046e W16 103384 855f work_low
A 00046e W16 103386 9adc work_low
A 00046e W16 103388 064d work_low
A 00046e W16 10338a 1f82 work_low
A 00046e W16 10338c 9d8b work_low
A 00046e W16 10338e 13b8 work_low
A 00046e W16 103390 6299 work_low
A 00046e W16 103392 ecfe work_low
A 00046e W16 103394 a0f7 work_low
A 00046e W16 103396 24d4 work_low
A 00046e W16 103398 b825 work_low
A 00046e W16 10339a 98ba work_low
A 00046e W16 10339c fba3 work_low
A 00046e W16 10339e ea30 work_low
A 00046e W16 1033a0 92f1 work_low
A 00046e W16 1033a2 deb6 work_low
A 00046e W16 1033a4 598f work_low
A 00046e W16 1033a6 bfcc work_low
A 00046e W16 1033a8 befd work_low
A 00046e W16 1033aa baf2 work_low
A 00046e W16 1033ac a6bb work_low
A 00046e W16 1033ae 41a8 work_low
A 00046e W16 1033b0 4849 work_low
A 00046e W16 1033b2 696e work_low
A 00046e W16 1033b4 0f27 work_low
A 00046e W16 1033b6 4bc4 work_low
A 00046e W16 1033b8 7ad5 work_low
A 00046e W16 1033ba 662a work_low
A 00046e W16 1033bc fed3 work_low
A 00046e W16 1033be fa20 work_low
A 00046e W16 1033c0 e2a1 work_low
A 00046e W16 1033c2 6d26 work_low
A 00046e W16 1033c4 21bf work_low
A 00046e W16 1033c6 a8bc work_low
A 00046e W16 1033c8 4bad work_low
A 00046e W16 1033ca 7a62 work_low
A 00046e W16 1033cc 63eb work_low
A 00046e W16 1033ce f398 work_low
A 00046e W16 1033d0 c1f9 work_low
A 00046e W16 1033d2 c9de work_low
A 00046e W16 1033d4 f157 work_low
A 00046e W16 1033d6 b6b4 work_low
A 00046e W16 1033d8 9185 work_low
A 00046e W16 1033da d79a work_low
A 00046e W16 1033dc 3603 work_low
A 00046e W16 1033de 0e10 work_low
A 00046e W16 1033e0 4651 work_low
A 00046e W16 1033e2 5f96 work_low
A 00046e W16 1033e4 ddef work_low
A 00046e W16 1033e6 55ac work_low
A 00046e W16 1033e8 ac5d work_low
A 00046e W16 1033ea 5dd2 work_low
A 00046e W16 1033ec d51b work_low
A 00046e W16 1033ee 2988 work_low
A 00046e W16 1033f0 cfa9 work_low
A 00046e W16 1033f2 0e4e work_low
A 00046e W16 1033f4 4787 work_low
A 00046e W16 1033f6 65a4 work_low
A 00046e W16 1033f8 fc35 work_low
A 00046e W16 1033fa ed0a work_low
A 00046e W16 1033fc a133 work_low
A 00046e W16 1033fe 2600 work_low
A 00046e W16 103400 be01 work_low
A 00046e W16 103402 b606 work_low
A 00046e W16 103404 8e1f work_low
A 00046e W16 103406 c69c work_low
A 00046e W16 103408 e10d work_low
A 00046e W16 10340a 6542 work_low
A 00046e W16 10340c fa4b work_low
A 00046e W16 10340e e378 work_low
A 00046e W16 103410 7159 work_low
A 00046e W16 103412 36be work_low
A 00046e W16 103414 11b7 work_low
A 00046e W16 103416 5894 work_low
A 00046e W16 103418 bae5 work_low
A 00046e W16 10341a a67a work_low
A 00046e W16 10341c 4063 work_low
A 00046e W16 10341e 41f0 work_low
A 00046e W16 103420 49b1 work_low
A 00046e W16 103422 7076 work_low
A 00046e W16 103424 324f work_low
A 00046e W16 103426 fb8c work_low
A 00046e W16 103428 e9bd work_low
A 00046e W16 10342a 90b2 work_low
A 00046e W16 10342c d37b work_low
A 00046e W16 10342e 2168 work_low
A 00046e W16 103430 a709 work_low
A 00046e W16 103432 432e work_low
A 00046e W16 103434 4fe7 work_low
A 00046e W16 103436 8f84 work_low
A 00046e W16 103438 cd95 work_low
A 00046e W16 10343a 03ea work_low
A 00046e W16 10343c 1393 work_low
A 00046e W16 10343e 61e0 work_low
A 00046e W16 103440 e961 work_low
A 00046e W16 103442 8ee6 work_low
A 00046e W16 103444 ca7f work_low
A 00046e W16 103446 f47c work_low
A 00046e W16 103448 c66d work_low
A 00046e W16 10344a e022 work_low
A 00046e W16 10344c 60ab work_low
A 00046e W16 10344e e358 work_low
A 00046e W16 103450 70b9 work_low
A 00046e W16 103452 339e work_low
A 00046e W16 103454 0217 work_low
A 00046e W16 103456 0a74 work_low
A 00046e W16 103458 3445 work_low
A 00046e W16 10345a 055a work_low
A 00046e W16 10345c 1ac3 work_low
A 00046e W16 10345e 85d0 work_low
A 00046e W16 103460 9d11 work_low
A 00046e W16 103462 1156 work_low
A 00046e W16 103464 56af work_low
A 00046e W16 103466 b16c work_low
A 00046e W16 103468 771d work_low
A 00046e W16 10346a 5392 work_low
A 00046e W16 10346c a1db work_low
A 00046e W16 10346e 2948 work_low
A 00046e W16 103470 ce69 work_low
A 00046e W16 103472 080e work_low
A 00046e W16 103474 2847 work_low
A 00046e W16 103476 c964 work_low
A 00046e W16 103478 eef5 work_low
A 00046e W16 10347a aaca work_low
A 00046e W16 10347c 55f3 work_low
A 00046e W16 10347e adc0 work_low
A 00046e W16 103480 64c1 work_low
A 00046e W16 103482 f7c6 work_low
A 00046e W16 103484 d6df work_low
A 00046e W16 103486 325c work_low
A 00046e W16 103488 fbcd work_low
A 00046e W16 10348a eb02 work_low
A 00046e W16 10348c 970b work_low
A 00046e W16 10348e f338 work_low
A 00046e W16 103490 c019 work_low
A 00046e W16 103492 c07e work_low
A 00046e W16 103494 c277 work_low
A 00046e W16 103496 cc54 work_low
A 00046e W16 103498 fda5 work_low
A 00046e W16 10349a f43a work_low
A 00046e W16 10349c c523 work_low
A 00046e W16 10349e d9b0 work_low
A 00046e W16 1034a0 4071 work_low
A 00046e W16 1034a2 4236 work_low
A 00046e W16 1034a4 4b0f work_low
A 00046e W16 1034a6 774c work_low
A 00046e W16 1034a8 547d work_low
A 00046e W16 1034aa a672 work_low
A 00046e W16 1034ac 403b work_low
A 00046e W16 1034ae 4128 work_low
A 00046e W16 1034b0 45c9 work_low
A 00046e W16 1034b2 5cee work_low
A 00046e W16 1034b4 d0a7 work_low
A 00046e W16 1034b6 1344 work_low
A 00046e W16 1034b8 6055 work_low
A 00046e W16 1034ba e1aa work_low
A 00046e W16 1034bc 6853 work_low
A 00046e W16 1034be 09a0 work_low
A 00046e W16 1034c0 3021 work_low
A 00046e W16 1034c2 f0a6 work_low
A 00046e W16 1034c4 b33f work_low
A 00046e W16 1034c6 803c work_low
A 00046e W16 1034c8 812d work_low
A 00046e W16 1034ca 85e2 work_low
A 00046e W16 1034cc 9d6b work_low
A 00046e W16 1034ce 1318 work_low
A 00046e W16 1034d0 5f79 work_low
A 00046e W16 1034d2 dd5e work_low
A 00046e W16 1034d4 52d7 work_low
A 00046e W16 1034d6 9e34 work_low
A 00046e W16 1034d8 1705 work_low
A 00046e W16 1034da 731a work_low
A 00046e W16 1034dc 3f83 work_low
A 00046e W16 1034de 3d90 work_low
A 00046e W16 1034e0 33d1 work_low
A 00046e W16 1034e2 0316 work_low
A 00046e W16 1034e4 0f6f work_low
A 00046e W16 1034e6 4d2c work_low
A 00046e W16 1034e8 81dd work_low
A 00046e W16 1034ea 8952 work_low
A 00046e W16 1034ec ae9b work_low
A 00046e W16 1034ee 6908 work_low
A 00046e W16 1034f0 0d29 work_low
A 00046e W16 1034f2 41ce work_low
A 00046e W16 1034f4 4907 work_low
A 00046e W16 1034f6 6d24 work_low
A 00046e W16 1034f8 21b5 work_low
A 00046e W16 1034fa a88a work_low
A 00046e W16 1034fc 4ab3 work_low
A 00046e W16 1034fe 7580 work_low
A 00046e W16 103500 4b81 work_low
A 00046e W16 103502 7986 work_low
A 00046e W16 103504 5f9f work_low
A 00046e W16 103506 de1c work_low
A 00046e W16 103508 568d work_low
A 00046e W16 10350a b0c2 work_low
A 00046e W16 10350c 73cb work_low
A 00046e W16 10350e 42f8 work_low
A 00046e W16 103510 4ed9 work_low
A 00046e W16 103512 8a3e work_low
A 00046e W16 103514 b337 work_low
A 00046e W16 103516 8014 work_low
A 00046e W16 103518 8065 work_low
A 00046e W16 10351a 81fa work_low
A 00046e W16 10351c 89e3 work_low
A 00046e W16 10351e b170 work_low
A 00046e W16 103520 7731 work_low
A 00046e W16 103522 53f6 work_low
A 00046e W16 103524 a3cf work_low
A 00046e W16 103526 330c work_low
A 00046e W16 103528 ff3d work_low
A 00046e W16 10352a fc32 work_low
A 00046e W16 10352c ecfb work_low
A 00046e W16 10352e a0e8 work_low
A 00046e W16 103530 2489 work_low
A 00046e W16 103532 b6ae work_low
A 00046e W16 103534 9167 work_low
A 00046e W16 103536 d704 work_low
A 00046e W16 103538 3315 work_low
A 00046e W16 10353a ff6a work_low
A 00046e W16 10353c fd13 work_low
A 00046e W16 10353e f160 work_low
A 00046e W16 103540 b6e1 work_low
A 00046e W16 103542 9266 work_low
A 00046e W16 103544 dbff work_low
A 00046e W16 103546 4bfc work_low
A 00046e W16 103548 7bed work_low
A 00046e W16 10354a 6ba2 work_low
A 00046e W16 10354c 1a2b work_low
A 00046e W16 10354e 82d8 work_low
A 00046e W16 103550 8e39 work_low
A 00046e W16 103552 c71e work_low
A 00046e W16 103554 e397 work_low
A 00046e W16 103556 71f4 work_low
A 00046e W16 103558 39c5 work_low
A 00046e W16 10355a 20da work_low
A 00046e W16 10355c a443 work_low
A 00046e W16 10355e 3550 work_low
A 00046e W16 103560 0a91 work_low
A 00046e W16 103562 34d6 work_low
A 00046e W16 103564 082f work_low
A 00046e W16 103566 28ec work_low
A 00046e W16 103568 cc9d work_low
A 00046e W16 10356a ff12 work_low
A 00046e W16 10356c fb5b work_low
A 00046e W16 10356e e8c8 work_low
A 00046e W16 103570 8be9 work_low
A 00046e W16 103572 bb8e work_low
A 00046e W16 103574 a9c7 work_low
A 00046e W16 103576 50e4 work_low
A 00046e W16 103578 9475 work_low
A 00046e W16 10357a e64a work_low
A 00046e W16 10357c 7f73 work_low
A 00046e W16 10357e 7d40 work_low
A 00046e W16 103580 7241 work_low
A 00046e W16 103582 3b46 work_low
A 00046e W16 103584 285f work_low
A 00046e W16 103586 c9dc work_low
A 00046e W16 103588 f14d work_low
A 00046e W16 10358a b682 work_low
A 00046e W16 10358c 908b work_low
A 00046e W16 10358e d2b8 work_low
A 00046e W16 103590 1d99 work_low
A 00046e W16 103592 93fe work_low
A 00046e W16 103594 e3f7 work_low
A 00046e W16 103596 73d4 work_low
A 00046e W16 103598 4325 work_low
A 00046e W16 10359a 4fba work_low
A 00046e W16 10359c 8ea3 work_low
A 00046e W16 10359e c930 work_low
A 00046e W16 1035a0 edf1 work_low
A 00046e W16 1035a2 a5b6 work_low
A 00046e W16 1035a4 3c8f work_low
A 00046e W16 1035a6 2ecc work_low
A 00046e W16 1035a8 e9fd work_low
A 00046e W16 1035aa 91f2 work_low
A 00046e W16 1035ac d9bb work_low
A 00046e W16 1035ae 40a8 work_low
A 00046e W16 1035b0 4349 work_low
A 00046e W16 1035b2 506e work_low
A 00046e W16 1035b4 9227 work_low
A 00046e W16 1035b6 dac4 work_low
A 00046e W16 1035b8 45d5 work_low
A 00046e W16 1035ba 5d2a work_low
A 00046e W16 1035bc d1d3 work_low
A 00046e W16 1035be 1920 work_low
A 00046e W16 1035c0 7da1 work_low
A 00046e W16 1035c2 7426 work_low
A 00046e W16 1035c4 44bf work_low
A 00046e W16 1035c6 57bc work_low
A 00046e W16 1035c8 b6ad work_low
A 00046e W16 1035ca 9162 work_low
A 00046e W16 1035cc d6eb work_low
A 00046e W16 1035ce 3298 work_low
A 00046e W16 1035d0 fcf9 work_low
A 00046e W16 1035d2 f0de work_low
A 00046e W16 1035d4 b457 work_low
A 00046e W16 1035d6 85b4 work_low
A 00046e W16 1035d8 9c85 work_low
A 00046e W16 1035da 0e9a work_low
A 00046e W16 1035dc 4903 work_low
A 00046e W16 1035de 6d10 work_low
A 00046e W16 1035e0 2151 work_low
A 00046e W16 1035e2 a696 work_low
A 00046e W16 1035e4 40ef work_low
A 00046e W16 1035e6 44ac work_low
A 00046e W16 1035e8 575d work_low
A 00046e W16 1035ea b4d2 work_low
A 00046e W16 1035ec 881b work_low
A 00046e W16 1035ee a888 work_low
A 00046e W16 1035f0 4aa9 work_low
A 00046e W16 1035f2 754e work_low
A 00046e W16 1035f4 4a87 work_low
A 00046e W16 1035f6 74a4 work_low
A 00046e W16 1035f8 4735 work_low
A 00046e W16 1035fa 640a work_low
A 00046e W16 1035fc f433 work_low
A 00046e W16 1035fe c500 work_low
A 00046e W16 103600 d901 work_low
A 00046e W16 103602 3d06 work_low
A 00046e W16 103604 311f work_low
A 00046e W16 103606 f59c work_low
A 00046e W16 103608 cc0d work_low
A 00046e W16 10360a fc42 work_low
A 00046e W16 10360c ed4b work_low
A 00046e W16 10360e a278 work_low
A 00046e W16 103610 2c59 work_low
A 00046e W16 103612 ddbe work_low
A 00046e W16 103614 54b7 work_low
A 00046e W16 103616 a794 work_low
A 00046e W16 103618 45e5 work_low
A 00046e W16 10361a 5d7a work_low
A 00046e W16 10361c d363 work_low
A 00046e W16 10361e 20f0 work_low
A 00046e W16 103620 a4b1 work_low
A 00046e W16 103622 3776 work_low
A 00046e W16 103624 154f work_low
A 00046e W16 103626 6a8c work_low
A 00046e W16 103628 14bd work_low
A 00046e W16 10362a 67b2 work_low
A 00046e W16 10362c 067b work_low
A 00046e W16 10362e 2068 work_low
A 00046e W16 103630 a209 work_low
A 00046e W16 103632 2a2e work_low
A 00046e W16 103634 d2e7 work_low
A 00046e W16 103636 1e84 work_low
A 00046e W16 103638 9895 work_low
A 00046e W16 10363a faea work_low
A 00046e W16 10363c e693 work_low
A 00046e W16 10363e 80e0 work_low
A 00046e W16 103640 8461 work_low
A 00046e W16 103642 95e6 work_low
A 00046e W16 103644 ed7f work_low
A 00046e W16 103646 a37c work_low
A 00046e W16 103648 316d work_low
A 00046e W16 10364a f722 work_low
A 00046e W16 10364c d3ab work_low
A 00046e W16 10364e 2258 work_low
A 00046e W16 103650 abb9 work_low
A 00046e W16 103652 5a9e work_low
A 00046e W16 103654 c517 work_low
A 00046e W16 103656 d974 work_low
A 00046e W16 103658 3f45 work_low
A 00046e W16 10365a 3c5a work_low
A 00046e W16 10365c 2dc3 work_low
A 00046e W16 10365e e4d0 work_low
A 00046e W16 103660 7811 work_low
A 00046e W16 103662 5856 work_low
A 00046e W16 103664 b9af work_low
A 00046e W16 103666 a06c work_low
A 00046e W16 103668 221d work_low
A 00046e W16 10366a aa92 work_low
A 00046e W16 10366c 54db work_low
A 00046e W16 10366e a848 work_low
A 00046e W16 103670 4969 work_low
A 00046e W16 103672 6f0e work_low
A 00046e W16 103674 2b47 work_low
A 00046e W16 103676 d864 work_low
A 00046e W16 103678 39f5 work_low
A 00046e W16 10367a 21ca work_low
A 00046e W16 10367c a8f3 work_low
A 00046e W16 10367e 4cc0 work_low
A 00046e W16 103680 7fc1 work_low
A 00046e W16 103682 7ec6 work_low
A 00046e W16 103684 79df work_low
A 00046e W16 103686 615c work_low
A 00046e W16 103688 e6cd work_low
A 00046e W16 10368a 8202 work_low
A 00046e W16 10368c 8a0b work_low
A 00046e W16 10368e b238 work_low
A 00046e W16 103690 7b19 work_low
A 00046e W16 103692 677e work_low
A 00046e W16 103694 0577 work_low
A 00046e W16 103696 1b54 work_low
A 00046e W16 103698 88a5 work_low
A 00046e W16 10369a ab3a work_low
A 00046e W16 10369c 5823 work_low
A 00046e W16 10369e b8b0 work_low
A 00046e W16 1036a0 9b71 work_low
A 00046e W16 1036a2 0936 work_low
A 00046e W16 1036a4 2e0f work_low
A 00046e W16 1036a6 e64c work_low
A 00046e W16 1036a8 7f7d work_low
A 00046e W16 1036aa 7d72 work_low
A 00046e W16 1036ac 733b work_low
A 00046e W16 1036ae 4028 work_low
A 00046e W16 1036b0 40c9 work_low
A 00046e W16 1036b2 43ee work_low
A 00046e W16 1036b4 53a7 work_low
A 00046e W16 1036b6 a244 work_low
A 00046e W16 1036b8 2b55 work_low
A 00046e W16 1036ba d8aa work_low
A 00046e W16 1036bc 3b53 work_low
A 00046e W16 1036be 28a0 work_low
A 00046e W16 1036c0 cb21 work_low
A 00046e W16 1036c2 f7a6 work_low
A 00046e W16 1036c4 d63f work_low
A 00046e W16 1036c6 2f3c work_low
A 00046e W16 1036c8 ec2d work_low
A 00046e W16 1036ca 9ce2 work_low
A 00046e W16 1036cc 106b work_low
A 00046e W16 1036ce 5218 work_low
A 00046e W16 1036d0 9a79 work_low
A 00046e W16 1036d2 045e work_low
A 00046e W16 1036d4 15d7 work_low
A 00046e W16 1036d6 6d34 work_low
A 00046e W16 1036d8 2205 work_low
A 00046e W16 1036da aa1a work_low
A 00046e W16 1036dc 5283 work_low
A 00046e W16 1036de 9c90 work_low
A 00046e W16 1036e0 0ed1 work_low
A 00046e W16 1036e2 4a16 work_low
A 00046e W16 1036e4 726f work_low
A 00046e W16 1036e6 3c2c work_low
A 00046e W16 1036e8 2cdd work_low
A 00046e W16 1036ea e052 work_low
A 00046e W16 1036ec 619b work_low
A 00046e W16 1036ee e808 work_low
A 00046e W16 1036f0 8829 work_low
A 00046e W16 1036f2 a8ce work_low
A 00046e W16 1036f4 4c07 work_low
A 00046e W16 1036f6 7c24 work_low
A 00046e W16 1036f8 6cb5 work_low
A 00046e W16 1036fa 1f8a work_low
A 00046e W16 1036fc 9db3 work_low
A 00046e W16 1036fe 1480 work_low
A 00046e W16 103700 6681 work_low
A 00046e W16 103702 0086 work_low
A 00046e W16 103704 029f work_low
A 00046e W16 103706 0d1c work_low
A 00046e W16 103708 418d work_low
A 00046e W16 10370a 47c2 work_low
A 00046e W16 10370c 66cb work_low
A 00046e W16 10370e 01f8 work_low
A 00046e W16 103710 09d9 work_low
A 00046e W16 103712 313e work_low
A 00046e W16 103714 f637 work_low
A 00046e W16 103716 cf14 work_low
A 00046e W16 103718 0b65 work_low
A 00046e W16 10371a 38fa work_low
A 00046e W16 10371c 1ce3 work_low
A 00046e W16 10371e 9070 work_low
A 00046e W16 103720 d231 work_low
A 00046e W16 103722 1af6 work_low
A 00046e W16 103724 86cf work_low
A 00046e W16 103726 a20c work_low
A 00046e W16 103728 2a3d work_low
A 00046e W16 10372a d332 work_low
A 00046e W16 10372c 1ffb work_low
A 00046e W16 10372e 9fe8 work_low
A 00046e W16 103730 1f89 work_low
A 00046e W16 103732 9dae work_low
A 00046e W16 103734 1467 work_low
A 00046e W16 103736 6604 work_low
A 00046e W16 103738 fe15 work_low
A 00046e W16 10373a f66a work_low
A 00046e W16 10373c d013 work_low
A 00046e W16 10373e 1060 work_low
A 00046e W16 103740 51e1 work_low
A 00046e W16 103742 9966 work_low
A 00046e W16 103744 feff work_low
A 00046e W16 103746 fafc work_low
A 00046e W16 103748 e6ed work_low
A 00046e W16 10374a 82a2 work_low
A 00046e W16 10374c 8d2b work_low
A 00046e W16 10374e c1d8 work_low
A 00046e W16 103750 c939 work_low
A 00046e W16 103752 ee1e work_low
A 00046e W16 103754 a697 work_low
A 00046e W16 103756 40f4 work_low
A 00046e W16 103758 44c5 work_low
A 00046e W16 10375a 57da work_low
A 00046e W16 10375c b743 work_low
A 00046e W16 10375e 9450 work_low
A 00046e W16 103760 e591 work_low
A 00046e W16 103762 7bd6 work_low
A 00046e W16 103764 6b2f work_low
A 00046e W16 103766 17ec work_low
A 00046e W16 103768 779d work_low
A 00046e W16 10376a 5612 work_low
A 00046e W16 10376c ae5b work_low
A 00046e W16 10376e 67c8 work_low
A 00046e W16 103770 06e9 work_low
A 00046e W16 103772 228e work_low
A 00046e W16 103774 acc7 work_low
A 00046e W16 103776 5fe4 work_low
A 00046e W16 103778 df75 work_low
A 00046e W16 10377a 5d4a work_low
A 00046e W16 10377c d273 work_low
A 00046e W16 10377e 1c40 work_low
A 00046e W16 103780 8d41 work_low
A 00046e W16 103782 c246 work_low
A 00046e W16 103784 cb5f work_low
A 00046e W16 103786 f8dc work_low
A 00046e W16 103788 dc4d work_low
A 00046e W16 10378a 4d82 work_low
A 00046e W16 10378c 838b work_low
A 00046e W16 10378e 91b8 work_low
A 00046e W16 103790 d899 work_low
A 00046e W16 103792 3afe work_low
A 00046e W16 103794 26f7 work_low
A 00046e W16 103796 c2d4 work_low
A 00046e W16 103798 ce25 work_low
A 00046e W16 10379a 06ba work_low
A 00046e W16 10379c 21a3 work_low
A 00046e W16 10379e a830 work_low
A 00046e W16 1037a0 48f1 work_low
A 00046e W16 1037a2 6cb6 work_low
A 00046e W16 1037a4 1f8f work_low
A 00046e W16 1037a6 9dcc work_low
A 00046e W16 1037a8 14fd work_low
A 00046e W16 1037aa 68f2 work_low
A 00046e W16 1037ac 0cbb work_low
A 00046e W16 1037ae 3fa8 work_low
A 00046e W16 1037b0 3e49 work_low
A 00046e W16 1037b2 376e work_low
A 00046e W16 1037b4 1527 work_low
A 00046e W16 1037b6 69c4 work_low
A 00046e W16 1037b8 10d5 work_low
A 00046e W16 1037ba 542a work_low
A 00046e W16 1037bc a4d3 work_low
A 00046e W16 1037be 3820 work_low
A 00046e W16 1037c0 18a1 work_low
A 00046e W16 1037c2 7b26 work_low
A 00046e W16 1037c4 67bf work_low
A 00046e W16 1037c6 06bc work_low
A 00046e W16 1037c8 21ad work_low
A 00046e W16 1037ca a862 work_low
A 00046e W16 1037cc 49eb work_low
A 00046e W16 1037ce 7198 work_low
A 00046e W16 1037d0 37f9 work_low
A 00046e W16 1037d2 17de work_low
A 00046e W16 1037d4 7757 work_low
A 00046e W16 1037d6 54b4 work_low
A 00046e W16 1037d8 a785 work_low
A 00046e W16 1037da 459a work_low
A 00046e W16 1037dc 5c03 work_low
A 00046e W16 1037de cc10 work_low
A 00046e W16 1037e0 fc51 work_low
A 00046e W16 1037e2 ed96 work_low
A 00046e W16 1037e4 a3ef work_low
A 00046e W16 1037e6 33ac work_low
A 00046e W16 1037e8 025d work_low
A 00046e W16 1037ea 0bd2 work_low
A 00046e W16 1037ec 3b1b work_low
A 00046e W16 1037ee 2788 work_low
A 00046e W16 1037f0 c5a9 work_low
A 00046e W16 1037f2 dc4e work_low
A 00046e W16 1037f4 4d87 work_low
A 00046e W16 1037f6 83a4 work_low
A 00046e W16 1037f8 9235 work_low
A 00046e W16 1037fa db0a work_low
A 00046e W16 1037fc 4733 work_low
A 00046e W16 1037fe 6400 work_low
A 00046e W16 103800 f401 work_low
A 00046e W16 103802 c406 work_low
A 00046e W16 103804 d41f work_low
A 00046e W16 103806 249c work_low
A 00046e W16 103808 b70d work_low
A 00046e W16 10380a 9342 work_low
A 00046e W16 10380c e04b work_low
A 00046e W16 10380e 6178 work_low
A 00046e W16 103810 e759 work_low
A 00046e W16 103812 84be work_low
A 00046e W16 103814 97b7 work_low
A 00046e W16 103816 f694 work_low
A 00046e W16 103818 d0e5 work_low
A 00046e W16 10381a 147a work_low
A 00046e W16 10381c 6663 work_low
A 00046e W16 10381e fff0 work_low
A 00046e W16 103820 ffb1 work_low
A 00046e W16 103822 fe76 work_low
A 00046e W16 103824 f84f work_low
A 00046e W16 103826 d98c work_low
A 00046e W16 103828 3fbd work_low
A 00046e W16 10382a 3eb2 work_low
A 00046e W16 10382c 397b work_low
A 00046e W16 10382e 1f68 work_low
A 00046e W16 103830 9d09 work_low
A 00046e W16 103832 112e work_low
A 00046e W16 103834 55e7 work_low
A 00046e W16 103836 ad84 work_low
A 00046e W16 103838 6395 work_low
A 00046e W16 10383a f1ea work_low
A 00046e W16 10383c b993 work_low
A 00046e W16 10383e 9fe0 work_low
A 00046e W16 103840 1f61 work_low
A 00046e W16 103842 9ce6 work_low
A 00046e W16 103844 107f work_low
A 00046e W16 103846 527c work_low
A 00046e W16 103848 9c6d work_low
A 00046e W16 10384a 0e22 work_low
A 00046e W16 10384c 46ab work_low
A 00046e W16 10384e 6158 work_low
A 00046e W16 103850 e6b9 work_low
A 00046e W16 103852 819e work_low
A 00046e W16 103854 8817 work_low
A 00046e W16 103856 a874 work_low
A 00046e W16 103858 4a45 work_low
A 00046e W16 10385a 735a work_low
A 00046e W16 10385c 40c3 work_low
A 00046e W16 10385e 43d0 work_low
A 00046e W16 103860 5311 work_low
A 00046e W16 103862 9f56 work_low
A 00046e W16 103864 1caf work_low
A 00046e W16 103866 8f6c work_low
A 00046e W16 103868 cd1d work_low
A 00046e W16 10386a 0192 work_low
A 00046e W16 10386c 07db work_low
A 00046e W16 10386e 2748 work_low
A 00046e W16 103870 c469 work_low
A 00046e W16 103872 d60e work_low
A 00046e W16 103874 2e47 work_low
A 00046e W16 103876 e764 work_low
A 00046e W16 103878 84f5 work_low
A 00046e W16 10387a 98ca work_low
A 00046e W16 10387c fbf3 work_low
A 00046e W16 10387e ebc0 work_low
A 00046e W16 103880 9ac1 work_low
A 00046e W16 103882 05c6 work_low
A 00046e W16 103884 1cdf work_low
A 00046e W16 103886 905c work_low
A 00046e W16 103888 d1cd work_low
A 00046e W16 10388a 1902 work_low
A 00046e W16 10388c 7d0b work_low
A 00046e W16 10388e 7138 work_low
A 00046e W16 103890 3619 work_low
A 00046e W16 103892 0e7e work_low
A 00046e W16 103894 4877 work_low
A 00046e W16 103896 6a54 work_low
A 00046e W16 103898 13a5 work_low
A 00046e W16 10389a 623a work_low
A 00046e W16 10389c eb23 work_low
A 00046e W16 10389e 97b0 work_low
A 00046e W16 1038a0 f671 work_low
A 00046e W16 1038a2 d036 work_low
A 00046e W16 1038a4 110f work_low
A 00046e W16 1038a6 554c work_low
A 00046e W16 1038a8 aa7d work_low
A 00046e W16 1038aa 5472 work_low
A 00046e W16 1038ac a63b work_low
A 00046e W16 1038ae 3f28 work_low
A 00046e W16 1038b0 3bc9 work_low
A 00046e W16 1038b2 2aee work_low
A 00046e W16 1038b4 d6a7 work_low
A 00046e W16 1038b6 3144 work_low
A 00046e W16 1038b8 f655 work_low
A 00046e W16 1038ba cfaa work_low
A 00046e W16 1038bc 0e53 work_low
A 00046e W16 1038be 47a0 work_low
A 00046e W16 1038c0 6621 work_low
A 00046e W16 1038c2 fea6 work_low
A 00046e W16 1038c4 f93f work_low
A 00046e W16 1038c6 de3c work_low
A 00046e W16 1038c8 572d work_low
A 00046e W16 1038ca b3e2 work_low
A 00046e W16 1038cc 836b work_low
A 00046e W16 1038ce 9118 work_low
A 00046e W16 1038d0 d579 work_low
A 00046e W16 1038d2 2b5e work_low
A 00046e W16 1038d4 d8d7 work_low
A 00046e W16 1038d6 3c34 work_low
A 00046e W16 1038d8 2d05 work_low
A 00046e W16 1038da e11a work_low
A 00046e W16 1038dc 6583 work_low
A 00046e W16 1038de fb90 work_low
A 00046e W16 1038e0 e9d1 work_low
A 00046e W16 1038e2 9116 work_low
A 00046e W16 1038e4 d56f work_low
A 00046e W16 1038e6 2b2c work_low
A 00046e W16 1038e8 d7dd work_low
A 00046e W16 1038ea 3752 work_low
A 00046e W16 1038ec 149b work_low
A 00046e W16 1038ee 6708 work_low
A 00046e W16 1038f0 0329 work_low
A 00046e W16 1038f2 0fce work_low
A 00046e W16 1038f4 4f07 work_low
A 00046e W16 1038f6 8b24 work_low
A 00046e W16 1038f8 b7b5 work_low
A 00046e W16 1038fa 968a work_low
A 00046e W16 1038fc f0b3 work_low
A 00046e W16 1038fe b380 work_low
A 00046e W16 103900 8181 work_low
A 00046e W16 103902 8786 work_low
A 00046e W16 103904 a59f work_low
A 00046e W16 103906 3c1c work_low
A 00046e W16 103908 2c8d work_low
A 00046e W16 10390a dec2 work_low
A 00046e W16 10390c 59cb work_low
A 00046e W16 10390e c0f8 work_low
A 00046e W16 103910 c4d9 work_low
A 00046e W16 103912 d83e work_low
A 00046e W16 103914 3937 work_low
A 00046e W16 103916 1e14 work_low
A 00046e W16 103918 9665 work_low
A 00046e W16 10391a effa work_low
A 00046e W16 10391c afe3 work_low
A 00046e W16 10391e 6f70 work_low
A 00046e W16 103920 2d31 work_low
A 00046e W16 103922 e1f6 work_low
A 00046e W16 103924 69cf work_low
A 00046e W16 103926 110c work_low
A 00046e W16 103928 553d work_low
A 00046e W16 10392a aa32 work_low
A 00046e W16 10392c 52fb work_low
A 00046e W16 10392e 9ee8 work_low
A 00046e W16 103930 1a89 work_low
A 00046e W16 103932 84ae work_low
A 00046e W16 103934 9767 work_low
A 00046e W16 103936 f504 work_low
A 00046e W16 103938 c915 work_low
A 00046e W16 10393a ed6a work_low
A 00046e W16 10393c a313 work_low
A 00046e W16 10393e 2f60 work_low
A 00046e W16 103940 ece1 work_low
A 00046e W16 103942 a066 work_low
A 00046e W16 103944 21ff work_low
A 00046e W16 103946 a9fc work_low
A 00046e W16 103948 51ed work_low
A 00046e W16 10394a 99a2 work_low
A 00046e W16 10394c 002b work_low
A 00046e W16 10394e 00d8 work_low
A 00046e W16 103950 0439 work_low
A 00046e W16 103952 151e work_low
A 00046e W16 103954 6997 work_low
A 00046e W16 103956 0ff4 work_low
A 00046e W16 103958 4fc5 work_low
A 00046e W16 10395a 8eda work_low
A 00046e W16 10395c ca43 work_low
A 00046e W16 10395e f350 work_low
A 00046e W16 103960 c091 work_low
A 00046e W16 103962 c2d6 work_low
A 00046e W16 103964 ce2f work_low
A 00046e W16 103966 06ec work_low
A 00046e W16 103968 229d work_low
A 00046e W16 10396a ad12 work_low
A 00046e W16 10396c 615b work_low
A 00046e W16 10396e e6c8 work_low
A 00046e W16 103970 81e9 work_low
A 00046e W16 103972 898e work_low
A 00046e W16 103974 afc7 work_low
A 00046e W16 103976 6ee4 work_low
A 00046e W16 103978 2a75 work_low
A 00046e W16 10397a d44a work_low
A 00046e W16 10397c 2573 work_low
A 00046e W16 10397e bb40 work_low
A 00046e W16 103980 a841 work_low
A 00046e W16 103982 4946 work_low
A 00046e W16 103984 6e5f work_low
A 00046e W16 103986 27dc work_low
A 00046e W16 103988 c74d work_low
A 00046e W16 10398a e482 work_low
A 00046e W16 10398c 768b work_low
A 00046e W16 10398e 50b8 work_low
A 00046e W16 103990 9399 work_low
A 00046e W16 103992 e1fe work_low
A 00046e W16 103994 69f7 work_low
A 00046e W16 103996 11d4 work_low
A 00046e W16 103998 5925 work_low
A 00046e W16 10399a bdba work_low
A 00046e W16 10399c b4a3 work_low
A 00046e W16 10399e 8730 work_low
A 00046e W16 1039a0 a3f1 work_low
A 00046e W16 1039a2 33b6 work_low
A 00046e W16 1039a4 028f work_low
A 00046e W16 1039a6 0ccc work_low
A 00046e W16 1039a8 3ffd work_low
A 00046e W16 1039aa 3ff2 work_low
A 00046e W16 1039ac 3fbb work_low
A 00046e W16 1039ae 3ea8 work_low
A 00046e W16 1039b0 3949 work_low
A 00046e W16 1039b2 1e6e work_low
A 00046e W16 1039b4 9827 work_low
A 00046e W16 1039b6 f8c4 work_low
A 00046e W16 1039b8 dbd5 work_low
A 00046e W16 1039ba 4b2a work_low
A 00046e W16 1039bc 77d3 work_low
A 00046e W16 1039be 5720 work_low
A 00046e W16 1039c0 b3a1 work_low
A 00046e W16 1039c2 8226 work_low
A 00046e W16 1039c4 8abf work_low
A 00046e W16 1039c6 b5bc work_low
A 00046e W16 1039c8 8cad work_low
A 00046e W16 1039ca bf62 work_low
A 00046e W16 1039cc bceb work_low
A 00046e W16 1039ce b098 work_low
A 00046e W16 1039d0 72f9 work_low
A 00046e W16 1039d2 3ede work_low
A 00046e W16 1039d4 3a57 work_low
A 00046e W16 1039d6 23b4 work_low
A 00046e W16 1039d8 b285 work_low
A 00046e W16 1039da 7c9a work_low
A 00046e W16 1039dc 6f03 work_low
A 00046e W16 1039de 2b10 work_low
A 00046e W16 1039e0 d751 work_low
A 00046e W16 1039e2 3496 work_low
A 00046e W16 1039e4 06ef work_low
A 00046e W16 1039e6 22ac work_low
A 00046e W16 1039e8 ad5d work_low
A 00046e W16 1039ea 62d2 work_low
A 00046e W16 1039ec ee1b work_low
A 00046e W16 1039ee a688 work_low
A 00046e W16 1039f0 40a9 work_low
A 00046e W16 1039f2 434e work_low
A 00046e W16 1039f4 5087 work_low
A 00046e W16 1039f6 92a4 work_low
A 00046e W16 1039f8 dd35 work_low
A 00046e W16 1039fa 520a work_low
A 00046e W16 1039fc 9a33 work_low
A 00046e W16 1039fe 0300 work_low
A 00046e W16 103a00 0f01 work_low
A 00046e W16 103a02 4b06 work_low
A 00046e W16 103a04 771f work_low
A 00046e W16 103a06 539c work_low
A 00046e W16 103a08 a20d work_low
A 00046e W16 103a0a 2a42 work_low
A 00046e W16 103a0c d34b work_low
A 00046e W16 103a0e 2078 work_low
A 00046e W16 103a10 a259 work_low
A 00046e W16 103a12 2bbe work_low
A 00046e W16 103a14 dab7 work_low
A 00046e W16 103a16 4594 work_low
A 00046e W16 103a18 5be5 work_low
A 00046e W16 103a1a cb7a work_low
A 00046e W16 103a1c f963 work_low
A 00046e W16 103a1e def0 work_low
A 00046e W16 103a20 5ab1 work_low
A 00046e W16 103a22 c576 work_low
A 00046e W16 103a24 db4f work_low
A 00046e W16 103a26 488c work_low
A 00046e W16 103a28 6abd work_low
A 00046e W16 103a2a 15b2 work_low
A 00046e W16 103a2c 6c7b work_low
A 00046e W16 103a2e 1e68 work_low
A 00046e W16 103a30 9809 work_low
A 00046e W16 103a32 f82e work_low
A 00046e W16 103a34 d8e7 work_low
A 00046e W16 103a36 3c84 work_low
A 00046e W16 103a38 2e95 work_low
A 00046e W16 103a3a e8ea work_low
A 00046e W16 103a3c 8c93 work_low
A 00046e W16 103a3e bee0 work_low
A 00046e W16 103a40 ba61 work_low
A 00046e W16 103a42 a3e6 work_low
A 00046e W16 103a44 337f work_low
A 00046e W16 103a46 017c work_low
A 00046e W16 103a48 076d work_low
A 00046e W16 103a4a 2522 work_low
A 00046e W16 103a4c b9ab work_low
A 00046e W16 103a4e a058 work_low
A 00046e W16 103a50 21b9 work_low
A 00046e W16 103a52 a89e work_low
A 00046e W16 103a54 4b17 work_low
A 00046e W16 103a56 7774 work_low
A 00046e W16 103a58 5545 work_low
A 00046e W16 103a5a aa5a work_low
A 00046e W16 103a5c 53c3 work_low
A 00046e W16 103a5e a2d0 work_low
A 00046e W16 103a60 2e11 work_low
A 00046e W16 103a62 e656 work_low
A 00046e W16 103a64 7faf work_low
A 00046e W16 103a66 7e6c work_low
A 00046e W16 103a68 781d work_low
A 00046e W16 103a6a 5892 work_low
A 00046e W16 103a6c badb work_low
A 00046e W16 103a6e a648 work_low
A 00046e W16 103a70 3f69 work_low
A 00046e W16 103a72 3d0e work_low
A 00046e W16 103a74 3147 work_low
A 00046e W16 103a76 f664 work_low
A 00046e W16 103a78 cff5 work_low
A 00046e W16 103a7a 0fca work_low
A 00046e W16 103a7c 4ef3 work_low
A 00046e W16 103a7e 8ac0 work_low
A 00046e W16 103a80 b5c1 work_low
A 00046e W16 103a82 8cc6 work_low
A 00046e W16 103a84 bfdf work_low
A 00046e W16 103a86 bf5c work_low
A 00046e W16 103a88 bccd work_low
A 00046e W16 103a8a b002 work_low
A 00046e W16 103a8c 700b work_low
A 00046e W16 103a8e 3038 work_low
A 00046e W16 103a90 f119 work_low
A 00046e W16 103a92 b57e work_low
A 00046e W16 103a94 8b77 work_low
A 00046e W16 103a96 b954 work_low
A 00046e W16 103a98 9ea5 work_low
A 00046e W16 103a9a 193a work_low
A 00046e W16 103a9c 7e23 work_low
A 00046e W16 103a9e 76b0 work_low
A 00046e W16 103aa0 5171 work_low
A 00046e W16 103aa2 9736 work_low
A 00046e W16 103aa4 f40f work_low
A 00046e W16 103aa6 c44c work_low
A 00046e W16 103aa8 d57d work_low
A 00046e W16 103aaa 2b72 work_low
A 00046e W16 103aac d93b work_low
A 00046e W16 103aae 3e28 work_low
A 00046e W16 103ab0 36c9 work_low
A 00046e W16 103ab2 11ee work_low
A 00046e W16 103ab4 59a7 work_low
A 00046e W16 103ab6 c044 work_low
A 00046e W16 103ab8 c155 work_low
A 00046e W16 103aba c6aa work_low
A 00046e W16 103abc e153 work_low
A 00046e W16 103abe 66a0 work_low
A 00046e W16 103ac0 0121 work_low
A 00046e W16 103ac2 05a6 work_low
A 00046e W16 103ac4 1c3f work_low
A 00046e W16 103ac6 8d3c work_low
A 00046e W16 103ac8 c22d work_low
A 00046e W16 103aca cae2 work_low
A 00046e W16 103acc f66b work_low
A 00046e W16 103ace d018 work_low
A 00046e W16 103ad0 1079 work_low
A 00046e W16 103ad2 525e work_low
A 00046e W16 103ad4 9bd7 work_low
A 00046e W16 103ad6 0b34 work_low
A 00046e W16 103ad8 3805 work_low
A 00046e W16 103ada 181a work_low
A 00046e W16 103adc 7883 work_low
A 00046e W16 103ade 5a90 work_low
A 00046e W16 103ae0 c4d1 work_low
A 00046e W16 103ae2 d816 work_low
A 00046e W16 103ae4 386f work_low
A 00046e W16 103ae6 1a2c work_low
A 00046e W16 103ae8 82dd work_low
A 00046e W16 103aea 8e52 work_low
A 00046e W16 103aec c79b work_low
A 00046e W16 103aee e608 work_low
A 00046e W16 103af0 7e29 work_low
A 00046e W16 103af2 76ce work_low
A 00046e W16 103af4 5207 work_low
A 00046e W16 103af6 9a24 work_low
A 00046e W16 103af8 02b5 work_low
A 00046e W16 103afa 0d8a work_low
A 00046e W16 103afc 43b3 work_low
A 00046e W16 103afe 5280 work_low
A 00046e W16 103b00 9c81 work_low
A 00046e W16 103b02 0e86 work_low
A 00046e W16 103b04 489f work_low
A 00046e W16 103b06 6b1c work_low
A 00046e W16 103b08 178d work_low
A 00046e W16 103b0a 75c2 work_low
A 00046e W16 103b0c 4ccb work_low
A 00046e W16 103b0e 7ff8 work_low
A 00046e W16 103b10 7fd9 work_low
A 00046e W16 103b12 7f3e work_low
A 00046e W16 103b14 7c37 work_low
A 00046e W16 103b16 6d14 work_low
A 00046e W16 103b18 2165 work_low
A 00046e W16 103b1a a6fa work_low
A 00046e W16 103b1c 42e3 work_low
A 00046e W16 103b1e 4e70 work_low
A 00046e W16 103b20 8831 work_low
A 00046e W16 103b22 a8f6 work_low
A 00046e W16 103b24 4ccf work_low
A 00046e W16 103b26 800c work_low
A 00046e W16 103b28 803d work_low
A 00046e W16 103b2a 8132 work_low
A 00046e W16 103b2c 85fb work_low
A 00046e W16 103b2e 9de8 work_low
A 00046e W16 103b30 1589 work_low
A 00046e W16 103b32 6bae work_low
A 00046e W16 103b34 1a67 work_low
A 00046e W16 103b36 8404 work_low
A 00046e W16 103b38 9415 work_low
A 00046e W16 103b3a e46a work_low
A 00046e W16 103b3c 7613 work_low
A 00046e W16 103b3e 4e60 work_low
A 00046e W16 103b40 87e1 work_low
A 00046e W16 103b42 a766 work_low
A 00046e W16 103b44 44ff work_low
A 00046e W16 103b46 58fc work_low
A 00046e W16 103b48 bced work_low
A 00046e W16 103b4a b0a2 work_low
A 00046e W16 103b4c 732b work_low
A 00046e W16 103b4e 3fd8 work_low
A 00046e W16 103b50 3f39 work_low
A 00046e W16 103b52 3c1e work_low
A 00046e W16 103b54 2c97 work_low
A 00046e W16 103b56 def4 work_low
A 00046e W16 103b58 5ac5 work_low
A 00046e W16 103b5a c5da work_low
A 00046e W16 103b5c dd43 work_low
A 00046e W16 103b5e 5250 work_low
A 00046e W16 103b60 9b91 work_low
A 00046e W16 103b62 09d6 work_low
A 00046e W16 103b64 312f work_low
A 00046e W16 103b66 f5ec work_low
A 00046e W16 103b68 cd9d work_low
A 00046e W16 103b6a 0412 work_low
A 00046e W16 103b6c 145b work_low
A 00046e W16 103b6e 65c8 work_low
A 00046e W16 103b70 fce9 work_low
A 00046e W16 103b72 f08e work_low
A 00046e W16 103b74 b2c7 work_low
A 00046e W16 103b76 7de4 work_low
A 00046e W16 103b78 7575 work_low
A 00046e W16 103b7a 4b4a work_low
A 00046e W16 103b7c 7873 work_low
A 00046e W16 103b7e 5a40 work_low
A 00046e W16 103b80 c341 work_low
A 00046e W16 103b82 d046 work_low
A 00046e W16 103b84 115f work_low
A 00046e W16 103b86 56dc work_low
A 00046e W16 103b88 b24d work_low
A 00046e W16 103b8a 7b82 work_low
A 00046e W16 103b8c 698b work_low
A 00046e W16 103b8e 0fb8 work_low
A 00046e W16 103b90 4e99 work_low
A 00046e W16 103b92 88fe work_low
A 00046e W16 103b94 acf7 work_low
A 00046e W16 103b96 60d4 work_low
A 00046e W16 103b98 e425 work_low
A 00046e W16 103b9a 74ba work_low
A 00046e W16 103b9c 47a3 work_low
A 00046e W16 103b9e 6630 work_low
A 00046e W16 103ba0 fef1 work_low
A 00046e W16 103ba2 fab6 work_low
A 00046e W16 103ba4 e58f work_low
A 00046e W16 103ba6 7bcc work_low
A 00046e W16 103ba8 6afd work_low
A 00046e W16 103baa 16f2 work_low
A 00046e W16 103bac 72bb work_low
A 00046e W16 103bae 3da8 work_low
A 00046e W16 103bb0 3449 work_low
A 00046e W16 103bb2 056e work_low
A 00046e W16 103bb4 1b27 work_low
A 00046e W16 103bb6 87c4 work_low
A 00046e W16 103bb8 a6d5 work_low
A 00046e W16 103bba 422a work_low
A 00046e W16 103bbc 4ad3 work_low
A 00046e W16 103bbe 7620 work_low
A 00046e W16 103bc0 4ea1 work_low
A 00046e W16 103bc2 8926 work_low
A 00046e W16 103bc4 adbf work_low
A 00046e W16 103bc6 64bc work_low
A 00046e W16 103bc8 f7ad work_low
A 00046e W16 103bca d662 work_low
A 00046e W16 103bcc 2feb work_low
A 00046e W16 103bce ef98 work_low
A 00046e W16 103bd0 adf9 work_low
A 00046e W16 103bd2 65de work_low
A 00046e W16 103bd4 fd57 work_low
A 00046e W16 103bd6 f2b4 work_low
A 00046e W16 103bd8 bd85 work_low
A 00046e W16 103bda b39a work_low
A 00046e W16 103bdc 8203 work_low
A 00046e W16 103bde 8a10 work_low
A 00046e W16 103be0 b251 work_low
A 00046e W16 103be2 7b96 work_low
A 00046e W16 103be4 69ef work_low
A 00046e W16 103be6 11ac work_low
A 00046e W16 103be8 585d work_low
A 00046e W16 103bea b9d2 work_low
A 00046e W16 103bec a11b work_low
A 00046e W16 103bee 2588 work_low
A 00046e W16 103bf0 bba9 work_low
A 00046e W16 103bf2 aa4e work_low
A 00046e W16 103bf4 5387 work_low
A 00046e W16 103bf6 a1a4 work_low
A 00046e W16 103bf8 2835 work_low
A 00046e W16 103bfa c90a work_low
A 00046e W16 103bfc ed33 work_low
A 00046e W16 103bfe a200 work_low
A 00046e W16 103c00 2a01 work_low
A 00046e W16 103c02 d206 work_low
A 00046e W16 103c04 1a1f work_low
A 00046e W16 103c06 829c work_low
A 00046e W16 103c08 8d0d work_low
A 00046e W16 103c0a c142 work_low
A 00046e W16 103c0c c64b work_low
A 00046e W16 103c0e df78 work_low
A 00046e W16 103c10 5d59 work_low
A 00046e W16 103c12 d2be work_low
A 00046e W16 103c14 1db7 work_low
A 00046e W16 103c16 9494 work_low
A 00046e W16 103c18 e6e5 work_low
A 00046e W16 103c1a 827a work_low
A 00046e W16 103c1c 8c63 work_low
A 00046e W16 103c1e bdf0 work_low
A 00046e W16 103c20 b5b1 work_low
A 00046e W16 103c22 8c76 work_low
A 00046e W16 103c24 be4f work_low
A 00046e W16 103c26 b78c work_low
A 00046e W16 103c28 95bd work_low
A 00046e W16 103c2a ecb2 work_low
A 00046e W16 103c2c 9f7b work_low
A 00046e W16 103c2e 1d68 work_low
A 00046e W16 103c30 9309 work_low
A 00046e W16 103c32 df2e work_low
A 00046e W16 103c34 5be7 work_low
A 00046e W16 103c36 cb84 work_low
A 00046e W16 103c38 f995 work_low
A 00046e W16 103c3a dfea work_low
A 00046e W16 103c3c 5f93 work_low
A 00046e W16 103c3e dde0 work_low
A 00046e W16 103c40 5561 work_low
A 00046e W16 103c42 aae6 work_low
A 00046e W16 103c44 567f work_low
A 00046e W16 103c46 b07c work_low
A 00046e W16 103c48 726d work_low
A 00046e W16 103c4a 3c22 work_low
A 00046e W16 103c4c 2cab work_low
A 00046e W16 103c4e df58 work_low
A 00046e W16 103c50 5cb9 work_low
A 00046e W16 103c52 cf9e work_low
A 00046e W16 103c54 0e17 work_low
A 00046e W16 103c56 4674 work_low
A 00046e W16 103c58 6045 work_low
A 00046e W16 103c5a e15a work_low
A 00046e W16 103c5c 66c3 work_low
A 00046e W16 103c5e 01d0 work_low
A 00046e W16 103c60 0911 work_low
A 00046e W16 103c62 2d56 work_low
A 00046e W16 103c64 e2af work_low
A 00046e W16 103c66 6d6c work_low
A 00046e W16 103c68 231d work_low
A 00046e W16 103c6a af92 work_low
A 00046e W16 103c6c 6ddb work_low
A 00046e W16 103c6e 2548 work_low
A 00046e W16 103c70 ba69 work_low
A 00046e W16 103c72 a40e work_low
A 00046e W16 103c74 3447 work_low
A 00046e W16 103c76 0564 work_low
A 00046e W16 103c78 1af5 work_low
A 00046e W16 103c7a 86ca work_low
A 00046e W16 103c7c a1f3 work_low
A 00046e W16 103c7e 29c0 work_low
A 00046e W16 103c80 d0c1 work_low
A 00046e W16 103c82 13c6 work_low
A 00046e W16 103c84 62df work_low
A 00046e W16 103c86 ee5c work_low
A 00046e W16 103c88 a7cd work_low
A 00046e W16 103c8a 4702 work_low
A 00046e W16 103c8c 630b work_low
A 00046e W16 103c8e ef38 work_low
A 00046e W16 103c90 ac19 work_low
A 00046e W16 103c92 5c7e work_low
A 00046e W16 103c94 ce77 work_low
A 00046e W16 103c96 0854 work_low
A 00046e W16 103c98 29a5 work_low
A 00046e W16 103c9a d03a work_low
A 00046e W16 103c9c 1123 work_low
A 00046e W16 103c9e 55b0 work_low
A 00046e W16 103ca0 ac71 work_low
A 00046e W16 103ca2 5e36 work_low
A 00046e W16 103ca4 d70f work_low
A 00046e W16 103ca6 334c work_low
A 00046e W16 103ca8 007d work_low
A 00046e W16 103caa 0272 work_low
A 00046e W16 103cac 0c3b work_low
A 00046e W16 103cae 3d28 work_low
A 00046e W16 103cb0 31c9 work_low
A 00046e W16 103cb2 f8ee work_low
A 00046e W16 103cb4 dca7 work_low
A 00046e W16 103cb6 4f44 work_low
A 00046e W16 103cb8 8c55 work_low
A 00046e W16 103cba bdaa work_low
A 00046e W16 103cbc b453 work_low
A 00046e W16 103cbe 85a0 work_low
A 00046e W16 103cc0 9c21 work_low
A 00046e W16 103cc2 0ca6 work_low
A 00046e W16 103cc4 3f3f work_low
A 00046e W16 103cc6 3c3c work_low
A 00046e W16 103cc8 2d2d work_low
A 00046e W16 103cca e1e2 work_low
A 00046e W16 103ccc 696b work_low
A 00046e W16 103cce 0f18 work_low
A 00046e W16 103cd0 4b79 work_low
A 00046e W16 103cd2 795e work_low
A 00046e W16 103cd4 5ed7 work_low
A 00046e W16 103cd6 da34 work_low
A 00046e W16 103cd8 4305 work_low
A 00046e W16 103cda 4f1a work_low
A 00046e W16 103cdc 8b83 work_low
A 00046e W16 103cde b990 work_low
A 00046e W16 103ce0 9fd1 work_low
A 00046e W16 103ce2 1f16 work_low
A 00046e W16 103ce4 9b6f work_low
A 00046e W16 103ce6 092c work_low
A 00046e W16 103ce8 2ddd work_low
A 00046e W16 103cea e552 work_low
A 00046e W16 103cec 7a9b work_low
A 00046e W16 103cee 6508 work_low
A 00046e W16 103cf0 f929 work_low
A 00046e W16 103cf2 ddce work_low
A 00046e W16 103cf4 5507 work_low
A 00046e W16 103cf6 a924 work_low
A 00046e W16 103cf8 4db5 work_low
A 00046e W16 103cfa 848a work_low
A 00046e W16 103cfc 96b3 work_low
A 00046e W16 103cfe f180 work_low
A 00046e W16 103d00 b781 work_low
A 00046e W16 103d02 9586 work_low
A 00046e W16 103d04 eb9f work_low
A 00046e W16 103d06 9a1c work_low
A 00046e W16 103d08 028d work_low
A 00046e W16 103d0a 0cc2 work_low
A 00046e W16 103d0c 3fcb work_low
A 00046e W16 103d0e 3ef8 work_low
A 00046e W16 103d10 3ad9 work_low
A 00046e W16 103d12 263e work_low
A 00046e W16 103d14 bf37 work_low
A 00046e W16 103d16 bc14 work_low
A 00046e W16 103d18 ac65 work_low
A 00046e W16 103d1a 5dfa work_low
A 00046e W16 103d1c d5e3 work_low
A 00046e W16 103d1e 2d70 work_low
A 00046e W16 103d20 e331 work_low
A 00046e W16 103d22 6ff6 work_low
A 00046e W16 103d24 2fcf work_low
A 00046e W16 103d26 ef0c work_low
A 00046e W16 103d28 ab3d work_low
A 00046e W16 103d2a 5832 work_low
A 00046e W16 103d2c b8fb work_low
A 00046e W16 103d2e 9ce8 work_low
A 00046e W16 103d30 1089 work_low
A 00046e W16 103d32 52ae work_low
A 00046e W16 103d34 9d67 work_low
A 00046e W16 103d36 1304 work_low
A 00046e W16 103d38 5f15 work_low
A 00046e W16 103d3a db6a work_low
A 00046e W16 103d3c 4913 work_low
A 00046e W16 103d3e 6d60 work_low
A 00046e W16 103d40 22e1 work_low
A 00046e W16 103d42 ae66 work_low
A 00046e W16 103d44 67ff work_low
A 00046e W16 103d46 07fc work_low
A 00046e W16 103d48 27ed work_low
A 00046e W16 103d4a c7a2 work_low
A 00046e W16 103d4c e62b work_low
A 00046e W16 103d4e 7ed8 work_low
A 00046e W16 103d50 7a39 work_low
A 00046e W16 103d52 631e work_low
A 00046e W16 103d54 ef97 work_low
A 00046e W16 103d56 adf4 work_low
A 00046e W16 103d58 65c5 work_low
A 00046e W16 103d5a fcda work_low
A 00046e W16 103d5c f043 work_low
A 00046e W16 103d5e b150 work_low
A 00046e W16 103d60 7691 work_low
A 00046e W16 103d62 50d6 work_low
A 00046e W16 103d64 942f work_low
A 00046e W16 103d66 e4ec work_low
A 00046e W16 103d68 789d work_low
A 00046e W16 103d6a 5b12 work_low
A 00046e W16 103d6c c75b work_low
A 00046e W16 103d6e e4c8 work_low
A 00046e W16 103d70 77e9 work_low
A 00046e W16 103d72 578e work_low
A 00046e W16 103d74 b5c7 work_low
A 00046e W16 103d76 8ce4 work_low
A 00046e W16 103d78 c075 work_low
A 00046e W16 103d7a c24a work_low
A 00046e W16 103d7c cb73 work_low
A 00046e W16 103d7e f940 work_low
A 00046e W16 103d80 de41 work_low
A 00046e W16 103d82 5746 work_low
A 00046e W16 103d84 b45f work_low
A 00046e W16 103d86 85dc work_low
A 00046e W16 103d88 9d4d work_low
A 00046e W16 103d8a 1282 work_low
A 00046e W16 103d8c 5c8b work_low
A 00046e W16 103d8e ceb8 work_low
A 00046e W16 103d90 0999 work_low
A 00046e W16 103d92 2ffe work_low
A 00046e W16 103d94 eff7 work_low
A 00046e W16 103d96 afd4 work_low
A 00046e W16 103d98 6f25 work_low
A 00046e W16 103d9a 2bba work_low
A 00046e W16 103d9c daa3 work_low
A 00046e W16 103d9e 4530 work_low
A 00046e W16 103da0 59f1 work_low
A 00046e W16 103da2 c1b6 work_low
A 00046e W16 103da4 c88f work_low
A 00046e W16 103da6 eacc work_low
A 00046e W16 103da8 95fd work_low
A 00046e W16 103daa edf2 work_low
A 00046e W16 103dac a5bb work_low
A 00046e W16 103dae 3ca8 work_low
A 00046e W16 103db0 2f49 work_low
A 00046e W16 103db2 ec6e work_low
A 00046e W16 103db4 9e27 work_low
A 00046e W16 103db6 16c4 work_low
A 00046e W16 103db8 71d5 work_low
A 00046e W16 103dba 392a work_low
A 00046e W16 103dbc 1dd3 work_low
A 00046e W16 103dbe 9520 work_low
A 00046e W16 103dc0 e9a1 work_low
A 00046e W16 103dc2 9026 work_low
A 00046e W16 103dc4 d0bf work_low
A 00046e W16 103dc6 13bc work_low
A 00046e W16 103dc8 62ad work_low
A 00046e W16 103dca ed62 work_low
A 00046e W16 103dcc a2eb work_low
A 00046e W16 103dce 2e98 work_low
A 00046e W16 103dd0 e8f9 work_low
A 00046e W16 103dd2 8cde work_low
A 00046e W16 103dd4 c057 work_low
A 00046e W16 103dd6 c1b4 work_low
A 00046e W16 103dd8 c885 work_low
A 00046e W16 103dda ea9a work_low
A 00046e W16 103ddc 9503 work_low
A 00046e W16 103dde e910 work_low
A 00046e W16 103de0 8d51 work_low
A 00046e W16 103de2 c296 work_low
A 00046e W16 103de4 ccef work_low
A 00046e W16 103de6 00ac work_low
A 00046e W16 103de8 035d work_low
A 00046e W16 103dea 10d2 work_low
A 00046e W16 103dec 541b work_low
A 00046e W16 103dee a488 work_low
A 00046e W16 103df0 36a9 work_low
A 00046e W16 103df2 114e work_low
A 00046e W16 103df4 5687 work_low
A 00046e W16 103df6 b0a4 work_low
A 00046e W16 103df8 7335 work_low
A 00046e W16 103dfa 400a work_low
A 00046e W16 103dfc 4033 work_low
A 00046e W16 103dfe 4100 work_low
A 00046e W16 103e00 4501 work_low
A 00046e W16 103e02 5906 work_low
A 00046e W16 103e04 bd1f work_low
A 00046e W16 103e06 b19c work_low
A 00046e W16 103e08 780d work_low
A 00046e W16 103e0a 5842 work_low
A 00046e W16 103e0c b94b work_low
A 00046e W16 103e0e 9e78 work_low
A 00046e W16 103e10 1859 work_low
A 00046e W16 103e12 79be work_low
A 00046e W16 103e14 60b7 work_low
A 00046e W16 103e16 e394 work_low
A 00046e W16 103e18 71e5 work_low
A 00046e W16 103e1a 397a work_low
A 00046e W16 103e1c 1f63 work_low
A 00046e W16 103e1e 9cf0 work_low
A 00046e W16 103e20 10b1 work_low
A 00046e W16 103e22 5376 work_low
A 00046e W16 103e24 a14f work_low
A 00046e W16 103e26 268c work_low
A 00046e W16 103e28 c0bd work_low
A 00046e W16 103e2a c3b2 work_low
A 00046e W16 103e2c d27b work_low
A 00046e W16 103e2e 1c68 work_low
A 00046e W16 103e30 8e09 work_low
A 00046e W16 103e32 c62e work_low
A 00046e W16 103e34 dee7 work_low
A 00046e W16 103e36 5a84 work_low
A 00046e W16 103e38 c495 work_low
A 00046e W16 103e3a d6ea work_low
A 00046e W16 103e3c 3293 work_low
A 00046e W16 103e3e fce0 work_low
A 00046e W16 103e40 f061 work_low
A 00046e W16 103e42 b1e6 work_low
A 00046e W16 103e44 797f work_low
A 00046e W16 103e46 5f7c work_low
A 00046e W16 103e48 dd6d work_low
A 00046e W16 103e4a 5322 work_low
A 00046e W16 103e4c 9fab work_low
A 00046e W16 103e4e 1e58 work_low
A 00046e W16 103e50 97b9 work_low
A 00046e W16 103e52 f69e work_low
A 00046e W16 103e54 d117 work_low
A 00046e W16 103e56 1574 work_low
A 00046e W16 103e58 6b45 work_low
A 00046e W16 103e5a 185a work_low
A 00046e W16 103e5c 79c3 work_low
A 00046e W16 103e5e 60d0 work_low
A 00046e W16 103e60 e411 work_low
A 00046e W16 103e62 7456 work_low
A 00046e W16 103e64 45af work_low
A 00046e W16 103e66 5c6c work_low
A 00046e W16 103e68 ce1d work_low
A 00046e W16 103e6a 0692 work_low
A 00046e W16 103e6c 20db work_low
A 00046e W16 103e6e a448 work_low
A 00046e W16 103e70 3569 work_low
A 00046e W16 103e72 0b0e work_low
A 00046e W16 103e74 3747 work_low
A 00046e W16 103e76 1464 work_low
A 00046e W16 103e78 65f5 work_low
A 00046e W16 103e7a fdca work_low
A 00046e W16 103e7c f4f3 work_low
A 00046e W16 103e7e c8c0 work_low
A 00046e W16 103e80 ebc1 work_low
A 00046e W16 103e82 9ac6 work_low
A 00046e W16 103e84 05df work_low
A 00046e W16 103e86 1d5c work_low
A 00046e W16 103e88 92cd work_low
A 00046e W16 103e8a de02 work_low
A 00046e W16 103e8c 560b work_low
A 00046e W16 103e8e ae38 work_low
A 00046e W16 103e90 6719 work_low
A 00046e W16 103e92 037e work_low
A 00046e W16 103e94 1177 work_low
A 00046e W16 103e96 5754 work_low
A 00046e W16 103e98 b4a5 work_low
A 00046e W16 103e9a 873a work_low
A 00046e W16 103e9c a423 work_low
A 00046e W16 103e9e 34b0 work_low
A 00046e W16 103ea0 0771 work_low
A 00046e W16 103ea2 2536 work_low
A 00046e W16 103ea4 ba0f work_low
A 00046e W16 103ea6 a24c work_low
A 00046e W16 103ea8 2b7d work_low
A 00046e W16 103eaa d972 work_low
A 00046e W16 103eac 3f3b work_low
A 00046e W16 103eae 3c28 work_low
A 00046e W16 103eb0 2cc9 work_low
A 00046e W16 103eb2 dfee work_low
A 00046e W16 103eb4 5fa7 work_low
A 00046e W16 103eb6 de44 work_low
A 00046e W16 103eb8 5755 work_low
A 00046e W16 103eba b4aa work_low
A 00046e W16 103ebc 8753 work_low
A 00046e W16 103ebe a4a0 work_low
A 00046e W16 103ec0 3721 work_low
A 00046e W16 103ec2 13a6 work_low
A 00046e W16 103ec4 623f work_low
A 00046e W16 103ec6 eb3c work_low
A 00046e W16 103ec8 982d work_low
A 00046e W16 103eca f8e2 work_low
A 00046e W16 103ecc dc6b work_low
A 00046e W16 103ece 4e18 work_low
A 00046e W16 103ed0 8679 work_low
A 00046e W16 103ed2 a05e work_low
A 00046e W16 103ed4 21d7 work_low
A 00046e W16 103ed6 a934 work_low
A 00046e W16 103ed8 4e05 work_low
A 00046e W16 103eda 861a work_low
A 00046e W16 103edc 9e83 work_low
A 00046e W16 103ede 1890 work_low
A 00046e W16 103ee0 7ad1 work_low
A 00046e W16 103ee2 6616 work_low
A 00046e W16 103ee4 fe6f work_low
A 00046e W16 103ee6 f82c work_low
A 00046e W16 103ee8 d8dd work_low
A 00046e W16 103eea 3c52 work_low
A 00046e W16 103eec 2d9b work_low
A 00046e W16 103eee e408 work_low
A 00046e W16 103ef0 7429 work_low
A 00046e W16 103ef2 44ce work_low
A 00046e W16 103ef4 5807 work_low
A 00046e W16 103ef6 b824 work_low
A 00046e W16 103ef8 98b5 work_low
A 00046e W16 103efa fb8a work_low
A 00046e W16 103efc e9b3 work_low
A 00046e W16 103efe 9080 work_low
A 000482 R16 100000 0001 work_low
A 000482 R16 100002 0006 work_low
A 000482 R16 100004 001f work_low
A 000482 R16 100006 009c work_low
A 000482 R16 100008 030d work_low
A 000482 R16 10000a 0f42 work_low
A 000482 R16 10000c 4c4b work_low
A 000482 R16 10000e 7d78 work_low
A 000482 R16 100010 7359 work_low
A 000482 R16 100012 40be work_low
A 000482 R16 100014 43b7 work_low
A 000482 R16 100016 5294 work_low
A 000482 R16 100018 9ce5 work_low
A 000482 R16 10001a 107a work_low
A 000482 R16 10001c 5263 work_low
A 000482 R16 10001e 9bf0 work_low
A 000482 R16 100020 0bb1 work_low
A 000482 R16 100022 3a76 work_low
A 000482 R16 100024 244f work_low
A 000482 R16 100026 b58c work_low
A 000482 R16 100028 8bbd work_low
A 000482 R16 10002a bab2 work_low
A 000482 R16 10002c a57b work_low
A 000482 R16 10002e 3b68 work_low
A 000482 R16 100030 2909 work_low
A 000482 R16 100032 cd2e work_low
A 000482 R16 100034 01e7 work_low
A 000482 R16 100036 0984 work_low
A 000482 R16 100038 2f95 work_low
A 000482 R16 10003a edea work_low
A 000482 R16 10003c a593 work_low
A 000482 R16 10003e 3be0 work_low
A 000482 R16 100040 2b61 work_low
A 000482 R16 100042 d8e6 work_low
A 000482 R16 100044 3c7f work_low
A 000482 R16 100046 2e7c work_low
A 000482 R16 100048 e86d work_low
A 000482 R16 10004a 8a22 work_low
A 000482 R16 10004c b2ab work_low
A 000482 R16 10004e 7d58 work_low
A 000482 R16 100050 72b9 work_low
A 000482 R16 100052 3d9e work_low
A 000482 R16 100054 3417 work_low
A 000482 R16 100056 0474 work_low
A 000482 R16 100058 1645 work_low
A 000482 R16 10005a 6f5a work_low
A 000482 R16 10005c 2cc3 work_low
A 000482 R16 10005e dfd0 work_low
A 000482 R16 100060 5f11 work_low
A 000482 R16 100062 db56 work_low
A 000482 R16 100064 48af work_low
A 000482 R16 100066 6b6c work_low
A 000482 R16 100068 191d work_low
A 000482 R16 10006a 7d92 work_low
A 000482 R16 10006c 73db work_low
A 000482 R16 10006e 4348 work_low
A 000482 R16 100070 5069 work_low
A 000482 R16 100072 920e work_low
A 000482 R16 100074 da47 work_low
A 000482 R16 100076 4364 work_low
A 000482 R16 100078 50f5 work_low
A 000482 R16 10007a 94ca work_low
A 000482 R16 10007c e7f3 work_low
A 000482 R16 10007e 87c0 work_low
A 000482 R16 100080 a6c1 work_low
A 000482 R16 100082 41c6 work_low
A 000482 R16 100084 48df work_low
A 000482 R16 100086 6c5c work_low
A 000482 R16 100088 1dcd work_low
A 000482 R16 10008a 9502 work_low
A 000482 R16 10008c e90b work_low
A 000482 R16 10008e 8d38 work_low
A 000482 R16 100090 c219 work_low
A 000482 R16 100092 ca7e work_low
A 000482 R16 100094 f477 work_low
A 000482 R16 100096 c654 work_low
A 000482 R16 100098 dfa5 work_low
A 000482 R16 10009a 5e3a work_low
A 000482 R16 10009c d723 work_low
A 000482 R16 10009e 33b0 work_low
A 000482 R16 1000a0 0271 work_low
A 000482 R16 1000a2 0c36 work_low
A 000482 R16 1000a4 3d0f work_low
A 000482 R16 1000a6 314c work_low
A 000482 R16 1000a8 f67d work_low
A 000482 R16 1000aa d072 work_low
A 000482 R16 1000ac 123b work_low
A 000482 R16 1000ae 5b28 work_low
A 000482 R16 1000b0 c7c9 work_low
A 000482 R16 1000b2 e6ee work_low
A 000482 R16 1000b4 82a7 work_low
A 000482 R16 1000b6 8d44 work_low
A 000482 R16 1000b8 c255 work_low
A 000482 R16 1000ba cbaa work_low
A 000482 R16 1000bc fa53 work_low
A 000482 R16 1000be e3a0 work_low
A 000482 R16 1000c0 7221 work_low
A 000482 R16 1000c2 3aa6 work_low
A 000482 R16 1000c4 253f work_low
A 000482 R16 1000c6 ba3c work_low
A 000482 R16 1000c8 a32d work_low
A 000482 R16 1000ca 2fe2 work_low
A 000482 R16 1000cc ef6b work_low
A 000482 R16 1000ce ad18 work_low
A 000482 R16 1000d0 6179 work_low
A 000482 R16 1000d2 e75e work_low
A 000482 R16 1000d4 84d7 work_low
A 000482 R16 1000d6 9834 work_low
A 000482 R16 1000d8 f905 work_low
A 000482 R16 1000da dd1a work_low
A 000482 R16 1000dc 5183 work_low
A 000482 R16 1000de 9790 work_low
A 000482 R16 1000e0 f5d1 work_low
A 000482 R16 1000e2 cd16 work_low
A 000482 R16 1000e4 016f work_low
A 000482 R16 1000e6 072c work_low
A 000482 R16 1000e8 23dd work_low
A 000482 R16 1000ea b352 work_low
A 000482 R16 1000ec 809b work_low
A 000482 R16 1000ee 8308 work_low
A 000482 R16 1000f0 8f29 work_low
A 000482 R16 1000f2 cbce work_low
A 000482 R16 1000f4 fb07 work_low
A 000482 R16 1000f6 e724 work_low
A 000482 R16 1000f8 83b5 work_low
A 000482 R16 1000fa 928a work_low
A 000482 R16 1000fc dcb3 work_low
A 000482 R16 1000fe 4f80 work_low
A 000482 R16 100100 8d81 work_low
A 000482 R16 100102 c386 work_low
A 000482 R16 100104 d19f work_low
A 000482 R16 100106 181c work_low
A 000482 R16 100108 788d work_low
A 000482 R16 10010a 5ac2 work_low
A 000482 R16 10010c c5cb work_low
A 000482 R16 10010e dcf8 work_low
A 000482 R16 100110 50d9 work_low
A 000482 R16 100112 943e work_low
A 000482 R16 100114 e537 work_low
A 000482 R16 100116 7a14 work_low
A 000482 R16 100118 6265 work_low
A 000482 R16 10011a ebfa work_low
A 000482 R16 10011c 9be3 work_low
A 000482 R16 10011e 0b70 work_low
A 000482 R16 100120 3931 work_low
A 000482 R16 100122 1df6 work_low
A 000482 R16 100124 95cf work_low
A 000482 R16 100126 ed0c work_low
A 000482 R16 100128 a13d work_low
A 000482 R16 10012a 2632 work_low
A 000482 R16 10012c befb work_low
A 000482 R16 10012e bae8 work_low
A 000482 R16 100130 a689 work_low
A 000482 R16 100132 40ae work_low
A 000482 R16 100134 4367 work_low
A 000482 R16 100136 5104 work_low
A 000482 R16 100138 9515 work_low
A 000482 R16 10013a e96a work_low
A 000482 R16 10013c 8f13 work_low
A 000482 R16 10013e cb60 work_low
A 000482 R16 100140 f8e1 work_low
A 000482 R16 100142 dc66 work_low
A 000482 R16 100144 4dff work_low
A 000482 R16 100146 85fc work_low
A 000482 R16 100148 9ded work_low
A 000482 R16 10014a 15a2 work_low
A 000482 R16 10014c 6c2b work_low
A 000482 R16 10014e 1cd8 work_low
A 000482 R16 100150 9039 work_low
A 000482 R16 100152 d11e work_low
A 000482 R16 100154 1597 work_low
A 000482 R16 100156 6bf4 work_low
A 000482 R16 100158 1bc5 work_low
A 000482 R16 10015a 8ada work_low
A 000482 R16 10015c b643 work_low
A 000482 R16 10015e 8f50 work_low
A 000482 R16 100160 cc91 work_low
A 000482 R16 100162 fed6 work_low
A 000482 R16 100164 fa2f work_low
A 000482 R16 100166 e2ec work_low
A 000482 R16 100168 6e9d work_low
A 000482 R16 10016a 2912 work_low
A 000482 R16 10016c cd5b work_low
A 000482 R16 10016e 02c8 work_low
A 000482 R16 100170 0de9 work_low
A 000482 R16 100172 458e work_low
A 000482 R16 100174 5bc7 work_low
A 000482 R16 100176 cae4 work_low
A 000482 R16 100178 f675 work_low
A 000482 R16 10017a d04a work_low
A 000482 R16 10017c 1173 work_low
A 000482 R16 10017e 5740 work_low
A 000482 R16 100180 b441 work_low
A 000482 R16 100182 8546 work_low
A 000482 R16 100184 9a5f work_low
A 000482 R16 100186 03dc work_low
A 000482 R16 100188 134d work_low
A 000482 R16 10018a 6082 work_low
A 000482 R16 10018c e28b work_low
A 000482 R16 10018e 6cb8 work_low
A 000482 R16 100190 1f99 work_low
A 000482 R16 100192 9dfe work_low
A 000482 R16 100194 15f7 work_low
A 000482 R16 100196 6dd4 work_low
A 000482 R16 100198 2525 work_low
A 000482 R16 10019a b9ba work_low
A 000482 R16 10019c a0a3 work_low
A 000482 R16 10019e 2330 work_low
A 000482 R16 1001a0 aff1 work_low
A 000482 R16 1001a2 6fb6 work_low
A 000482 R16 1001a4 2e8f work_low
A 000482 R16 1001a6 e8cc work_low
A 000482 R16 1001a8 8bfd work_low
A 000482 R16 1001aa bbf2 work_low
A 000482 R16 1001ac abbb work_low
A 000482 R16 1001ae 5aa8 work_low
A 000482 R16 1001b0 c549 work_low
A 000482 R16 1001b2 da6e work_low
A 000482 R16 1001b4 4427 work_low
A 000482 R16 1001b6 54c4 work_low
A 000482 R16 1001b8 a7d5 work_low
A 000482 R16 1001ba 472a work_low
A 000482 R16 1001bc 63d3 work_low
A 000482 R16 1001be f320 work_low
A 000482 R16 1001c0 bfa1 work_low
A 000482 R16 1001c2 be26 work_low
A 000482 R16 1001c4 b6bf work_low
A 000482 R16 1001c6 91bc work_low
A 000482 R16 1001c8 d8ad work_low
A 000482 R16 1001ca 3b62 work_low
A 000482 R16 1001cc 28eb work_low
A 000482 R16 1001ce cc98 work_low
A 000482 R16 1001d0 fef9 work_low
A 000482 R16 1001d2 fade work_low
A 000482 R16 1001d4 e657 work_low
A 000482 R16 1001d6 7fb4 work_low
A 000482 R16 1001d8 7e85 work_low
A 000482 R16 1001da 789a work_low
A 000482 R16 1001dc 5b03 work_low
A 000482 R16 1001de c710 work_low
A 000482 R16 1001e0 e351 work_low
A 000482 R16 1001e2 7096 work_low
A 000482 R16 1001e4 32ef work_low
A 000482 R16 1001e6 feac work_low
A 000482 R16 1001e8 f95d work_low
A 000482 R16 1001ea ded2 work_low
A 000482 R16 1001ec 5a1b work_low
A 000482 R16 1001ee c288 work_low
A 000482 R16 1001f0 cca9 work_low
A 000482 R16 1001f2 ff4e work_low
A 000482 R16 1001f4 fc87 work_low
A 000482 R16 1001f6 eea4 work_low
A 000482 R16 1001f8 a935 work_low
A 000482 R16 1001fa 4e0a work_low
A 000482 R16 1001fc 8633 work_low
A 000482 R16 1001fe 9f00 work_low
A 000482 R16 100200 1b01 work_low
A 000482 R16 100202 8706 work_low
A 000482 R16 100204 a31f work_low
A 000482 R16 100206 2f9c work_low
A 000482 R16 100208 ee0d work_low
A 000482 R16 10020a a642 work_low
A 000482 R16 10020c 3f4b work_low
A 000482 R16 10020e 3c78 work_low
A 000482 R16 100210 2e59 work_low
A 000482 R16 100212 e7be work_low
A 000482 R16 100214 86b7 work_low
A 000482 R16 100216 a194 work_low
A 000482 R16 100218 27e5 work_low
A 000482 R16 10021a c77a work_low
A 000482 R16 10021c e563 work_low
A 000482 R16 10021e 7af0 work_low
A 000482 R16 100220 66b1 work_low
A 000482 R16 100222 0176 work_low
A 000482 R16 100224 074f work_low
A 000482 R16 100226 248c work_low
A 000482 R16 100228 b6bd work_low
A 000482 R16 10022a 91b2 work_low
A 000482 R16 10022c d87b work_low
A 000482 R16 10022e 3a68 work_low
A 000482 R16 100230 2409 work_low
A 000482 R16 100232 b42e work_low
A 000482 R16 100234 84e7 work_low
A 000482 R16 100236 9884 work_low
A 000482 R16 100238 fa95 work_low
A 000482 R16 10023a e4ea work_low
A 000482 R16 10023c 7893 work_low
A 000482 R16 10023e 5ae0 work_low
A 000482 R16 100240 c661 work_low
A 000482 R16 100242 dfe6 work_low
A 000482 R16 100244 5f7f work_low
A 000482 R16 100246 dd7c work_low
A 000482 R16 100248 536d work_low
A 000482 R16 10024a a122 work_low
A 000482 R16 10024c 25ab work_low
A 000482 R16 10024e bc58 work_low
A 000482 R16 100250 adb9 work_low
A 000482 R16 100252 649e work_low
A 000482 R16 100254 f717 work_low
A 000482 R16 100256 d374 work_low
A 000482 R16 100258 2145 work_low
A 000482 R16 10025a a65a work_low
A 000482 R16 10025c 3fc3 work_low
A 000482 R16 10025e 3ed0 work_low
A 000482 R16 100260 3a11 work_low
A 000482 R16 100262 2256 work_low
A 000482 R16 100264 abaf work_low
A 000482 R16 100266 5a6c work_low
A 000482 R16 100268 c41d work_low
A 000482 R16 10026a d492 work_low
A 000482 R16 10026c 26db work_low
A 000482 R16 10026e c248 work_low
A 000482 R16 100270 cb69 work_low
A 000482 R16 100272 f90e work_low
A 000482 R16 100274 dd47 work_low
A 000482 R16 100276 5264 work_low
A 000482 R16 100278 9bf5 work_low
A 000482 R16 10027a 0bca work_low
A 000482 R16 10027c 3af3 work_low
A 000482 R16 10027e 26c0 work_low
A 000482 R16 100280 c1c1 work_low
A 000482 R16 100282 c8c6 work_low
A 000482 R16 100284 ebdf work_low
A 000482 R16 100286 9b5c work_low
A 000482 R16 100288 08cd work_low
A 000482 R16 10028a 2c02 work_low
A 000482 R16 10028c dc0b work_low
A 000482 R16 10028e 4c38 work_low
A 000482 R16 100290 7d19 work_low
A 000482 R16 100292 717e work_low
A 000482 R16 100294 3777 work_low
A 000482 R16 100296 1554 work_low
A 000482 R16 100298 6aa5 work_low
A 000482 R16 10029a 153a work_low
A 000482 R16 10029c 6a23 work_low
A 000482 R16 10029e 12b0 work_low
A 000482 R16 1002a0 5d71 work_low
A 000482 R16 1002a2 d336 work_low
A 000482 R16 1002a4 200f work_low
A 000482 R16 1002a6 a04c work_low
A 000482 R16 1002a8 217d work_low
A 000482 R16 1002aa a772 work_low
A 000482 R16 1002ac 453b work_low
A 000482 R16 1002ae 5a28 work_low
A 000482 R16 1002b0 c2c9 work_low
A 000482 R16 1002b2 cdee work_low
A 000482 R16 1002b4 05a7 work_low
A 000482 R16 1002b6 1c44 work_low
A 000482 R16 1002b8 8d55 work_low
A 000482 R16 1002ba c2aa work_low
A 000482 R16 1002bc cd53 work_low
A 000482 R16 1002be 02a0 work_low
A 000482 R16 1002c0 0d21 work_low
A 000482 R16 1002c2 41a6 work_low
A 000482 R16 1002c4 483f work_low
A 000482 R16 1002c6 693c work_low
A 000482 R16 1002c8 0e2d work_low
A 000482 R16 1002ca 46e2 work_low
A 000482 R16 1002cc 626b work_low
A 000482 R16 1002ce ec18 work_low
A 000482 R16 1002d0 9c79 work_low
A 000482 R16 1002d2 0e5e work_low
A 000482 R16 1002d4 47d7 work_low
A 000482 R16 1002d6 6734 work_low
A 000482 R16 1002d8 0405 work_low
A 000482 R16 1002da 141a work_low
A 000482 R16 1002dc 6483 work_low
A 000482 R16 1002de f690 work_low
A 000482 R16 1002e0 d0d1 work_low
A 000482 R16 1002e2 1416 work_low
A 000482 R16 1002e4 646f work_low
A 000482 R16 1002e6 f62c work_low
A 000482 R16 1002e8 cedd work_low
A 000482 R16 1002ea 0a52 work_low
A 000482 R16 1002ec 339b work_low
A 000482 R16 1002ee 0208 work_low
A 000482 R16 1002f0 0a29 work_low
A 000482 R16 1002f2 32ce work_low
A 000482 R16 1002f4 fe07 work_low
A 000482 R16 1002f6 f624 work_low
A 000482 R16 1002f8 ceb5 work_low
A 000482 R16 1002fa 098a work_low
A 000482 R16 1002fc 2fb3 work_low
A 000482 R16 1002fe ee80 work_low
A 000482 R16 100300 a881 work_low
A 000482 R16 100302 4a86 work_low
A 000482 R16 100304 749f work_low
A 000482 R16 100306 471c work_low
A 000482 R16 100308 638d work_low
A 000482 R16 10030a f1c2 work_low
A 000482 R16 10030c b8cb work_low
A 000482 R16 10030e 9bf8 work_low
A 000482 R16 100310 0bd9 work_low
A 000482 R16 100312 3b3e work_low
A 000482 R16 100314 2837 work_low
A 000482 R16 100316 c914 work_low
A 000482 R16 100318 ed65 work_low
A 000482 R16 10031a a2fa work_low
A 000482 R16 10031c 2ee3 work_low
A 000482 R16 10031e ea70 work_low
A 000482 R16 100320 9431 work_low
A 000482 R16 100322 e4f6 work_low
A 000482 R16 100324 78cf work_low
A 000482 R16 100326 5c0c work_low
A 000482 R16 100328 cc3d work_low
A 000482 R16 10032a fd32 work_low
A 000482 R16 10032c f1fb work_low
A 000482 R16 10032e b9e8 work_low
A 000482 R16 100330 a189 work_low
A 000482 R16 100332 27ae work_low
A 000482 R16 100334 c667 work_low
A 000482 R16 100336 e004 work_low
A 000482 R16 100338 6015 work_low
A 000482 R16 10033a e06a work_low
A 000482 R16 10033c 6213 work_low
A 000482 R16 10033e ea60 work_low
A 000482 R16 100340 93e1 work_low
A 000482 R16 100342 e366 work_low
A 000482 R16 100344 70ff work_low
A 000482 R16 100346 34fc work_low
A 000482 R16 100348 08ed work_low
A 000482 R16 10034a 2ca2 work_low
A 000482 R16 10034c df2b work_low
A 000482 R16 10034e 5bd8 work_low
A 000482 R16 100350 cb39 work_low
A 000482 R16 100352 f81e work_low
A 000482 R16 100354 d897 work_low
A 000482 R16 100356 3af4 work_low
A 000482 R16 100358 26c5 work_low
A 000482 R16 10035a c1da work_low
A 000482 R16 10035c c943 work_low
A 000482 R16 10035e ee50 work_low
A 000482 R16 100360 a791 work_low
A 000482 R16 100362 45d6 work_low
A 000482 R16 100364 5d2f work_low
A 000482 R16 100366 d1ec work_low
A 000482 R16 100368 199d work_low
A 000482 R16 10036a 8012 work_low
A 000482 R16 10036c 805b work_low
A 000482 R16 10036e 81c8 work_low
A 000482 R16 100370 88e9 work_low
A 000482 R16 100372 ac8e work_low
A 000482 R16 100374 5ec7 work_low
A 000482 R16 100376 d9e4 work_low
A 000482 R16 100378 4175 work_low
A 000482 R16 10037a 474a work_low
A 000482 R16 10037c 6473 work_low
A 000482 R16 10037e f640 work_low
A 000482 R16 100380 cf41 work_low
A 000482 R16 100382 0c46 work_low
A 000482 R16 100384 3d5f work_low
A 000482 R16 100386 32dc work_low
A 000482 R16 100388 fe4d work_low
A 000482 R16 10038a f782 work_low
A 000482 R16 10038c d58b work_low
A 000482 R16 10038e 2bb8 work_low
A 000482 R16 100390 da99 work_low
A 000482 R16 100392 44fe work_low
A 000482 R16 100394 58f7 work_low
A 000482 R16 100396 bcd4 work_low
A 000482 R16 100398 b025 work_low
A 000482 R16 10039a 70ba work_low
A 000482 R16 10039c 33a3 work_low
A 000482 R16 10039e 0230 work_low
A 000482 R16 1003a0 0af1 work_low
A 000482 R16 1003a2 36b6 work_low
A 000482 R16 1003a4 118f work_low
A 000482 R16 1003a6 57cc work_low
A 000482 R16 1003a8 b6fd work_low
A 000482 R16 1003aa 92f2 work_low
A 000482 R16 1003ac debb work_low
A 000482 R16 1003ae 59a8 work_low
A 000482 R16 1003b0 c049 work_low
A 000482 R16 1003b2 c16e work_low
A 000482 R16 1003b4 c727 work_low
A 000482 R16 1003b6 e3c4 work_low
A 000482 R16 1003b8 72d5 work_low
A 000482 R16 1003ba 3e2a work_low
A 000482 R16 1003bc 36d3 work_low
A 000482 R16 1003be 1220 work_low
A 000482 R16 1003c0 5aa1 work_low
A 000482 R16 1003c2 c526 work_low
A 000482 R16 1003c4 d9bf work_low
A 000482 R16 1003c6 40bc work_low
A 000482 R16 1003c8 43ad work_low
A 000482 R16 1003ca 5262 work_low
A 000482 R16 1003cc 9beb work_low
A 000482 R16 1003ce 0b98 work_low
A 000482 R16 1003d0 39f9 work_low
A 000482 R16 1003d2 21de work_low
A 000482 R16 1003d4 a957 work_low
A 000482 R16 1003d6 4eb4 work_low
A 000482 R16 1003d8 8985 work_low
A 000482 R16 1003da af9a work_low
A 000482 R16 1003dc 6e03 work_low
A 000482 R16 1003de 2610 work_low
A 000482 R16 1003e0 be51 work_low
A 000482 R16 1003e2 b796 work_low
A 000482 R16 1003e4 95ef work_low
A 000482 R16 1003e6 edac work_low
A 000482 R16 1003e8 a45d work_low
A 000482 R16 1003ea 35d2 work_low
A 000482 R16 1003ec 0d1b work_low
A 000482 R16 1003ee 4188 work_low
A 000482 R16 1003f0 47a9 work_low
A 000482 R16 1003f2 664e work_low
A 000482 R16 1003f4 ff87 work_low
A 000482 R16 1003f6 fda4 work_low
A 000482 R16 1003f8 f435 work_low
A 000482 R16 1003fa c50a work_low
A 000482 R16 1003fc d933 work_low
A 000482 R16 1003fe 3e00 work_low
A 000482 R16 100400 3601 work_low
A 000482 R16 100402 0e06 work_low
A 000482 R16 100404 461f work_low
A 000482 R16 100406 5e9c work_low
A 000482 R16 100408 d90d work_low
A 000482 R16 10040a 3d42 work_low
A 000482 R16 10040c 324b work_low
A 000482 R16 10040e fb78 work_low
A 000482 R16 100410 e959 work_low
A 000482 R16 100412 8ebe work_low
A 000482 R16 100414 c9b7 work_low
A 000482 R16 100416 f094 work_low
A 000482 R16 100418 b2e5 work_low
A 000482 R16 10041a 7e7a work_low
A 000482 R16 10041c 7863 work_low
A 000482 R16 10041e 59f0 work_low
A 000482 R16 100420 c1b1 work_low
A 000482 R16 100422 c876 work_low
A 000482 R16 100424 ea4f work_low
A 000482 R16 100426 938c work_low
A 000482 R16 100428 e1bd work_low
A 000482 R16 10042a 68b2 work_low
A 000482 R16 10042c 0b7b work_low
A 000482 R16 10042e 3968 work_low
A 000482 R16 100430 1f09 work_low
A 000482 R16 100432 9b2e work_low
A 000482 R16 100434 07e7 work_low
A 000482 R16 100436 2784 work_low
A 000482 R16 100438 c595 work_low
A 000482 R16 10043a dbea work_low
A 000482 R16 10043c 4b93 work_low
A 000482 R16 10043e 79e0 work_low
A 000482 R16 100440 6161 work_low
A 000482 R16 100442 e6e6 work_low
A 000482 R16 100444 827f work_low
A 000482 R16 100446 8c7c work_low
A 000482 R16 100448 be6d work_low
A 000482 R16 10044a b822 work_low
A 000482 R16 10044c 98ab work_low
A 000482 R16 10044e fb58 work_low
A 000482 R16 100450 e8b9 work_low
A 000482 R16 100452 8b9e work_low
A 000482 R16 100454 ba17 work_low
A 000482 R16 100456 a274 work_low
A 000482 R16 100458 2c45 work_low
A 000482 R16 10045a dd5a work_low
A 000482 R16 10045c 52c3 work_low
A 000482 R16 10045e 9dd0 work_low
A 000482 R16 100460 1511 work_low
A 000482 R16 100462 6956 work_low
A 000482 R16 100464 0eaf work_low
A 000482 R16 100466 496c work_low
A 000482 R16 100468 6f1d work_low
A 000482 R16 10046a 2b92 work_low
A 000482 R16 10046c d9db work_low
A 000482 R16 10046e 4148 work_low
A 000482 R16 100470 4669 work_low
A 000482 R16 100472 600e work_low
A 000482 R16 100474 e047 work_low
A 000482 R16 100476 6164 work_low
A 000482 R16 100478 e6f5 work_low
A 000482 R16 10047a 82ca work_low
A 000482 R16 10047c 8df3 work_low
A 000482 R16 10047e c5c0 work_low
A 000482 R16 100480 dcc1 work_low
A 000482 R16 100482 4fc6 work_low
A 000482 R16 100484 8edf work_low
A 000482 R16 100486 ca5c work_low
A 000482 R16 100488 f3cd work_low
A 000482 R16 10048a c302 work_low
A 000482 R16 10048c cf0b work_low
A 000482 R16 10048e 0b38 work_low
A 000482 R16 100490 3819 work_low
A 000482 R16 100492 187e work_low
A 000482 R16 100494 7a77 work_low
A 000482 R16 100496 6454 work_low
A 000482 R16 100498 f5a5 work_low
A 000482 R16 10049a cc3a work_low
A 000482 R16 10049c fd23 work_low
A 000482 R16 10049e f1b0 work_low
A 000482 R16 1004a0 b871 work_low
A 000482 R16 1004a2 9a36 work_low
A 000482 R16 1004a4 030f work_low
A 000482 R16 1004a6 0f4c work_low
A 000482 R16 1004a8 4c7d work_low
A 000482 R16 1004aa 7e72 work_low
A 000482 R16 1004ac 783b work_low
A 000482 R16 1004ae 5928 work_low
A 000482 R16 1004b0 bdc9 work_low
A 000482 R16 1004b2 b4ee work_low
A 000482 R16 1004b4 88a7 work_low
A 000482 R16 1004b6 ab44 work_low
A 000482 R16 1004b8 5855 work_low
A 000482 R16 1004ba b9aa work_low
A 000482 R16 1004bc a053 work_low
A 000482 R16 1004be 21a0 work_low
A 000482 R16 1004c0 a821 work_low
A 000482 R16 1004c2 48a6 work_low
A 000482 R16 1004c4 6b3f work_low
A 000482 R16 1004c6 183c work_low
A 000482 R16 1004c8 792d work_low
A 000482 R16 1004ca 5de2 work_low
A 000482 R16 1004cc d56b work_low
A 000482 R16 1004ce 2b18 work_low
A 000482 R16 1004d0 d779 work_low
A 000482 R16 1004d2 355e work_low
A 000482 R16 1004d4 0ad7 work_low
A 000482 R16 1004d6 3634 work_low
A 000482 R16 1004d8 0f05 work_low
A 000482 R16 1004da 4b1a work_low
A 000482 R16 1004dc 7783 work_low
A 000482 R16 1004de 5590 work_low
A 000482 R16 1004e0 abd1 work_low
A 000482 R16 1004e2 5b16 work_low
A 000482 R16 1004e4 c76f work_low
A 000482 R16 1004e6 e52c work_low
A 000482 R16 1004e8 79dd work_low
A 000482 R16 1004ea 6152 work_low
A 000482 R16 1004ec e69b work_low
A 000482 R16 1004ee 8108 work_low
A 000482 R16 1004f0 8529 work_low
A 000482 R16 1004f2 99ce work_low
A 000482 R16 1004f4 0107 work_low
A 000482 R16 1004f6 0524 work_low
A 000482 R16 1004f8 19b5 work_low
A 000482 R16 1004fa 808a work_low
A 000482 R16 1004fc 82b3 work_low
A 000482 R16 1004fe 8d80 work_low
A 000482 R16 100500 c381 work_low
A 000482 R16 100502 d186 work_low
A 000482 R16 100504 179f work_low
A 000482 R16 100506 761c work_low
A 000482 R16 100508 4e8d work_low
A 000482 R16 10050a 88c2 work_low
A 000482 R16 10050c abcb work_low
A 000482 R16 10050e 5af8 work_low
A 000482 R16 100510 c6d9 work_low
A 000482 R16 100512 e23e work_low
A 000482 R16 100514 6b37 work_low
A 000482 R16 100516 1814 work_low
A 000482 R16 100518 7865 work_low
A 000482 R16 10051a 59fa work_low
A 000482 R16 10051c c1e3 work_low
A 000482 R16 10051e c970 work_low
A 000482 R16 100520 ef31 work_low
A 000482 R16 100522 abf6 work_low
A 000482 R16 100524 5bcf work_low
A 000482 R16 100526 cb0c work_low
A 000482 R16 100528 f73d work_low
A 000482 R16 10052a d432 work_low
A 000482 R16 10052c 24fb work_low
A 000482 R16 10052e b8e8 work_low
A 000482 R16 100530 9c89 work_low
A 000482 R16 100532 0eae work_low
A 000482 R16 100534 4967 work_low
A 000482 R16 100536 6f04 work_low
A 000482 R16 100538 2b15 work_low
A 000482 R16 10053a d76a work_low
A 000482 R16 10053c 3513 work_low
A 000482 R16 10053e 0960 work_low
A 000482 R16 100540 2ee1 work_low
A 000482 R16 100542 ea66 work_low
A 000482 R16 100544 93ff work_low
A 000482 R16 100546 e3fc work_low
A 000482 R16 100548 73ed work_low
A 000482 R16 10054a 43a2 work_low
A 000482 R16 10054c 522b work_low
A 000482 R16 10054e 9ad8 work_low
A 000482 R16 100550 0639 work_low
A 000482 R16 100552 1f1e work_low
A 000482 R16 100554 9b97 work_low
A 000482 R16 100556 09f4 work_low
A 000482 R16 100558 31c5 work_low
A 000482 R16 10055a f8da work_low
A 000482 R16 10055c dc43 work_low
A 000482 R16 10055e 4d50 work_low
A 000482 R16 100560 8291 work_low
A 000482 R16 100562 8cd6 work_low
A 000482 R16 100564 c02f work_low
A 000482 R16 100566 c0ec work_low
A 000482 R16 100568 c49d work_low
A 000482 R16 10056a d712 work_low
A 000482 R16 10056c 335b work_low
A 000482 R16 10056e 00c8 work_low
A 000482 R16 100570 03e9 work_low
A 000482 R16 100572 138e work_low
A 000482 R16 100574 61c7 work_low
A 000482 R16 100576 e8e4 work_low
A 000482 R16 100578 8c75 work_low
A 000482 R16 10057a be4a work_low
A 000482 R16 10057c b773 work_low
A 000482 R16 10057e 9540 work_low
A 000482 R16 100580 ea41 work_low
A 000482 R16 100582 9346 work_low
A 000482 R16 100584 e05f work_low
A 000482 R16 100586 61dc work_low
A 000482 R16 100588 e94d work_low
A 000482 R16 10058a 8e82 work_low
A 000482 R16 10058c c88b work_low
A 000482 R16 10058e eab8 work_low
A 000482 R16 100590 9599 work_low
A 000482 R16 100592 ebfe work_low
A 000482 R16 100594 9bf7 work_low
A 000482 R16 100596 0bd4 work_low
A 000482 R16 100598 3b25 work_low
A 000482 R16 10059a 27ba work_low
A 000482 R16 10059c c6a3 work_low
A 000482 R16 10059e e130 work_low
A 000482 R16 1005a0 65f1 work_low
A 000482 R16 1005a2 fdb6 work_low
A 000482 R16 1005a4 f48f work_low
A 000482 R16 1005a6 c6cc work_low
A 000482 R16 1005a8 e1fd work_low
A 000482 R16 1005aa 69f2 work_low
A 000482 R16 1005ac 11bb work_low
A 000482 R16 1005ae 58a8 work_low
A 000482 R16 1005b0 bb49 work_low
A 000482 R16 1005b2 a86e work_low
A 000482 R16 1005b4 4a27 work_low
A 000482 R16 1005b6 72c4 work_low
A 000482 R16 1005b8 3dd5 work_low
A 000482 R16 1005ba 352a work_low
A 000482 R16 1005bc 09d3 work_low
A 000482 R16 1005be 3120 work_low
A 000482 R16 1005c0 f5a1 work_low
A 000482 R16 1005c2 cc26 work_low
A 000482 R16 1005c4 fcbf work_low
A 000482 R16 1005c6 efbc work_low
A 000482 R16 1005c8 aead work_low
A 000482 R16 1005ca 6962 work_low
A 000482 R16 1005cc 0eeb work_low
A 000482 R16 1005ce 4a98 work_low
A 000482 R16 1005d0 74f9 work_low
A 000482 R16 1005d2 48de work_low
A 000482 R16 1005d4 6c57 work_low
A 000482 R16 1005d6 1db4 work_low
A 000482 R16 1005d8 9485 work_low
A 000482 R16 1005da e69a work_low
A 000482 R16 1005dc 8103 work_low
A 000482 R16 1005de 8510 work_low
A 000482 R16 1005e0 9951 work_low
A 000482 R16 1005e2 fe96 work_low
A 000482 R16 1005e4 f8ef work_low
A 000482 R16 1005e6 dcac work_low
A 000482 R16 1005e8 4f5d work_low
A 000482 R16 1005ea 8cd2 work_low
A 000482 R16 1005ec c01b work_low
A 000482 R16 1005ee c088 work_low
A 000482 R16 1005f0 c2a9 work_low
A 000482 R16 1005f2 cd4e work_low
A 000482 R16 1005f4 0287 work_low
A 000482 R16 1005f6 0ca4 work_low
A 000482 R16 1005f8 3f35 work_low
A 000482 R16 1005fa 3c0a work_low
A 000482 R16 1005fc 2c33 work_low
A 000482 R16 1005fe dd00 work_low
A 000482 R16 100600 5101 work_low
A 000482 R16 100602 9506 work_low
A 000482 R16 100604 e91f work_low
A 000482 R16 100606 8d9c work_low
A 000482 R16 100608 c40d work_low
A 000482 R16 10060a d442 work_low
A 000482 R16 10060c 254b work_low
A 000482 R16 10060e ba78 work_low
A 000482 R16 100610 a459 work_low
A 000482 R16 100612 35be work_low
A 000482 R16 100614 0cb7 work_low
A 000482 R16 100616 3f94 work_low
A 000482 R16 100618 3de5 work_low
A 000482 R16 10061a 357a work_low
A 000482 R16 10061c 0b63 work_low
A 000482 R16 10061e 38f0 work_low
A 000482 R16 100620 1cb1 work_low
A 000482 R16 100622 8f76 work_low
A 000482 R16 100624 cd4f work_low
A 000482 R16 100626 028c work_low
A 000482 R16 100628 0cbd work_low
A 000482 R16 10062a 3fb2 work_low
A 000482 R16 10062c 3e7b work_low
A 000482 R16 10062e 3868 work_low
A 000482 R16 100630 1a09 work_low
A 000482 R16 100632 822e work_low
A 000482 R16 100634 8ae7 work_low
A 000482 R16 100636 b684 work_low
A 000482 R16 100638 9095 work_low
A 000482 R16 10063a d2ea work_low
A 000482 R16 10063c 1e93 work_low
A 000482 R16 10063e 98e0 work_low
A 000482 R16 100640 fc61 work_low
A 000482 R16 100642 ede6 work_low
A 000482 R16 100644 a57f work_low
A 000482 R16 100646 3b7c work_low
A 000482 R16 100648 296d work_low
A 000482 R16 10064a cf22 work_low
A 000482 R16 10064c 0bab work_low
A 000482 R16 10064e 3a58 work_low
A 000482 R16 100650 23b9 work_low
A 000482 R16 100652 b29e work_low
A 000482 R16 100654 7d17 work_low
A 000482 R16 100656 7174 work_low
A 000482 R16 100658 3745 work_low
A 000482 R16 10065a 145a work_low
A 000482 R16 10065c 65c3 work_low
A 000482 R16 10065e fcd0 work_low
A 000482 R16 100660 f011 work_low
A 000482 R16 100662 b056 work_low
A 000482 R16 100664 71af work_low
A 000482 R16 100666 386c work_low
A 000482 R16 100668 1a1d work_low
A 000482 R16 10066a 8292 work_low
A 000482 R16 10066c 8cdb work_low
A 000482 R16 10066e c048 work_low
A 000482 R16 100670 c169 work_low
A 000482 R16 100672 c70e work_low
A 000482 R16 100674 e347 work_low
A 000482 R16 100676 7064 work_low
A 000482 R16 100678 31f5 work_low
A 000482 R16 10067a f9ca work_low
A 000482 R16 10067c e0f3 work_low
A 000482 R16 10067e 64c0 work_low
A 000482 R16 100680 f7c1 work_low
A 000482 R16 100682 d6c6 work_low
A 000482 R16 100684 31df work_low
A 000482 R16 100686 f95c work_low
A 000482 R16 100688 decd work_low
A 000482 R16 10068a 5a02 work_low
A 000482 R16 10068c c20b work_low
A 000482 R16 10068e ca38 work_low
A 000482 R16 100690 f319 work_low
A 000482 R16 100692 bf7e work_low
A 000482 R16 100694 bd77 work_low
A 000482 R16 100696 b354 work_low
A 000482 R16 100698 80a5 work_low
A 000482 R16 10069a 833a work_low
A 000482 R16 10069c 9023 work_low
A 000482 R16 10069e d0b0 work_low
A 000482 R16 1006a0 1371 work_low
A 000482 R16 1006a2 6136 work_low
A 000482 R16 1006a4 e60f work_low
A 000482 R16 1006a6 7e4c work_low
A 000482 R16 1006a8 777d work_low
A 000482 R16 1006aa 5572 work_low
A 000482 R16 1006ac ab3b work_low
A 000482 R16 1006ae 5828 work_low
A 000482 R16 1006b0 b8c9 work_low
A 000482 R16 1006b2 9bee work_low
A 000482 R16 1006b4 0ba7 work_low
A 000482 R16 1006b6 3a44 work_low
A 000482 R16 1006b8 2355 work_low
A 000482 R16 1006ba b0aa work_low
A 000482 R16 1006bc 7353 work_low
A 000482 R16 1006be 40a0 work_low
A 000482 R16 1006c0 4321 work_low
A 000482 R16 1006c2 4fa6 work_low
A 000482 R16 1006c4 8e3f work_low
A 000482 R16 1006c6 c73c work_low
A 000482 R16 1006c8 e42d work_low
A 000482 R16 1006ca 74e2 work_low
A 000482 R16 1006cc 486b work_low
A 000482 R16 1006ce 6a18 work_low
A 000482 R16 1006d0 1279 work_low
A 000482 R16 1006d2 5c5e work_low
A 000482 R16 1006d4 cdd7 work_low
A 000482 R16 1006d6 0534 work_low
A 000482 R16 1006d8 1a05 work_low
A 000482 R16 1006da 821a work_low
A 000482 R16 1006dc 8a83 work_low
A 000482 R16 1006de b490 work_low
A 000482 R16 1006e0 86d1 work_low
A 000482 R16 1006e2 a216 work_low
A 000482 R16 1006e4 2a6f work_low
A 000482 R16 1006e6 d42c work_low
A 000482 R16 1006e8 24dd work_low
A 000482 R16 1006ea b852 work_low
A 000482 R16 1006ec 999b work_low
A 000482 R16 1006ee 0008 work_low
A 000482 R16 1006f0 0029 work_low
A 000482 R16 1006f2 00ce work_low
A 000482 R16 1006f4 0407 work_low
A 000482 R16 1006f6 1424 work_low
A 000482 R16 1006f8 64b5 work_low
A 000482 R16 1006fa f78a work_low
A 000482 R16 1006fc d5b3 work_low
A 000482 R16 1006fe 2c80 work_low
A 000482 R16 100700 de81 work_low
A 000482 R16 100702 5886 work_low
A 000482 R16 100704 ba9f work_low
A 000482 R16 100706 a51c work_low
A 000482 R16 100708 398d work_low
A 000482 R16 10070a 1fc2 work_low
A 000482 R16 10070c 9ecb work_low
A 000482 R16 10070e 19f8 work_low
A 000482 R16 100710 81d9 work_low
A 000482 R16 100712 893e work_low
A 000482 R16 100714 ae37 work_low
A 000482 R16 100716 6714 work_low
A 000482 R16 100718 0365 work_low
A 000482 R16 10071a 10fa work_low
A 000482 R16 10071c 54e3 work_low
A 000482 R16 10071e a870 work_low
A 000482 R16 100720 4a31 work_low
A 000482 R16 100722 72f6 work_low
A 000482 R16 100724 3ecf work_low
A 000482 R16 100726 3a0c work_low
A 000482 R16 100728 223d work_low
A 000482 R16 10072a ab32 work_low
A 000482 R16 10072c 57fb work_low
A 000482 R16 10072e b7e8 work_low
A 000482 R16 100730 9789 work_low
A 000482 R16 100732 f5ae work_low
A 000482 R16 100734 cc67 work_low
A 000482 R16 100736 fe04 work_low
A 000482 R16 100738 f615 work_low
A 000482 R16 10073a ce6a work_low
A 000482 R16 10073c 0813 work_low
A 000482 R16 10073e 2860 work_low
A 000482 R16 100740 c9e1 work_low
A 000482 R16 100742 f166 work_low
A 000482 R16 100744 b6ff work_low
A 000482 R16 100746 92fc work_low
A 000482 R16 100748 deed work_low
A 000482 R16 10074a 5aa2 work_low
A 000482 R16 10074c c52b work_low
A 000482 R16 10074e d9d8 work_low
A 000482 R16 100750 4139 work_low
A 000482 R16 100752 461e work_low
A 000482 R16 100754 5e97 work_low
A 000482 R16 100756 d8f4 work_low
A 000482 R16 100758 3cc5 work_low
A 000482 R16 10075a 2fda work_low
A 000482 R16 10075c ef43 work_low
A 000482 R16 10075e ac50 work_low
A 000482 R16 100760 5d91 work_low
A 000482 R16 100762 d3d6 work_low
A 000482 R16 100764 232f work_low
A 000482 R16 100766 afec work_low
A 000482 R16 100768 6f9d work_low
A 000482 R16 10076a 2e12 work_low
A 000482 R16 10076c e65b work_low
A 000482 R16 10076e 7fc8 work_low
A 000482 R16 100770 7ee9 work_low
A 000482 R16 100772 7a8e work_low
A 000482 R16 100774 64c7 work_low
A 000482 R16 100776 f7e4 work_low
A 000482 R16 100778 d775 work_low
A 000482 R16 10077a 354a work_low
A 000482 R16 10077c 0a73 work_low
A 000482 R16 10077e 3440 work_low
A 000482 R16 100780 0541 work_low
A 000482 R16 100782 1a46 work_low
A 000482 R16 100784 835f work_low
A 000482 R16 100786 90dc work_low
A 000482 R16 100788 d44d work_low
A 000482 R16 10078a 2582 work_low
A 000482 R16 10078c bb8b work_low
A 000482 R16 10078e a9b8 work_low
A 000482 R16 100790 5099 work_low
A 000482 R16 100792 92fe work_low
A 000482 R16 100794 def7 work_low
A 000482 R16 100796 5ad4 work_low
A 000482 R16 100798 c625 work_low
A 000482 R16 10079a deba work_low
A 000482 R16 10079c 59a3 work_low
A 000482 R16 10079e c030 work_low
A 000482 R16 1007a0 c0f1 work_low
A 000482 R16 1007a2 c4b6 work_low
A 000482 R16 1007a4 d78f work_low
A 000482 R16 1007a6 35cc work_low
A 000482 R16 1007a8 0cfd work_low
A 000482 R16 1007aa 40f2 work_low
A 000482 R16 1007ac 44bb work_low
A 000482 R16 1007ae 57a8 work_low
A 000482 R16 1007b0 b649 work_low
A 000482 R16 1007b2 8f6e work_low
A 000482 R16 1007b4 cd27 work_low
A 000482 R16 1007b6 01c4 work_low
A 000482 R16 1007b8 08d5 work_low
A 000482 R16 1007ba 2c2a work_low
A 000482 R16 1007bc dcd3 work_low
A 000482 R16 1007be 5020 work_low
A 000482 R16 1007c0 90a1 work_low
A 000482 R16 1007c2 d326 work_low
A 000482 R16 1007c4 1fbf work_low
A 000482 R16 1007c6 9ebc work_low
A 000482 R16 1007c8 19ad work_low
A 000482 R16 1007ca 8062 work_low
A 000482 R16 1007cc 81eb work_low
A 000482 R16 1007ce 8998 work_low
A 000482 R16 1007d0 aff9 work_low
A 000482 R16 1007d2 6fde work_low
A 000482 R16 1007d4 2f57 work_low
A 000482 R16 1007d6 ecb4 work_low
A 000482 R16 1007d8 9f85 work_low
A 000482 R16 1007da 1d9a work_low
A 000482 R16 1007dc 9403 work_low
A 000482 R16 1007de e410 work_low
A 000482 R16 1007e0 7451 work_low
A 000482 R16 1007e2 4596 work_low
A 000482 R16 1007e4 5bef work_low
A 000482 R16 1007e6 cbac work_low
A 000482 R16 1007e8 fa5d work_low
A 000482 R16 1007ea e3d2 work_low
A 000482 R16 1007ec 731b work_low
A 000482 R16 1007ee 3f88 work_low
A 000482 R16 1007f0 3da9 work_low
A 000482 R16 1007f2 344e work_low
A 000482 R16 1007f4 0587 work_low
A 000482 R16 1007f6 1ba4 work_low
A 000482 R16 1007f8 8a35 work_low
A 000482 R16 1007fa b30a work_low
A 000482 R16 1007fc 7f33 work_low
A 000482 R16 1007fe 7c00 work_low
A 000482 R16 100800 6c01 work_low
A 000482 R16 100802 1c06 work_low
A 000482 R16 100804 8c1f work_low
A 000482 R16 100806 bc9c work_low
A 000482 R16 100808 af0d work_low
A 000482 R16 10080a 6b42 work_low
A 000482 R16 10080c 184b work_low
A 000482 R16 10080e 7978 work_low
A 000482 R16 100810 5f59 work_low
A 000482 R16 100812 dcbe work_low
A 000482 R16 100814 4fb7 work_low
A 000482 R16 100816 8e94 work_low
A 000482 R16 100818 c8e5 work_low
A 000482 R16 10081a ec7a work_low
A 000482 R16 10081c 9e63 work_low
A 000482 R16 10081e 17f0 work_low
A 000482 R16 100820 77b1 work_low
A 000482 R16 100822 5676 work_low
A 000482 R16 100824 b04f work_low
A 000482 R16 100826 718c work_low
A 000482 R16 100828 37bd work_low
A 000482 R16 10082a 16b2 work_low
A 000482 R16 10082c 717b work_low
A 000482 R16 10082e 3768 work_low
A 000482 R16 100830 1509 work_low
A 000482 R16 100832 692e work_low
A 000482 R16 100834 0de7 work_low
A 000482 R16 100836 4584 work_low
A 000482 R16 100838 5b95 work_low
A 000482 R16 10083a c9ea work_low
A 000482 R16 10083c f193 work_low
A 000482 R16 10083e b7e0 work_low
A 000482 R16 100840 9761 work_low
A 000482 R16 100842 f4e6 work_low
A 000482 R16 100844 c87f work_low
A 000482 R16 100846 ea7c work_low
A 000482 R16 100848 946d work_low
A 000482 R16 10084a e622 work_low
A 000482 R16 10084c 7eab work_low
A 000482 R16 10084e 7958 work_low
A 000482 R16 100850 5eb9 work_low
A 000482 R16 100852 d99e work_low
A 000482 R16 100854 4017 work_low
A 000482 R16 100856 4074 work_low
A 000482 R16 100858 4245 work_low
A 000482 R16 10085a 4b5a work_low
A 000482 R16 10085c 78c3 work_low
A 000482 R16 10085e 5bd0 work_low
A 000482 R16 100860 cb11 work_low
A 000482 R16 100862 f756 work_low
A 000482 R16 100864 d4af work_low
A 000482 R16 100866 276c work_low
A 000482 R16 100868 c51d work_low
A 000482 R16 10086a d992 work_low
A 000482 R16 10086c 3fdb work_low
A 000482 R16 10086e 3f48 work_low
A 000482 R16 100870 3c69 work_low
A 000482 R16 100872 2e0e work_low
A 000482 R16 100874 e647 work_low
A 000482 R16 100876 7f64 work_low
A 000482 R16 100878 7cf5 work_low
A 000482 R16 10087a 70ca work_low
A 000482 R16 10087c 33f3 work_low
A 000482 R16 10087e 03c0 work_low
A 000482 R16 100880 12c1 work_low
A 000482 R16 100882 5dc6 work_low
A 000482 R16 100884 d4df work_low
A 000482 R16 100886 285c work_low
A 000482 R16 100888 c9cd work_low
A 000482 R16 10088a f102 work_low
A 000482 R16 10088c b50b work_low
A 000482 R16 10088e 8938 work_low
A 000482 R16 100890 ae19 work_low
A 000482 R16 100892 667e work_low
A 000482 R16 100894 0077 work_low
A 000482 R16 100896 0254 work_low
A 000482 R16 100898 0ba5 work_low
A 000482 R16 10089a 3a3a work_low
A 000482 R16 10089c 2323 work_low
A 000482 R16 10089e afb0 work_low
A 000482 R16 1008a0 6e71 work_low
A 000482 R16 1008a2 2836 work_low
A 000482 R16 1008a4 c90f work_low
A 000482 R16 1008a6 ed4c work_low
A 000482 R16 1008a8 a27d work_low
A 000482 R16 1008aa 2c72 work_low
A 000482 R16 1008ac de3b work_low
A 000482 R16 1008ae 5728 work_low
A 000482 R16 1008b0 b3c9 work_low
A 000482 R16 1008b2 82ee work_low
A 000482 R16 1008b4 8ea7 work_low
A 000482 R16 1008b6 c944 work_low
A 000482 R16 1008b8 ee55 work_low
A 000482 R16 1008ba a7aa work_low
A 000482 R16 1008bc 4653 work_low
A 000482 R16 1008be 5fa0 work_low
A 000482 R16 1008c0 de21 work_low
A 000482 R16 1008c2 56a6 work_low
A 000482 R16 1008c4 b13f work_low
A 000482 R16 1008c6 763c work_low
A 000482 R16 1008c8 4f2d work_low
A 000482 R16 1008ca 8be2 work_low
A 000482 R16 1008cc bb6b work_low
A 000482 R16 1008ce a918 work_low
A 000482 R16 1008d0 4d79 work_low
A 000482 R16 1008d2 835e work_low
A 000482 R16 1008d4 90d7 work_low
A 000482 R16 1008d6 d434 work_low
A 000482 R16 1008d8 2505 work_low
A 000482 R16 1008da b91a work_low
A 000482 R16 1008dc 9d83 work_low
A 000482 R16 1008de 1390 work_low
A 000482 R16 1008e0 61d1 work_low
A 000482 R16 1008e2 e916 work_low
A 000482 R16 1008e4 8d6f work_low
A 000482 R16 1008e6 c32c work_low
A 000482 R16 1008e8 cfdd work_low
A 000482 R16 1008ea 0f52 work_low
A 000482 R16 1008ec 4c9b work_low
A 000482 R16 1008ee 7f08 work_low
A 000482 R16 1008f0 7b29 work_low
A 000482 R16 1008f2 67ce work_low
A 000482 R16 1008f4 0707 work_low
A 000482 R16 1008f6 2324 work_low
A 000482 R16 1008f8 afb5 work_low
A 000482 R16 1008fa 6e8a work_low
A 000482 R16 1008fc 28b3 work_low
A 000482 R16 1008fe cb80 work_low
A 000482 R16 100900 f981 work_low
A 000482 R16 100902 df86 work_low
A 000482 R16 100904 5d9f work_low
A 000482 R16 100906 d41c work_low
A 000482 R16 100908 248d work_low
A 000482 R16 10090a b6c2 work_low
A 000482 R16 10090c 91cb work_low
A 000482 R16 10090e d8f8 work_low
A 000482 R16 100910 3cd9 work_low
A 000482 R16 100912 303e work_low
A 000482 R16 100914 f137 work_low
A 000482 R16 100916 b614 work_low
A 000482 R16 100918 8e65 work_low
A 000482 R16 10091a c7fa work_low
A 000482 R16 10091c e7e3 work_low
A 000482 R16 10091e 8770 work_low
A 000482 R16 100920 a531 work_low
A 000482 R16 100922 39f6 work_low
A 000482 R16 100924 21cf work_low
A 000482 R16 100926 a90c work_low
A 000482 R16 100928 4d3d work_low
A 000482 R16 10092a 8232 work_low
A 000482 R16 10092c 8afb work_low
A 000482 R16 10092e b6e8 work_low
A 000482 R16 100930 9289 work_low
A 000482 R16 100932 dcae work_low
A 000482 R16 100934 4f67 work_low
A 000482 R16 100936 8d04 work_low
A 000482 R16 100938 c115 work_low
A 000482 R16 10093a c56a work_low
A 000482 R16 10093c db13 work_low
A 000482 R16 10093e 4760 work_low
A 000482 R16 100940 64e1 work_low
A 000482 R16 100942 f866 work_low
A 000482 R16 100944 d9ff work_low
A 000482 R16 100946 41fc work_low
A 000482 R16 100948 49ed work_low
A 000482 R16 10094a 71a2 work_low
A 000482 R16 10094c 382b work_low
A 000482 R16 10094e 18d8 work_low
A 000482 R16 100950 7c39 work_low
A 000482 R16 100952 6d1e work_low
A 000482 R16 100954 2197 work_low
A 000482 R16 100956 a7f4 work_low
A 000482 R16 100958 47c5 work_low
A 000482 R16 10095a 66da work_low
A 000482 R16 10095c 0243 work_low
A 000482 R16 10095e 0b50 work_low
A 000482 R16 100960 3891 work_low
A 000482 R16 100962 1ad6 work_low
A 000482 R16 100964 862f work_low
A 000482 R16 100966 9eec work_low
A 000482 R16 100968 1a9d work_low
A 000482 R16 10096a 8512 work_low
A 000482 R16 10096c 995b work_low
A 000482 R16 10096e fec8 work_low
A 000482 R16 100970 f9e9 work_low
A 000482 R16 100972 e18e work_low
A 000482 R16 100974 67c7 work_low
A 000482 R16 100976 06e4 work_low
A 000482 R16 100978 2275 work_low
A 000482 R16 10097a ac4a work_low
A 000482 R16 10097c 5d73 work_low
A 000482 R16 10097e d340 work_low
A 000482 R16 100980 2041 work_low
A 000482 R16 100982 a146 work_low
A 000482 R16 100984 265f work_low
A 000482 R16 100986 bfdc work_low
A 000482 R16 100988 bf4d work_low
A 000482 R16 10098a bc82 work_low
A 000482 R16 10098c ae8b work_low
A 000482 R16 10098e 68b8 work_low
A 000482 R16 100990 0b99 work_low
A 000482 R16 100992 39fe work_low
A 000482 R16 100994 21f7 work_low
A 000482 R16 100996 a9d4 work_low
A 000482 R16 100998 5125 work_low
A 000482 R16 10099a 95ba work_low
A 000482 R16 10099c eca3 work_low
A 000482 R16 10099e 9f30 work_low
A 000482 R16 1009a0 1bf1 work_low
A 000482 R16 1009a2 8bb6 work_low
A 000482 R16 1009a4 ba8f work_low
A 000482 R16 1009a6 a4cc work_low
A 000482 R16 1009a8 37fd work_low
A 000482 R16 1009aa 17f2 work_low
A 000482 R16 1009ac 77bb work_low
A 000482 R16 1009ae 56a8 work_low
A 000482 R16 1009b0 b149 work_low
A 000482 R16 1009b2 766e work_low
A 000482 R16 1009b4 5027 work_low
A 000482 R16 1009b6 90c4 work_low
A 000482 R16 1009b8 d3d5 work_low
A 000482 R16 1009ba 232a work_low
A 000482 R16 1009bc afd3 work_low
A 000482 R16 1009be 6f20 work_low
A 000482 R16 1009c0 2ba1 work_low
A 000482 R16 1009c2 da26 work_low
A 000482 R16 1009c4 42bf work_low
A 000482 R16 1009c6 4dbc work_low
A 000482 R16 1009c8 84ad work_low
A 000482 R16 1009ca 9762 work_low
A 000482 R16 1009cc f4eb work_low
A 000482 R16 1009ce c898 work_low
A 000482 R16 1009d0 eaf9 work_low
A 000482 R16 1009d2 96de work_low
A 000482 R16 1009d4 f257 work_low
A 000482 R16 1009d6 bbb4 work_low
A 000482 R16 1009d8 aa85 work_low
A 000482 R16 1009da 549a work_low
A 000482 R16 1009dc a703 work_low
A 000482 R16 1009de 4310 work_low
A 000482 R16 1009e0 4f51 work_low
A 000482 R16 1009e2 8c96 work_low
A 000482 R16 1009e4 beef work_low
A 000482 R16 1009e6 baac work_low
A 000482 R16 1009e8 a55d work_low
A 000482 R16 1009ea 3ad2 work_low
A 000482 R16 1009ec 261b work_low
A 000482 R16 1009ee be88 work_low
A 000482 R16 1009f0 b8a9 work_low
A 000482 R16 1009f2 9b4e work_low
A 000482 R16 1009f4 0887 work_low
A 000482 R16 1009f6 2aa4 work_low
A 000482 R16 1009f8 d535 work_low
A 000482 R16 1009fa 2a0a work_low
A 000482 R16 1009fc d233 work_low
A 000482 R16 1009fe 1b00 work_low
A 000482 R16 100a00 8701 work_low
A 000482 R16 100a02 a306 work_low
A 000482 R16 100a04 2f1f work_low
A 000482 R16 100a06 eb9c work_low
A 000482 R16 100a08 9a0d work_low
A 000482 R16 100a0a 0242 work_low
A 000482 R16 100a0c 0b4b work_low
A 000482 R16 100a0e 3878 work_low
A 000482 R16 100a10 1a59 work_low
A 000482 R16 100a12 83be work_low
A 000482 R16 100a14 92b7 work_low
A 000482 R16 100a16 dd94 work_low
A 000482 R16 100a18 53e5 work_low
A 000482 R16 100a1a a37a work_low
A 000482 R16 100a1c 3163 work_low
A 000482 R16 100a1e f6f0 work_low
A 000482 R16 100a20 d2b1 work_low
A 000482 R16 100a22 1d76 work_low
A 000482 R16 100a24 934f work_low
A 000482 R16 100a26 e08c work_low
A 000482 R16 100a28 62bd work_low
A 000482 R16 100a2a edb2 work_low
A 000482 R16 100a2c a47b work_low
A 000482 R16 100a2e 3668 work_low
A 000482 R16 100a30 1009 work_low
A 000482 R16 100a32 502e work_low
A 000482 R16 100a34 90e7 work_low
A 000482 R16 100a36 d484 work_low
A 000482 R16 100a38 2695 work_low
A 000482 R16 100a3a c0ea work_low
A 000482 R16 100a3c c493 work_low
A 000482 R16 100a3e d6e0 work_low
A 000482 R16 100a40 3261 work_low
A 000482 R16 100a42 fbe6 work_low
A 000482 R16 100a44 eb7f work_low
A 000482 R16 100a46 997c work_low
A 000482 R16 100a48 ff6d work_low
A 000482 R16 100a4a fd22 work_low
A 000482 R16 100a4c f1ab work_low
A 000482 R16 100a4e b858 work_low
A 000482 R16 100a50 99b9 work_low
A 000482 R16 100a52 009e work_low
A 000482 R16 100a54 0317 work_low
A 000482 R16 100a56 0f74 work_low
A 000482 R16 100a58 4d45 work_low
A 000482 R16 100a5a 825a work_low
A 000482 R16 100a5c 8bc3 work_low
A 000482 R16 100a5e bad0 work_low
A 000482 R16 100a60 a611 work_low
A 000482 R16 100a62 3e56 work_low
A 000482 R16 100a64 37af work_low
A 000482 R16 100a66 166c work_low
A 000482 R16 100a68 701d work_low
A 000482 R16 100a6a 3092 work_low
A 000482 R16 100a6c f2db work_low
A 000482 R16 100a6e be48 work_low
A 000482 R16 100a70 b769 work_low
A 000482 R16 100a72 950e work_low
A 000482 R16 100a74 e947 work_low
A 000482 R16 100a76 8e64 work_low
A 000482 R16 100a78 c7f5 work_low
A 000482 R16 100a7a e7ca work_low
A 000482 R16 100a7c 86f3 work_low
A 000482 R16 100a7e a2c0 work_low
A 000482 R16 100a80 2dc1 work_low
A 000482 R16 100a82 e4c6 work_low
A 000482 R16 100a84 77df work_low
A 000482 R16 100a86 575c work_low
A 000482 R16 100a88 b4cd work_low
A 000482 R16 100a8a 8802 work_low
A 000482 R16 100a8c a80b work_low
A 000482 R16 100a8e 4838 work_low
A 000482 R16 100a90 6919 work_low
A 000482 R16 100a92 0d7e work_low
A 000482 R16 100a94 4377 work_low
A 000482 R16 100a96 5154 work_low
A 000482 R16 100a98 96a5 work_low
A 000482 R16 100a9a f13a work_low
A 000482 R16 100a9c b623 work_low
A 000482 R16 100a9e 8eb0 work_low
A 000482 R16 100aa0 c971 work_low
A 000482 R16 100aa2 ef36 work_low
A 000482 R16 100aa4 ac0f work_low
A 000482 R16 100aa6 5c4c work_low
A 000482 R16 100aa8 cd7d work_low
A 000482 R16 100aaa 0372 work_low
A 000482 R16 100aac 113b work_low
A 000482 R16 100aae 5628 work_low
A 000482 R16 100ab0 aec9 work_low
A 000482 R16 100ab2 69ee work_low
A 000482 R16 100ab4 11a7 work_low
A 000482 R16 100ab6 5844 work_low
A 000482 R16 100ab8 b955 work_low
A 000482 R16 100aba 9eaa work_low
A 000482 R16 100abc 1953 work_low
A 000482 R16 100abe 7ea0 work_low
A 000482 R16 100ac0 7921 work_low
A 000482 R16 100ac2 5da6 work_low
A 000482 R16 100ac4 d43f work_low
A 000482 R16 100ac6 253c work_low
A 000482 R16 100ac8 ba2d work_low
A 000482 R16 100aca a2e2 work_low
A 000482 R16 100acc 2e6b work_low
A 000482 R16 100ace e818 work_low
A 000482 R16 100ad0 8879 work_low
A 000482 R16 100ad2 aa5e work_low
A 000482 R16 100ad4 53d7 work_low
A 000482 R16 100ad6 a334 work_low
A 000482 R16 100ad8 3005 work_low
A 000482 R16 100ada f01a work_low
A 000482 R16 100adc b083 work_low
A 000482 R16 100ade 7290 work_low
A 000482 R16 100ae0 3cd1 work_low
A 000482 R16 100ae2 3016 work_low
A 000482 R16 100ae4 f06f work_low
A 000482 R16 100ae6 b22c work_low
A 000482 R16 100ae8 7add work_low
A 000482 R16 100aea 6652 work_low
A 000482 R16 100aec ff9b work_low
A 000482 R16 100aee fe08 work_low
A 000482 R16 100af0 f629 work_low
A 000482 R16 100af2 cece work_low
A 000482 R16 100af4 0a07 work_low
A 000482 R16 100af6 3224 work_low
A 000482 R16 100af8 fab5 work_low
A 000482 R16 100afa e58a work_low
A 000482 R16 100afc 7bb3 work_low
A 000482 R16 100afe 6a80 work_low
A 000482 R16 100b00 1481 work_low
A 000482 R16 100b02 6686 work_low
A 000482 R16 100b04 009f work_low
A 000482 R16 100b06 031c work_low
A 000482 R16 100b08 0f8d work_low
A 000482 R16 100b0a 4dc2 work_low
A 000482 R16 100b0c 84cb work_low
A 000482 R16 100b0e 97f8 work_low
A 000482 R16 100b10 f7d9 work_low
A 000482 R16 100b12 d73e work_low
A 000482 R16 100b14 3437 work_low
A 000482 R16 100b16 0514 work_low
A 000482 R16 100b18 1965 work_low
A 000482 R16 100b1a 7efa work_low
A 000482 R16 100b1c 7ae3 work_low
A 000482 R16 100b1e 6670 work_low
A 000482 R16 100b20 0031 work_low
A 000482 R16 100b22 00f6 work_low
A 000482 R16 100b24 04cf work_low
A 000482 R16 100b26 180c work_low
A 000482 R16 100b28 783d work_low
A 000482 R16 100b2a 5932 work_low
A 000482 R16 100b2c bdfb work_low
A 000482 R16 100b2e b5e8 work_low
A 000482 R16 100b30 8d89 work_low
A 000482 R16 100b32 c3ae work_low
A 000482 R16 100b34 d267 work_low
A 000482 R16 100b36 1c04 work_low
A 000482 R16 100b38 8c15 work_low
A 000482 R16 100b3a bc6a work_low
A 000482 R16 100b3c ae13 work_low
A 000482 R16 100b3e 6660 work_low
A 000482 R16 100b40 ffe1 work_low
A 000482 R16 100b42 ff66 work_low
A 000482 R16 100b44 fcff work_low
A 000482 R16 100b46 f0fc work_low
A 000482 R16 100b48 b4ed work_low
A 000482 R16 100b4a 88a2 work_low
A 000482 R16 100b4c ab2b work_low
A 000482 R16 100b4e 57d8 work_low
A 000482 R16 100b50 b739 work_low
A 000482 R16 100b52 941e work_low
A 000482 R16 100b54 e497 work_low
A 000482 R16 100b56 76f4 work_low
A 000482 R16 100b58 52c5 work_low
A 000482 R16 100b5a 9dda work_low
A 000482 R16 100b5c 1543 work_low
A 000482 R16 100b5e 6a50 work_low
A 000482 R16 100b60 1391 work_low
A 000482 R16 100b62 61d6 work_low
A 000482 R16 100b64 e92f work_low
A 000482 R16 100b66 8dec work_low
A 000482 R16 100b68 c59d work_low
A 000482 R16 100b6a dc12 work_low
A 000482 R16 100b6c 4c5b work_low
A 000482 R16 100b6e 7dc8 work_low
A 000482 R16 100b70 74e9 work_low
A 000482 R16 100b72 488e work_low
A 000482 R16 100b74 6ac7 work_low
A 000482 R16 100b76 15e4 work_low
A 000482 R16 100b78 6d75 work_low
A 000482 R16 100b7a 234a work_low
A 000482 R16 100b7c b073 work_low
A 000482 R16 100b7e 7240 work_low
A 000482 R16 100b80 3b41 work_low
A 000482 R16 100b82 2846 work_low
A 000482 R16 100b84 c95f work_low
A 000482 R16 100b86 eedc work_low
A 000482 R16 100b88 aa4d work_low
A 000482 R16 100b8a 5382 work_low
A 000482 R16 100b8c a18b work_low
A 000482 R16 100b8e 27b8 work_low
A 000482 R16 100b90 c699 work_low
A 000482 R16 100b92 e0fe work_low
A 000482 R16 100b94 64f7 work_low
A 000482 R16 100b96 f8d4 work_low
A 000482 R16 100b98 dc25 work_low
A 000482 R16 100b9a 4cba work_low
A 000482 R16 100b9c 7fa3 work_low
A 000482 R16 100b9e 7e30 work_low
A 000482 R16 100ba0 76f1 work_low
A 000482 R16 100ba2 52b6 work_low
A 000482 R16 100ba4 9d8f work_low
A 000482 R16 100ba6 13cc work_low
A 000482 R16 100ba8 62fd work_low
A 000482 R16 100baa eef2 work_low
A 000482 R16 100bac aabb work_low
A 000482 R16 100bae 55a8 work_low
A 000482 R16 100bb0 ac49 work_low
A 000482 R16 100bb2 5d6e work_low
A 000482 R16 100bb4 d327 work_low
A 000482 R16 100bb6 1fc4 work_low
A 000482 R16 100bb8 9ed5 work_low
A 000482 R16 100bba 1a2a work_low
A 000482 R16 100bbc 82d3 work_low
A 000482 R16 100bbe 8e20 work_low
A 000482 R16 100bc0 c6a1 work_low
A 000482 R16 100bc2 e126 work_low
A 000482 R16 100bc4 65bf work_low
A 000482 R16 100bc6 fcbc work_low
A 000482 R16 100bc8 efad work_low
A 000482 R16 100bca ae62 work_low
A 000482 R16 100bcc 67eb work_low
A 000482 R16 100bce 0798 work_low
A 000482 R16 100bd0 25f9 work_low
A 000482 R16 100bd2 bdde work_low
A 000482 R16 100bd4 b557 work_low
A 000482 R16 100bd6 8ab4 work_low
A 000482 R16 100bd8 b585 work_low
A 000482 R16 100bda 8b9a work_low
A 000482 R16 100bdc ba03 work_low
A 000482 R16 100bde a210 work_low
A 000482 R16 100be0 2a51 work_low
A 000482 R16 100be2 d396 work_low
A 000482 R16 100be4 21ef work_low
A 000482 R16 100be6 a9ac work_low
A 000482 R16 100be8 505d work_low
A 000482 R16 100bea 91d2 work_low
A 000482 R16 100bec d91b work_low
A 000482 R16 100bee 3d88 work_low
A 000482 R16 100bf0 33a9 work_low
A 000482 R16 100bf2 024e work_low
A 000482 R16 100bf4 0b87 work_low
A 000482 R16 100bf6 39a4 work_low
A 000482 R16 100bf8 2035 work_low
A 000482 R16 100bfa a10a work_low
A 000482 R16 100bfc 2533 work_low
A 000482 R16 100bfe ba00 work_low
A 000482 R16 100c00 a201 work_low
A 000482 R16 100c02 2a06 work_low
A 000482 R16 100c04 d21f work_low
A 000482 R16 100c06 1a9c work_low
A 000482 R16 100c08 850d work_low
A 000482 R16 100c0a 9942 work_low
A 000482 R16 100c0c fe4b work_low
A 000482 R16 100c0e f778 work_low
A 000482 R16 100c10 d559 work_low
A 000482 R16 100c12 2abe work_low
A 000482 R16 100c14 d5b7 work_low
A 000482 R16 100c16 2c94 work_low
A 000482 R16 100c18 dee5 work_low
A 000482 R16 100c1a 5a7a work_low
A 000482 R16 100c1c c463 work_low
A 000482 R16 100c1e d5f0 work_low
A 000482 R16 100c20 2db1 work_low
A 000482 R16 100c22 e476 work_low
A 000482 R16 100c24 764f work_low
A 000482 R16 100c26 4f8c work_low
A 000482 R16 100c28 8dbd work_low
A 000482 R16 100c2a c4b2 work_low
A 000482 R16 100c2c d77b work_low
A 000482 R16 100c2e 3568 work_low
A 000482 R16 100c30 0b09 work_low
A 000482 R16 100c32 372e work_low
A 000482 R16 100c34 13e7 work_low
A 000482 R16 100c36 6384 work_low
A 000482 R16 100c38 f195 work_low
A 000482 R16 100c3a b7ea work_low
A 000482 R16 100c3c 9793 work_low
A 000482 R16 100c3e f5e0 work_low
A 000482 R16 100c40 cd61 work_low
A 000482 R16 100c42 02e6 work_low
A 000482 R16 100c44 0e7f work_low
A 000482 R16 100c46 487c work_low
A 000482 R16 100c48 6a6d work_low
A 000482 R16 100c4a 1422 work_low
A 000482 R16 100c4c 64ab work_low
A 000482 R16 100c4e f758 work_low
A 000482 R16 100c50 d4b9 work_low
A 000482 R16 100c52 279e work_low
A 000482 R16 100c54 c617 work_low
A 000482 R16 100c56 de74 work_low
A 000482 R16 100c58 5845 work_low
A 000482 R16 100c5a b95a work_low
A 000482 R16 100c5c 9ec3 work_low
A 000482 R16 100c5e 19d0 work_low
A 000482 R16 100c60 8111 work_low
A 000482 R16 100c62 8556 work_low
A 000482 R16 100c64 9aaf work_low
A 000482 R16 100c66 056c work_low
A 000482 R16 100c68 1b1d work_low
A 000482 R16 100c6a 8792 work_low
A 000482 R16 100c6c a5db work_low
A 000482 R16 100c6e 3d48 work_low
A 000482 R16 100c70 3269 work_low
A 000482 R16 100c72 fc0e work_low
A 000482 R16 100c74 ec47 work_low
A 000482 R16 100c76 9d64 work_low
A 000482 R16 100c78 12f5 work_low
A 000482 R16 100c7a 5eca work_low
A 000482 R16 100c7c d9f3 work_low
A 000482 R16 100c7e 41c0 work_low
A 000482 R16 100c80 48c1 work_low
A 000482 R16 100c82 6bc6 work_low
A 000482 R16 100c84 1adf work_low
A 000482 R16 100c86 865c work_low
A 000482 R16 100c88 9fcd work_low
A 000482 R16 100c8a 1f02 work_low
A 000482 R16 100c8c 9b0b work_low
A 000482 R16 100c8e 0738 work_low
A 000482 R16 100c90 2419 work_low
A 000482 R16 100c92 b47e work_low
A 000482 R16 100c94 8677 work_low
A 000482 R16 100c96 a054 work_low
A 000482 R16 100c98 21a5 work_low
A 000482 R16 100c9a a83a work_low
A 000482 R16 100c9c 4923 work_low
A 000482 R16 100c9e 6db0 work_low
A 000482 R16 100ca0 2471 work_low
A 000482 R16 100ca2 b636 work_low
A 000482 R16 100ca4 8f0f work_low
A 000482 R16 100ca6 cb4c work_low
A 000482 R16 100ca8 f87d work_low
A 000482 R16 100caa da72 work_low
A 000482 R16 100cac 443b work_low
A 000482 R16 100cae 5528 work_low
A 000482 R16 100cb0 a9c9 work_low
A 000482 R16 100cb2 50ee work_low
A 000482 R16 100cb4 94a7 work_low
A 000482 R16 100cb6 e744 work_low
A 000482 R16 100cb8 8455 work_low
A 000482 R16 100cba 95aa work_low
A 000482 R16 100cbc ec53 work_low
A 000482 R16 100cbe 9da0 work_low
A 000482 R16 100cc0 1421 work_low
A 000482 R16 100cc2 64a6 work_low
A 000482 R16 100cc4 f73f work_low
A 000482 R16 100cc6 d43c work_low
A 000482 R16 100cc8 252d work_low
A 000482 R16 100cca b9e2 work_low
A 000482 R16 100ccc a16b work_low
A 000482 R16 100cce 2718 work_low
A 000482 R16 100cd0 c379 work_low
A 000482 R16 100cd2 d15e work_low
A 000482 R16 100cd4 16d7 work_low
A 000482 R16 100cd6 7234 work_low
A 000482 R16 100cd8 3b05 work_low
A 000482 R16 100cda 271a work_low
A 000482 R16 100cdc c383 work_low
A 000482 R16 100cde d190 work_low
A 000482 R16 100ce0 17d1 work_low
A 000482 R16 100ce2 7716 work_low
A 000482 R16 100ce4 536f work_low
A 000482 R16 100ce6 a12c work_low
A 000482 R16 100ce8 25dd work_low
A 000482 R16 100cea bd52 work_low
A 000482 R16 100cec b29b work_low
A 000482 R16 100cee 7d08 work_low
A 000482 R16 100cf0 7129 work_low
A 000482 R16 100cf2 35ce work_low
A 000482 R16 100cf4 0d07 work_low
A 000482 R16 100cf6 4124 work_low
A 000482 R16 100cf8 45b5 work_low
A 000482 R16 100cfa 5c8a work_low
A 000482 R16 100cfc ceb3 work_low
A 000482 R16 100cfe 0980 work_low
A 000482 R16 100d00 2f81 work_low
A 000482 R16 100d02 ed86 work_low
A 000482 R16 100d04 a39f work_low
A 000482 R16 100d06 321c work_low
A 000482 R16 100d08 fa8d work_low
A 000482 R16 100d0a e4c2 work_low
A 000482 R16 100d0c 77cb work_low
A 000482 R16 100d0e 56f8 work_low
A 000482 R16 100d10 b2d9 work_low
A 000482 R16 100d12 7e3e work_low
A 000482 R16 100d14 7737 work_low
A 000482 R16 100d16 5414 work_low
A 000482 R16 100d18 a465 work_low
A 000482 R16 100d1a 35fa work_low
A 000482 R16 100d1c 0de3 work_low
A 000482 R16 100d1e 4570 work_low
A 000482 R16 100d20 5b31 work_low
A 000482 R16 100d22 c7f6 work_low
A 000482 R16 100d24 e7cf work_low
A 000482 R16 100d26 870c work_low
A 000482 R16 100d28 a33d work_low
A 000482 R16 100d2a 3032 work_low
A 000482 R16 100d2c f0fb work_low
A 000482 R16 100d2e b4e8 work_low
A 000482 R16 100d30 8889 work_low
A 000482 R16 100d32 aaae work_low
A 000482 R16 100d34 5567 work_low
A 000482 R16 100d36 ab04 work_low
A 000482 R16 100d38 5715 work_low
A 000482 R16 100d3a b36a work_low
A 000482 R16 100d3c 8113 work_low
A 000482 R16 100d3e 8560 work_low
A 000482 R16 100d40 9ae1 work_low
A 000482 R16 100d42 0666 work_low
A 000482 R16 100d44 1fff work_low
A 000482 R16 100d46 9ffc work_low
A 000482 R16 100d48 1fed work_low
A 000482 R16 100d4a 9fa2 work_low
A 000482 R16 100d4c 1e2b work_low
A 000482 R16 100d4e 96d8 work_low
A 000482 R16 100d50 f239 work_low
A 000482 R16 100d52 bb1e work_low
A 000482 R16 100d54 a797 work_low
A 000482 R16 100d56 45f4 work_low
A 000482 R16 100d58 5dc5 work_low
A 000482 R16 100d5a d4da work_low
A 000482 R16 100d5c 2843 work_low
A 000482 R16 100d5e c950 work_low
A 000482 R16 100d60 ee91 work_low
A 000482 R16 100d62 a8d6 work_low
A 000482 R16 100d64 4c2f work_low
A 000482 R16 100d66 7cec work_low
A 000482 R16 100d68 709d work_low
A 000482 R16 100d6a 3312 work_low
A 000482 R16 100d6c ff5b work_low
A 000482 R16 100d6e fcc8 work_low
A 000482 R16 100d70 efe9 work_low
A 000482 R16 100d72 af8e work_low
A 000482 R16 100d74 6dc7 work_low
A 000482 R16 100d76 24e4 work_low
A 000482 R16 100d78 b875 work_low
A 000482 R16 100d7a 9a4a work_low
A 000482 R16 100d7c 0373 work_low
A 000482 R16 100d7e 1140 work_low
A 000482 R16 100d80 5641 work_low
A 000482 R16 100d82 af46 work_low
A 000482 R16 100d84 6c5f work_low
A 000482 R16 100d86 1ddc work_low
A 000482 R16 100d88 954d work_low
A 000482 R16 100d8a ea82 work_low
A 000482 R16 100d8c 948b work_low
A 000482 R16 100d8e e6b8 work_low
A 000482 R16 100d90 8199 work_low
A 000482 R16 100d92 87fe work_low
A 000482 R16 100d94 a7f7 work_low
A 000482 R16 100d96 47d4 work_low
A 000482 R16 100d98 6725 work_low
A 000482 R16 100d9a 03ba work_low
A 000482 R16 100d9c 12a3 work_low
A 000482 R16 100d9e 5d30 work_low
A 000482 R16 100da0 d1f1 work_low
A 000482 R16 100da2 19b6 work_low
A 000482 R16 100da4 808f work_low
A 000482 R16 100da6 82cc work_low
A 000482 R16 100da8 8dfd work_low
A 000482 R16 100daa c5f2 work_low
A 000482 R16 100dac ddbb work_low
A 000482 R16 100dae 54a8 work_low
A 000482 R16 100db0 a749 work_low
A 000482 R16 100db2 446e work_low
A 000482 R16 100db4 5627 work_low
A 000482 R16 100db6 aec4 work_low
A 000482 R16 100db8 69d5 work_low
A 000482 R16 100dba 112a work_low
A 000482 R16 100dbc 55d3 work_low
A 000482 R16 100dbe ad20 work_low
A 000482 R16 100dc0 61a1 work_low
A 000482 R16 100dc2 e826 work_low
A 000482 R16 100dc4 88bf work_low
A 000482 R16 100dc6 abbc work_low
A 000482 R16 100dc8 5aad work_low
A 000482 R16 100dca c562 work_low
A 000482 R16 100dcc daeb work_low
A 000482 R16 100dce 4698 work_low
A 000482 R16 100dd0 60f9 work_low
A 000482 R16 100dd2 e4de work_low
A 000482 R16 100dd4 7857 work_low
A 000482 R16 100dd6 59b4 work_low
A 000482 R16 100dd8 c085 work_low
A 000482 R16 100dda c29a work_low
A 000482 R16 100ddc cd03 work_low
A 000482 R16 100dde 0110 work_low
A 000482 R16 100de0 0551 work_low
A 000482 R16 100de2 1a96 work_low
A 000482 R16 100de4 84ef work_low
A 000482 R16 100de6 98ac work_low
A 000482 R16 100de8 fb5d work_low
A 000482 R16 100dea e8d2 work_low
A 000482 R16 100dec 8c1b work_low
A 000482 R16 100dee bc88 work_low
A 000482 R16 100df0 aea9 work_low
A 000482 R16 100df2 694e work_low
A 000482 R16 100df4 0e87 work_low
A 000482 R16 100df6 48a4 work_low
A 000482 R16 100df8 6b35 work_low
A 000482 R16 100dfa 180a work_low
A 000482 R16 100dfc 7833 work_low
A 000482 R16 100dfe 5900 work_low
A 000482 R16 100e00 bd01 work_low
A 000482 R16 100e02 b106 work_low
A 000482 R16 100e04 751f work_low
A 000482 R16 100e06 499c work_low
A 000482 R16 100e08 700d work_low
A 000482 R16 100e0a 3042 work_low
A 000482 R16 100e0c f14b work_low
A 000482 R16 100e0e b678 work_low
A 000482 R16 100e10 9059 work_low
A 000482 R16 100e12 d1be work_low
A 000482 R16 100e14 18b7 work_low
A 000482 R16 100e16 7b94 work_low
A 000482 R16 100e18 69e5 work_low
A 000482 R16 100e1a 117a work_low
A 000482 R16 100e1c 5763 work_low
A 000482 R16 100e1e b4f0 work_low
A 000482 R16 100e20 88b1 work_low
A 000482 R16 100e22 ab76 work_low
A 000482 R16 100e24 594f work_low
A 000482 R16 100e26 be8c work_low
A 000482 R16 100e28 b8bd work_low
A 000482 R16 100e2a 9bb2 work_low
A 000482 R16 100e2c 0a7b work_low
A 000482 R16 100e2e 3468 work_low
A 000482 R16 100e30 0609 work_low
A 000482 R16 100e32 1e2e work_low
A 000482 R16 100e34 96e7 work_low
A 000482 R16 100e36 f284 work_low
A 000482 R16 100e38 bc95 work_low
A 000482 R16 100e3a aeea work_low
A 000482 R16 100e3c 6a93 work_low
A 000482 R16 100e3e 14e0 work_low
A 000482 R16 100e40 6861 work_low
A 000482 R16 100e42 09e6 work_low
A 000482 R16 100e44 317f work_low
A 000482 R16 100e46 f77c work_low
A 000482 R16 100e48 d56d work_low
A 000482 R16 100e4a 2b22 work_low
A 000482 R16 100e4c d7ab work_low
A 000482 R16 100e4e 3658 work_low
A 000482 R16 100e50 0fb9 work_low
A 000482 R16 100e52 4e9e work_low
A 000482 R16 100e54 8917 work_low
A 000482 R16 100e56 ad74 work_low
A 000482 R16 100e58 6345 work_low
A 000482 R16 100e5a f05a work_low
A 000482 R16 100e5c b1c3 work_low
A 000482 R16 100e5e 78d0 work_low
A 000482 R16 100e60 5c11 work_low
A 000482 R16 100e62 cc56 work_low
A 000482 R16 100e64 fdaf work_low
A 000482 R16 100e66 f46c work_low
A 000482 R16 100e68 c61d work_low
A 000482 R16 100e6a de92 work_low
A 000482 R16 100e6c 58db work_low
A 000482 R16 100e6e bc48 work_low
A 000482 R16 100e70 ad69 work_low
A 000482 R16 100e72 630e work_low
A 000482 R16 100e74 ef47 work_low
A 000482 R16 100e76 ac64 work_low
A 000482 R16 100e78 5df5 work_low
A 000482 R16 100e7a d5ca work_low
A 000482 R16 100e7c 2cf3 work_low
A 000482 R16 100e7e e0c0 work_low
A 000482 R16 100e80 63c1 work_low
A 000482 R16 100e82 f2c6 work_low
A 000482 R16 100e84 bddf work_low
A 000482 R16 100e86 b55c work_low
A 000482 R16 100e88 8acd work_low
A 000482 R16 100e8a b602 work_low
A 000482 R16 100e8c 8e0b work_low
A 000482 R16 100e8e c638 work_low
A 000482 R16 100e90 df19 work_low
A 000482 R16 100e92 5b7e work_low
A 000482 R16 100e94 c977 work_low
A 000482 R16 100e96 ef54 work_low
A 000482 R16 100e98 aca5 work_low
A 000482 R16 100e9a 5f3a work_low
A 000482 R16 100e9c dc23 work_low
A 000482 R16 100e9e 4cb0 work_low
A 000482 R16 100ea0 7f71 work_low
A 000482 R16 100ea2 7d36 work_low
A 000482 R16 100ea4 720f work_low
A 000482 R16 100ea6 3a4c work_low
A 000482 R16 100ea8 237d work_low
A 000482 R16 100eaa b172 work_low
A 000482 R16 100eac 773b work_low
A 000482 R16 100eae 5428 work_low
A 000482 R16 100eb0 a4c9 work_low
A 000482 R16 100eb2 37ee work_low
A 000482 R16 100eb4 17a7 work_low
A 000482 R16 100eb6 7644 work_low
A 000482 R16 100eb8 4f55 work_low
A 000482 R16 100eba 8caa work_low
A 000482 R16 100ebc bf53 work_low
A 000482 R16 100ebe bca0 work_low
A 000482 R16 100ec0 af21 work_low
A 000482 R16 100ec2 6ba6 work_low
A 000482 R16 100ec4 1a3f work_low
A 000482 R16 100ec6 833c work_low
A 000482 R16 100ec8 902d work_low
A 000482 R16 100eca d0e2 work_low
A 000482 R16 100ecc 146b work_low
A 000482 R16 100ece 6618 work_low
A 000482 R16 100ed0 fe79 work_low
A 000482 R16 100ed2 f85e work_low
A 000482 R16 100ed4 d9d7 work_low
A 000482 R16 100ed6 4134 work_low
A 000482 R16 100ed8 4605 work_low
A 000482 R16 100eda 5e1a work_low
A 000482 R16 100edc d683 work_low
A 000482 R16 100ede 3090 work_low
A 000482 R16 100ee0 f2d1 work_low
A 000482 R16 100ee2 be16 work_low
A 000482 R16 100ee4 b66f work_low
A 000482 R16 100ee6 902c work_low
A 000482 R16 100ee8 d0dd work_low
A 000482 R16 100eea 1452 work_low
A 000482 R16 100eec 659b work_low
A 000482 R16 100eee fc08 work_low
A 000482 R16 100ef0 ec29 work_low
A 000482 R16 100ef2 9cce work_low
A 000482 R16 100ef4 1007 work_low
A 000482 R16 100ef6 5024 work_low
A 000482 R16 100ef8 90b5 work_low
A 000482 R16 100efa d38a work_low
A 000482 R16 100efc 21b3 work_low
A 000482 R16 100efe a880 work_low
A 000482 R16 100f00 4a81 work_low
A 000482 R16 100f02 7486 work_low
A 000482 R16 100f04 469f work_low
A 000482 R16 100f06 611c work_low
A 000482 R16 100f08 e58d work_low
A 000482 R16 100f0a 7bc2 work_low
A 000482 R16 100f0c 6acb work_low
A 000482 R16 100f0e 15f8 work_low
A 000482 R16 100f10 6dd9 work_low
A 000482 R16 100f12 253e work_low
A 000482 R16 100f14 ba37 work_low
A 000482 R16 100f16 a314 work_low
A 000482 R16 100f18 2f65 work_low
A 000482 R16 100f1a ecfa work_low
A 000482 R16 100f1c a0e3 work_low
A 000482 R16 100f1e 2470 work_low
A 000482 R16 100f20 b631 work_low
A 000482 R16 100f22 8ef6 work_low
A 000482 R16 100f24 cacf work_low
A 000482 R16 100f26 f60c work_low
A 000482 R16 100f28 ce3d work_low
A 000482 R16 100f2a 0732 work_low
A 000482 R16 100f2c 23fb work_low
A 000482 R16 100f2e b3e8 work_low
A 000482 R16 100f30 8389 work_low
A 000482 R16 100f32 91ae work_low
A 000482 R16 100f34 d867 work_low
A 000482 R16 100f36 3a04 work_low
A 000482 R16 100f38 2215 work_low
A 000482 R16 100f3a aa6a work_low
A 000482 R16 100f3c 5413 work_low
A 000482 R16 100f3e a460 work_low
A 000482 R16 100f40 35e1 work_low
A 000482 R16 100f42 0d66 work_low
A 000482 R16 100f44 42ff work_low
A 000482 R16 100f46 4efc work_low
A 000482 R16 100f48 8aed work_low
A 000482 R16 100f4a b6a2 work_low
A 000482 R16 100f4c 912b work_low
A 000482 R16 100f4e d5d8 work_low
A 000482 R16 100f50 2d39 work_low
A 000482 R16 100f52 e21e work_low
A 000482 R16 100f54 6a97 work_low
A 000482 R16 100f56 14f4 work_low
A 000482 R16 100f58 68c5 work_low
A 000482 R16 100f5a 0bda work_low
A 000482 R16 100f5c 3b43 work_low
A 000482 R16 100f5e 2850 work_low
A 000482 R16 100f60 c991 work_low
A 000482 R16 100f62 efd6 work_low
A 000482 R16 100f64 af2f work_low
A 000482 R16 100f66 6bec work_low
A 000482 R16 100f68 1b9d work_low
A 000482 R16 100f6a 8a12 work_low
A 000482 R16 100f6c b25b work_low
A 000482 R16 100f6e 7bc8 work_low
A 000482 R16 100f70 6ae9 work_low
A 000482 R16 100f72 168e work_low
A 000482 R16 100f74 70c7 work_low
A 000482 R16 100f76 33e4 work_low
A 000482 R16 100f78 0375 work_low
A 000482 R16 100f7a 114a work_low
A 000482 R16 100f7c 5673 work_low
A 000482 R16 100f7e b040 work_low
A 000482 R16 100f80 7141 work_low
A 000482 R16 100f82 3646 work_low
A 000482 R16 100f84 0f5f work_low
A 000482 R16 100f86 4cdc work_low
A 000482 R16 100f88 804d work_low
A 000482 R16 100f8a 8182 work_low
A 000482 R16 100f8c 878b work_low
A 000482 R16 100f8e a5b8 work_low
A 000482 R16 100f90 3c99 work_low
A 000482 R16 100f92 2efe work_low
A 000482 R16 100f94 eaf7 work_low
A 000482 R16 100f96 96d4 work_low
A 000482 R16 100f98 f225 work_low
A 000482 R16 100f9a baba work_low
A 000482 R16 100f9c a5a3 work_low
A 000482 R16 100f9e 3c30 work_low
A 000482 R16 100fa0 2cf1 work_low
A 000482 R16 100fa2 e0b6 work_low
A 000482 R16 100fa4 638f work_low
A 000482 R16 100fa6 f1cc work_low
A 000482 R16 100fa8 b8fd work_low
A 000482 R16 100faa 9cf2 work_low
A 000482 R16 100fac 10bb work_low
A 000482 R16 100fae 53a8 work_low
A 000482 R16 100fb0 a249 work_low
A 000482 R16 100fb2 2b6e work_low
A 000482 R16 100fb4 d927 work_low
A 000482 R16 100fb6 3dc4 work_low
A 000482 R16 100fb8 34d5 work_low
A 000482 R16 100fba 082a work_low
A 000482 R16 100fbc 28d3 work_low
A 000482 R16 100fbe cc20 work_low
A 000482 R16 100fc0 fca1 work_low
A 000482 R16 100fc2 ef26 work_low
A 000482 R16 100fc4 abbf work_low
A 000482 R16 100fc6 5abc work_low
A 000482 R16 100fc8 c5ad work_low
A 000482 R16 100fca dc62 work_low
A 000482 R16 100fcc 4deb work_low
A 000482 R16 100fce 8598 work_low
A 000482 R16 100fd0 9bf9 work_low
A 000482 R16 100fd2 0bde work_low
A 000482 R16 100fd4 3b57 work_low
A 000482 R16 100fd6 28b4 work_low
A 000482 R16 100fd8 cb85 work_low
A 000482 R16 100fda f99a work_low
A 000482 R16 100fdc e003 work_low
A 000482 R16 100fde 6010 work_low
A 000482 R16 100fe0 e051 work_low
A 000482 R16 100fe2 6196 work_low
A 000482 R16 100fe4 e7ef work_low
A 000482 R16 100fe6 87ac work_low
A 000482 R16 100fe8 a65d work_low
A 000482 R16 100fea 3fd2 work_low
A 000482 R16 100fec 3f1b work_low
A 000482 R16 100fee 3b88 work_low
A 000482 R16 100ff0 29a9 work_low
A 000482 R16 100ff2 d04e work_low
A 000482 R16 100ff4 1187 work_low
A 000482 R16 100ff6 57a4 work_low
A 000482 R16 100ff8 b635 work_low
A 000482 R16 100ffa 8f0a work_low
A 000482 R16 100ffc cb33 work_low
A 000482 R16 100ffe f800 work_low
A 000482 R16 101000 d801 work_low
A 000482 R16 101002 3806 work_low
A 000482 R16 101004 181f work_low
A 000482 R16 101006 789c work_low
A 000482 R16 101008 5b0d work_low
A 000482 R16 10100a c742 work_low
A 000482 R16 10100c e44b work_low
A 000482 R16 10100e 7578 work_low
A 000482 R16 101010 4b59 work_low
A 000482 R16 101012 78be work_low
A 000482 R16 101014 5bb7 work_low
A 000482 R16 101016 ca94 work_low
A 000482 R16 101018 f4e5 work_low
A 000482 R16 10101a c87a work_low
A 000482 R16 10101c ea63 work_low
A 000482 R16 10101e 93f0 work_low
A 000482 R16 101020 e3b1 work_low
A 000482 R16 101022 7276 work_low
A 000482 R16 101024 3c4f work_low
A 000482 R16 101026 2d8c work_low
A 000482 R16 101028 e3bd work_low
A 000482 R16 10102a 72b2 work_low
A 000482 R16 10102c 3d7b work_low
A 000482 R16 10102e 3368 work_low
A 000482 R16 101030 0109 work_low
A 000482 R16 101032 052e work_low
A 000482 R16 101034 19e7 work_low
A 000482 R16 101036 8184 work_low
A 000482 R16 101038 8795 work_low
A 000482 R16 10103a a5ea work_low
A 000482 R16 10103c 3d93 work_low
A 000482 R16 10103e 33e0 work_low
A 000482 R16 101040 0361 work_low
A 000482 R16 101042 10e6 work_low
A 000482 R16 101044 547f work_low
A 000482 R16 101046 a67c work_low
A 000482 R16 101048 406d work_low
A 000482 R16 10104a 4222 work_low
A 000482 R16 10104c 4aab work_low
A 000482 R16 10104e 7558 work_low
A 000482 R16 101050 4ab9 work_low
A 000482 R16 101052 759e work_low
A 000482 R16 101054 4c17 work_low
A 000482 R16 101056 7c74 work_low
A 000482 R16 101058 6e45 work_low
A 000482 R16 10105a 275a work_low
A 000482 R16 10105c c4c3 work_low
A 000482 R16 10105e d7d0 work_low
A 000482 R16 101060 3711 work_low
A 000482 R16 101062 1356 work_low
A 000482 R16 101064 60af work_low
A 000482 R16 101066 e36c work_low
A 000482 R16 101068 711d work_low
A 000482 R16 10106a 3592 work_low
A 000482 R16 10106c 0bdb work_low
A 000482 R16 10106e 3b48 work_low
A 000482 R16 101070 2869 work_low
A 000482 R16 101072 ca0e work_low
A 000482 R16 101074 f247 work_low
A 000482 R16 101076 bb64 work_low
A 000482 R16 101078 a8f5 work_low
A 000482 R16 10107a 4cca work_low
A 000482 R16 10107c 7ff3 work_low
A 000482 R16 10107e 7fc0 work_low
A 000482 R16 101080 7ec1 work_low
A 000482 R16 101082 79c6 work_low
A 000482 R16 101084 60df work_low
A 000482 R16 101086 e45c work_low
A 000482 R16 101088 75cd work_low
A 000482 R16 10108a 4d02 work_low
A 000482 R16 10108c 810b work_low
A 000482 R16 10108e 8538 work_low
A 000482 R16 101090 9a19 work_low
A 000482 R16 101092 027e work_low
A 000482 R16 101094 0c77 work_low
A 000482 R16 101096 3e54 work_low
A 000482 R16 101098 37a5 work_low
A 000482 R16 10109a 163a work_low
A 000482 R16 10109c 6f23 work_low
A 000482 R16 10109e 2bb0 work_low
A 000482 R16 1010a0 da71 work_low
A 000482 R16 1010a2 4436 work_low
A 000482 R16 1010a4 550f work_low
A 000482 R16 1010a6 a94c work_low
A 000482 R16 1010a8 4e7d work_low
A 000482 R16 1010aa 8872 work_low
A 000482 R16 1010ac aa3b work_low
A 000482 R16 1010ae 5328 work_low
A 000482 R16 1010b0 9fc9 work_low
A 000482 R16 1010b2 1eee work_low
A 000482 R16 1010b4 9aa7 work_low
A 000482 R16 1010b6 0544 work_low
A 000482 R16 1010b8 1a55 work_low
A 000482 R16 1010ba 83aa work_low
A 000482 R16 1010bc 9253 work_low
A 000482 R16 1010be dba0 work_low
A 000482 R16 1010c0 4a21 work_low
A 000482 R16 1010c2 72a6 work_low
A 000482 R16 1010c4 3d3f work_low
A 000482 R16 1010c6 323c work_low
A 000482 R16 1010c8 fb2d work_low
A 000482 R16 1010ca e7e2 work_low
A 000482 R16 1010cc 876b work_low
A 000482 R16 1010ce a518 work_low
A 000482 R16 1010d0 3979 work_low
A 000482 R16 1010d2 1f5e work_low
A 000482 R16 1010d4 9cd7 work_low
A 000482 R16 1010d6 1034 work_low
A 000482 R16 1010d8 5105 work_low
A 000482 R16 1010da 951a work_low
A 000482 R16 1010dc e983 work_low
A 000482 R16 1010de 8f90 work_low
A 000482 R16 1010e0 cdd1 work_low
A 000482 R16 1010e2 0516 work_low
A 000482 R16 1010e4 196f work_low
A 000482 R16 1010e6 7f2c work_low
A 000482 R16 1010e8 7bdd work_low
A 000482 R16 1010ea 6b52 work_low
A 000482 R16 1010ec 189b work_low
A 000482 R16 1010ee 7b08 work_low
A 000482 R16 1010f0 6729 work_low
A 000482 R16 1010f2 03ce work_low
A 000482 R16 1010f4 1307 work_low
A 000482 R16 1010f6 5f24 work_low
A 000482 R16 1010f8 dbb5 work_low
A 000482 R16 1010fa 4a8a work_low
A 000482 R16 1010fc 74b3 work_low
A 000482 R16 1010fe 4780 work_low
A 000482 R16 101100 6581 work_low
A 000482 R16 101102 fb86 work_low
A 000482 R16 101104 e99f work_low
A 000482 R16 101106 901c work_low
A 000482 R16 101108 d08d work_low
A 000482 R16 10110a 12c2 work_low
A 000482 R16 10110c 5dcb work_low
A 000482 R16 10110e d4f8 work_low
A 000482 R16 101110 28d9 work_low
A 000482 R16 101112 cc3e work_low
A 000482 R16 101114 fd37 work_low
A 000482 R16 101116 f214 work_low
A 000482 R16 101118 ba65 work_low
A 000482 R16 10111a a3fa work_low
A 000482 R16 10111c 33e3 work_low
A 000482 R16 10111e 0370 work_low
A 000482 R16 101120 1131 work_low
A 000482 R16 101122 55f6 work_low
A 000482 R16 101124 adcf work_low
A 000482 R16 101126 650c work_low
A 000482 R16 101128 f93d work_low
A 000482 R16 10112a de32 work_low
A 000482 R16 10112c 56fb work_low
A 000482 R16 10112e b2e8 work_low
A 000482 R16 101130 7e89 work_low
A 000482 R16 101132 78ae work_low
A 000482 R16 101134 5b67 work_low
A 000482 R16 101136 c904 work_low
A 000482 R16 101138 ed15 work_low
A 000482 R16 10113a a16a work_low
A 000482 R16 10113c 2713 work_low
A 000482 R16 10113e c360 work_low
A 000482 R16 101140 d0e1 work_low
A 000482 R16 101142 1466 work_low
A 000482 R16 101144 65ff work_low
A 000482 R16 101146 fdfc work_low
A 000482 R16 101148 f5ed work_low
A 000482 R16 10114a cda2 work_low
A 000482 R16 10114c 042b work_low
A 000482 R16 10114e 14d8 work_low
A 000482 R16 101150 6839 work_low
A 000482 R16 101152 091e work_low
A 000482 R16 101154 2d97 work_low
A 000482 R16 101156 e3f4 work_low
A 000482 R16 101158 73c5 work_low
A 000482 R16 10115a 42da work_low
A 000482 R16 10115c 4e43 work_low
A 000482 R16 10115e 8750 work_low
A 000482 R16 101160 a491 work_low
A 000482 R16 101162 36d6 work_low
A 000482 R16 101164 122f work_low
A 000482 R16 101166 5aec work_low
A 000482 R16 101168 c69d work_low
A 000482 R16 10116a e112 work_low
A 000482 R16 10116c 655b work_low
A 000482 R16 10116e fac8 work_low
A 000482 R16 101170 e5e9 work_low
A 000482 R16 101172 7d8e work_low
A 000482 R16 101174 73c7 work_low
A 000482 R16 101176 42e4 work_low
A 000482 R16 101178 4e75 work_low
A 000482 R16 10117a 884a work_low
A 000482 R16 10117c a973 work_low
A 000482 R16 10117e 4f40 work_low
A 000482 R16 101180 8c41 work_low
A 000482 R16 101182 bd46 work_low
A 000482 R16 101184 b25f work_low
A 000482 R16 101186 7bdc work_low
A 000482 R16 101188 6b4d work_low
A 000482 R16 10118a 1882 work_low
A 000482 R16 10118c 7a8b work_low
A 000482 R16 10118e 64b8 work_low
A 000482 R16 101190 f799 work_low
A 000482 R16 101192 d5fe work_low
A 000482 R16 101194 2df7 work_low
A 000482 R16 101196 e5d4 work_low
A 000482 R16 101198 7d25 work_low
A 000482 R16 10119a 71ba work_low
A 000482 R16 10119c 38a3 work_low
A 000482 R16 10119e 1b30 work_low
A 000482 R16 1011a0 87f1 work_low
A 000482 R16 1011a2 a7b6 work_low
A 000482 R16 1011a4 468f work_low
A 000482 R16 1011a6 60cc work_low
A 000482 R16 1011a8 e3fd work_low
A 000482 R16 1011aa 73f2 work_low
A 000482 R16 1011ac 43bb work_low
A 000482 R16 1011ae 52a8 work_low
A 000482 R16 1011b0 9d49 work_low
A 000482 R16 1011b2 126e work_low
A 000482 R16 1011b4 5c27 work_low
A 000482 R16 1011b6 ccc4 work_low
A 000482 R16 1011b8 ffd5 work_low
A 000482 R16 1011ba ff2a work_low
A 000482 R16 1011bc fbd3 work_low
A 000482 R16 1011be eb20 work_low
A 000482 R16 1011c0 97a1 work_low
A 000482 R16 1011c2 f626 work_low
A 000482 R16 1011c4 cebf work_low
A 000482 R16 1011c6 09bc work_low
A 000482 R16 1011c8 30ad work_low
A 000482 R16 1011ca f362 work_low
A 000482 R16 1011cc c0eb work_low
A 000482 R16 1011ce c498 work_low
A 000482 R16 1011d0 d6f9 work_low
A 000482 R16 1011d2 32de work_low
A 000482 R16 1011d4 fe57 work_low
A 000482 R16 1011d6 f7b4 work_low
A 000482 R16 1011d8 d685 work_low
A 000482 R16 1011da 309a work_low
A 000482 R16 1011dc f303 work_low
A 000482 R16 1011de bf10 work_low
A 000482 R16 1011e0 bb51 work_low
A 000482 R16 1011e2 a896 work_low
A 000482 R16 1011e4 4aef work_low
A 000482 R16 1011e6 76ac work_low
A 000482 R16 1011e8 515d work_low
A 000482 R16 1011ea 96d2 work_low
A 000482 R16 1011ec f21b work_low
A 000482 R16 1011ee ba88 work_low
A 000482 R16 1011f0 a4a9 work_low
A 000482 R16 1011f2 374e work_low
A 000482 R16 1011f4 1487 work_low
A 000482 R16 1011f6 66a4 work_low
A 000482 R16 1011f8 0135 work_low
A 000482 R16 1011fa 060a work_low
A 000482 R16 1011fc 1e33 work_low
A 000482 R16 1011fe 9700 work_low
A 000482 R16 101200 f301 work_low
A 000482 R16 101202 bf06 work_low
A 000482 R16 101204 bb1f work_low
A 000482 R16 101206 a79c work_low
A 000482 R16 101208 460d work_low
A 000482 R16 10120a 5e42 work_low
A 000482 R16 10120c d74b work_low
A 000482 R16 10120e 3478 work_low
A 000482 R16 101210 0659 work_low
A 000482 R16 101212 1fbe work_low
A 000482 R16 101214 9eb7 work_low
A 000482 R16 101216 1994 work_low
A 000482 R16 101218 7fe5 work_low
A 000482 R16 10121a 7f7a work_low
A 000482 R16 10121c 7d63 work_low
A 000482 R16 10121e 72f0 work_low
A 000482 R16 101220 3eb1 work_low
A 000482 R16 101222 3976 work_low
A 000482 R16 101224 1f4f work_low
A 000482 R16 101226 9c8c work_low
A 000482 R16 101228 0ebd work_low
A 000482 R16 10122a 49b2 work_low
A 000482 R16 10122c 707b work_low
A 000482 R16 10122e 3268 work_low
A 000482 R16 101230 fc09 work_low
A 000482 R16 101232 ec2e work_low
A 000482 R16 101234 9ce7 work_low
A 000482 R16 101236 1084 work_low
A 000482 R16 101238 5295 work_low
A 000482 R16 10123a 9cea work_low
A 000482 R16 10123c 1093 work_low
A 000482 R16 10123e 52e0 work_low
A 000482 R16 101240 9e61 work_low
A 000482 R16 101242 17e6 work_low
A 000482 R16 101244 777f work_low
A 000482 R16 101246 557c work_low
A 000482 R16 101248 ab6d work_low
A 000482 R16 10124a 5922 work_low
A 000482 R16 10124c bdab work_low
A 000482 R16 10124e b458 work_low
A 000482 R16 101250 85b9 work_low
A 000482 R16 101252 9c9e work_low
A 000482 R16 101254 0f17 work_low
A 000482 R16 101256 4b74 work_low
A 000482 R16 101258 7945 work_low
A 000482 R16 10125a 5e5a work_low
A 000482 R16 10125c d7c3 work_low
A 000482 R16 10125e 36d0 work_low
A 000482 R16 101260 1211 work_low
A 000482 R16 101262 5a56 work_low
A 000482 R16 101264 c3af work_low
A 000482 R16 101266 d26c work_low
A 000482 R16 101268 1c1d work_low
A 000482 R16 10126a 8c92 work_low
A 000482 R16 10126c bedb work_low
A 000482 R16 10126e ba48 work_low
A 000482 R16 101270 a369 work_low
A 000482 R16 101272 310e work_low
A 000482 R16 101274 f547 work_low
A 000482 R16 101276 ca64 work_low
A 000482 R16 101278 f3f5 work_low
A 000482 R16 10127a c3ca work_low
A 000482 R16 10127c d2f3 work_low
A 000482 R16 10127e 1ec0 work_low
A 000482 R16 101280 99c1 work_low
A 000482 R16 101282 00c6 work_low
A 000482 R16 101284 03df work_low
A 000482 R16 101286 135c work_low
A 000482 R16 101288 60cd work_low
A 000482 R16 10128a e402 work_low
A 000482 R16 10128c 740b work_low
A 000482 R16 10128e 4438 work_low
A 000482 R16 101290 5519 work_low
A 000482 R16 101292 a97e work_low
A 000482 R16 101294 4f77 work_low
A 000482 R16 101296 8d54 work_low
A 000482 R16 101298 c2a5 work_low
A 000482 R16 10129a cd3a work_low
A 000482 R16 10129c 0223 work_low
A 000482 R16 10129e 0ab0 work_low
A 000482 R16 1012a0 3571 work_low
A 000482 R16 1012a2 0b36 work_low
A 000482 R16 1012a4 380f work_low
A 000482 R16 1012a6 184c work_low
A 000482 R16 1012a8 797d work_low
A 000482 R16 1012aa 5f72 work_low
A 000482 R16 1012ac dd3b work_low
A 000482 R16 1012ae 5228 work_low
A 000482 R16 1012b0 9ac9 work_low
A 000482 R16 1012b2 05ee work_low
A 000482 R16 1012b4 1da7 work_low
A 000482 R16 1012b6 9444 work_low
A 000482 R16 1012b8 e555 work_low
A 000482 R16 1012ba 7aaa work_low
A 000482 R16 1012bc 6553 work_low
A 000482 R16 1012be faa0 work_low
A 000482 R16 1012c0 e521 work_low
A 000482 R16 1012c2 79a6 work_low
A 000482 R16 1012c4 603f work_low
A 000482 R16 1012c6 e13c work_low
A 000482 R16 1012c8 662d work_low
A 000482 R16 1012ca fee2 work_low
A 000482 R16 1012cc fa6b work_low
A 000482 R16 1012ce e418 work_low
A 000482 R16 1012d0 7479 work_low
A 000482 R16 1012d2 465e work_low
A 000482 R16 1012d4 5fd7 work_low
A 000482 R16 1012d6 df34 work_low
A 000482 R16 1012d8 5c05 work_low
A 000482 R16 1012da cc1a work_low
A 000482 R16 1012dc fc83 work_low
A 000482 R16 1012de ee90 work_low
A 000482 R16 1012e0 a8d1 work_low
A 000482 R16 1012e2 4c16 work_low
A 000482 R16 1012e4 7c6f work_low
A 000482 R16 1012e6 6e2c work_low
A 000482 R16 1012e8 26dd work_low
A 000482 R16 1012ea c252 work_low
A 000482 R16 1012ec cb9b work_low
A 000482 R16 1012ee fa08 work_low
A 000482 R16 1012f0 e229 work_low
A 000482 R16 1012f2 6ace work_low
A 000482 R16 1012f4 1607 work_low
A 000482 R16 1012f6 6e24 work_low
A 000482 R16 1012f8 26b5 work_low
A 000482 R16 1012fa c18a work_low
A 000482 R16 1012fc c7b3 work_low
A 000482 R16 1012fe e680 work_low
A 000482 R16 101300 8081 work_low
A 000482 R16 101302 8286 work_low
A 000482 R16 101304 8c9f work_low
A 000482 R16 101306 bf1c work_low
A 000482 R16 101308 bb8d work_low
A 000482 R16 10130a a9c2 work_low
A 000482 R16 10130c 50cb work_low
A 000482 R16 10130e 93f8 work_low
A 000482 R16 101310 e3d9 work_low
A 000482 R16 101312 733e work_low
A 000482 R16 101314 4037 work_low
A 000482 R16 101316 4114 work_low
A 000482 R16 101318 4565 work_low
A 000482 R16 10131a 5afa work_low
A 000482 R16 10131c c6e3 work_low
A 000482 R16 10131e e270 work_low
A 000482 R16 101320 6c31 work_low
A 000482 R16 101322 1cf6 work_low
A 000482 R16 101324 90cf work_low
A 000482 R16 101326 d40c work_low
A 000482 R16 101328 243d work_low
A 000482 R16 10132a b532 work_low
A 000482 R16 10132c 89fb work_low
A 000482 R16 10132e b1e8 work_low
A 000482 R16 101330 7989 work_low
A 000482 R16 101332 5fae work_low
A 000482 R16 101334 de67 work_low
A 000482 R16 101336 5804 work_low
A 000482 R16 101338 b815 work_low
A 000482 R16 10133a 986a work_low
A 000482 R16 10133c fa13 work_low
A 000482 R16 10133e e260 work_low
A 000482 R16 101340 6be1 work_low
A 000482 R16 101342 1b66 work_low
A 000482 R16 101344 88ff work_low
A 000482 R16 101346 acfc work_low
A 000482 R16 101348 60ed work_low
A 000482 R16 10134a e4a2 work_low
A 000482 R16 10134c 772b work_low
A 000482 R16 10134e 53d8 work_low
A 000482 R16 101350 a339 work_low
A 000482 R16 101352 301e work_low
A 000482 R16 101354 f097 work_low
A 000482 R16 101356 b2f4 work_low
A 000482 R16 101358 7ec5 work_low
A 000482 R16 10135a 79da work_low
A 000482 R16 10135c 6143 work_low
A 000482 R16 10135e e650 work_low
A 000482 R16 101360 7f91 work_low
A 000482 R16 101362 7dd6 work_low
A 000482 R16 101364 752f work_low
A 000482 R16 101366 49ec work_low
A 000482 R16 101368 719d work_low
A 000482 R16 10136a 3812 work_low
A 000482 R16 10136c 185b work_low
A 000482 R16 10136e 79c8 work_low
A 000482 R16 101370 60e9 work_low
A 000482 R16 101372 e48e work_low
A 000482 R16 101374 76c7 work_low
A 000482 R16 101376 51e4 work_low
A 000482 R16 101378 9975 work_low
A 000482 R16 10137a ff4a work_low
A 000482 R16 10137c fc73 work_low
A 000482 R16 10137e ee40 work_low
A 000482 R16 101380 a741 work_low
A 000482 R16 101382 4446 work_low
A 000482 R16 101384 555f work_low
A 000482 R16 101386 aadc work_low
A 000482 R16 101388 564d work_low
A 000482 R16 10138a af82 work_low
A 000482 R16 10138c 6d8b work_low
A 000482 R16 10138e 23b8 work_low
A 000482 R16 101390 b299 work_low
A 000482 R16 101392 7cfe work_low
A 000482 R16 101394 70f7 work_low
A 000482 R16 101396 34d4 work_low
A 000482 R16 101398 0825 work_low
A 000482 R16 10139a 28ba work_low
A 000482 R16 10139c cba3 work_low
A 000482 R16 10139e fa30 work_low
A 000482 R16 1013a0 e2f1 work_low
A 000482 R16 1013a2 6eb6 work_low
A 000482 R16 1013a4 298f work_low
A 000482 R16 1013a6 cfcc work_low
A 000482 R16 1013a8 0efd work_low
A 000482 R16 1013aa 4af2 work_low
A 000482 R16 1013ac 76bb work_low
A 000482 R16 1013ae 51a8 work_low
A 000482 R16 1013b0 9849 work_low
A 000482 R16 1013b2 f96e work_low
A 000482 R16 1013b4 df27 work_low
A 000482 R16 1013b6 5bc4 work_low
A 000482 R16 1013b8 cad5 work_low
A 000482 R16 1013ba f62a work_low
A 000482 R16 1013bc ced3 work_low
A 000482 R16 1013be 0a20 work_low
A 000482 R16 1013c0 32a1 work_low
A 000482 R16 1013c2 fd26 work_low
A 000482 R16 1013c4 f1bf work_low
A 000482 R16 1013c6 b8bc work_low
A 000482 R16 1013c8 9bad work_low
A 000482 R16 1013ca 0a62 work_low
A 000482 R16 1013cc 33eb work_low
A 000482 R16 1013ce 0398 work_low
A 000482 R16 1013d0 11f9 work_low
A 000482 R16 1013d2 59de work_low
A 000482 R16 1013d4 c157 work_low
A 000482 R16 1013d6 c6b4 work_low
A 000482 R16 1013d8 e185 work_low
A 000482 R16 1013da 679a work_low
A 000482 R16 1013dc 0603 work_low
A 000482 R16 1013de 1e10 work_low
A 000482 R16 1013e0 9651 work_low
A 000482 R16 1013e2 ef96 work_low
A 000482 R16 1013e4 adef work_low
A 000482 R16 1013e6 65ac work_low
A 000482 R16 1013e8 fc5d work_low
A 000482 R16 1013ea edd2 work_low
A 000482 R16 1013ec a51b work_low
A 000482 R16 1013ee 3988 work_low
A 000482 R16 1013f0 1fa9 work_low
A 000482 R16 1013f2 9e4e work_low
A 000482 R16 1013f4 1787 work_low
A 000482 R16 1013f6 75a4 work_low
A 000482 R16 1013f8 4c35 work_low
A 000482 R16 1013fa 7d0a work_low
A 000482 R16 1013fc 7133 work_low
A 000482 R16 1013fe 3600 work_low
A 000482 R16 101400 0e01 work_low
A 000482 R16 101402 4606 work_low
A 000482 R16 101404 5e1f work_low
A 000482 R16 101406 d69c work_low
A 000482 R16 101408 310d work_low
A 000482 R16 10140a f542 work_low
A 000482 R16 10140c ca4b work_low
A 000482 R16 10140e f378 work_low
A 000482 R16 101410 c159 work_low
A 000482 R16 101412 c6be work_low
A 000482 R16 101414 e1b7 work_low
A 000482 R16 101416 6894 work_low
A 000482 R16 101418 0ae5 work_low
A 000482 R16 10141a 367a work_low
A 000482 R16 10141c 1063 work_low
A 000482 R16 10141e 51f0 work_low
A 000482 R16 101420 99b1 work_low
A 000482 R16 101422 0076 work_low
A 000482 R16 101424 024f work_low
A 000482 R16 101426 0b8c work_low
A 000482 R16 101428 39bd work_low
A 000482 R16 10142a 20b2 work_low
A 000482 R16 10142c a37b work_low
A 000482 R16 10142e 3168 work_low
A 000482 R16 101430 f709 work_low
A 000482 R16 101432 d32e work_low
A 000482 R16 101434 1fe7 work_low
A 000482 R16 101436 9f84 work_low
A 000482 R16 101438 1d95 work_low
A 000482 R16 10143a 93ea work_low
A 000482 R16 10143c e393 work_low
A 000482 R16 10143e 71e0 work_low
A 000482 R16 101440 3961 work_low
A 000482 R16 101442 1ee6 work_low
A 000482 R16 101444 9a7f work_low
A 000482 R16 101446 047c work_low
A 000482 R16 101448 166d work_low
A 000482 R16 10144a 7022 work_low
A 000482 R16 10144c 30ab work_low
A 000482 R16 10144e f358 work_low
A 000482 R16 101450 c0b9 work_low
A 000482 R16 101452 c39e work_low
A 000482 R16 101454 d217 work_low
A 000482 R16 101456 1a74 work_low
A 000482 R16 101458 8445 work_low
A 000482 R16 10145a 955a work_low
A 000482 R16 10145c eac3 work_low
A 000482 R16 10145e 95d0 work_low
A 000482 R16 101460 ed11 work_low
A 000482 R16 101462 a156 work_low
A 000482 R16 101464 26af work_low
A 000482 R16 101466 c16c work_low
A 000482 R16 101468 c71d work_low
A 000482 R16 10146a e392 work_low
A 000482 R16 10146c 71db work_low
A 000482 R16 10146e 3948 work_low
A 000482 R16 101470 1e69 work_low
A 000482 R16 101472 980e work_low
A 000482 R16 101474 f847 work_low
A 000482 R16 101476 d964 work_low
A 000482 R16 101478 3ef5 work_low
A 000482 R16 10147a 3aca work_low
A 000482 R16 10147c 25f3 work_low
A 000482 R16 10147e bdc0 work_low
A 000482 R16 101480 b4c1 work_low
A 000482 R16 101482 87c6 work_low
A 000482 R16 101484 a6df work_low
A 000482 R16 101486 425c work_low
A 000482 R16 101488 4bcd work_low
A 000482 R16 10148a 7b02 work_low
A 000482 R16 10148c 670b work_low
A 000482 R16 10148e 0338 work_low
A 000482 R16 101490 1019 work_low
A 000482 R16 101492 507e work_low
A 000482 R16 101494 9277 work_low
A 000482 R16 101496 dc54 work_low
A 000482 R16 101498 4da5 work_low
A 000482 R16 10149a 843a work_low
A 000482 R16 10149c 9523 work_low
A 000482 R16 10149e e9b0 work_low
A 000482 R16 1014a0 9071 work_low
A 000482 R16 1014a2 d236 work_low
A 000482 R16 1014a4 1b0f work_low
A 000482 R16 1014a6 874c work_low
A 000482 R16 1014a8 a47d work_low
A 000482 R16 1014aa 3672 work_low
A 000482 R16 1014ac 103b work_low
A 000482 R16 1014ae 5128 work_low
A 000482 R16 1014b0 95c9 work_low
A 000482 R16 1014b2 ecee work_low
A 000482 R16 1014b4 a0a7 work_low
A 000482 R16 1014b6 2344 work_low
A 000482 R16 1014b8 b055 work_low
A 000482 R16 1014ba 71aa work_low
A 000482 R16 1014bc 3853 work_low
A 000482 R16 1014be 19a0 work_low
A 000482 R16 1014c0 8021 work_low
A 000482 R16 1014c2 80a6 work_low
A 000482 R16 1014c4 833f work_low
A 000482 R16 1014c6 903c work_low
A 000482 R16 1014c8 d12d work_low
A 000482 R16 1014ca 15e2 work_low
A 000482 R16 1014cc 6d6b work_low
A 000482 R16 1014ce 2318 work_low
A 000482 R16 1014d0 af79 work_low
A 000482 R16 1014d2 6d5e work_low
A 000482 R16 1014d4 22d7 work_low
A 000482 R16 1014d6 ae34 work_low
A 000482 R16 1014d8 6705 work_low
A 000482 R16 1014da 031a work_low
A 000482 R16 1014dc 0f83 work_low
A 000482 R16 1014de 4d90 work_low
A 000482 R16 1014e0 83d1 work_low
A 000482 R16 1014e2 9316 work_low
A 000482 R16 1014e4 df6f work_low
A 000482 R16 1014e6 5d2c work_low
A 000482 R16 1014e8 d1dd work_low
A 000482 R16 1014ea 1952 work_low
A 000482 R16 1014ec 7e9b work_low
A 000482 R16 1014ee 7908 work_low
A 000482 R16 1014f0 5d29 work_low
A 000482 R16 1014f2 d1ce work_low
A 000482 R16 1014f4 1907 work_low
A 000482 R16 1014f6 7d24 work_low
A 000482 R16 1014f8 71b5 work_low
A 000482 R16 1014fa 388a work_low
A 000482 R16 1014fc 1ab3 work_low
A 000482 R16 1014fe 8580 work_low
A 000482 R16 101500 9b81 work_low
A 000482 R16 101502 0986 work_low
A 000482 R16 101504 2f9f work_low
A 000482 R16 101506 ee1c work_low
A 000482 R16 101508 a68d work_low
A 000482 R16 10150a 40c2 work_low
A 000482 R16 10150c 43cb work_low
A 000482 R16 10150e 52f8 work_low
A 000482 R16 101510 9ed9 work_low
A 000482 R16 101512 1a3e work_low
A 000482 R16 101514 8337 work_low
A 000482 R16 101516 9014 work_low
A 000482 R16 101518 d065 work_low
A 000482 R16 10151a 11fa work_low
A 000482 R16 10151c 59e3 work_low
A 000482 R16 10151e c170 work_low
A 000482 R16 101520 c731 work_low
A 000482 R16 101522 e3f6 work_low
A 000482 R16 101524 73cf work_low
A 000482 R16 101526 430c work_low
A 000482 R16 101528 4f3d work_low
A 000482 R16 10152a 8c32 work_low
A 000482 R16 10152c bcfb work_low
A 000482 R16 10152e b0e8 work_low
A 000482 R16 101530 7489 work_low
A 000482 R16 101532 46ae work_low
A 000482 R16 101534 6167 work_low
A 000482 R16 101536 e704 work_low
A 000482 R16 101538 8315 work_low
A 000482 R16 10153a 8f6a work_low
A 000482 R16 10153c cd13 work_low
A 000482 R16 10153e 0160 work_low
A 000482 R16 101540 06e1 work_low
A 000482 R16 101542 2266 work_low
A 000482 R16 101544 abff work_low
A 000482 R16 101546 5bfc work_low
A 000482 R16 101548 cbed work_low
A 000482 R16 10154a fba2 work_low
A 000482 R16 10154c ea2b work_low
A 000482 R16 10154e 92d8 work_low
A 000482 R16 101550 de39 work_low
A 000482 R16 101552 571e work_low
A 000482 R16 101554 b397 work_low
A 000482 R16 101556 81f4 work_low
A 000482 R16 101558 89c5 work_low
A 000482 R16 10155a b0da work_low
A 000482 R16 10155c 7443 work_low
A 000482 R16 10155e 4550 work_low
A 000482 R16 101560 5a91 work_low
A 000482 R16 101562 c4d6 work_low
A 000482 R16 101564 d82f work_low
A 000482 R16 101566 38ec work_low
A 000482 R16 101568 1c9d work_low
A 000482 R16 10156a 8f12 work_low
A 000482 R16 10156c cb5b work_low
A 000482 R16 10156e f8c8 work_low
A 000482 R16 101570 dbe9 work_low
A 000482 R16 101572 4b8e work_low
A 000482 R16 101574 79c7 work_low
A 000482 R16 101576 60e4 work_low
A 000482 R16 101578 e475 work_low
A 000482 R16 10157a 764a work_low
A 000482 R16 10157c 4f73 work_low
A 000482 R16 10157e 8d40 work_low
A 000482 R16 101580 c241 work_low
A 000482 R16 101582 cb46 work_low
A 000482 R16 101584 f85f work_low
A 000482 R16 101586 d9dc work_low
A 000482 R16 101588 414d work_low
A 000482 R16 10158a 4682 work_low
A 000482 R16 10158c 608b work_low
A 000482 R16 10158e e2b8 work_low
A 000482 R16 101590 6d99 work_low
A 000482 R16 101592 23fe work_low
A 000482 R16 101594 b3f7 work_low
A 000482 R16 101596 83d4 work_low
A 000482 R16 101598 9325 work_low
A 000482 R16 10159a dfba work_low
A 000482 R16 10159c 5ea3 work_low
A 000482 R16 10159e d930 work_low
A 000482 R16 1015a0 3df1 work_low
A 000482 R16 1015a2 35b6 work_low
A 000482 R16 1015a4 0c8f work_low
A 000482 R16 1015a6 3ecc work_low
A 000482 R16 1015a8 39fd work_low
A 000482 R16 1015aa 21f2 work_low
A 000482 R16 1015ac a9bb work_low
A 000482 R16 1015ae 50a8 work_low
A 000482 R16 1015b0 9349 work_low
A 000482 R16 1015b2 e06e work_low
A 000482 R16 1015b4 6227 work_low
A 000482 R16 1015b6 eac4 work_low
A 000482 R16 1015b8 95d5 work_low
A 000482 R16 1015ba ed2a work_low
A 000482 R16 1015bc a1d3 work_low
A 000482 R16 1015be 2920 work_low
A 000482 R16 1015c0 cda1 work_low
A 000482 R16 1015c2 0426 work_low
A 000482 R16 1015c4 14bf work_low
A 000482 R16 1015c6 67bc work_low
A 000482 R16 1015c8 06ad work_low
A 000482 R16 1015ca 2162 work_low
A 000482 R16 1015cc a6eb work_low
A 000482 R16 1015ce 4298 work_low
A 000482 R16 1015d0 4cf9 work_low
A 000482 R16 1015d2 80de work_low
A 000482 R16 1015d4 8457 work_low
A 000482 R16 1015d6 95b4 work_low
A 000482 R16 1015d8 ec85 work_low
A 000482 R16 1015da 9e9a work_low
A 000482 R16 1015dc 1903 work_low
A 000482 R16 1015de 7d10 work_low
A 000482 R16 1015e0 7151 work_low
A 000482 R16 1015e2 3696 work_low
A 000482 R16 1015e4 10ef work_low
A 000482 R16 1015e6 54ac work_low
A 000482 R16 1015e8 a75d work_low
A 000482 R16 1015ea 44d2 work_low
A 000482 R16 1015ec 581b work_low
A 000482 R16 1015ee b888 work_low
A 000482 R16 1015f0 9aa9 work_low
A 000482 R16 1015f2 054e work_low
A 000482 R16 1015f4 1a87 work_low
A 000482 R16 1015f6 84a4 work_low
A 000482 R16 1015f8 9735 work_low
A 000482 R16 1015fa f40a work_low
A 000482 R16 1015fc c433 work_low
A 000482 R16 1015fe d500 work_low
A 000482 R16 101600 2901 work_low
A 000482 R16 101602 cd06 work_low
A 000482 R16 101604 011f work_low
A 000482 R16 101606 059c work_low
A 000482 R16 101608 1c0d work_low
A 000482 R16 10160a 8c42 work_low
A 000482 R16 10160c bd4b work_low
A 000482 R16 10160e b278 work_low
A 000482 R16 101610 7c59 work_low
A 000482 R16 101612 6dbe work_low
A 000482 R16 101614 24b7 work_low
A 000482 R16 101616 b794 work_low
A 000482 R16 101618 95e5 work_low
A 000482 R16 10161a ed7a work_low
A 000482 R16 10161c a363 work_low
A 000482 R16 10161e 30f0 work_low
A 000482 R16 101620 f4b1 work_low
A 000482 R16 101622 c776 work_low
A 000482 R16 101624 e54f work_low
A 000482 R16 101626 7a8c work_low
A 000482 R16 101628 64bd work_low
A 000482 R16 10162a f7b2 work_low
A 000482 R16 10162c d67b work_low
A 000482 R16 10162e 3068 work_low
A 000482 R16 101630 f209 work_low
A 000482 R16 101632 ba2e work_low
A 000482 R16 101634 a2e7 work_low
A 000482 R16 101636 2e84 work_low
A 000482 R16 101638 e895 work_low
A 000482 R16 10163a 8aea work_low
A 000482 R16 10163c b693 work_low
A 000482 R16 10163e 90e0 work_low
A 000482 R16 101640 d461 work_low
A 000482 R16 101642 25e6 work_low
A 000482 R16 101644 bd7f work_low
A 000482 R16 101646 b37c work_low
A 000482 R16 101648 816d work_low
A 000482 R16 10164a 8722 work_low
A 000482 R16 10164c a3ab work_low
A 000482 R16 10164e 3258 work_low
A 000482 R16 101650 fbb9 work_low
A 000482 R16 101652 ea9e work_low
A 000482 R16 101654 9517 work_low
A 000482 R16 101656 e974 work_low
A 000482 R16 101658 8f45 work_low
A 000482 R16 10165a cc5a work_low
A 000482 R16 10165c fdc3 work_low
A 000482 R16 10165e f4d0 work_low
A 000482 R16 101660 c811 work_low
A 000482 R16 101662 e856 work_low
A 000482 R16 101664 89af work_low
A 000482 R16 101666 b06c work_low
A 000482 R16 101668 721d work_low
A 000482 R16 10166a 3a92 work_low
A 000482 R16 10166c 24db work_low
A 000482 R16 10166e b848 work_low
A 000482 R16 101670 9969 work_low
A 000482 R16 101672 ff0e work_low
A 000482 R16 101674 fb47 work_low
A 000482 R16 101676 e864 work_low
A 000482 R16 101678 89f5 work_low
A 000482 R16 10167a b1ca work_low
A 000482 R16 10167c 78f3 work_low
A 000482 R16 10167e 5cc0 work_low
A 000482 R16 101680 cfc1 work_low
A 000482 R16 101682 0ec6 work_low
A 000482 R16 101684 49df work_low
A 000482 R16 101686 715c work_low
A 000482 R16 101688 36cd work_low
A 000482 R16 10168a 1202 work_low
A 000482 R16 10168c 5a0b work_low
A 000482 R16 10168e c238 work_low
A 000482 R16 101690 cb19 work_low
A 000482 R16 101692 f77e work_low
A 000482 R16 101694 d577 work_low
A 000482 R16 101696 2b54 work_low
A 000482 R16 101698 d8a5 work_low
A 000482 R16 10169a 3b3a work_low
A 000482 R16 10169c 2823 work_low
A 000482 R16 10169e c8b0 work_low
A 000482 R16 1016a0 eb71 work_low
A 000482 R16 1016a2 9936 work_low
A 000482 R16 1016a4 fe0f work_low
A 000482 R16 1016a6 f64c work_low
A 000482 R16 1016a8 cf7d work_low
A 000482 R16 1016aa 0d72 work_low
A 000482 R16 1016ac 433b work_low
A 000482 R16 1016ae 5028 work_low
A 000482 R16 1016b0 90c9 work_low
A 000482 R16 1016b2 d3ee work_low
A 000482 R16 1016b4 23a7 work_low
A 000482 R16 1016b6 b244 work_low
A 000482 R16 1016b8 7b55 work_low
A 000482 R16 1016ba 68aa work_low
A 000482 R16 1016bc 0b53 work_low
A 000482 R16 1016be 38a0 work_low
A 000482 R16 1016c0 1b21 work_low
A 000482 R16 1016c2 87a6 work_low
A 000482 R16 1016c4 a63f work_low
A 000482 R16 1016c6 3f3c work_low
A 000482 R16 1016c8 3c2d work_low
A 000482 R16 1016ca 2ce2 work_low
A 000482 R16 1016cc e06b work_low
A 000482 R16 1016ce 6218 work_low
A 000482 R16 1016d0 ea79 work_low
A 000482 R16 1016d2 945e work_low
A 000482 R16 1016d4 e5d7 work_low
A 000482 R16 1016d6 7d34 work_low
A 000482 R16 1016d8 7205 work_low
A 000482 R16 1016da 3a1a work_low
A 000482 R16 1016dc 2283 work_low
A 000482 R16 1016de ac90 work_low
A 000482 R16 1016e0 5ed1 work_low
A 000482 R16 1016e2 da16 work_low
A 000482 R16 1016e4 426f work_low
A 000482 R16 1016e6 4c2c work_low
A 000482 R16 1016e8 7cdd work_low
A 000482 R16 1016ea 7052 work_low
A 000482 R16 1016ec 319b work_low
A 000482 R16 1016ee f808 work_low
A 000482 R16 1016f0 d829 work_low
A 000482 R16 1016f2 38ce work_low
A 000482 R16 1016f4 1c07 work_low
A 000482 R16 1016f6 8c24 work_low
A 000482 R16 1016f8 bcb5 work_low
A 000482 R16 1016fa af8a work_low
A 000482 R16 1016fc 6db3 work_low
A 000482 R16 1016fe 2480 work_low
A 000482 R16 101700 b681 work_low
A 000482 R16 101702 9086 work_low
A 000482 R16 101704 d29f work_low
A 000482 R16 101706 1d1c work_low
A 000482 R16 101708 918d work_low
A 000482 R16 10170a d7c2 work_low
A 000482 R16 10170c 36cb work_low
A 000482 R16 10170e 11f8 work_low
A 000482 R16 101710 59d9 work_low
A 000482 R16 101712 c13e work_low
A 000482 R16 101714 c637 work_low
A 000482 R16 101716 df14 work_low
A 000482 R16 101718 5b65 work_low
A 000482 R16 10171a c8fa work_low
A 000482 R16 10171c ece3 work_low
A 000482 R16 10171e a070 work_low
A 000482 R16 101720 2231 work_low
A 000482 R16 101722 aaf6 work_low
A 000482 R16 101724 56cf work_low
A 000482 R16 101726 b20c work_low
A 000482 R16 101728 7a3d work_low
A 000482 R16 10172a 6332 work_low
A 000482 R16 10172c effb work_low
A 000482 R16 10172e afe8 work_low
A 000482 R16 101730 6f89 work_low
A 000482 R16 101732 2dae work_low
A 000482 R16 101734 e467 work_low
A 000482 R16 101736 7604 work_low
A 000482 R16 101738 4e15 work_low
A 000482 R16 10173a 866a work_low
A 000482 R16 10173c a013 work_low
A 000482 R16 10173e 2060 work_low
A 000482 R16 101740 a1e1 work_low
A 000482 R16 101742 2966 work_low
A 000482 R16 101744 ceff work_low
A 000482 R16 101746 0afc work_low
A 000482 R16 101748 36ed work_low
A 000482 R16 10174a 12a2 work_low
A 000482 R16 10174c 5d2b work_low
A 000482 R16 10174e d1d8 work_low
A 000482 R16 101750 1939 work_low
A 000482 R16 101752 7e1e work_low
A 000482 R16 101754 7697 work_low
A 000482 R16 101756 50f4 work_low
A 000482 R16 101758 94c5 work_low
A 000482 R16 10175a e7da work_low
A 000482 R16 10175c 8743 work_low
A 000482 R16 10175e a450 work_low
A 000482 R16 101760 3591 work_low
A 000482 R16 101762 0bd6 work_low
A 000482 R16 101764 3b2f work_low
A 000482 R16 101766 27ec work_low
A 000482 R16 101768 c79d work_low
A 000482 R16 10176a e612 work_low
A 000482 R16 10176c 7e5b work_low
A 000482 R16 10176e 77c8 work_low
A 000482 R16 101770 56e9 work_low
A 000482 R16 101772 b28e work_low
A 000482 R16 101774 7cc7 work_low
A 000482 R16 101776 6fe4 work_low
A 000482 R16 101778 2f75 work_low
A 000482 R16 10177a ed4a work_low
A 000482 R16 10177c a273 work_low
A 000482 R16 10177e 2c40 work_low
A 000482 R16 101780 dd41 work_low
A 000482 R16 101782 5246 work_low
A 000482 R16 101784 9b5f work_low
A 000482 R16 101786 08dc work_low
A 000482 R16 101788 2c4d work_low
A 000482 R16 10178a dd82 work_low
A 000482 R16 10178c 538b work_low
A 000482 R16 10178e a1b8 work_low
A 000482 R16 101790 2899 work_low
A 000482 R16 101792 cafe work_low
A 000482 R16 101794 f6f7 work_low
A 000482 R16 101796 d2d4 work_low
A 000482 R16 101798 1e25 work_low
A 000482 R16 10179a 96ba work_low
A 000482 R16 10179c f1a3 work_low
A 000482 R16 10179e b830 work_low
A 000482 R16 1017a0 98f1 work_low
A 000482 R16 1017a2 fcb6 work_low
A 000482 R16 1017a4 ef8f work_low
A 000482 R16 1017a6 adcc work_low
A 000482 R16 1017a8 64fd work_low
A 000482 R16 1017aa f8f2 work_low
A 000482 R16 1017ac dcbb work_low
A 000482 R16 1017ae 4fa8 work_low
A 000482 R16 1017b0 8e49 work_low
A 000482 R16 1017b2 c76e work_low
A 000482 R16 1017b4 e527 work_low
A 000482 R16 1017b6 79c4 work_low
A 000482 R16 1017b8 60d5 work_low
A 000482 R16 1017ba e42a work_low
A 000482 R16 1017bc 74d3 work_low
A 000482 R16 1017be 4820 work_low
A 000482 R16 1017c0 68a1 work_low
A 000482 R16 1017c2 0b26 work_low
A 000482 R16 1017c4 37bf work_low
A 000482 R16 1017c6 16bc work_low
A 000482 R16 1017c8 71ad work_low
A 000482 R16 1017ca 3862 work_low
A 000482 R16 1017cc 19eb work_low
A 000482 R16 1017ce 8198 work_low
A 000482 R16 1017d0 87f9 work_low
A 000482 R16 1017d2 a7de work_low
A 000482 R16 1017d4 4757 work_low
A 000482 R16 1017d6 64b4 work_low
A 000482 R16 1017d8 f785 work_low
A 000482 R16 1017da d59a work_low
A 000482 R16 1017dc 2c03 work_low
A 000482 R16 1017de dc10 work_low
A 000482 R16 1017e0 4c51 work_low
A 000482 R16 1017e2 7d96 work_low
A 000482 R16 1017e4 73ef work_low
A 000482 R16 1017e6 43ac work_low
A 000482 R16 1017e8 525d work_low
A 000482 R16 1017ea 9bd2 work_low
A 000482 R16 1017ec 0b1b work_low
A 000482 R16 1017ee 3788 work_low
A 000482 R16 1017f0 15a9 work_low
A 000482 R16 1017f2 6c4e work_low
A 000482 R16 1017f4 1d87 work_low
A 000482 R16 1017f6 93a4 work_low
A 000482 R16 1017f8 e235 work_low
A 000482 R16 1017fa 6b0a work_low
A 000482 R16 1017fc 1733 work_low
A 000482 R16 1017fe 7400 work_low
A 000482 R16 101800 4401 work_low
A 000482 R16 101802 5406 work_low
A 000482 R16 101804 a41f work_low
A 000482 R16 101806 349c work_low
A 000482 R16 101808 070d work_low
A 000482 R16 10180a 2342 work_low
A 000482 R16 10180c b04b work_low
A 000482 R16 10180e 7178 work_low
A 000482 R16 101810 3759 work_low
A 000482 R16 101812 14be work_low
A 000482 R16 101814 67b7 work_low
A 000482 R16 101816 0694 work_low
A 000482 R16 101818 20e5 work_low
A 000482 R16 10181a a47a work_low
A 000482 R16 10181c 3663 work_low
A 000482 R16 10181e 0ff0 work_low
A 000482 R16 101820 4fb1 work_low
A 000482 R16 101822 8e76 work_low
A 000482 R16 101824 c84f work_low
A 000482 R16 101826 e98c work_low
A 000482 R16 101828 8fbd work_low
A 000482 R16 10182a ceb2 work_low
A 000482 R16 10182c 097b work_low
A 000482 R16 10182e 2f68 work_low
A 000482 R16 101830 ed09 work_low
A 000482 R16 101832 a12e work_low
A 000482 R16 101834 25e7 work_low
A 000482 R16 101836 bd84 work_low
A 000482 R16 101838 b395 work_low
A 000482 R16 10183a 81ea work_low
A 000482 R16 10183c 8993 work_low
A 000482 R16 10183e afe0 work_low
A 000482 R16 101840 6f61 work_low
A 000482 R16 101842 2ce6 work_low
A 000482 R16 101844 e07f work_low
A 000482 R16 101846 627c work_low
A 000482 R16 101848 ec6d work_low
A 000482 R16 10184a 9e22 work_low
A 000482 R16 10184c 16ab work_low
A 000482 R16 10184e 7158 work_low
A 000482 R16 101850 36b9 work_low
A 000482 R16 101852 119e work_low
A 000482 R16 101854 5817 work_low
A 000482 R16 101856 b874 work_low
A 000482 R16 101858 9a45 work_low
A 000482 R16 10185a 035a work_low
A 000482 R16 10185c 10c3 work_low
A 000482 R16 10185e 53d0 work_low
A 000482 R16 101860 a311 work_low
A 000482 R16 101862 2f56 work_low
A 000482 R16 101864 ecaf work_low
A 000482 R16 101866 9f6c work_low
A 000482 R16 101868 1d1d work_low
A 000482 R16 10186a 9192 work_low
A 000482 R16 10186c d7db work_low
A 000482 R16 10186e 3748 work_low
A 000482 R16 101870 1469 work_low
A 000482 R16 101872 660e work_low
A 000482 R16 101874 fe47 work_low
A 000482 R16 101876 f764 work_low
A 000482 R16 101878 d4f5 work_low
A 000482 R16 10187a 28ca work_low
A 000482 R16 10187c cbf3 work_low
A 000482 R16 10187e fbc0 work_low
A 000482 R16 101880 eac1 work_low
A 000482 R16 101882 95c6 work_low
A 000482 R16 101884 ecdf work_low
A 000482 R16 101886 a05c work_low
A 000482 R16 101888 21cd work_low
A 000482 R16 10188a a902 work_low
A 000482 R16 10188c 4d0b work_low
A 000482 R16 10188e 8138 work_low
A 000482 R16 101890 8619 work_low
A 000482 R16 101892 9e7e work_low
A 000482 R16 101894 1877 work_low
A 000482 R16 101896 7a54 work_low
A 000482 R16 101898 63a5 work_low
A 000482 R16 10189a f23a work_low
A 000482 R16 10189c bb23 work_low
A 000482 R16 10189e a7b0 work_low
A 000482 R16 1018a0 4671 work_low
A 000482 R16 1018a2 6036 work_low
A 000482 R16 1018a4 e10f work_low
A 000482 R16 1018a6 654c work_low
A 000482 R16 1018a8 fa7d work_low
A 000482 R16 1018aa e472 work_low
A 000482 R16 1018ac 763b work_low
A 000482 R16 1018ae 4f28 work_low
A 000482 R16 1018b0 8bc9 work_low
A 000482 R16 1018b2 baee work_low
A 000482 R16 1018b4 a6a7 work_low
A 000482 R16 1018b6 4144 work_low
A 000482 R16 1018b8 4655 work_low
A 000482 R16 1018ba 5faa work_low
A 000482 R16 1018bc de53 work_low
A 000482 R16 1018be 57a0 work_low
A 000482 R16 1018c0 b621 work_low
A 000482 R16 1018c2 8ea6 work_low
A 000482 R16 1018c4 c93f work_low
A 000482 R16 1018c6 ee3c work_low
A 000482 R16 1018c8 a72d work_low
A 000482 R16 1018ca 43e2 work_low
A 000482 R16 1018cc 536b work_low
A 000482 R16 1018ce a118 work_low
A 000482 R16 1018d0 2579 work_low
A 000482 R16 1018d2 bb5e work_low
A 000482 R16 1018d4 a8d7 work_low
A 000482 R16 1018d6 4c34 work_low
A 000482 R16 1018d8 7d05 work_low
A 000482 R16 1018da 711a work_low
A 000482 R16 1018dc 3583 work_low
A 000482 R16 1018de 0b90 work_low
A 000482 R16 1018e0 39d1 work_low
A 000482 R16 1018e2 2116 work_low
A 000482 R16 1018e4 a56f work_low
A 000482 R16 1018e6 3b2c work_low
A 000482 R16 1018e8 27dd work_low
A 000482 R16 1018ea c752 work_low
A 000482 R16 1018ec e49b work_low
A 000482 R16 1018ee 7708 work_low
A 000482 R16 1018f0 5329 work_low
A 000482 R16 1018f2 9fce work_low
A 000482 R16 1018f4 1f07 work_low
A 000482 R16 1018f6 9b24 work_low
A 000482 R16 1018f8 07b5 work_low
A 000482 R16 1018fa 268a work_low
A 000482 R16 1018fc c0b3 work_low
A 000482 R16 1018fe c380 work_low
A 000482 R16 101900 d181 work_low
A 000482 R16 101902 1786 work_low
A 000482 R16 101904 759f work_low
A 000482 R16 101906 4c1c work_low
A 000482 R16 101908 7c8d work_low
A 000482 R16 10190a 6ec2 work_low
A 000482 R16 10190c 29cb work_low
A 000482 R16 10190e d0f8 work_low
A 000482 R16 101910 14d9 work_low
A 000482 R16 101912 683e work_low
A 000482 R16 101914 0937 work_low
A 000482 R16 101916 2e14 work_low
A 000482 R16 101918 e665 work_low
A 000482 R16 10191a 7ffa work_low
A 000482 R16 10191c 7fe3 work_low
A 000482 R16 10191e 7f70 work_low
A 000482 R16 101920 7d31 work_low
A 000482 R16 101922 71f6 work_low
A 000482 R16 101924 39cf work_low
A 000482 R16 101926 210c work_low
A 000482 R16 101928 a53d work_low
A 000482 R16 10192a 3a32 work_low
A 000482 R16 10192c 22fb work_low
A 000482 R16 10192e aee8 work_low
A 000482 R16 101930 6a89 work_low
A 000482 R16 101932 14ae work_low
A 000482 R16 101934 6767 work_low
A 000482 R16 101936 0504 work_low
A 000482 R16 101938 1915 work_low
A 000482 R16 10193a 7d6a work_low
A 000482 R16 10193c 7313 work_low
A 000482 R16 10193e 3f60 work_low
A 000482 R16 101940 3ce1 work_low
A 000482 R16 101942 3066 work_low
A 000482 R16 101944 f1ff work_low
A 000482 R16 101946 b9fc work_low
A 000482 R16 101948 a1ed work_low
A 000482 R16 10194a 29a2 work_low
A 000482 R16 10194c d02b work_low
A 000482 R16 10194e 10d8 work_low
A 000482 R16 101950 5439 work_low
A 000482 R16 101952 a51e work_low
A 000482 R16 101954 3997 work_low
A 000482 R16 101956 1ff4 work_low
A 000482 R16 101958 9fc5 work_low
A 000482 R16 10195a 1eda work_low
A 000482 R16 10195c 9a43 work_low
A 000482 R16 10195e 0350 work_low
A 000482 R16 101960 1091 work_low
A 000482 R16 101962 52d6 work_low
A 000482 R16 101964 9e2f work_low
A 000482 R16 101966 16ec work_low
A 000482 R16 101968 729d work_low
A 000482 R16 10196a 3d12 work_low
A 000482 R16 10196c 315b work_low
A 000482 R16 10196e f6c8 work_low
A 000482 R16 101970 d1e9 work_low
A 000482 R16 101972 198e work_low
A 000482 R16 101974 7fc7 work_low
A 000482 R16 101976 7ee4 work_low
A 000482 R16 101978 7a75 work_low
A 000482 R16 10197a 644a work_low
A 000482 R16 10197c f573 work_low
A 000482 R16 10197e cb40 work_low
A 000482 R16 101980 f841 work_low
A 000482 R16 101982 d946 work_low
A 000482 R16 101984 3e5f work_low
A 000482 R16 101986 37dc work_low
A 000482 R16 101988 174d work_low
A 000482 R16 10198a 7482 work_low
A 000482 R16 10198c 468b work_low
A 000482 R16 10198e 60b8 work_low
A 000482 R16 101990 e399 work_low
A 000482 R16 101992 71fe work_low
A 000482 R16 101994 39f7 work_low
A 000482 R16 101996 21d4 work_low
A 000482 R16 101998 a925 work_low
A 000482 R16 10199a 4dba work_low
A 000482 R16 10199c 84a3 work_low
A 000482 R16 10199e 9730 work_low
A 000482 R16 1019a0 f3f1 work_low
A 000482 R16 1019a2 c3b6 work_low
A 000482 R16 1019a4 d28f work_low
A 000482 R16 1019a6 1ccc work_low
A 000482 R16 1019a8 8ffd work_low
A 000482 R16 1019aa cff2 work_low
A 000482 R16 1019ac 0fbb work_low
A 000482 R16 1019ae 4ea8 work_low
A 000482 R16 1019b0 8949 work_low
A 000482 R16 1019b2 ae6e work_low
A 000482 R16 1019b4 6827 work_low
A 000482 R16 1019b6 08c4 work_low
A 000482 R16 1019b8 2bd5 work_low
A 000482 R16 1019ba db2a work_low
A 000482 R16 1019bc 47d3 work_low
A 000482 R16 1019be 6720 work_low
A 000482 R16 1019c0 03a1 work_low
A 000482 R16 1019c2 1226 work_low
A 000482 R16 1019c4 5abf work_low
A 000482 R16 1019c6 c5bc work_low
A 000482 R16 1019c8 dcad work_low
A 000482 R16 1019ca 4f62 work_low
A 000482 R16 1019cc 8ceb work_low
A 000482 R16 1019ce c098 work_low
A 000482 R16 1019d0 c2f9 work_low
A 000482 R16 1019d2 cede work_low
A 000482 R16 1019d4 0a57 work_low
A 000482 R16 1019d6 33b4 work_low
A 000482 R16 1019d8 0285 work_low
A 000482 R16 1019da 0c9a work_low
A 000482 R16 1019dc 3f03 work_low
A 000482 R16 1019de 3b10 work_low
A 000482 R16 1019e0 2751 work_low
A 000482 R16 1019e2 c496 work_low
A 000482 R16 1019e4 d6ef work_low
A 000482 R16 1019e6 32ac work_low
A 000482 R16 1019e8 fd5d work_low
A 000482 R16 1019ea f2d2 work_low
A 000482 R16 1019ec be1b work_low
A 000482 R16 1019ee b688 work_low
A 000482 R16 1019f0 90a9 work_low
A 000482 R16 1019f2 d34e work_low
A 000482 R16 1019f4 2087 work_low
A 000482 R16 1019f6 a2a4 work_low
A 000482 R16 1019f8 2d35 work_low
A 000482 R16 1019fa e20a work_low
A 000482 R16 1019fc 6a33 work_low
A 000482 R16 1019fe 1300 work_low
A 000482 R16 101a00 5f01 work_low
A 000482 R16 101a02 db06 work_low
A 000482 R16 101a04 471f work_low
A 000482 R16 101a06 639c work_low
A 000482 R16 101a08 f20d work_low
A 000482 R16 101a0a ba42 work_low
A 000482 R16 101a0c a34b work_low
A 000482 R16 101a0e 3078 work_low
A 000482 R16 101a10 f259 work_low
A 000482 R16 101a12 bbbe work_low
A 000482 R16 101a14 aab7 work_low
A 000482 R16 101a16 5594 work_low
A 000482 R16 101a18 abe5 work_low
A 000482 R16 101a1a 5b7a work_low
A 000482 R16 101a1c c963 work_low
A 000482 R16 101a1e eef0 work_low
A 000482 R16 101a20 aab1 work_low
A 000482 R16 101a22 5576 work_low
A 000482 R16 101a24 ab4f work_low
A 000482 R16 101a26 588c work_low
A 000482 R16 101a28 babd work_low
A 000482 R16 101a2a a5b2 work_low
A 000482 R16 101a2c 3c7b work_low
A 000482 R16 101a2e 2e68 work_low
A 000482 R16 101a30 e809 work_low
A 000482 R16 101a32 882e work_low
A 000482 R16 101a34 a8e7 work_low
A 000482 R16 101a36 4c84 work_low
A 000482 R16 101a38 7e95 work_low
A 000482 R16 101a3a 78ea work_low
A 000482 R16 101a3c 5c93 work_low
A 000482 R16 101a3e cee0 work_low
A 000482 R16 101a40 0a61 work_low
A 000482 R16 101a42 33e6 work_low
A 000482 R16 101a44 037f work_low
A 000482 R16 101a46 117c work_low
A 000482 R16 101a48 576d work_low
A 000482 R16 101a4a b522 work_low
A 000482 R16 101a4c 89ab work_low
A 000482 R16 101a4e b058 work_low
A 000482 R16 101a50 71b9 work_low
A 000482 R16 101a52 389e work_low
A 000482 R16 101a54 1b17 work_low
A 000482 R16 101a56 8774 work_low
A 000482 R16 101a58 a545 work_low
A 000482 R16 101a5a 3a5a work_low
A 000482 R16 101a5c 23c3 work_low
A 000482 R16 101a5e b2d0 work_low
A 000482 R16 101a60 7e11 work_low
A 000482 R16 101a62 7656 work_low
A 000482 R16 101a64 4faf work_low
A 000482 R16 101a66 8e6c work_low
A 000482 R16 101a68 c81d work_low
A 000482 R16 101a6a e892 work_low
A 000482 R16 101a6c 8adb work_low
A 000482 R16 101a6e b648 work_low
A 000482 R16 101a70 8f69 work_low
A 000482 R16 101a72 cd0e work_low
A 000482 R16 101a74 0147 work_low
A 000482 R16 101a76 0664 work_low
A 000482 R16 101a78 1ff5 work_low
A 000482 R16 101a7a 9fca work_low
A 000482 R16 101a7c 1ef3 work_low
A 000482 R16 101a7e 9ac0 work_low
A 000482 R16 101a80 05c1 work_low
A 000482 R16 101a82 1cc6 work_low
A 000482 R16 101a84 8fdf work_low
A 000482 R16 101a86 cf5c work_low
A 000482 R16 101a88 0ccd work_low
A 000482 R16 101a8a 4002 work_low
A 000482 R16 101a8c 400b work_low
A 000482 R16 101a8e 4038 work_low
A 000482 R16 101a90 4119 work_low
A 000482 R16 101a92 457e work_low
A 000482 R16 101a94 5b77 work_low
A 000482 R16 101a96 c954 work_low
A 000482 R16 101a98 eea5 work_low
A 000482 R16 101a9a a93a work_low
A 000482 R16 101a9c 4e23 work_low
A 000482 R16 101a9e 86b0 work_low
A 000482 R16 101aa0 a171 work_low
A 000482 R16 101aa2 2736 work_low
A 000482 R16 101aa4 c40f work_low
A 000482 R16 101aa6 d44c work_low
A 000482 R16 101aa8 257d work_low
A 000482 R16 101aaa bb72 work_low
A 000482 R16 101aac a93b work_low
A 000482 R16 101aae 4e28 work_low
A 000482 R16 101ab0 86c9 work_low
A 000482 R16 101ab2 a1ee work_low
A 000482 R16 101ab4 29a7 work_low
A 000482 R16 101ab6 d044 work_low
A 000482 R16 101ab8 1155 work_low
A 000482 R16 101aba 56aa work_low
A 000482 R16 101abc b153 work_low
A 000482 R16 101abe 76a0 work_low
A 000482 R16 101ac0 5121 work_low
A 000482 R16 101ac2 95a6 work_low
A 000482 R16 101ac4 ec3f work_low
A 000482 R16 101ac6 9d3c work_low
A 000482 R16 101ac8 122d work_low
A 000482 R16 101aca 5ae2 work_low
A 000482 R16 101acc c66b work_low
A 000482 R16 101ace e018 work_low
A 000482 R16 101ad0 6079 work_low
A 000482 R16 101ad2 e25e work_low
A 000482 R16 101ad4 6bd7 work_low
A 000482 R16 101ad6 1b34 work_low
A 000482 R16 101ad8 8805 work_low
A 000482 R16 101ada a81a work_low
A 000482 R16 101adc 4883 work_low
A 000482 R16 101ade 6a90 work_low
A 000482 R16 101ae0 14d1 work_low
A 000482 R16 101ae2 6816 work_low
A 000482 R16 101ae4 086f work_low
A 000482 R16 101ae6 2a2c work_low
A 000482 R16 101ae8 d2dd work_low
A 000482 R16 101aea 1e52 work_low
A 000482 R16 101aec 979b work_low
A 000482 R16 101aee f608 work_low
A 000482 R16 101af0 ce29 work_low
A 000482 R16 101af2 06ce work_low
A 000482 R16 101af4 2207 work_low
A 000482 R16 101af6 aa24 work_low
A 000482 R16 101af8 52b5 work_low
A 000482 R16 101afa 9d8a work_low
A 000482 R16 101afc 13b3 work_low
A 000482 R16 101afe 6280 work_low
A 000482 R16 101b00 ec81 work_low
A 000482 R16 101b02 9e86 work_low
A 000482 R16 101b04 189f work_low
A 000482 R16 101b06 7b1c work_low
A 000482 R16 101b08 678d work_low
A 000482 R16 101b0a 05c2 work_low
A 000482 R16 101b0c 1ccb work_low
A 000482 R16 101b0e 8ff8 work_low
A 000482 R16 101b10 cfd9 work_low
A 000482 R16 101b12 0f3e work_low
A 000482 R16 101b14 4c37 work_low
A 000482 R16 101b16 7d14 work_low
A 000482 R16 101b18 7165 work_low
A 000482 R16 101b1a 36fa work_low
A 000482 R16 101b1c 12e3 work_low
A 000482 R16 101b1e 5e70 work_low
A 000482 R16 101b20 d831 work_low
A 000482 R16 101b22 38f6 work_low
A 000482 R16 101b24 1ccf work_low
A 000482 R16 101b26 900c work_low
A 000482 R16 101b28 d03d work_low
A 000482 R16 101b2a 1132 work_low
A 000482 R16 101b2c 55fb work_low
A 000482 R16 101b2e ade8 work_low
A 000482 R16 101b30 6589 work_low
A 000482 R16 101b32 fbae work_low
A 000482 R16 101b34 ea67 work_low
A 000482 R16 101b36 9404 work_low
A 000482 R16 101b38 e415 work_low
A 000482 R16 101b3a 746a work_low
A 000482 R16 101b3c 4613 work_low
A 000482 R16 101b3e 5e60 work_low
A 000482 R16 101b40 d7e1 work_low
A 000482 R16 101b42 3766 work_low
A 000482 R16 101b44 14ff work_low
A 000482 R16 101b46 68fc work_low
A 000482 R16 101b48 0ced work_low
A 000482 R16 101b4a 40a2 work_low
A 000482 R16 101b4c 432b work_low
A 000482 R16 101b4e 4fd8 work_low
A 000482 R16 101b50 8f39 work_low
A 000482 R16 101b52 cc1e work_low
A 000482 R16 101b54 fc97 work_low
A 000482 R16 101b56 eef4 work_low
A 000482 R16 101b58 aac5 work_low
A 000482 R16 101b5a 55da work_low
A 000482 R16 101b5c ad43 work_low
A 000482 R16 101b5e 6250 work_low
A 000482 R16 101b60 eb91 work_low
A 000482 R16 101b62 99d6 work_low
A 000482 R16 101b64 012f work_low
A 000482 R16 101b66 05ec work_low
A 000482 R16 101b68 1d9d work_low
A 000482 R16 101b6a 9412 work_low
A 000482 R16 101b6c e45b work_low
A 000482 R16 101b6e 75c8 work_low
A 000482 R16 101b70 4ce9 work_low
A 000482 R16 101b72 808e work_low
A 000482 R16 101b74 82c7 work_low
A 000482 R16 101b76 8de4 work_low
A 000482 R16 101b78 c575 work_low
A 000482 R16 101b7a db4a work_low
A 000482 R16 101b7c 4873 work_low
A 000482 R16 101b7e 6a40 work_low
A 000482 R16 101b80 1341 work_low
A 000482 R16 101b82 6046 work_low
A 000482 R16 101b84 e15f work_low
A 000482 R16 101b86 66dc work_low
A 000482 R16 101b88 024d work_low
A 000482 R16 101b8a 0b82 work_low
A 000482 R16 101b8c 398b work_low
A 000482 R16 101b8e 1fb8 work_low
A 000482 R16 101b90 9e99 work_low
A 000482 R16 101b92 18fe work_low
A 000482 R16 101b94 7cf7 work_low
A 000482 R16 101b96 70d4 work_low
A 000482 R16 101b98 3425 work_low
A 000482 R16 101b9a 04ba work_low
A 000482 R16 101b9c 17a3 work_low
A 000482 R16 101b9e 7630 work_low
A 000482 R16 101ba0 4ef1 work_low
A 000482 R16 101ba2 8ab6 work_low
A 000482 R16 101ba4 b58f work_low
A 000482 R16 101ba6 8bcc work_low
A 000482 R16 101ba8 bafd work_low
A 000482 R16 101baa a6f2 work_low
A 000482 R16 101bac 42bb work_low
A 000482 R16 101bae 4da8 work_low
A 000482 R16 101bb0 8449 work_low
A 000482 R16 101bb2 956e work_low
A 000482 R16 101bb4 eb27 work_low
A 000482 R16 101bb6 97c4 work_low
A 000482 R16 101bb8 f6d5 work_low
A 000482 R16 101bba d22a work_low
A 000482 R16 101bbc 1ad3 work_low
A 000482 R16 101bbe 8620 work_low
A 000482 R16 101bc0 9ea1 work_low
A 000482 R16 101bc2 1926 work_low
A 000482 R16 101bc4 7dbf work_low
A 000482 R16 101bc6 74bc work_low
A 000482 R16 101bc8 47ad work_low
A 000482 R16 101bca 6662 work_low
A 000482 R16 101bcc ffeb work_low
A 000482 R16 101bce ff98 work_low
A 000482 R16 101bd0 fdf9 work_low
A 000482 R16 101bd2 f5de work_low
A 000482 R16 101bd4 cd57 work_low
A 000482 R16 101bd6 02b4 work_low
A 000482 R16 101bd8 0d85 work_low
A 000482 R16 101bda 439a work_low
A 000482 R16 101bdc 5203 work_low
A 000482 R16 101bde 9a10 work_low
A 000482 R16 101be0 0251 work_low
A 000482 R16 101be2 0b96 work_low
A 000482 R16 101be4 39ef work_low
A 000482 R16 101be6 21ac work_low
A 000482 R16 101be8 a85d work_low
A 000482 R16 101bea 49d2 work_low
A 000482 R16 101bec 711b work_low
A 000482 R16 101bee 3588 work_low
A 000482 R16 101bf0 0ba9 work_low
A 000482 R16 101bf2 3a4e work_low
A 000482 R16 101bf4 2387 work_low
A 000482 R16 101bf6 b1a4 work_low
A 000482 R16 101bf8 7835 work_low
A 000482 R16 101bfa 590a work_low
A 000482 R16 101bfc bd33 work_low
A 000482 R16 101bfe b200 work_low
A 000482 R16 101c00 7a01 work_low
A 000482 R16 101c02 6206 work_low
A 000482 R16 101c04 ea1f work_low
A 000482 R16 101c06 929c work_low
A 000482 R16 101c08 dd0d work_low
A 000482 R16 101c0a 5142 work_low
A 000482 R16 101c0c 964b work_low
A 000482 R16 101c0e ef78 work_low
A 000482 R16 101c10 ad59 work_low
A 000482 R16 101c12 62be work_low
A 000482 R16 101c14 edb7 work_low
A 000482 R16 101c16 a494 work_low
A 000482 R16 101c18 36e5 work_low
A 000482 R16 101c1a 127a work_low
A 000482 R16 101c1c 5c63 work_low
A 000482 R16 101c1e cdf0 work_low
A 000482 R16 101c20 05b1 work_low
A 000482 R16 101c22 1c76 work_low
A 000482 R16 101c24 8e4f work_low
A 000482 R16 101c26 c78c work_low
A 000482 R16 101c28 e5bd work_low
A 000482 R16 101c2a 7cb2 work_low
A 000482 R16 101c2c 6f7b work_low
A 000482 R16 101c2e 2d68 work_low
A 000482 R16 101c30 e309 work_low
A 000482 R16 101c32 6f2e work_low
A 000482 R16 101c34 2be7 work_low
A 000482 R16 101c36 db84 work_low
A 000482 R16 101c38 4995 work_low
A 000482 R16 101c3a 6fea work_low
A 000482 R16 101c3c 2f93 work_low
A 000482 R16 101c3e ede0 work_low
A 000482 R16 101c40 a561 work_low
A 000482 R16 101c42 3ae6 work_low
A 000482 R16 101c44 267f work_low
A 000482 R16 101c46 c07c work_low
A 000482 R16 101c48 c26d work_low
A 000482 R16 101c4a cc22 work_low
A 000482 R16 101c4c fcab work_low
A 000482 R16 101c4e ef58 work_low
A 000482 R16 101c50 acb9 work_low
A 000482 R16 101c52 5f9e work_low
A 000482 R16 101c54 de17 work_low
A 000482 R16 101c56 5674 work_low
A 000482 R16 101c58 b045 work_low
A 000482 R16 101c5a 715a work_low
A 000482 R16 101c5c 36c3 work_low
A 000482 R16 101c5e 11d0 work_low
A 000482 R16 101c60 5911 work_low
A 000482 R16 101c62 bd56 work_low
A 000482 R16 101c64 b2af work_low
A 000482 R16 101c66 7d6c work_low
A 000482 R16 101c68 731d work_low
A 000482 R16 101c6a 3f92 work_low
A 000482 R16 101c6c 3ddb work_low
A 000482 R16 101c6e 3548 work_low
A 000482 R16 101c70 0a69 work_low
A 000482 R16 101c72 340e work_low
A 000482 R16 101c74 0447 work_low
A 000482 R16 101c76 1564 work_low
A 000482 R16 101c78 6af5 work_low
A 000482 R16 101c7a 16ca work_low
A 000482 R16 101c7c 71f3 work_low
A 000482 R16 101c7e 39c0 work_low
A 000482 R16 101c80 20c1 work_low
A 000482 R16 101c82 a3c6 work_low
A 000482 R16 101c84 32df work_low
A 000482 R16 101c86 fe5c work_low
A 000482 R16 101c88 f7cd work_low
A 000482 R16 101c8a d702 work_low
A 000482 R16 101c8c 330b work_low
A 000482 R16 101c8e ff38 work_low
A 000482 R16 101c90 fc19 work_low
A 000482 R16 101c92 ec7e work_low
A 000482 R16 101c94 9e77 work_low
A 000482 R16 101c96 1854 work_low
A 000482 R16 101c98 79a5 work_low
A 000482 R16 101c9a 603a work_low
A 000482 R16 101c9c e123 work_low
A 000482 R16 101c9e 65b0 work_low
A 000482 R16 101ca0 fc71 work_low
A 000482 R16 101ca2 ee36 work_low
A 000482 R16 101ca4 a70f work_low
A 000482 R16 101ca6 434c work_low
A 000482 R16 101ca8 507d work_low
A 000482 R16 101caa 9272 work_low
A 000482 R16 101cac dc3b work_low
A 000482 R16 101cae 4d28 work_low
A 000482 R16 101cb0 81c9 work_low
A 000482 R16 101cb2 88ee work_low
A 000482 R16 101cb4 aca7 work_low
A 000482 R16 101cb6 5f44 work_low
A 000482 R16 101cb8 dc55 work_low
A 000482 R16 101cba 4daa work_low
A 000482 R16 101cbc 8453 work_low
A 000482 R16 101cbe 95a0 work_low
A 000482 R16 101cc0 ec21 work_low
A 000482 R16 101cc2 9ca6 work_low
A 000482 R16 101cc4 0f3f work_low
A 000482 R16 101cc6 4c3c work_low
A 000482 R16 101cc8 7d2d work_low
A 000482 R16 101cca 71e2 work_low
A 000482 R16 101ccc 396b work_low
A 000482 R16 101cce 1f18 work_low
A 000482 R16 101cd0 9b79 work_low
A 000482 R16 101cd2 095e work_low
A 000482 R16 101cd4 2ed7 work_low
A 000482 R16 101cd6 ea34 work_low
A 000482 R16 101cd8 9305 work_low
A 000482 R16 101cda df1a work_low
A 000482 R16 101cdc 5b83 work_low
A 000482 R16 101cde c990 work_low
A 000482 R16 101ce0 efd1 work_low
A 000482 R16 101ce2 af16 work_low
A 000482 R16 101ce4 6b6f work_low
A 000482 R16 101ce6 192c work_low
A 000482 R16 101ce8 7ddd work_low
A 000482 R16 101cea 7552 work_low
A 000482 R16 101cec 4a9b work_low
A 000482 R16 101cee 7508 work_low
A 000482 R16 101cf0 4929 work_low
A 000482 R16 101cf2 6dce work_low
A 000482 R16 101cf4 2507 work_low
A 000482 R16 101cf6 b924 work_low
A 000482 R16 101cf8 9db5 work_low
A 000482 R16 101cfa 148a work_low
A 000482 R16 101cfc 66b3 work_low
A 000482 R16 101cfe 0180 work_low
A 000482 R16 101d00 0781 work_low
A 000482 R16 101d02 2586 work_low
A 000482 R16 101d04 bb9f work_low
A 000482 R16 101d06 aa1c work_low
A 000482 R16 101d08 528d work_low
A 000482 R16 101d0a 9cc2 work_low
A 000482 R16 101d0c 0fcb work_low
A 000482 R16 101d0e 4ef8 work_low
A 000482 R16 101d10 8ad9 work_low
A 000482 R16 101d12 b63e work_low
A 000482 R16 101d14 8f37 work_low
A 000482 R16 101d16 cc14 work_low
A 000482 R16 101d18 fc65 work_low
A 000482 R16 101d1a edfa work_low
A 000482 R16 101d1c a5e3 work_low
A 000482 R16 101d1e 3d70 work_low
A 000482 R16 101d20 3331 work_low
A 000482 R16 101d22 fff6 work_low
A 000482 R16 101d24 ffcf work_low
A 000482 R16 101d26 ff0c work_low
A 000482 R16 101d28 fb3d work_low
A 000482 R16 101d2a e832 work_low
A 000482 R16 101d2c 88fb work_low
A 000482 R16 101d2e ace8 work_low
A 000482 R16 101d30 6089 work_low
A 000482 R16 101d32 e2ae work_low
A 000482 R16 101d34 6d67 work_low
A 000482 R16 101d36 2304 work_low
# trace limit reached; counters continue
