ChaseHQ Web backend: http://127.0.0.1:37681/ (public port 37680; debug API port 37600)
[08:18:54.899 +00:00:00.554] [START] Workbench v0.66.9.0-RC2.7
[08:18:54.925 +00:00:00.581] [START] Front listener: http://127.0.0.1:37680
[08:18:54.934 +00:00:00.590] [START] Backend bridge: http://127.0.0.1:37681
[08:18:54.939 +00:00:00.595] [START] Script root: C:\Projects\ChaseHQ-Native-v2-NoGit\ChaseHQ-Native-v0.66.9.0-RC2.7\research\scripts
[08:18:54.972 +00:00:00.628] [START] Scripts discovered: 116
[08:18:54.986 +00:00:00.641] [START] Native debugger: 127.0.0.1:37600
ChaseHQ Concurrent Web Frontend: http://127.0.0.1:37680/ (backend 37681)
[08:18:55.376 +00:00:01.031] [WEB] GET /api/v1/status 215ms
[08:18:55.623 +00:00:01.279] [WEB] GET / 2ms
[08:18:59.268 +00:00:04.924] [WEB] GET / 43ms
[08:19:00.715 +00:00:06.371] [WEB] POST /api/v1/game/action 855ms
[08:19:01.188 +00:00:06.844] [WEB] POST /api/cmd 369ms
[08:19:01.554 +00:00:07.210] [WEB] POST /api/cmd 98ms
[08:19:01.703 +00:00:07.359] [WEB] GET /favicon.ico 2ms
[08:19:01.808 +00:00:07.463] [WEB] GET /api/v1/evidence 17ms
[08:19:01.969 +00:00:07.624] [WEB] GET /api/v1/checkpoints 134ms
[08:19:06.070 +00:00:11.725] [WEB] GET /api/v1/script/runs 4067ms
[08:19:06.780 +00:00:12.436] [WEB] POST /api/v1/game/action 706ms
[08:19:07.240 +00:00:12.896] [WEB] POST /api/v1/game/action 452ms
[08:19:07.923 +00:00:13.578] [WEB] POST /api/v1/game/action 655ms
[08:19:07.953 +00:00:13.609] [WEB] GET /api/v1/script/runs 17ms
[08:19:08.321 +00:00:13.976] [WEB] POST /api/v1/game/action 361ms
[08:19:08.624 +00:00:14.279] [WEB] POST /api/v1/game/action 298ms
[08:19:09.737 +00:00:15.392] [WEB] POST /api/v1/game/action 250ms
[08:19:10.741 +00:00:16.397] [WEB] POST /api/v1/game/action 249ms
[08:19:12.030 +00:00:17.686] [WEB] POST /api/v1/game/action 353ms
[08:19:13.453 +00:00:19.109] [WEB] POST /api/v1/game/action 277ms
[08:19:14.970 +00:00:20.626] [WEB] POST /api/v1/game/action 295ms
[08:19:16.718 +00:00:22.374] [WEB] POST /api/v1/game/action 428ms
[08:19:18.034 +00:00:23.690] [WEB] POST /api/v1/game/action 356ms
[08:19:19.675 +00:00:25.331] [WEB] POST /api/v1/game/action 405ms
[08:19:20.952 +00:00:26.608] [WEB] POST /api/v1/game/action 274ms
[08:19:22.525 +00:00:28.180] [WEB] POST /api/v1/game/action 298ms
[08:19:23.336 +00:00:28.992] [WEB] POST /api/cmd 50ms
[08:19:23.502 +00:00:29.157] [WEB] POST /api/cmd 33ms
[08:19:23.953 +00:00:29.608] [WEB] POST /api/v1/game/action 270ms
[08:19:25.934 +00:00:31.590] [WEB] POST /api/v1/game/action 661ms
[08:19:26.247 +00:00:31.903] [WEB] GET /api/input/ports 261ms
[08:19:26.501 +00:00:32.157] [WEB] POST /api/cmd 179ms
[08:19:26.803 +00:00:32.459] [WEB] GET /api/v1/frame.png 295ms
[08:19:27.300 +00:00:32.956] [WEB] POST /api/cmd 174ms
[08:19:28.173 +00:00:33.829] [WEB] POST /api/v1/game/action 798ms
[08:19:29.187 +00:00:34.843] [WEB] POST /api/v1/game/action 400ms
[08:19:29.738 +00:00:35.394] [WEB] POST /api/cmd 67ms
[08:19:30.015 +00:00:35.670] [WEB] POST /api/v1/game/action 270ms
[08:19:30.333 +00:00:35.988] [WEB] POST /api/cmd 43ms
[08:19:31.540 +00:00:37.196] [WEB] POST /api/v1/game/action 284ms
[08:19:33.077 +00:00:38.732] [WEB] POST /api/v1/game/action 391ms
[08:19:34.825 +00:00:40.480] [WEB] POST /api/v1/game/action 376ms
[08:19:35.990 +00:00:41.646] [WEB] POST /api/v1/game/action 313ms
[08:19:37.508 +00:00:43.164] [WEB] POST /api/v1/game/action 269ms
[08:19:39.090 +00:00:44.746] [WEB] POST /api/v1/game/action 416ms
[08:19:40.608 +00:00:46.263] [WEB] POST /api/v1/game/action 403ms
[08:19:41.968 +00:00:47.624] [WEB] POST /api/v1/game/action 291ms
[08:19:42.010 +00:00:47.666] [WEB] POST /api/cmd 37ms
[08:19:42.336 +00:00:47.991] [WEB] POST /api/cmd 44ms
[08:19:43.437 +00:00:49.093] [WEB] POST /api/v1/game/action 239ms
[08:19:43.607 +00:00:49.263] [WEB] POST /api/cmd 41ms
[08:19:43.900 +00:00:49.556] [WEB] POST /api/cmd 82ms
[08:19:44.968 +00:00:50.624] [WEB] POST /api/v1/game/action 293ms
[08:19:46.483 +00:00:52.139] [WEB] POST /api/v1/game/action 257ms
[08:19:47.414 +00:00:53.070] [WEB] POST /api/cmd 88ms
[08:19:47.954 +00:00:53.610] [WEB] POST /api/v1/game/action 248ms
[08:19:48.088 +00:00:53.744] [WEB] POST /api/cmd 83ms
[08:19:49.189 +00:00:54.845] [WEB] POST /api/cmd 90ms
[08:19:49.616 +00:00:55.272] [WEB] POST /api/v1/game/action 306ms
[08:19:49.655 +00:00:55.311] [WEB] POST /api/cmd 33ms
[08:19:51.110 +00:00:56.766] [WEB] POST /api/v1/game/action 419ms
[08:19:51.207 +00:00:56.863] [WEB] POST /api/cmd 80ms
[08:19:51.501 +00:00:57.157] [WEB] POST /api/cmd 34ms
[08:19:52.419 +00:00:58.075] [WEB] POST /api/v1/game/action 217ms
[08:19:52.970 +00:00:58.625] [WEB] POST /api/cmd 32ms
[08:19:53.325 +00:00:58.981] [WEB] POST /api/cmd 52ms
[08:19:53.936 +00:00:59.591] [WEB] POST /api/v1/game/action 260ms
[08:19:55.084 +00:01:00.739] [WEB] POST /api/cmd 63ms
[08:19:55.361 +00:01:01.016] [WEB] POST /api/cmd 40ms
[08:19:55.590 +00:01:01.246] [WEB] POST /api/v1/game/action 224ms
[08:19:56.675 +00:01:02.331] [WEB] POST /api/cmd 55ms
[08:19:56.962 +00:01:02.617] [WEB] POST /api/v1/game/action 268ms
[08:19:57.323 +00:01:02.979] [WEB] POST /api/cmd 49ms
[08:19:58.456 +00:01:04.112] [WEB] POST /api/v1/game/action 250ms
[08:19:59.921 +00:01:05.577] [WEB] POST /api/v1/game/action 247ms
[08:20:01.494 +00:01:07.149] [WEB] POST /api/v1/game/action 289ms
[08:20:03.073 +00:01:08.728] [WEB] POST /api/v1/game/action 400ms
[08:20:03.341 +00:01:08.997] [WEB] GET /api/v1/frame.png 260ms
[08:20:04.476 +00:01:10.131] [WEB] POST /api/v1/game/action 273ms
[08:20:05.978 +00:01:11.633] [WEB] POST /api/v1/game/action 301ms
[08:20:07.552 +00:01:13.207] [WEB] POST /api/v1/game/action 291ms
[08:20:08.989 +00:01:14.645] [WEB] POST /api/v1/game/action 316ms
[08:20:10.491 +00:01:16.147] [WEB] POST /api/v1/game/action 253ms
[08:20:12.004 +00:01:17.659] [WEB] POST /api/v1/game/action 314ms
[08:20:13.447 +00:01:19.103] [WEB] POST /api/v1/game/action 257ms
[08:20:15.085 +00:01:20.740] [WEB] POST /api/v1/game/action 398ms
[08:20:15.433 +00:01:21.088] [WEB] POST /api/v1/script 321ms
[08:20:15.515 +00:01:21.171] [WEB] POST /api/v1/script 72ms
[08:20:15.592 +00:01:21.248] [WEB] POST /api/v1/script 73ms
[08:20:15.677 +00:01:21.332] [WEB] POST /api/v1/script 76ms
[08:20:15.756 +00:01:21.412] [WEB] POST /api/v1/script 71ms
[08:20:15.847 +00:01:21.503] [WEB] POST /api/v1/script 85ms
[08:20:15.919 +00:01:21.575] [WEB] POST /api/v1/script 67ms
[08:20:16.005 +00:01:21.661] [WEB] POST /api/v1/script 81ms
[08:20:16.104 +00:01:21.759] [WEB] POST /api/v1/script 92ms
[08:20:16.200 +00:01:21.855] [WEB] POST /api/v1/script 86ms
[08:20:16.505 +00:01:22.161] [WEB] POST /api/v1/game/action 289ms
[08:20:16.608 +00:01:22.264] [WEB] POST /api/v1/script 98ms
[08:20:16.675 +00:01:22.331] [WEB] POST /api/v1/script 58ms
[08:20:18.078 +00:01:23.734] [WEB] POST /api/v1/script 1398ms
[08:20:18.322 +00:01:23.978] [WEB] POST /api/v1/game/action 235ms
[08:20:18.582 +00:01:24.238] [WEB] POST /api/v1/script 256ms
[08:20:18.624 +00:01:24.280] [WEB] POST /api/v1/script 34ms
[08:20:18.694 +00:01:24.350] [WEB] POST /api/v1/script 66ms
[08:20:20.073 +00:01:25.729] [WEB] POST /api/v1/script 1374ms
[08:20:20.284 +00:01:25.940] [WEB] POST /api/v1/game/action 205ms
[08:20:20.444 +00:01:26.099] [WEB] POST /api/v1/script 155ms
[08:20:20.473 +00:01:26.129] [WEB] POST /api/v1/script 24ms
[08:20:20.776 +00:01:26.432] [WEB] POST /api/v1/script 297ms
[08:20:20.992 +00:01:26.648] [WEB] POST /api/v1/game/action 212ms
[08:20:21.050 +00:01:26.706] [WEB] POST /api/v1/script 52ms
[08:20:21.107 +00:01:26.762] [WEB] POST /api/v1/script 52ms
[08:20:22.546 +00:01:28.202] [WEB] POST /api/v1/script 1430ms
[08:20:22.759 +00:01:28.414] [WEB] POST /api/v1/game/action 208ms
[08:20:22.916 +00:01:28.572] [WEB] POST /api/v1/script 154ms
[08:20:22.944 +00:01:28.600] [WEB] POST /api/v1/script 23ms
[08:20:23.002 +00:01:28.657] [WEB] POST /api/v1/script 52ms
[08:20:24.465 +00:01:30.121] [WEB] POST /api/v1/script 1460ms
[08:20:24.650 +00:01:30.306] [WEB] POST /api/v1/game/action 180ms
[08:20:24.824 +00:01:30.480] [WEB] POST /api/v1/script 169ms
[08:20:24.860 +00:01:30.516] [WEB] POST /api/v1/script 28ms
[08:20:25.053 +00:01:30.708] [WEB] POST /api/v1/script 183ms
[08:20:25.111 +00:01:30.767] [WEB] POST /api/v1/script 54ms
[08:20:25.171 +00:01:30.827] [WEB] POST /api/v1/script 54ms
[08:20:25.359 +00:01:31.015] [WEB] POST /api/v1/game/action 183ms
[08:20:26.866 +00:01:32.521] [WEB] POST /api/v1/script 1494ms
[08:20:27.058 +00:01:32.714] [WEB] POST /api/v1/game/action 188ms
[08:20:27.218 +00:01:32.874] [WEB] POST /api/v1/script 155ms
[08:20:27.245 +00:01:32.901] [WEB] POST /api/v1/script 21ms
[08:20:27.316 +00:01:32.972] [WEB] POST /api/v1/script 61ms
[08:20:28.777 +00:01:34.432] [WEB] POST /api/v1/script 1456ms
[08:20:28.973 +00:01:34.629] [WEB] POST /api/v1/game/action 193ms
[08:20:29.134 +00:01:34.790] [WEB] POST /api/v1/script 157ms
[08:20:29.160 +00:01:34.815] [WEB] POST /api/v1/script 20ms
[08:20:29.353 +00:01:35.009] [WEB] POST /api/v1/script 189ms
[08:20:29.406 +00:01:35.062] [WEB] POST /api/v1/script 48ms
[08:20:29.480 +00:01:35.136] [WEB] POST /api/v1/script 66ms
[08:20:30.841 +00:01:36.497] [WEB] POST /api/v1/script 1344ms
[08:20:31.064 +00:01:36.720] [WEB] POST /api/v1/game/action 216ms
[08:20:31.229 +00:01:36.885] [WEB] POST /api/v1/script 161ms
[08:20:31.518 +00:01:37.173] [WEB] POST /api/v1/game/action 284ms
[08:20:31.543 +00:01:37.199] [WEB] POST /api/v1/script 19ms
[08:20:31.595 +00:01:37.251] [WEB] POST /api/v1/script 46ms
[08:20:32.946 +00:01:38.602] [WEB] POST /api/v1/script 1346ms
[08:20:33.181 +00:01:38.837] [WEB] POST /api/v1/game/action 228ms
[08:20:33.350 +00:01:39.006] [WEB] POST /api/v1/script 162ms
[08:20:33.377 +00:01:39.033] [WEB] POST /api/v1/script 21ms
[08:20:33.561 +00:01:39.217] [WEB] POST /api/v1/script 179ms
[08:20:33.625 +00:01:39.280] [WEB] POST /api/v1/script 60ms
[08:20:33.681 +00:01:39.337] [WEB] POST /api/v1/script 51ms
[08:20:35.156 +00:01:40.812] [WEB] POST /api/v1/script 1470ms
[08:20:35.345 +00:01:41.001] [WEB] POST /api/v1/game/action 183ms
[08:20:35.441 +00:01:41.097] [WEB] POST /api/v1/script 93ms
[08:20:35.477 +00:01:41.132] [WEB] POST /api/v1/script 31ms
[08:20:35.542 +00:01:41.198] [WEB] POST /api/v1/script 61ms
[08:20:35.596 +00:01:41.252] [WEB] POST /api/v1/script 49ms
[08:20:35.648 +00:01:41.304] [WEB] POST /api/v1/script 49ms
[08:20:35.699 +00:01:41.354] [WEB] POST /api/v1/script 46ms
[08:20:35.877 +00:01:41.533] [WEB] POST /api/v1/game/action 174ms
[08:20:35.933 +00:01:41.589] [WEB] POST /api/v1/script 52ms
[08:20:35.954 +00:01:41.610] [WEB] POST /api/v1/script 18ms
[08:20:47.916 +00:01:53.571] [WEB] POST /api/v1/script 11956ms
[08:20:48.089 +00:01:53.745] [WEB] POST /api/v1/game/action 163ms
[08:20:48.262 +00:01:53.917] [WEB] POST /api/v1/game/action 170ms
[08:20:48.435 +00:01:54.090] [WEB] POST /api/v1/game/action 170ms
[08:20:48.588 +00:01:54.244] [WEB] POST /api/v1/game/action 150ms
[08:20:48.765 +00:01:54.420] [WEB] POST /api/v1/game/action 173ms
[08:20:48.918 +00:01:54.574] [WEB] POST /api/v1/game/action 149ms
[08:20:49.098 +00:01:54.753] [WEB] POST /api/v1/game/action 174ms
[08:20:49.252 +00:01:54.907] [WEB] POST /api/v1/game/action 149ms
[08:20:50.242 +00:01:55.898] [WEB] GET /api/v1/script/runs 988ms
[08:20:50.414 +00:01:56.070] [WEB] POST /api/v1/game/action 167ms
[08:20:50.422 +00:01:56.077] [WEB] GET /api/v1/script/runs 3ms
[08:20:50.639 +00:01:56.295] [WEB] GET /api/v1/evidence 4ms
[08:20:50.841 +00:01:56.496] [WEB] POST /api/v1/game/action 162ms
[08:20:52.344 +00:01:58.000] [WEB] POST /api/v1/game/action 159ms
[08:20:53.835 +00:01:59.491] [WEB] POST /api/v1/game/action 161ms
[08:20:55.334 +00:02:00.990] [WEB] POST /api/v1/game/action 153ms
[08:20:56.843 +00:02:02.499] [WEB] POST /api/v1/game/action 167ms
[08:20:58.354 +00:02:04.010] [WEB] POST /api/v1/game/action 156ms
[08:20:59.832 +00:02:05.488] [WEB] POST /api/v1/game/action 159ms
[08:21:01.339 +00:02:06.995] [WEB] POST /api/v1/game/action 152ms
[08:21:02.859 +00:02:08.514] [WEB] POST /api/v1/game/action 183ms
[08:21:03.784 +00:02:09.440] [WEB] POST /api/v1/open-folder 88ms
[08:21:04.476 +00:02:10.132] [WEB] POST /api/v1/game/action 275ms
[08:21:05.932 +00:02:11.588] [WEB] POST /api/v1/game/action 222ms
[08:21:07.566 +00:02:13.222] [WEB] POST /api/v1/game/action 383ms
[08:21:08.842 +00:02:14.498] [WEB] POST /api/v1/game/action 167ms
[08:21:10.738 +00:02:16.394] [WEB] POST /api/v1/game/action 508ms
[08:21:11.933 +00:02:17.589] [WEB] POST /api/v1/game/action 251ms
[08:21:13.374 +00:02:19.030] [WEB] POST /api/v1/game/action 177ms
[08:21:15.173 +00:02:20.829] [WEB] POST /api/v1/game/action 498ms
[08:21:16.418 +00:02:22.074] [WEB] POST /api/v1/game/action 214ms
[08:21:17.875 +00:02:23.531] [WEB] POST /api/v1/game/action 197ms
[08:21:19.416 +00:02:25.072] [WEB] POST /api/v1/game/action 241ms
[08:21:20.852 +00:02:26.508] [WEB] POST /api/v1/game/action 172ms
[08:21:21.075 +00:02:26.731] [WEB] POST /api/v1/script 21ms
[08:21:21.448 +00:02:27.104] [WEB] POST /api/v1/script 358ms
[08:21:21.769 +00:02:27.425] [WEB] POST /api/v1/script 315ms
[08:21:21.791 +00:02:27.447] [WEB] POST /api/v1/script 15ms
[08:21:21.822 +00:02:27.477] [WEB] POST /api/v1/script 20ms
[08:21:21.862 +00:02:27.517] [WEB] POST /api/v1/script 35ms
[08:21:21.883 +00:02:27.539] [WEB] POST /api/v1/script 15ms
[08:21:22.906 +00:02:28.562] [WEB] POST /api/v1/script 1018ms
[08:21:23.088 +00:02:28.744] [WEB] POST /api/v1/game/action 177ms
[08:21:24.419 +00:02:30.075] [WEB] POST /api/v1/script 1325ms
[08:21:24.597 +00:02:30.253] [WEB] POST /api/v1/game/action 174ms
[08:21:24.611 +00:02:30.267] [WEB] POST /api/v1/script 8ms
[08:21:24.629 +00:02:30.284] [WEB] POST /api/v1/script 15ms
[08:21:24.658 +00:02:30.314] [WEB] POST /api/v1/script 21ms
[08:21:24.702 +00:02:30.358] [WEB] POST /api/v1/script 39ms
[08:21:24.756 +00:02:30.412] [WEB] POST /api/v1/script 48ms
[08:21:24.778 +00:02:30.434] [WEB] POST /api/v1/script 18ms
[08:21:24.812 +00:02:30.468] [WEB] POST /api/v1/script 30ms
[08:21:24.846 +00:02:30.502] [WEB] POST /api/v1/script 21ms
[08:21:24.882 +00:02:30.537] [WEB] POST /api/v1/script 24ms
[08:21:24.917 +00:02:30.572] [WEB] POST /api/v1/script 27ms
[08:21:24.950 +00:02:30.606] [WEB] POST /api/v1/script 24ms
[08:21:24.978 +00:02:30.633] [WEB] POST /api/v1/script 21ms
[08:21:25.001 +00:02:30.657] [WEB] POST /api/v1/script 20ms
[08:21:25.023 +00:02:30.679] [WEB] POST /api/v1/script 17ms
[08:21:25.057 +00:02:30.713] [WEB] POST /api/v1/script 23ms
[08:21:25.084 +00:02:30.740] [WEB] POST /api/v1/script 22ms
[08:21:25.117 +00:02:30.773] [WEB] POST /api/v1/script 27ms
[08:21:25.145 +00:02:30.801] [WEB] POST /api/v1/script 21ms
[08:21:25.171 +00:02:30.827] [WEB] POST /api/v1/script 21ms
[08:21:25.342 +00:02:30.997] [WEB] POST /api/v1/game/action 166ms
[08:21:25.361 +00:02:31.016] [WEB] POST /api/v1/script 15ms
[08:21:25.386 +00:02:31.042] [WEB] POST /api/v1/script 18ms
[08:21:25.414 +00:02:31.069] [WEB] POST /api/v1/script 22ms
[08:21:25.435 +00:02:31.091] [WEB] POST /api/v1/script 17ms
[08:21:25.459 +00:02:31.114] [WEB] POST /api/v1/script 19ms
[08:21:25.483 +00:02:31.139] [WEB] POST /api/v1/script 18ms
[08:21:25.508 +00:02:31.164] [WEB] POST /api/v1/script 21ms
[08:21:25.572 +00:02:31.228] [WEB] POST /api/v1/script 59ms
[08:21:25.624 +00:02:31.279] [WEB] POST /api/v1/script 46ms
[08:21:25.677 +00:02:31.332] [WEB] POST /api/v1/script 47ms
[08:21:25.722 +00:02:31.378] [WEB] POST /api/v1/script 41ms
[08:21:25.748 +00:02:31.403] [WEB] POST /api/v1/script 21ms
[08:21:25.800 +00:02:31.456] [WEB] POST /api/v1/script 47ms
[08:21:25.819 +00:02:31.475] [WEB] POST /api/v1/script 14ms
[08:21:25.887 +00:02:31.543] [WEB] POST /api/v1/script 62ms
[08:21:25.934 +00:02:31.590] [WEB] POST /api/v1/script 43ms
[08:21:25.991 +00:02:31.646] [WEB] POST /api/v1/script 52ms
[08:21:26.047 +00:02:31.702] [WEB] POST /api/v1/script 52ms
[08:21:26.100 +00:02:31.756] [WEB] POST /api/v1/script 47ms
[08:21:26.170 +00:02:31.826] [WEB] POST /api/v1/script 66ms
[08:21:26.237 +00:02:31.893] [WEB] POST /api/v1/script 62ms
[08:21:26.681 +00:02:32.336] [WEB] POST /api/v1/script 440ms
[08:21:26.852 +00:02:32.508] [WEB] POST /api/v1/game/action 164ms
[08:21:27.746 +00:02:33.402] [WEB] POST /api/v1/script 890ms
[08:21:27.806 +00:02:33.462] [WEB] POST /api/v1/script 51ms
[08:21:27.863 +00:02:33.518] [WEB] POST /api/v1/script 50ms
[08:21:27.919 +00:02:33.574] [WEB] POST /api/v1/script 52ms
[08:21:28.051 +00:02:33.706] [WEB] POST /api/v1/script 129ms
[08:21:28.077 +00:02:33.733] [WEB] POST /api/v1/script 20ms
[08:21:28.139 +00:02:33.795] [WEB] POST /api/v1/script 48ms
[08:21:28.189 +00:02:33.845] [WEB] POST /api/v1/script 45ms
[08:21:28.375 +00:02:34.030] [WEB] POST /api/v1/game/action 182ms
[08:21:28.432 +00:02:34.088] [WEB] POST /api/v1/script 52ms
[08:21:28.490 +00:02:34.145] [WEB] POST /api/v1/script 50ms
[08:21:28.543 +00:02:34.199] [WEB] POST /api/v1/script 49ms
[08:21:28.598 +00:02:34.253] [WEB] POST /api/v1/script 49ms
[08:21:28.849 +00:02:34.504] [WEB] POST /api/v1/script 245ms
[08:21:28.914 +00:02:34.570] [WEB] POST /api/v1/script 59ms
[08:21:28.967 +00:02:34.623] [WEB] POST /api/v1/script 49ms
[08:21:29.021 +00:02:34.677] [WEB] POST /api/v1/script 49ms
[08:21:29.127 +00:02:34.783] [WEB] POST /api/v1/script 102ms
[08:21:29.185 +00:02:34.840] [WEB] POST /api/v1/script 53ms
[08:21:29.232 +00:02:34.888] [WEB] POST /api/v1/script 43ms
[08:21:29.258 +00:02:34.914] [WEB] POST /api/v1/script 20ms
[08:21:29.361 +00:02:35.016] [WEB] POST /api/v1/script 99ms
[08:21:29.410 +00:02:35.066] [WEB] POST /api/v1/script 44ms
[08:21:29.437 +00:02:35.093] [WEB] POST /api/v1/script 21ms
[08:21:29.498 +00:02:35.153] [WEB] POST /api/v1/script 56ms
[08:21:29.540 +00:02:35.196] [WEB] POST /api/v1/script 38ms
[08:21:29.564 +00:02:35.220] [WEB] POST /api/v1/script 18ms
[08:21:29.621 +00:02:35.277] [WEB] POST /api/v1/script 53ms
[08:21:29.722 +00:02:35.378] [WEB] POST /api/v1/script 96ms
[08:21:29.897 +00:02:35.552] [WEB] POST /api/v1/game/action 169ms
[08:21:30.002 +00:02:35.658] [WEB] POST /api/v1/script 102ms
[08:21:30.049 +00:02:35.704] [WEB] POST /api/v1/script 42ms
[08:21:30.238 +00:02:35.894] [WEB] POST /api/v1/script 185ms
[08:21:30.289 +00:02:35.944] [WEB] POST /api/v1/script 46ms
[08:21:30.341 +00:02:35.997] [WEB] POST /api/v1/script 47ms
[08:21:30.395 +00:02:36.051] [WEB] POST /api/v1/script 49ms
[08:21:30.440 +00:02:36.096] [WEB] POST /api/v1/script 41ms
[08:21:30.465 +00:02:36.120] [WEB] POST /api/v1/script 19ms
[08:21:30.516 +00:02:36.171] [WEB] POST /api/v1/script 46ms
[08:21:30.547 +00:02:36.203] [WEB] POST /api/v1/script 15ms
[08:21:30.602 +00:02:36.258] [WEB] POST /api/v1/script 50ms
[08:21:30.655 +00:02:36.310] [WEB] POST /api/v1/script 47ms
[08:21:30.771 +00:02:36.427] [WEB] POST /api/v1/script 111ms
[08:21:30.916 +00:02:36.571] [WEB] POST /api/v1/script 89ms
[08:21:31.075 +00:02:36.730] [WEB] POST /api/v1/script 101ms
[08:21:31.102 +00:02:36.757] [WEB] POST /api/v1/script 22ms
[08:21:31.152 +00:02:36.807] [WEB] POST /api/v1/script 46ms
[08:21:31.595 +00:02:37.251] [WEB] POST /api/v1/script 433ms
[08:21:31.775 +00:02:37.430] [WEB] POST /api/v1/game/action 174ms
[08:21:31.985 +00:02:37.641] [WEB] POST /api/v1/script 208ms
[08:21:32.425 +00:02:38.081] [WEB] POST /api/v1/script 432ms
[08:21:32.615 +00:02:38.271] [WEB] POST /api/v1/script 182ms
[08:21:33.061 +00:02:38.717] [WEB] POST /api/v1/script 441ms
[08:21:33.243 +00:02:38.899] [WEB] POST /api/v1/game/action 174ms
[08:21:33.439 +00:02:39.095] [WEB] POST /api/v1/script 193ms
[08:21:33.891 +00:02:39.547] [WEB] POST /api/v1/script 447ms
[08:21:34.088 +00:02:39.744] [WEB] POST /api/v1/script 189ms
[08:21:34.541 +00:02:40.197] [WEB] POST /api/v1/script 447ms
[08:21:34.717 +00:02:40.372] [WEB] POST /api/v1/game/action 168ms
[08:21:34.772 +00:02:40.427] [WEB] POST /api/v1/script 51ms
[08:21:34.877 +00:02:40.532] [WEB] POST /api/v1/script 100ms
[08:21:34.918 +00:02:40.573] [WEB] POST /api/v1/script 37ms
[08:21:34.972 +00:02:40.627] [WEB] POST /api/v1/script 50ms
[08:21:35.050 +00:02:40.706] [WEB] POST /api/v1/script 74ms
[08:21:35.110 +00:02:40.765] [WEB] POST /api/v1/script 55ms
[08:21:35.169 +00:02:40.825] [WEB] POST /api/v1/script 56ms
[08:21:35.199 +00:02:40.855] [WEB] POST /api/v1/script 25ms
[08:21:35.223 +00:02:40.878] [WEB] POST /api/v1/script 19ms
[08:21:35.253 +00:02:40.909] [WEB] POST /api/v1/script 25ms
[08:21:35.283 +00:02:40.939] [WEB] POST /api/v1/script 23ms
[08:21:35.309 +00:02:40.964] [WEB] POST /api/v1/script 21ms
[08:21:35.332 +00:02:40.988] [WEB] POST /api/v1/script 18ms
[08:21:35.397 +00:02:41.053] [WEB] POST /api/v1/script 58ms
[08:21:35.454 +00:02:41.110] [WEB] POST /api/v1/script 52ms
[08:21:35.504 +00:02:41.159] [WEB] POST /api/v1/script 41ms
[08:21:35.549 +00:02:41.204] [WEB] POST /api/v1/script 40ms
[08:21:35.576 +00:02:41.232] [WEB] POST /api/v1/script 20ms
[08:21:35.627 +00:02:41.282] [WEB] POST /api/v1/script 47ms
[08:21:35.651 +00:02:41.306] [WEB] POST /api/v1/script 18ms
[08:21:37.131 +00:02:42.786] [WEB] POST /api/v1/script 1468ms
[08:21:37.314 +00:02:42.969] [WEB] POST /api/v1/game/action 178ms
[08:21:37.498 +00:02:43.154] [WEB] POST /api/v1/script 182ms
[08:21:37.682 +00:02:43.338] [WEB] POST /api/v1/game/action 162ms
[08:21:37.703 +00:02:43.359] [WEB] POST /api/v1/script 16ms
[08:21:37.764 +00:02:43.419] [WEB] POST /api/v1/script 55ms
[08:21:38.120 +00:02:43.776] [WEB] POST /api/v1/script 352ms
[08:21:38.183 +00:02:43.839] [WEB] POST /api/v1/script 58ms
[08:21:38.636 +00:02:44.292] [WEB] POST /api/v1/script 444ms
[08:21:38.987 +00:02:44.642] [WEB] POST /api/v1/script 347ms
[08:21:39.176 +00:02:44.832] [WEB] POST /api/v1/game/action 184ms
[08:21:39.231 +00:02:44.887] [WEB] POST /api/v1/script 51ms
[08:21:39.691 +00:02:45.347] [WEB] POST /api/v1/script 455ms
[08:21:40.049 +00:02:45.705] [WEB] POST /api/v1/script 352ms
[08:21:40.099 +00:02:45.755] [WEB] POST /api/v1/script 44ms
[08:21:40.550 +00:02:46.206] [WEB] POST /api/v1/script 446ms
[08:21:40.719 +00:02:46.375] [WEB] POST /api/v1/game/action 163ms
[08:21:41.057 +00:02:46.713] [WEB] POST /api/v1/script 334ms
[08:21:41.114 +00:02:46.770] [WEB] POST /api/v1/script 48ms
[08:21:41.552 +00:02:47.208] [WEB] POST /api/v1/script 432ms
[08:21:41.891 +00:02:47.546] [WEB] POST /api/v1/script 332ms
[08:21:42.071 +00:02:47.726] [WEB] POST /api/v1/game/action 176ms
[08:21:42.125 +00:02:47.780] [WEB] POST /api/v1/script 49ms
[08:21:42.556 +00:02:48.211] [WEB] POST /api/v1/script 425ms
[08:21:42.583 +00:02:48.239] [WEB] POST /api/v1/script 21ms
[08:21:42.609 +00:02:48.265] [WEB] POST /api/v1/script 21ms
[08:21:42.913 +00:02:48.569] [WEB] POST /api/v1/script 295ms
[08:21:43.221 +00:02:48.876] [WEB] POST /api/v1/script 300ms
[08:21:43.385 +00:02:49.041] [WEB] POST /api/v1/game/action 157ms
[08:21:43.410 +00:02:49.066] [WEB] POST /api/v1/script 21ms
[08:21:43.456 +00:02:49.112] [WEB] POST /api/v1/script 40ms
[08:21:43.522 +00:02:49.177] [WEB] POST /api/v1/script 59ms
[08:21:43.554 +00:02:49.210] [WEB] POST /api/v1/script 28ms
[08:21:43.854 +00:02:49.510] [WEB] POST /api/v1/script 296ms
[08:21:44.151 +00:02:49.806] [WEB] POST /api/v1/script 287ms
[08:21:44.456 +00:02:50.112] [WEB] POST /api/v1/script 295ms
[08:21:44.484 +00:02:50.139] [WEB] POST /api/v1/script 21ms
[08:21:46.112 +00:02:51.768] [WEB] POST /api/v1/script 1623ms
[08:21:46.307 +00:02:51.963] [WEB] POST /api/v1/game/action 190ms
[08:21:46.360 +00:02:52.016] [WEB] POST /api/v1/script 48ms
[08:21:46.545 +00:02:52.201] [WEB] POST /api/v1/game/action 180ms
[08:21:47.998 +00:02:53.654] [WEB] POST /api/v1/script 1449ms
[08:21:48.174 +00:02:53.830] [WEB] POST /api/v1/game/action 170ms
[08:21:48.490 +00:02:54.146] [WEB] POST /api/v1/script 312ms
[08:21:48.551 +00:02:54.207] [WEB] POST /api/v1/script 52ms
[08:21:48.607 +00:02:54.263] [WEB] POST /api/v1/script 49ms
[08:21:48.689 +00:02:54.345] [WEB] POST /api/v1/script 77ms
[08:21:48.748 +00:02:54.404] [WEB] POST /api/v1/script 55ms
[08:21:48.773 +00:02:54.428] [WEB] POST /api/v1/script 21ms
[08:21:48.799 +00:02:54.454] [WEB] POST /api/v1/script 20ms
[08:21:48.830 +00:02:54.486] [WEB] POST /api/v1/script 26ms
[08:21:48.863 +00:02:54.519] [WEB] POST /api/v1/script 27ms
[08:21:48.898 +00:02:54.554] [WEB] POST /api/v1/script 30ms
[08:21:48.934 +00:02:54.590] [WEB] POST /api/v1/script 29ms
[08:21:48.968 +00:02:54.623] [WEB] POST /api/v1/script 29ms
[08:21:48.996 +00:02:54.652] [WEB] POST /api/v1/script 24ms
[08:21:49.025 +00:02:54.681] [WEB] POST /api/v1/script 23ms
[08:21:49.058 +00:02:54.714] [WEB] POST /api/v1/script 24ms
[08:21:49.087 +00:02:54.743] [WEB] POST /api/v1/script 19ms
[08:21:49.120 +00:02:54.776] [WEB] POST /api/v1/script 25ms
[08:21:49.139 +00:02:54.794] [WEB] POST /api/v1/script 15ms
[08:21:49.188 +00:02:54.844] [WEB] POST /api/v1/script 43ms
[08:21:49.359 +00:02:55.014] [WEB] POST /api/v1/game/action 167ms
[08:21:49.384 +00:02:55.040] [WEB] POST /api/v1/script 22ms
[08:21:49.413 +00:02:55.069] [WEB] POST /api/v1/script 23ms
[08:21:50.316 +00:02:55.971] [WEB] POST /api/v1/script 898ms
[08:21:51.717 +00:02:57.373] [WEB] POST /api/v1/script 1395ms
[08:21:51.891 +00:02:57.546] [WEB] POST /api/v1/game/action 166ms
[08:21:51.962 +00:02:57.618] [WEB] POST /api/v1/script 20ms
[08:21:51.992 +00:02:57.648] [WEB] POST /api/v1/script 26ms
[08:21:52.020 +00:02:57.676] [WEB] POST /api/v1/script 23ms
[08:21:52.054 +00:02:57.710] [WEB] POST /api/v1/script 26ms
[08:21:52.087 +00:02:57.743] [WEB] POST /api/v1/script 28ms
[08:21:52.116 +00:02:57.772] [WEB] POST /api/v1/script 23ms
[08:21:52.147 +00:02:57.803] [WEB] POST /api/v1/script 26ms
[08:21:52.180 +00:02:57.836] [WEB] POST /api/v1/script 28ms
[08:21:52.345 +00:02:58.001] [WEB] POST /api/v1/game/action 161ms
[08:21:52.371 +00:02:58.026] [WEB] POST /api/v1/script 20ms
[08:21:52.391 +00:02:58.047] [WEB] POST /api/v1/script 16ms
[08:21:52.425 +00:02:58.081] [WEB] POST /api/v1/script 27ms
[08:21:52.526 +00:02:58.182] [WEB] POST /api/v1/script 94ms
[08:21:52.555 +00:02:58.210] [WEB] POST /api/v1/script 24ms
[08:21:52.577 +00:02:58.232] [WEB] POST /api/v1/script 16ms
[08:21:53.031 +00:02:58.687] [WEB] POST /api/v1/script 447ms
[08:21:53.055 +00:02:58.710] [WEB] POST /api/v1/script 19ms
[08:21:53.086 +00:02:58.742] [WEB] POST /api/v1/script 28ms
[08:21:53.160 +00:02:58.816] [WEB] POST /api/v1/script 65ms
[08:21:53.214 +00:02:58.869] [WEB] POST /api/v1/script 46ms
[08:21:53.262 +00:02:58.917] [WEB] POST /api/v1/script 44ms
[08:21:53.318 +00:02:58.973] [WEB] POST /api/v1/script 50ms
[08:21:53.365 +00:02:59.021] [WEB] POST /api/v1/script 45ms
[08:21:53.421 +00:02:59.077] [WEB] POST /api/v1/script 51ms
[08:21:53.448 +00:02:59.103] [WEB] POST /api/v1/script 21ms
[08:21:53.501 +00:02:59.157] [WEB] POST /api/v1/script 49ms
[08:21:53.817 +00:02:59.473] [WEB] POST /api/v1/script 312ms
[08:21:53.997 +00:02:59.653] [WEB] POST /api/v1/game/action 174ms
[08:21:54.308 +00:02:59.964] [WEB] POST /api/v1/script 309ms
[08:21:54.330 +00:02:59.986] [WEB] POST /api/v1/script 16ms
[08:21:54.367 +00:03:00.023] [WEB] POST /api/v1/script 27ms
[08:21:54.400 +00:03:00.056] [WEB] POST /api/v1/script 28ms
[08:21:54.430 +00:03:00.085] [WEB] POST /api/v1/script 22ms
[08:21:54.459 +00:03:00.114] [WEB] POST /api/v1/script 22ms
[08:21:54.494 +00:03:00.149] [WEB] POST /api/v1/script 28ms
[08:21:54.525 +00:03:00.180] [WEB] POST /api/v1/script 26ms
[08:21:54.624 +00:03:00.280] [WEB] POST /api/v1/script 94ms
[08:21:54.648 +00:03:00.303] [WEB] POST /api/v1/script 18ms
[08:21:54.681 +00:03:00.337] [WEB] POST /api/v1/script 21ms
[08:21:54.710 +00:03:00.366] [WEB] POST /api/v1/script 23ms
[08:21:54.731 +00:03:00.387] [WEB] POST /api/v1/script 15ms
[08:21:54.799 +00:03:00.455] [WEB] POST /api/v1/script 61ms
[08:21:54.858 +00:03:00.514] [WEB] POST /api/v1/script 53ms
[08:21:54.924 +00:03:00.580] [WEB] POST /api/v1/script 60ms
[08:21:54.991 +00:03:00.647] [WEB] POST /api/v1/script 61ms
[08:21:55.327 +00:03:00.983] [WEB] POST /api/v1/script 326ms
[08:21:55.527 +00:03:01.182] [WEB] POST /api/v1/game/action 189ms
[08:21:55.561 +00:03:01.217] [WEB] POST /api/v1/script 30ms
[08:21:55.583 +00:03:01.239] [WEB] POST /api/v1/script 17ms
[08:21:55.648 +00:03:01.303] [WEB] POST /api/v1/script 56ms
[08:21:55.722 +00:03:01.378] [WEB] POST /api/v1/script 66ms
[08:21:55.779 +00:03:01.434] [WEB] POST /api/v1/script 53ms
[08:21:58.339 +00:03:03.994] [WEB] POST /api/v1/script 2556ms
[08:21:58.531 +00:03:04.186] [WEB] POST /api/v1/game/action 187ms
[08:21:58.679 +00:03:04.335] [WEB] POST /api/v1/game/action 145ms
[08:21:58.718 +00:03:04.374] [WEB] POST /api/v1/script 35ms
[08:21:58.747 +00:03:04.402] [WEB] POST /api/v1/script 23ms
[08:21:58.809 +00:03:04.464] [WEB] POST /api/v1/script 57ms
[08:21:58.870 +00:03:04.526] [WEB] POST /api/v1/script 57ms
[08:21:58.932 +00:03:04.587] [WEB] POST /api/v1/script 57ms
[08:22:01.506 +00:03:07.162] [WEB] POST /api/v1/script 2570ms
[08:22:01.730 +00:03:07.386] [WEB] POST /api/v1/game/action 209ms
[08:22:01.954 +00:03:07.610] [WEB] POST /api/v1/game/action 216ms
[08:22:01.996 +00:03:07.651] [WEB] POST /api/v1/script 36ms
[08:22:02.021 +00:03:07.676] [WEB] POST /api/v1/script 20ms
[08:22:02.078 +00:03:07.734] [WEB] POST /api/v1/script 53ms
[08:22:02.133 +00:03:07.788] [WEB] POST /api/v1/script 50ms
[08:22:02.154 +00:03:07.810] [WEB] POST /api/v1/script 17ms
[08:22:02.186 +00:03:07.842] [WEB] POST /api/v1/script 21ms
[08:22:02.216 +00:03:07.871] [WEB] POST /api/v1/script 26ms
[08:22:02.249 +00:03:07.905] [WEB] POST /api/v1/script 30ms
[08:22:02.305 +00:03:07.961] [WEB] POST /api/v1/script 24ms
[08:22:02.336 +00:03:07.992] [WEB] POST /api/v1/script 24ms
[08:22:02.363 +00:03:08.018] [WEB] POST /api/v1/script 21ms
[08:22:02.418 +00:03:08.073] [WEB] POST /api/v1/script 48ms
[08:22:02.813 +00:03:08.468] [WEB] POST /api/v1/script 391ms
[08:22:03.049 +00:03:08.705] [WEB] POST /api/v1/game/action 232ms
[08:22:03.287 +00:03:08.943] [WEB] POST /api/v1/script 233ms
[08:22:03.349 +00:03:09.005] [WEB] POST /api/v1/script 56ms
[08:22:03.370 +00:03:09.026] [WEB] POST /api/v1/script 15ms
[08:22:03.407 +00:03:09.062] [WEB] POST /api/v1/script 25ms
[08:22:03.441 +00:03:09.096] [WEB] POST /api/v1/script 29ms
[08:22:03.474 +00:03:09.129] [WEB] POST /api/v1/script 27ms
[08:22:03.534 +00:03:09.190] [WEB] POST /api/v1/script 27ms
[08:22:03.599 +00:03:09.255] [WEB] POST /api/v1/script 60ms
[08:22:03.993 +00:03:09.648] [WEB] POST /api/v1/script 389ms
[08:22:05.407 +00:03:11.063] [WEB] POST /api/v1/script 1409ms
[08:22:05.627 +00:03:11.283] [WEB] POST /api/v1/game/action 215ms
[08:22:05.809 +00:03:11.465] [WEB] POST /api/v1/script 175ms
[08:22:06.011 +00:03:11.667] [WEB] POST /api/v1/game/action 199ms
[08:22:06.055 +00:03:11.711] [WEB] POST /api/v1/script 36ms
[08:22:06.103 +00:03:11.758] [WEB] POST /api/v1/script 19ms
[08:22:06.129 +00:03:11.784] [WEB] POST /api/v1/script 21ms
[08:22:06.172 +00:03:11.828] [WEB] POST /api/v1/script 32ms
[08:22:06.200 +00:03:11.856] [WEB] POST /api/v1/script 21ms
[08:22:06.234 +00:03:11.890] [WEB] POST /api/v1/script 25ms
[08:22:06.259 +00:03:11.914] [WEB] POST /api/v1/script 18ms
[08:22:06.318 +00:03:11.974] [WEB] POST /api/v1/script 48ms
[08:22:06.379 +00:03:12.035] [WEB] POST /api/v1/script 56ms
[08:22:06.439 +00:03:12.095] [WEB] POST /api/v1/script 56ms
[08:22:06.497 +00:03:12.153] [WEB] POST /api/v1/script 54ms
[08:22:06.879 +00:03:12.535] [WEB] POST /api/v1/script 378ms
[08:22:06.958 +00:03:12.614] [WEB] POST /api/v1/script 73ms
[08:22:07.439 +00:03:13.095] [WEB] POST /api/v1/script 477ms
[08:22:07.687 +00:03:13.342] [WEB] POST /api/v1/game/action 237ms
[08:22:07.746 +00:03:13.402] [WEB] POST /api/v1/script 53ms
[08:22:07.802 +00:03:13.458] [WEB] POST /api/v1/script 50ms
[08:22:08.217 +00:03:13.873] [WEB] POST /api/v1/script 410ms
[08:22:08.277 +00:03:13.932] [WEB] POST /api/v1/script 51ms
[08:22:08.341 +00:03:13.996] [WEB] POST /api/v1/script 59ms
[08:22:08.396 +00:03:14.052] [WEB] POST /api/v1/script 51ms
[08:22:08.457 +00:03:14.113] [WEB] POST /api/v1/script 57ms
[08:22:08.514 +00:03:14.170] [WEB] POST /api/v1/script 52ms
[08:22:08.538 +00:03:14.194] [WEB] POST /api/v1/script 19ms
[08:22:08.567 +00:03:14.223] [WEB] POST /api/v1/script 20ms
[08:22:08.600 +00:03:14.256] [WEB] POST /api/v1/script 27ms
[08:22:08.633 +00:03:14.289] [WEB] POST /api/v1/script 28ms
[08:22:08.664 +00:03:14.320] [WEB] POST /api/v1/script 26ms
[08:22:08.698 +00:03:14.354] [WEB] POST /api/v1/script 27ms
[08:22:08.898 +00:03:14.554] [WEB] POST /api/v1/game/action 193ms
[08:22:08.919 +00:03:14.574] [WEB] POST /api/v1/script 16ms
[08:22:08.975 +00:03:14.631] [WEB] POST /api/v1/script 52ms
[08:22:09.042 +00:03:14.697] [WEB] POST /api/v1/script 62ms
[08:22:09.097 +00:03:14.753] [WEB] POST /api/v1/script 48ms
[08:22:09.159 +00:03:14.814] [WEB] POST /api/v1/script 57ms
[08:22:09.508 +00:03:15.164] [WEB] POST /api/v1/script 340ms
[08:22:09.596 +00:03:15.252] [WEB] POST /api/v1/script 73ms
[08:22:09.961 +00:03:15.617] [WEB] POST /api/v1/script 359ms
[08:22:10.049 +00:03:15.705] [WEB] POST /api/v1/script 77ms
[08:22:10.104 +00:03:15.759] [WEB] POST /api/v1/script 50ms
[08:22:10.473 +00:03:16.128] [WEB] POST /api/v1/script 364ms
[08:22:10.692 +00:03:16.348] [WEB] POST /api/v1/game/action 206ms
[08:22:10.750 +00:03:16.406] [WEB] POST /api/v1/script 55ms
[08:22:10.806 +00:03:16.462] [WEB] POST /api/v1/script 52ms
[08:22:10.867 +00:03:16.522] [WEB] POST /api/v1/script 56ms
[08:22:10.919 +00:03:16.575] [WEB] POST /api/v1/script 49ms
[08:22:10.980 +00:03:16.635] [WEB] POST /api/v1/script 57ms
[08:22:11.003 +00:03:16.658] [WEB] POST /api/v1/script 18ms
[08:22:11.046 +00:03:16.702] [WEB] POST /api/v1/script 27ms
[08:22:11.076 +00:03:16.731] [WEB] POST /api/v1/script 24ms
[08:22:11.101 +00:03:16.757] [WEB] POST /api/v1/script 21ms
[08:22:11.126 +00:03:16.782] [WEB] POST /api/v1/script 20ms
[08:22:11.165 +00:03:16.821] [WEB] POST /api/v1/script 27ms
[08:22:11.205 +00:03:16.861] [WEB] POST /api/v1/script 28ms
[08:22:11.231 +00:03:16.887] [WEB] POST /api/v1/script 21ms
[08:22:11.284 +00:03:16.939] [WEB] POST /api/v1/script 47ms
[08:22:11.329 +00:03:16.985] [WEB] POST /api/v1/script 40ms
[08:22:11.360 +00:03:17.016] [WEB] POST /api/v1/script 25ms
[08:22:11.869 +00:03:17.525] [WEB] POST /api/v1/script 499ms
[08:22:12.053 +00:03:17.709] [WEB] POST /api/v1/game/action 181ms
[08:22:13.531 +00:03:19.187] [WEB] POST /api/v1/script 1475ms
[08:22:13.710 +00:03:19.366] [WEB] POST /api/v1/game/action 174ms
[08:22:14.201 +00:03:19.857] [WEB] POST /api/v1/script 488ms
[08:22:15.641 +00:03:21.297] [WEB] POST /api/v1/script 1436ms
[08:22:15.824 +00:03:21.480] [WEB] POST /api/v1/game/action 174ms
[08:22:16.275 +00:03:21.931] [WEB] POST /api/v1/script 447ms
[08:22:16.446 +00:03:22.102] [WEB] POST /api/v1/game/action 163ms
[08:22:16.466 +00:03:22.122] [WEB] POST /api/v1/script 16ms
[08:22:16.495 +00:03:22.151] [WEB] POST /api/v1/script 23ms
[08:22:16.555 +00:03:22.210] [WEB] POST /api/v1/script 54ms
[08:22:16.581 +00:03:22.237] [WEB] POST /api/v1/script 21ms
[08:22:16.612 +00:03:22.268] [WEB] POST /api/v1/script 23ms
[08:22:16.636 +00:03:22.291] [WEB] POST /api/v1/script 17ms
[08:22:16.675 +00:03:22.331] [WEB] POST /api/v1/script 28ms
[08:22:16.708 +00:03:22.364] [WEB] POST /api/v1/script 25ms
[08:22:16.735 +00:03:22.391] [WEB] POST /api/v1/script 23ms
[08:22:16.762 +00:03:22.418] [WEB] POST /api/v1/script 22ms
[08:22:16.831 +00:03:22.486] [WEB] POST /api/v1/script 63ms
[08:22:18.618 +00:03:24.274] [WEB] POST /api/v1/script 1783ms
[08:22:18.892 +00:03:24.548] [WEB] POST /api/v1/game/action 267ms
[08:22:19.124 +00:03:24.780] [WEB] POST /api/v1/script 227ms
[08:22:19.335 +00:03:24.991] [WEB] POST /api/v1/script 201ms
[08:22:19.549 +00:03:25.204] [WEB] POST /api/v1/game/action 207ms
[08:22:19.727 +00:03:25.382] [WEB] POST /api/v1/script 173ms
[08:22:19.922 +00:03:25.577] [WEB] POST /api/v1/script 187ms
[08:22:20.390 +00:03:26.046] [WEB] POST /api/v1/script 463ms
[08:22:20.436 +00:03:26.092] [WEB] POST /api/v1/script 29ms
[08:22:20.484 +00:03:26.140] [WEB] POST /api/v1/script 42ms
[08:22:20.524 +00:03:26.180] [WEB] POST /api/v1/script 34ms
[08:22:20.577 +00:03:26.233] [WEB] POST /api/v1/script 39ms
[08:22:20.644 +00:03:26.300] [WEB] POST /api/v1/script 56ms
[08:22:20.717 +00:03:26.373] [WEB] POST /api/v1/script 50ms
[08:22:21.000 +00:03:26.655] [WEB] POST /api/v1/game/action 274ms
[08:22:21.027 +00:03:26.683] [WEB] POST /api/v1/script 22ms
[08:22:21.059 +00:03:26.715] [WEB] POST /api/v1/script 24ms
[08:22:21.135 +00:03:26.791] [WEB] POST /api/v1/script 35ms
[08:22:21.230 +00:03:26.885] [WEB] POST /api/v1/script 88ms
[08:22:21.280 +00:03:26.936] [WEB] POST /api/v1/script 36ms
[08:22:21.351 +00:03:27.007] [WEB] POST /api/v1/script 58ms
[08:22:21.450 +00:03:27.106] [WEB] POST /api/v1/script 90ms
[08:22:21.582 +00:03:27.237] [WEB] POST /api/v1/script 114ms
[08:22:21.787 +00:03:27.443] [WEB] POST /api/v1/script 179ms
[08:22:21.963 +00:03:27.619] [WEB] POST /api/v1/script 101ms
[08:22:22.058 +00:03:27.714] [WEB] POST /api/v1/script 85ms
[08:22:23.657 +00:03:29.313] [WEB] POST /api/v1/script 1588ms
[08:22:23.839 +00:03:29.495] [WEB] POST /api/v1/game/action 175ms
[08:22:24.014 +00:03:29.669] [WEB] POST /api/v1/script 171ms
[08:22:24.184 +00:03:29.840] [WEB] POST /api/v1/game/action 165ms
[08:22:25.299 +00:03:30.955] [WEB] POST /api/v1/script 1111ms
[08:22:25.533 +00:03:31.189] [WEB] POST /api/v1/game/action 214ms
[08:22:25.583 +00:03:31.238] [WEB] POST /api/v1/script 43ms
[08:22:25.608 +00:03:31.263] [WEB] POST /api/v1/script 20ms
[08:22:25.635 +00:03:31.291] [WEB] POST /api/v1/script 22ms
[08:22:25.669 +00:03:31.325] [WEB] POST /api/v1/script 29ms
[08:22:25.720 +00:03:31.376] [WEB] POST /api/v1/script 39ms
[08:22:25.774 +00:03:31.430] [WEB] POST /api/v1/script 49ms
[08:22:25.820 +00:03:31.476] [WEB] POST /api/v1/script 39ms
[08:22:25.873 +00:03:31.528] [WEB] POST /api/v1/script 48ms
[08:22:25.920 +00:03:31.576] [WEB] POST /api/v1/script 43ms
[08:22:25.959 +00:03:31.614] [WEB] POST /api/v1/script 34ms
[08:22:25.991 +00:03:31.647] [WEB] POST /api/v1/script 27ms
[08:22:26.023 +00:03:31.678] [WEB] POST /api/v1/script 27ms
[08:22:26.058 +00:03:31.713] [WEB] POST /api/v1/script 23ms
[08:22:26.123 +00:03:31.778] [WEB] POST /api/v1/script 33ms
[08:22:26.176 +00:03:31.832] [WEB] POST /api/v1/script 48ms
[08:22:26.223 +00:03:31.879] [WEB] POST /api/v1/script 43ms
[08:22:26.277 +00:03:31.933] [WEB] POST /api/v1/script 49ms
[08:22:26.330 +00:03:31.986] [WEB] POST /api/v1/script 50ms
[08:22:26.381 +00:03:32.036] [WEB] POST /api/v1/script 47ms
[08:22:26.433 +00:03:32.088] [WEB] POST /api/v1/script 46ms
[08:22:28.086 +00:03:33.741] [WEB] POST /api/v1/script 1649ms
[08:22:28.282 +00:03:33.937] [WEB] POST /api/v1/game/action 189ms
[08:22:28.456 +00:03:34.112] [WEB] POST /api/v1/script 170ms
[08:22:28.682 +00:03:34.338] [WEB] POST /api/v1/game/action 220ms
[08:22:29.171 +00:03:34.827] [WEB] POST /api/v1/script 482ms
[08:22:29.245 +00:03:34.901] [WEB] POST /api/v1/script 67ms
[08:22:29.275 +00:03:34.931] [WEB] POST /api/v1/script 25ms
[08:22:29.309 +00:03:34.964] [WEB] POST /api/v1/script 25ms
[08:22:29.346 +00:03:35.001] [WEB] POST /api/v1/script 30ms
[08:22:31.022 +00:03:36.678] [WEB] POST /api/v1/script 1669ms
[08:22:31.228 +00:03:36.884] [WEB] POST /api/v1/game/action 197ms
[08:22:31.288 +00:03:36.944] [WEB] POST /api/v1/script 57ms
[08:22:31.472 +00:03:37.128] [WEB] POST /api/v1/game/action 170ms
[08:22:31.491 +00:03:37.147] [WEB] POST /api/v1/script 15ms
[08:22:31.519 +00:03:37.175] [WEB] POST /api/v1/script 18ms
[08:22:31.584 +00:03:37.240] [WEB] POST /api/v1/script 60ms
[08:22:32.597 +00:03:38.253] [WEB] POST /api/v1/script 1008ms
[08:22:32.659 +00:03:38.315] [WEB] POST /api/v1/script 54ms
[08:22:32.722 +00:03:38.377] [WEB] POST /api/v1/script 56ms
[08:22:32.911 +00:03:38.567] [WEB] POST /api/v1/game/action 183ms
[08:22:32.931 +00:03:38.587] [WEB] POST /api/v1/script 15ms
[08:22:32.960 +00:03:38.616] [WEB] POST /api/v1/script 25ms
[08:22:32.982 +00:03:38.637] [WEB] POST /api/v1/script 17ms
[08:22:33.056 +00:03:38.712] [WEB] POST /api/v1/script 65ms
[08:22:33.118 +00:03:38.774] [WEB] POST /api/v1/script 54ms
[08:22:33.157 +00:03:38.812] [WEB] POST /api/v1/script 35ms
[08:22:33.240 +00:03:38.896] [WEB] POST /api/v1/script 72ms
[08:22:33.283 +00:03:38.939] [WEB] POST /api/v1/script 30ms
[08:22:33.364 +00:03:39.020] [WEB] POST /api/v1/script 76ms
[08:22:33.463 +00:03:39.119] [WEB] POST /api/v1/script 94ms
[08:22:34.519 +00:03:40.175] [WEB] POST /api/v1/script 1051ms
[08:22:34.684 +00:03:40.340] [WEB] POST /api/v1/game/action 158ms
[08:22:34.704 +00:03:40.360] [WEB] POST /api/v1/script 16ms
[08:22:34.737 +00:03:40.393] [WEB] POST /api/v1/script 27ms
[08:22:34.771 +00:03:40.427] [WEB] POST /api/v1/script 29ms
[08:22:34.839 +00:03:40.494] [WEB] POST /api/v1/script 64ms
[08:22:34.878 +00:03:40.534] [WEB] POST /api/v1/script 35ms
[08:22:34.903 +00:03:40.559] [WEB] POST /api/v1/script 19ms
[08:22:34.946 +00:03:40.602] [WEB] POST /api/v1/script 29ms
[08:22:34.970 +00:03:40.626] [WEB] POST /api/v1/script 18ms
[08:22:35.006 +00:03:40.662] [WEB] POST /api/v1/script 23ms
[08:22:35.038 +00:03:40.693] [WEB] POST /api/v1/script 28ms
[08:22:35.097 +00:03:40.752] [WEB] POST /api/v1/script 55ms
[08:22:36.382 +00:03:42.038] [WEB] POST /api/v1/script 1281ms
[08:22:36.594 +00:03:42.249] [WEB] POST /api/v1/game/action 206ms
[08:22:36.664 +00:03:42.320] [WEB] POST /api/v1/script 60ms
[08:22:36.718 +00:03:42.374] [WEB] POST /api/v1/script 50ms
[08:22:36.806 +00:03:42.461] [WEB] POST /api/v1/script 82ms
[08:22:36.912 +00:03:42.567] [WEB] POST /api/v1/script 96ms
[08:22:36.948 +00:03:42.604] [WEB] POST /api/v1/script 28ms
[08:22:36.967 +00:03:42.622] [WEB] POST /api/v1/script 13ms
[08:22:37.035 +00:03:42.691] [WEB] POST /api/v1/script 65ms
[08:22:37.096 +00:03:42.752] [WEB] POST /api/v1/script 53ms
[08:22:37.169 +00:03:42.825] [WEB] POST /api/v1/script 70ms
[08:22:37.653 +00:03:43.309] [WEB] POST /api/v1/script 484ms
[08:22:37.816 +00:03:43.472] [WEB] POST /api/v1/game/action 153ms
[08:22:37.872 +00:03:43.528] [WEB] POST /api/v1/script 51ms
[08:22:38.125 +00:03:43.781] [WEB] POST /api/v1/script 249ms
[08:22:38.517 +00:03:44.173] [WEB] POST /api/v1/script 381ms
[08:22:38.575 +00:03:44.231] [WEB] POST /api/v1/script 53ms
[08:22:38.640 +00:03:44.296] [WEB] POST /api/v1/script 61ms
[08:22:38.723 +00:03:44.379] [WEB] POST /api/v1/script 80ms
[08:22:38.904 +00:03:44.559] [WEB] POST /api/v1/game/action 175ms
[08:22:38.978 +00:03:44.633] [WEB] POST /api/v1/script 67ms
[08:22:39.067 +00:03:44.723] [WEB] POST /api/v1/script 80ms
[08:22:39.135 +00:03:44.790] [WEB] POST /api/v1/script 62ms
[08:22:39.362 +00:03:45.018] [WEB] POST /api/v1/script 224ms
[08:22:40.504 +00:03:46.160] [WEB] POST /api/v1/script 1134ms
[08:22:40.637 +00:03:46.292] [WEB] POST /api/v1/game/action 127ms
[08:22:40.687 +00:03:46.343] [WEB] POST /api/v1/script 48ms
[08:22:40.746 +00:03:46.402] [WEB] POST /api/v1/script 54ms
[08:22:40.805 +00:03:46.461] [WEB] POST /api/v1/script 54ms
[08:22:40.867 +00:03:46.523] [WEB] POST /api/v1/script 58ms
[08:22:40.924 +00:03:46.579] [WEB] POST /api/v1/script 52ms
[08:22:42.689 +00:03:48.345] [WEB] POST /api/v1/script 1762ms
[08:22:42.817 +00:03:48.473] [WEB] POST /api/v1/game/action 123ms
[08:22:42.836 +00:03:48.492] [WEB] POST /api/v1/script 15ms
[08:22:42.860 +00:03:48.515] [WEB] POST /api/v1/script 16ms
[08:22:42.892 +00:03:48.548] [WEB] POST /api/v1/script 26ms
[08:22:42.925 +00:03:48.581] [WEB] POST /api/v1/script 29ms
[08:22:42.956 +00:03:48.612] [WEB] POST /api/v1/script 22ms
[08:22:43.012 +00:03:48.668] [WEB] POST /api/v1/script 52ms
[08:22:43.070 +00:03:48.726] [WEB] POST /api/v1/script 53ms
[08:22:43.171 +00:03:48.826] [WEB] POST /api/v1/script 95ms
[08:22:43.249 +00:03:48.905] [WEB] POST /api/v1/script 72ms
[08:22:43.528 +00:03:49.183] [WEB] POST /api/v1/game/action 270ms
[08:22:43.911 +00:03:49.567] [WEB] POST /api/v1/script 380ms
[08:22:43.966 +00:03:49.622] [WEB] POST /api/v1/script 51ms
[08:22:44.612 +00:03:50.268] [WEB] POST /api/v1/script 642ms
[08:22:44.676 +00:03:50.331] [WEB] POST /api/v1/script 59ms
[08:22:44.813 +00:03:50.468] [WEB] POST /api/v1/game/action 132ms
[08:23:07.626 +00:04:13.281] [WEB] POST /api/v1/script 22809ms
[08:23:07.856 +00:04:13.511] [WEB] POST /api/v1/game/action 224ms
[08:23:08.072 +00:04:13.728] [WEB] POST /api/v1/game/action 208ms
[08:23:08.265 +00:04:13.920] [WEB] POST /api/v1/game/action 189ms
[08:23:08.460 +00:04:14.116] [WEB] POST /api/v1/game/action 193ms
[08:23:08.686 +00:04:14.341] [WEB] POST /api/v1/game/action 222ms
[08:23:08.865 +00:04:14.520] [WEB] POST /api/v1/game/action 175ms
[08:23:09.065 +00:04:14.721] [WEB] POST /api/v1/game/action 197ms
[08:23:09.267 +00:04:14.922] [WEB] POST /api/v1/game/action 199ms
[08:23:09.451 +00:04:15.107] [WEB] POST /api/v1/game/action 181ms
[08:23:09.615 +00:04:15.270] [WEB] POST /api/v1/game/action 161ms
[08:23:09.802 +00:04:15.458] [WEB] POST /api/v1/game/action 184ms
[08:23:09.970 +00:04:15.626] [WEB] POST /api/v1/game/action 163ms
[08:23:10.229 +00:04:15.884] [WEB] POST /api/v1/game/action 255ms
[08:23:10.381 +00:04:16.037] [WEB] POST /api/v1/game/action 144ms
[08:23:10.533 +00:04:16.189] [WEB] POST /api/v1/game/action 149ms
[08:23:11.344 +00:04:17.000] [WEB] POST /api/v1/script 807ms
[08:23:11.568 +00:04:17.224] [WEB] POST /api/v1/game/action 219ms
[08:23:11.817 +00:04:17.473] [WEB] POST /api/v1/game/action 246ms
[08:23:11.865 +00:04:17.521] [WEB] POST /api/v1/script 41ms
[08:23:12.062 +00:04:17.718] [WEB] POST /api/v1/game/action 192ms
[08:23:12.098 +00:04:17.754] [WEB] POST /api/v1/script 33ms
[08:23:12.155 +00:04:17.810] [WEB] POST /api/v1/script 52ms
[08:23:12.177 +00:04:17.833] [WEB] POST /api/v1/script 18ms
[08:23:12.199 +00:04:17.855] [WEB] POST /api/v1/script 15ms
[08:23:12.230 +00:04:17.886] [WEB] POST /api/v1/script 23ms
[08:23:13.287 +00:04:18.942] [WEB] POST /api/v1/script 1051ms
[08:23:13.452 +00:04:19.108] [WEB] POST /api/v1/game/action 158ms
[08:23:13.467 +00:04:19.123] [WEB] POST /api/v1/script 12ms
[08:23:13.489 +00:04:19.145] [WEB] POST /api/v1/script 16ms
[08:23:13.573 +00:04:19.229] [WEB] POST /api/v1/script 78ms
[08:23:13.823 +00:04:19.479] [WEB] POST /api/v1/script 246ms
[08:23:14.186 +00:04:19.842] [WEB] POST /api/v1/script 356ms
[08:23:14.500 +00:04:20.155] [WEB] POST /api/v1/script 305ms
[08:23:14.839 +00:04:20.495] [WEB] POST /api/v1/script 334ms
[08:23:15.037 +00:04:20.693] [WEB] POST /api/v1/game/action 195ms
[08:23:15.335 +00:04:20.991] [WEB] POST /api/v1/script 295ms
[08:23:15.539 +00:04:21.195] [WEB] POST /api/v1/script 198ms
[08:23:15.826 +00:04:21.482] [WEB] POST /api/v1/script 283ms
[08:23:16.119 +00:04:21.774] [WEB] POST /api/v1/script 284ms
[08:23:16.308 +00:04:21.963] [WEB] POST /api/v1/script 182ms
[08:23:16.491 +00:04:22.147] [WEB] POST /api/v1/game/action 178ms
[08:23:16.655 +00:04:22.311] [WEB] POST /api/v1/script 161ms
[08:23:16.676 +00:04:22.332] [WEB] POST /api/v1/script 17ms
[08:23:16.706 +00:04:22.362] [WEB] POST /api/v1/script 18ms
[08:23:16.753 +00:04:22.408] [WEB] POST /api/v1/script 42ms
[08:23:16.928 +00:04:22.584] [WEB] POST /api/v1/script 172ms
[08:23:17.003 +00:04:22.659] [WEB] POST /api/v1/script 70ms
[08:23:17.197 +00:04:22.853] [WEB] POST /api/v1/script 188ms
[08:23:17.394 +00:04:23.050] [WEB] POST /api/v1/script 193ms
[08:23:17.473 +00:04:23.129] [WEB] POST /api/v1/script 71ms
[08:23:17.674 +00:04:23.329] [WEB] POST /api/v1/script 196ms
[08:23:17.842 +00:04:23.498] [WEB] POST /api/v1/game/action 164ms
[08:23:17.921 +00:04:23.576] [WEB] POST /api/v1/script 75ms
[08:23:18.028 +00:04:23.683] [WEB] POST /api/v1/script 103ms
[08:23:18.265 +00:04:23.921] [WEB] POST /api/v1/script 231ms
[08:23:18.442 +00:04:24.098] [WEB] POST /api/v1/script 171ms
[08:23:18.666 +00:04:24.322] [WEB] POST /api/v1/script 218ms
[08:23:18.838 +00:04:24.494] [WEB] POST /api/v1/script 167ms
[08:23:19.040 +00:04:24.696] [WEB] POST /api/v1/script 197ms
[08:23:19.212 +00:04:24.868] [WEB] POST /api/v1/script 168ms
[08:23:19.381 +00:04:25.037] [WEB] POST /api/v1/game/action 163ms
[08:23:19.400 +00:04:25.056] [WEB] POST /api/v1/script 15ms
[08:23:19.420 +00:04:25.076] [WEB] POST /api/v1/script 14ms
[08:23:19.512 +00:04:25.167] [WEB] POST /api/v1/script 82ms
[08:23:19.558 +00:04:25.214] [WEB] POST /api/v1/script 41ms
[08:23:19.634 +00:04:25.290] [WEB] POST /api/v1/script 71ms
[08:23:19.683 +00:04:25.339] [WEB] POST /api/v1/script 41ms
[08:23:19.758 +00:04:25.413] [WEB] POST /api/v1/script 70ms
[08:23:19.776 +00:04:25.432] [WEB] POST /api/v1/script 17ms
[08:23:19.803 +00:04:25.458] [WEB] POST /api/v1/script 18ms
[08:23:19.859 +00:04:25.514] [WEB] POST /api/v1/script 52ms
[08:23:19.916 +00:04:25.572] [WEB] POST /api/v1/script 52ms
[08:23:21.346 +00:04:27.001] [WEB] POST /api/v1/script 1425ms
[08:23:21.507 +00:04:27.163] [WEB] POST /api/v1/game/action 158ms
[08:23:21.672 +00:04:27.328] [WEB] POST /api/v1/script 160ms
[08:23:21.841 +00:04:27.497] [WEB] POST /api/v1/script 163ms
[08:23:22.012 +00:04:27.668] [WEB] POST /api/v1/script 167ms
[08:23:22.037 +00:04:27.692] [WEB] POST /api/v1/script 20ms
[08:23:22.087 +00:04:27.743] [WEB] POST /api/v1/script 44ms
[08:23:22.146 +00:04:27.801] [WEB] POST /api/v1/script 58ms
[08:23:22.231 +00:04:27.886] [WEB] POST /api/v1/script 77ms
[08:23:22.372 +00:04:28.028] [WEB] POST /api/v1/game/action 127ms
[08:23:22.412 +00:04:28.068] [WEB] POST /api/v1/script 38ms
[08:23:22.465 +00:04:28.121] [WEB] POST /api/v1/script 48ms
[08:23:22.538 +00:04:28.194] [WEB] POST /api/v1/script 69ms
[08:23:23.978 +00:04:29.633] [WEB] POST /api/v1/script 1434ms
[08:23:24.154 +00:04:29.810] [WEB] POST /api/v1/game/action 172ms
[08:23:24.207 +00:04:29.863] [WEB] POST /api/v1/script 49ms
[08:23:25.692 +00:04:31.348] [WEB] POST /api/v1/script 1481ms
[08:23:25.976 +00:04:31.632] [WEB] POST /api/v1/game/action 279ms
[08:23:26.047 +00:04:31.703] [WEB] POST /api/v1/script 64ms
[08:23:27.541 +00:04:33.197] [WEB] POST /api/v1/script 1484ms
[08:23:27.819 +00:04:33.474] [WEB] POST /api/v1/game/action 271ms
[08:23:27.883 +00:04:33.539] [WEB] POST /api/v1/script 60ms
[08:23:29.500 +00:04:35.156] [WEB] POST /api/v1/script 1609ms
[08:23:29.792 +00:04:35.448] [WEB] POST /api/v1/game/action 170ms
[08:23:29.843 +00:04:35.499] [WEB] POST /api/v1/script 47ms
[08:23:30.011 +00:04:35.666] [WEB] POST /api/v1/game/action 164ms
[08:23:30.063 +00:04:35.719] [WEB] POST /api/v1/script 48ms
[08:23:30.112 +00:04:35.768] [WEB] POST /api/v1/script 46ms
[08:23:30.131 +00:04:35.786] [WEB] POST /api/v1/script 12ms
[08:23:30.193 +00:04:35.849] [WEB] POST /api/v1/script 55ms
[08:23:30.243 +00:04:35.899] [WEB] POST /api/v1/script 46ms
[08:23:30.293 +00:04:35.949] [WEB] POST /api/v1/script 45ms
[08:23:30.340 +00:04:35.996] [WEB] POST /api/v1/script 43ms
[08:23:30.617 +00:04:36.273] [WEB] POST /api/v1/script 270ms
[08:23:31.006 +00:04:36.661] [WEB] POST /api/v1/script 381ms
[08:23:31.060 +00:04:36.716] [WEB] POST /api/v1/script 48ms
[08:23:31.116 +00:04:36.771] [WEB] POST /api/v1/script 51ms
[08:23:31.186 +00:04:36.842] [WEB] POST /api/v1/script 66ms
[08:23:31.356 +00:04:37.012] [WEB] POST /api/v1/game/action 166ms
[08:23:31.416 +00:04:37.072] [WEB] POST /api/v1/script 50ms
[08:23:31.482 +00:04:37.138] [WEB] POST /api/v1/script 61ms
[08:23:31.563 +00:04:37.219] [WEB] POST /api/v1/script 77ms
[08:23:31.617 +00:04:37.272] [WEB] POST /api/v1/script 49ms
[08:23:31.637 +00:04:37.293] [WEB] POST /api/v1/script 20ms
[08:23:31.672 +00:04:37.327] [WEB] POST /api/v1/script 21ms
[08:23:31.770 +00:04:37.426] [WEB] POST /api/v1/script 95ms
[08:23:31.827 +00:04:37.483] [WEB] POST /api/v1/script 48ms
[08:23:31.883 +00:04:37.539] [WEB] POST /api/v1/script 51ms
[08:23:32.499 +00:04:38.155] [WEB] POST /api/v1/script 613ms
[08:23:33.970 +00:04:39.625] [WEB] POST /api/v1/script 1464ms
[08:23:34.132 +00:04:39.788] [WEB] POST /api/v1/game/action 157ms
[08:23:34.359 +00:04:40.014] [WEB] POST /api/v1/script 224ms
[08:23:34.533 +00:04:40.188] [WEB] POST /api/v1/game/action 168ms
[08:23:34.750 +00:04:40.406] [WEB] POST /api/v1/script 214ms
[08:23:34.813 +00:04:40.468] [WEB] POST /api/v1/script 55ms
[08:23:34.870 +00:04:40.525] [WEB] POST /api/v1/script 52ms
[08:23:34.893 +00:04:40.549] [WEB] POST /api/v1/script 22ms
[08:23:34.973 +00:04:40.629] [WEB] POST /api/v1/script 69ms
[08:23:35.052 +00:04:40.708] [WEB] POST /api/v1/script 75ms
[08:23:35.104 +00:04:40.760] [WEB] POST /api/v1/script 47ms
[08:23:35.171 +00:04:40.827] [WEB] POST /api/v1/script 64ms
[08:23:35.220 +00:04:40.875] [WEB] POST /api/v1/script 37ms
[08:23:35.275 +00:04:40.930] [WEB] POST /api/v1/script 51ms
[08:23:35.319 +00:04:40.974] [WEB] POST /api/v1/script 40ms
[08:23:35.375 +00:04:41.031] [WEB] POST /api/v1/script 51ms
[08:23:35.441 +00:04:41.096] [WEB] POST /api/v1/script 62ms
[08:23:35.499 +00:04:41.155] [WEB] POST /api/v1/script 54ms
[08:23:35.563 +00:04:41.219] [WEB] POST /api/v1/script 61ms
[08:23:35.679 +00:04:41.334] [WEB] POST /api/v1/script 110ms
[08:23:35.933 +00:04:41.588] [WEB] POST /api/v1/game/action 248ms
[08:23:37.400 +00:04:43.056] [WEB] POST /api/v1/script 1460ms
[08:23:37.599 +00:04:43.254] [WEB] POST /api/v1/game/action 192ms
[08:23:37.836 +00:04:43.491] [WEB] POST /api/v1/script 233ms
[08:23:37.871 +00:04:43.527] [WEB] POST /api/v1/script 29ms
[08:23:37.929 +00:04:43.585] [WEB] POST /api/v1/script 53ms
[08:23:39.399 +00:04:45.054] [WEB] POST /api/v1/script 1465ms
[08:23:39.605 +00:04:45.261] [WEB] POST /api/v1/game/action 190ms
[08:23:39.825 +00:04:45.481] [WEB] POST /api/v1/script 217ms
[08:23:39.861 +00:04:45.516] [WEB] POST /api/v1/script 20ms
[08:23:40.077 +00:04:45.732] [WEB] POST /api/v1/script 212ms
[08:23:40.137 +00:04:45.792] [WEB] POST /api/v1/script 52ms
[08:23:40.205 +00:04:45.861] [WEB] POST /api/v1/script 62ms
[08:23:40.385 +00:04:46.040] [WEB] POST /api/v1/game/action 169ms
[08:23:41.849 +00:04:47.505] [WEB] POST /api/v1/script 1457ms
[08:23:42.028 +00:04:47.684] [WEB] POST /api/v1/game/action 174ms
[08:23:42.248 +00:04:47.903] [WEB] POST /api/v1/script 215ms
[08:23:42.284 +00:04:47.939] [WEB] POST /api/v1/script 29ms
[08:23:42.336 +00:04:47.992] [WEB] POST /api/v1/script 48ms
[08:23:43.812 +00:04:49.468] [WEB] POST /api/v1/script 1471ms
[08:23:43.994 +00:04:49.650] [WEB] POST /api/v1/game/action 171ms
[08:23:44.213 +00:04:49.869] [WEB] POST /api/v1/script 216ms
[08:23:44.245 +00:04:49.901] [WEB] POST /api/v1/script 25ms
[08:23:44.476 +00:04:50.131] [WEB] POST /api/v1/script 220ms
[08:23:44.544 +00:04:50.199] [WEB] POST /api/v1/script 64ms
[08:23:44.591 +00:04:50.246] [WEB] POST /api/v1/script 42ms
[08:23:46.064 +00:04:51.719] [WEB] POST /api/v1/script 1469ms
[08:23:46.264 +00:04:51.920] [WEB] POST /api/v1/game/action 196ms
[08:23:46.500 +00:04:52.156] [WEB] POST /api/v1/script 232ms
[08:23:46.663 +00:04:52.319] [WEB] POST /api/v1/game/action 160ms
[08:23:46.695 +00:04:52.350] [WEB] POST /api/v1/script 28ms
[08:23:46.743 +00:04:52.399] [WEB] POST /api/v1/script 44ms
[08:23:48.194 +00:04:53.850] [WEB] POST /api/v1/script 1442ms
[08:23:48.376 +00:04:54.032] [WEB] POST /api/v1/game/action 178ms
[08:23:48.601 +00:04:54.257] [WEB] POST /api/v1/script 222ms
[08:23:48.627 +00:04:54.283] [WEB] POST /api/v1/script 20ms
[08:23:48.860 +00:04:54.515] [WEB] POST /api/v1/script 228ms
[08:23:48.925 +00:04:54.581] [WEB] POST /api/v1/script 56ms
[08:23:48.981 +00:04:54.636] [WEB] POST /api/v1/script 50ms
[08:23:50.298 +00:04:55.953] [WEB] POST /api/v1/script 1313ms
[08:23:50.563 +00:04:56.218] [WEB] POST /api/v1/game/action 255ms
[08:23:50.783 +00:04:56.439] [WEB] POST /api/v1/script 214ms
[08:23:51.058 +00:04:56.714] [WEB] POST /api/v1/game/action 269ms
[08:23:51.112 +00:04:56.767] [WEB] POST /api/v1/script 42ms
[08:23:51.163 +00:04:56.819] [WEB] POST /api/v1/script 45ms
[08:23:52.538 +00:04:58.193] [WEB] POST /api/v1/script 1371ms
[08:23:52.827 +00:04:58.483] [WEB] POST /api/v1/game/action 285ms
[08:23:53.062 +00:04:58.718] [WEB] POST /api/v1/script 225ms
[08:23:53.095 +00:04:58.750] [WEB] POST /api/v1/script 27ms
[08:23:53.315 +00:04:58.970] [WEB] POST /api/v1/script 215ms
[08:23:53.385 +00:04:59.041] [WEB] POST /api/v1/script 66ms
[08:23:53.452 +00:04:59.108] [WEB] POST /api/v1/script 63ms
[08:23:54.948 +00:05:00.604] [WEB] POST /api/v1/script 1493ms
[08:23:55.123 +00:05:00.779] [WEB] POST /api/v1/game/action 169ms
[08:23:55.157 +00:05:00.813] [WEB] POST /api/v1/script 31ms
[08:23:55.194 +00:05:00.850] [WEB] POST /api/v1/script 26ms
[08:23:55.381 +00:05:01.037] [WEB] POST /api/v1/game/action 184ms
[08:23:55.435 +00:05:01.090] [WEB] POST /api/v1/script 49ms
[08:23:55.492 +00:05:01.148] [WEB] POST /api/v1/script 47ms
[08:23:55.557 +00:05:01.213] [WEB] POST /api/v1/script 62ms
[08:23:55.615 +00:05:01.271] [WEB] POST /api/v1/script 53ms
[08:23:55.665 +00:05:01.321] [WEB] POST /api/v1/script 46ms
[08:23:55.689 +00:05:01.345] [WEB] POST /api/v1/script 20ms
[08:23:55.721 +00:05:01.377] [WEB] POST /api/v1/script 23ms
[08:24:31.587 +00:05:37.243] [WEB] POST /api/v1/script 35860ms
[08:24:31.750 +00:05:37.406] [WEB] POST /api/v1/game/action 160ms
[08:24:31.902 +00:05:37.558] [WEB] POST /api/v1/game/action 149ms
[08:24:32.053 +00:05:37.709] [WEB] POST /api/v1/game/action 148ms
[08:24:32.199 +00:05:37.855] [WEB] POST /api/v1/game/action 142ms
[08:24:32.347 +00:05:38.003] [WEB] POST /api/v1/game/action 145ms
[08:24:32.497 +00:05:38.153] [WEB] POST /api/v1/game/action 147ms
[08:24:32.646 +00:05:38.302] [WEB] POST /api/v1/game/action 146ms
[08:24:32.820 +00:05:38.475] [WEB] POST /api/v1/game/action 170ms
[08:24:32.991 +00:05:38.646] [WEB] POST /api/v1/game/action 166ms
[08:24:33.164 +00:05:38.820] [WEB] POST /api/v1/game/action 171ms
[08:24:33.336 +00:05:38.991] [WEB] POST /api/v1/game/action 168ms
[08:24:33.484 +00:05:39.140] [WEB] POST /api/v1/game/action 146ms
[08:24:33.633 +00:05:39.288] [WEB] POST /api/v1/game/action 144ms
[08:24:33.779 +00:05:39.435] [WEB] POST /api/v1/game/action 143ms
[08:24:33.929 +00:05:39.584] [WEB] POST /api/v1/game/action 147ms
[08:24:34.092 +00:05:39.747] [WEB] POST /api/v1/game/action 159ms
[08:24:34.256 +00:05:39.911] [WEB] POST /api/v1/game/action 159ms
[08:24:34.442 +00:05:40.098] [WEB] POST /api/v1/game/action 184ms
[08:24:34.645 +00:05:40.301] [WEB] POST /api/v1/game/action 194ms
[08:24:34.890 +00:05:40.546] [WEB] POST /api/v1/game/action 231ms
[08:24:35.170 +00:05:40.826] [WEB] POST /api/v1/game/action 274ms
[08:24:35.324 +00:05:40.980] [WEB] POST /api/v1/game/action 149ms
[08:24:35.497 +00:05:41.152] [WEB] POST /api/v1/game/action 169ms
[08:24:35.644 +00:05:41.299] [WEB] POST /api/v1/game/action 142ms
[08:24:36.855 +00:05:42.511] [WEB] GET /api/v1/script/runs 1207ms
[08:24:37.119 +00:05:42.775] [WEB] POST /api/v1/game/action 256ms
[08:24:37.458 +00:05:43.113] [WEB] POST /api/v1/game/action 335ms
[08:24:37.703 +00:05:43.359] [WEB] POST /api/v1/game/action 236ms
[08:24:37.734 +00:05:43.390] [WEB] GET /api/v1/script/runs 18ms
[08:24:37.993 +00:05:43.649] [WEB] POST /api/v1/game/action 216ms
[08:24:38.290 +00:05:43.946] [WEB] GET /api/v1/evidence 6ms
[08:24:38.834 +00:05:44.489] [WEB] POST /api/v1/game/action 148ms
[08:24:40.364 +00:05:46.020] [WEB] POST /api/v1/game/action 184ms
[08:24:41.839 +00:05:47.494] [WEB] POST /api/v1/game/action 164ms
[08:24:43.375 +00:05:49.031] [WEB] POST /api/v1/game/action 180ms
[08:24:44.838 +00:05:50.493] [WEB] POST /api/v1/game/action 159ms
[08:24:46.338 +00:05:51.994] [WEB] POST /api/v1/game/action 144ms
[08:24:47.851 +00:05:53.506] [WEB] POST /api/v1/game/action 172ms
[08:24:49.334 +00:05:54.990] [WEB] POST /api/v1/game/action 148ms
[08:24:50.831 +00:05:56.487] [WEB] POST /api/v1/game/action 154ms
[08:24:52.325 +00:05:57.981] [WEB] POST /api/v1/game/action 147ms
[08:24:53.879 +00:05:59.535] [WEB] POST /api/v1/game/action 199ms
[08:24:55.359 +00:06:01.014] [WEB] POST /api/v1/game/action 156ms
[08:24:56.850 +00:06:02.506] [WEB] POST /api/v1/game/action 164ms
[08:24:58.325 +00:06:03.981] [WEB] POST /api/v1/game/action 148ms
[08:24:59.879 +00:06:05.535] [WEB] POST /api/v1/game/action 190ms
[08:25:01.326 +00:06:06.982] [WEB] POST /api/v1/game/action 148ms
[08:25:02.833 +00:06:08.489] [WEB] POST /api/v1/game/action 159ms
[08:25:04.388 +00:06:10.044] [WEB] POST /api/v1/game/action 179ms
[08:25:05.840 +00:06:11.496] [WEB] POST /api/v1/game/action 165ms
[08:25:07.348 +00:06:13.003] [WEB] POST /api/v1/game/action 158ms
[08:25:08.858 +00:06:14.513] [WEB] POST /api/v1/game/action 180ms
[08:25:10.365 +00:06:16.021] [WEB] POST /api/v1/game/action 172ms
[08:25:11.833 +00:06:17.489] [WEB] POST /api/v1/game/action 151ms
[08:25:13.331 +00:06:18.986] [WEB] POST /api/v1/game/action 151ms
[08:25:14.835 +00:06:20.490] [WEB] POST /api/v1/game/action 149ms
[08:25:16.327 +00:06:21.982] [WEB] POST /api/v1/game/action 150ms
[08:25:17.868 +00:06:23.524] [WEB] POST /api/v1/game/action 181ms
[08:25:19.324 +00:06:24.980] [WEB] POST /api/v1/game/action 149ms
[08:25:20.854 +00:06:26.510] [WEB] POST /api/v1/game/action 180ms
[08:25:22.384 +00:06:28.039] [WEB] POST /api/v1/game/action 163ms
[08:25:23.836 +00:06:29.492] [WEB] POST /api/v1/game/action 160ms
[08:25:25.369 +00:06:31.024] [WEB] POST /api/v1/game/action 182ms
[08:25:26.872 +00:06:32.527] [WEB] POST /api/v1/game/action 192ms
[08:25:28.350 +00:06:34.005] [WEB] POST /api/v1/game/action 154ms
[08:25:29.839 +00:06:35.495] [WEB] POST /api/v1/game/action 156ms
[08:25:31.324 +00:06:36.979] [WEB] POST /api/v1/game/action 145ms
[08:25:32.839 +00:06:38.495] [WEB] POST /api/v1/game/action 156ms
[08:25:34.383 +00:06:40.039] [WEB] POST /api/v1/game/action 174ms
[08:25:35.863 +00:06:41.519] [WEB] POST /api/v1/game/action 172ms
[08:25:37.434 +00:06:43.090] [WEB] POST /api/v1/game/action 244ms
[08:25:38.870 +00:06:44.525] [WEB] POST /api/v1/game/action 195ms
[08:25:40.351 +00:06:46.007] [WEB] POST /api/v1/game/action 162ms
[08:25:41.917 +00:06:47.572] [WEB] POST /api/v1/game/action 241ms
[08:25:43.354 +00:06:49.009] [WEB] POST /api/v1/game/action 159ms
[08:25:44.829 +00:06:50.484] [WEB] POST /api/v1/game/action 152ms
[08:25:46.337 +00:06:51.993] [WEB] POST /api/v1/game/action 156ms
[08:25:47.843 +00:06:53.499] [WEB] POST /api/v1/game/action 161ms
[08:25:49.351 +00:06:55.007] [WEB] POST /api/v1/game/action 165ms
[08:25:50.830 +00:06:56.485] [WEB] POST /api/v1/game/action 157ms
[08:25:52.324 +00:06:57.980] [WEB] POST /api/v1/game/action 149ms
[08:25:53.844 +00:06:59.500] [WEB] POST /api/v1/game/action 158ms
[08:25:55.343 +00:07:00.999] [WEB] POST /api/v1/game/action 159ms
[08:25:56.859 +00:07:02.515] [WEB] POST /api/v1/game/action 183ms
[08:25:58.352 +00:07:04.007] [WEB] POST /api/v1/game/action 155ms
[08:25:59.849 +00:07:05.505] [WEB] POST /api/v1/game/action 174ms
[08:26:01.329 +00:07:06.985] [WEB] POST /api/v1/game/action 154ms
[08:26:02.831 +00:07:08.487] [WEB] POST /api/v1/game/action 154ms
[08:26:04.339 +00:07:09.994] [WEB] POST /api/v1/game/action 153ms
[08:26:05.852 +00:07:11.508] [WEB] POST /api/v1/game/action 171ms
[08:26:07.339 +00:07:12.994] [WEB] POST /api/v1/game/action 156ms
[08:26:08.840 +00:07:14.496] [WEB] POST /api/v1/game/action 157ms
[08:26:10.346 +00:07:16.001] [WEB] POST /api/v1/game/action 158ms
[08:26:11.840 +00:07:17.496] [WEB] POST /api/v1/game/action 166ms
[08:26:13.328 +00:07:18.984] [WEB] POST /api/v1/game/action 152ms
[08:26:14.849 +00:07:20.505] [WEB] POST /api/v1/game/action 160ms
[08:26:16.325 +00:07:21.980] [WEB] POST /api/v1/game/action 150ms
[08:26:17.842 +00:07:23.498] [WEB] POST /api/v1/game/action 164ms
[08:26:19.326 +00:07:24.982] [WEB] POST /api/v1/game/action 149ms
[08:26:20.861 +00:07:26.517] [WEB] POST /api/v1/game/action 184ms
[08:26:22.358 +00:07:28.014] [WEB] POST /api/v1/game/action 170ms
[08:26:23.855 +00:07:29.510] [WEB] POST /api/v1/game/action 179ms
[08:26:25.349 +00:07:31.005] [WEB] POST /api/v1/game/action 164ms
[08:26:26.984 +00:07:32.640] [WEB] POST /api/v1/game/action 286ms
[08:26:28.388 +00:07:34.044] [WEB] POST /api/v1/game/action 149ms
[08:26:29.832 +00:07:35.487] [WEB] POST /api/v1/game/action 147ms
[08:26:31.392 +00:07:37.048] [WEB] POST /api/v1/game/action 210ms
[08:26:32.876 +00:07:38.532] [WEB] POST /api/v1/game/action 192ms
[08:26:34.397 +00:07:40.052] [WEB] POST /api/v1/game/action 185ms
[08:26:35.832 +00:07:41.488] [WEB] POST /api/v1/game/action 158ms
[08:26:37.365 +00:07:43.021] [WEB] POST /api/v1/game/action 188ms
[08:26:38.905 +00:07:44.561] [WEB] POST /api/v1/game/action 220ms
[08:26:40.398 +00:07:46.053] [WEB] POST /api/v1/game/action 194ms
[08:26:41.839 +00:07:47.495] [WEB] POST /api/v1/game/action 159ms
[08:26:43.354 +00:07:49.010] [WEB] POST /api/v1/game/action 154ms
[08:26:44.858 +00:07:50.513] [WEB] POST /api/v1/game/action 176ms
[08:26:46.341 +00:07:51.997] [WEB] POST /api/v1/game/action 149ms
[08:26:47.841 +00:07:53.496] [WEB] POST /api/v1/game/action 164ms
[08:26:49.440 +00:07:55.095] [WEB] POST /api/v1/game/action 147ms
[08:26:50.823 +00:07:56.478] [WEB] POST /api/v1/game/action 149ms
[08:26:52.355 +00:07:58.011] [WEB] POST /api/v1/game/action 176ms
[08:26:53.850 +00:07:59.505] [WEB] POST /api/v1/game/action 176ms
[08:26:55.398 +00:08:01.054] [WEB] POST /api/v1/game/action 187ms
[08:26:56.848 +00:08:02.504] [WEB] POST /api/v1/game/action 171ms
[08:26:58.398 +00:08:04.054] [WEB] POST /api/v1/game/action 207ms
[08:26:59.842 +00:08:05.498] [WEB] POST /api/v1/game/action 168ms
[08:27:01.347 +00:08:07.003] [WEB] POST /api/v1/game/action 159ms
[08:27:02.841 +00:08:08.496] [WEB] POST /api/v1/game/action 167ms
[08:27:04.407 +00:08:10.063] [WEB] POST /api/v1/game/action 188ms
[08:27:05.875 +00:08:11.531] [WEB] POST /api/v1/game/action 190ms
[08:27:07.355 +00:08:13.011] [WEB] POST /api/v1/game/action 162ms
[08:27:08.851 +00:08:14.506] [WEB] POST /api/v1/game/action 164ms
[08:27:10.406 +00:08:16.062] [WEB] POST /api/v1/game/action 202ms
[08:27:11.909 +00:08:17.564] [WEB] POST /api/v1/game/action 219ms
[08:27:13.358 +00:08:19.014] [WEB] POST /api/v1/game/action 162ms
[08:27:14.832 +00:08:20.488] [WEB] POST /api/v1/game/action 157ms
[08:27:16.347 +00:08:22.002] [WEB] POST /api/v1/game/action 161ms
[08:27:17.842 +00:08:23.497] [WEB] POST /api/v1/game/action 164ms
[08:27:19.458 +00:08:25.113] [WEB] POST /api/v1/game/action 233ms
[08:27:20.832 +00:08:26.488] [WEB] POST /api/v1/game/action 152ms
[08:27:22.388 +00:08:28.043] [WEB] POST /api/v1/game/action 173ms
[08:27:23.855 +00:08:29.511] [WEB] POST /api/v1/game/action 173ms
[08:27:25.351 +00:08:31.006] [WEB] POST /api/v1/game/action 173ms
[08:27:26.947 +00:08:32.603] [WEB] POST /api/v1/game/action 257ms
[08:27:28.622 +00:08:34.278] [WEB] POST /api/v1/game/action 295ms
[08:27:29.866 +00:08:35.522] [WEB] POST /api/v1/game/action 177ms
[08:27:31.358 +00:08:37.014] [WEB] POST /api/v1/game/action 163ms
[08:27:32.842 +00:08:38.497] [WEB] POST /api/v1/game/action 166ms
[08:27:34.399 +00:08:40.055] [WEB] POST /api/v1/game/action 199ms
[08:27:35.846 +00:08:41.502] [WEB] POST /api/v1/game/action 169ms
[08:27:37.340 +00:08:42.996] [WEB] POST /api/v1/game/action 156ms
[08:27:38.837 +00:08:44.493] [WEB] POST /api/v1/game/action 158ms
[08:27:40.348 +00:08:46.004] [WEB] POST /api/v1/game/action 169ms
[08:27:41.831 +00:08:47.487] [WEB] POST /api/v1/game/action 149ms
[08:27:43.332 +00:08:48.988] [WEB] POST /api/v1/game/action 158ms
[08:27:44.842 +00:08:50.498] [WEB] POST /api/v1/game/action 157ms
[08:27:46.353 +00:08:52.008] [WEB] POST /api/v1/game/action 152ms
[08:27:48.232 +00:08:53.887] [WEB] POST /api/v1/game/action 544ms
[08:27:49.425 +00:08:55.081] [WEB] POST /api/v1/game/action 217ms
[08:27:50.896 +00:08:56.551] [WEB] POST /api/v1/game/action 222ms
[08:27:52.334 +00:08:57.990] [WEB] POST /api/v1/game/action 151ms
[08:27:53.858 +00:08:59.514] [WEB] POST /api/v1/game/action 183ms
[08:27:55.398 +00:09:01.054] [WEB] POST /api/v1/game/action 191ms
[08:27:56.848 +00:09:02.504] [WEB] POST /api/v1/game/action 166ms
[08:27:58.366 +00:09:04.022] [WEB] POST /api/v1/game/action 175ms
[08:27:59.848 +00:09:05.504] [WEB] POST /api/v1/game/action 164ms
[08:28:00.310 +00:09:05.966] [WEB] GET /api/v1/frame.png 280ms
[08:28:01.380 +00:09:07.036] [WEB] POST /api/v1/game/action 201ms
[08:28:02.896 +00:09:08.552] [WEB] POST /api/v1/game/action 215ms
[08:28:04.511 +00:09:10.167] [WEB] POST /api/v1/game/action 245ms
[08:28:05.873 +00:09:11.529] [WEB] POST /api/v1/game/action 193ms
[08:28:07.440 +00:09:13.096] [WEB] POST /api/v1/game/action 207ms
[08:28:08.865 +00:09:14.521] [WEB] POST /api/v1/game/action 192ms
[08:28:10.349 +00:09:16.005] [WEB] POST /api/v1/game/action 154ms
[08:28:11.865 +00:09:17.520] [WEB] POST /api/v1/game/action 189ms
[08:28:13.460 +00:09:19.116] [WEB] POST /api/v1/game/action 204ms
[08:28:14.851 +00:09:20.507] [WEB] POST /api/v1/game/action 172ms
[08:28:16.748 +00:09:22.404] [WEB] POST /api/v1/game/action 385ms
[08:28:17.964 +00:09:23.620] [WEB] POST /api/v1/game/action 279ms
[08:28:19.429 +00:09:25.084] [WEB] POST /api/v1/game/action 236ms
[08:28:20.450 +00:09:26.105] [WEB] GET /api/v1/frame.png 419ms
[08:28:21.121 +00:09:26.777] [WEB] POST /api/v1/game/action 408ms
[08:28:22.425 +00:09:28.081] [WEB] POST /api/v1/game/action 198ms
[08:28:23.859 +00:09:29.514] [WEB] POST /api/v1/game/action 185ms
[08:28:25.372 +00:09:31.028] [WEB] POST /api/v1/game/action 182ms
[08:28:26.384 +00:09:32.040] [WEB] POST /api/cmd 56ms
[08:28:26.639 +00:09:32.295] [WEB] POST /api/cmd 54ms
[08:28:26.860 +00:09:32.516] [WEB] POST /api/v1/game/action 186ms
[08:28:28.418 +00:09:34.073] [WEB] POST /api/v1/game/action 190ms
[08:28:29.869 +00:09:35.525] [WEB] POST /api/v1/game/action 193ms
[08:28:31.404 +00:09:37.060] [WEB] POST /api/v1/game/action 188ms
[08:28:31.521 +00:09:37.176] [WEB] POST /api/cmd 47ms
[08:28:31.586 +00:09:37.242] [WEB] POST /api/cmd 25ms
[08:28:32.905 +00:09:38.561] [WEB] POST /api/v1/game/action 225ms
[08:28:34.366 +00:09:40.021] [WEB] POST /api/v1/game/action 191ms
[08:28:36.118 +00:09:41.773] [WEB] GET /api/v1/frame.png 1079ms
[08:28:36.447 +00:09:42.103] [WEB] POST /api/v1/game/action 292ms
[08:28:37.473 +00:09:43.129] [WEB] POST /api/v1/game/action 264ms
[08:28:38.680 +00:09:44.336] [WEB] POST /api/cmd 104ms
[08:28:38.907 +00:09:44.563] [WEB] POST /api/v1/game/action 202ms
[08:28:39.193 +00:09:44.849] [WEB] POST /api/cmd 47ms
[08:28:40.347 +00:09:46.003] [WEB] POST /api/v1/game/action 153ms
[08:28:41.937 +00:09:47.593] [WEB] POST /api/v1/game/action 252ms
[08:28:43.353 +00:09:49.009] [WEB] POST /api/v1/game/action 160ms
[08:28:45.849 +00:09:51.504] [WEB] GET /api/events 1688ms
[08:28:46.034 +00:09:51.690] [WEB] POST /api/v1/game/action 177ms
[08:28:46.412 +00:09:52.067] [WEB] POST /api/v1/game/action 147ms
[08:28:47.846 +00:09:53.502] [WEB] POST /api/v1/game/action 172ms
[08:28:49.620 +00:09:55.275] [WEB] POST /api/v1/game/action 360ms
[08:28:51.012 +00:09:56.668] [WEB] POST /api/v1/game/action 333ms
[08:28:51.371 +00:09:57.026] [WEB] POST /api/cmd 43ms
[08:28:51.566 +00:09:57.221] [WEB] POST /api/cmd 49ms
[08:28:52.396 +00:09:58.052] [WEB] POST /api/v1/game/action 175ms
[08:28:54.625 +00:10:00.281] [WEB] GET /api/v1/frame.png 1599ms
[08:28:54.853 +00:10:00.509] [WEB] POST /api/v1/game/action 180ms
[08:28:55.567 +00:10:01.222] [WEB] POST /api/v1/game/action 350ms
[08:28:56.956 +00:10:02.611] [WEB] POST /api/v1/game/action 262ms
[08:28:58.378 +00:10:04.034] [WEB] POST /api/v1/game/action 188ms
[08:28:59.847 +00:10:05.503] [WEB] POST /api/v1/game/action 174ms
[08:29:01.406 +00:10:07.061] [WEB] POST /api/v1/game/action 201ms
[08:29:02.977 +00:10:08.633] [WEB] POST /api/v1/game/action 292ms
[08:29:04.430 +00:10:10.085] [WEB] POST /api/v1/game/action 206ms
[08:29:05.868 +00:10:11.524] [WEB] POST /api/v1/game/action 180ms
[08:29:07.340 +00:10:12.995] [WEB] POST /api/v1/game/action 153ms
[08:29:08.884 +00:10:14.539] [WEB] POST /api/v1/game/action 207ms
[08:29:09.694 +00:10:15.350] [WEB] GET /api/v1/artifact 3ms
[08:29:10.350 +00:10:16.006] [WEB] POST /api/v1/game/action 162ms
[08:29:10.812 +00:10:16.467] [WEB] GET /api/v1/artifact 8ms
[08:29:11.836 +00:10:17.492] [WEB] POST /api/v1/game/action 156ms
[08:29:13.470 +00:10:19.126] [WEB] POST /api/v1/game/action 218ms
[08:29:14.838 +00:10:20.493] [WEB] POST /api/v1/game/action 156ms
[08:29:16.370 +00:10:22.025] [WEB] POST /api/v1/game/action 177ms
[08:29:17.835 +00:10:23.491] [WEB] POST /api/v1/game/action 161ms
[08:29:19.389 +00:10:25.045] [WEB] POST /api/v1/game/action 193ms
[08:29:20.901 +00:10:26.556] [WEB] POST /api/v1/game/action 226ms
[08:29:22.421 +00:10:28.077] [WEB] POST /api/v1/game/action 201ms
[08:29:23.856 +00:10:29.511] [WEB] POST /api/v1/game/action 179ms
[08:29:25.469 +00:10:31.125] [WEB] POST /api/v1/game/action 251ms
[08:29:26.845 +00:10:32.501] [WEB] POST /api/v1/game/action 169ms
[08:29:28.364 +00:10:34.019] [WEB] POST /api/v1/game/action 181ms
[08:29:29.871 +00:10:35.527] [WEB] POST /api/v1/game/action 197ms
[08:29:31.356 +00:10:37.011] [WEB] POST /api/v1/game/action 166ms
[08:29:32.600 +00:10:38.256] [WEB] GET /api/v1/gameplay/registry 993ms
[08:29:32.915 +00:10:38.571] [WEB] POST /api/v1/game/action 177ms
[08:29:34.323 +00:10:39.979] [WEB] GET /api/v1/gameplay/registry 1153ms
[08:29:34.666 +00:10:40.321] [WEB] POST /api/v1/game/action 193ms
[08:29:35.808 +00:10:41.464] [WEB] GET /api/v1/gameplay/registry 1031ms
[08:29:36.189 +00:10:41.845] [WEB] GET /api/v1/frame/snapshots 198ms
[08:29:36.451 +00:10:42.107] [WEB] POST /api/v1/game/action 255ms
[08:29:37.523 +00:10:43.179] [WEB] POST /api/v1/game/action 264ms
[08:29:38.914 +00:10:44.569] [WEB] POST /api/v1/game/action 233ms
[08:29:40.474 +00:10:46.130] [WEB] POST /api/v1/game/action 231ms
[08:29:41.830 +00:10:47.485] [WEB] POST /api/v1/game/action 156ms
[08:29:43.466 +00:10:49.122] [WEB] POST /api/v1/game/action 214ms
[08:29:44.875 +00:10:50.531] [WEB] POST /api/v1/game/action 199ms
[08:29:46.685 +00:10:52.341] [WEB] GET /api/v1/frame.png 658ms
[08:29:47.090 +00:10:52.746] [WEB] POST /api/v1/game/action 354ms
[08:29:47.868 +00:10:53.524] [WEB] POST /api/v1/game/action 194ms
[08:29:47.917 +00:10:53.572] [WEB] GET /api/v1/frame/snapshot/rc27-scene-no-sprites/manifest 26ms
[08:29:47.947 +00:10:53.603] [WEB] GET /api/v1/frame/snapshot/rc27-scene-no-sprites/asset/final.png 26ms
[08:29:49.404 +00:10:55.060] [WEB] POST /api/v1/game/action 206ms
[08:29:50.870 +00:10:56.526] [WEB] POST /api/v1/game/action 197ms
[08:29:52.503 +00:10:58.159] [WEB] POST /api/v1/game/action 271ms
[08:29:53.855 +00:10:59.510] [WEB] POST /api/v1/game/action 182ms
[08:29:55.038 +00:11:00.694] [WEB] GET /api/v1/frame/snapshot/rc27-scene-no-sprites/manifest 21ms
[08:29:55.134 +00:11:00.789] [WEB] GET /api/v1/frame/snapshot/rc27-scene-no-sprites/asset/layers/00_base.png 4ms
[08:29:55.195 +00:11:00.851] [WEB] GET /api/v1/frame/snapshot/rc27-scene-no-sprites/asset/layers/01_bg-bottom.png 3ms
[08:29:55.381 +00:11:01.036] [WEB] POST /api/v1/game/action 178ms
[08:29:55.439 +00:11:01.094] [WEB] GET /api/v1/frame/snapshot/rc27-scene-no-sprites/asset/layers/02_road.png 3ms
[08:29:55.493 +00:11:01.149] [WEB] GET /api/v1/frame/snapshot/rc27-scene-no-sprites/asset/layers/03_bg-upper.png 4ms
[08:29:55.556 +00:11:01.212] [WEB] GET /api/v1/frame/snapshot/rc27-scene-no-sprites/asset/layers/04_sprites.png 9ms
[08:29:55.593 +00:11:01.249] [WEB] GET /api/v1/frame/snapshot/rc27-scene-no-sprites/asset/layers/05_text-hud.png 3ms
[08:29:56.908 +00:11:02.564] [WEB] POST /api/v1/game/action 233ms
[08:29:58.385 +00:11:04.041] [WEB] POST /api/v1/game/action 177ms
[08:29:59.859 +00:11:05.515] [WEB] POST /api/v1/game/action 183ms
[08:30:01.410 +00:11:07.066] [WEB] POST /api/v1/game/action 191ms
[08:30:01.515 +00:11:07.170] [WEB] GET /api/v1/frame/snapshot/rc27-scene-no-sprites/asset/layers/00_base.png 13ms
[08:30:01.640 +00:11:07.296] [WEB] GET /api/v1/frame/snapshot/rc27-scene-no-sprites/asset/layers/01_bg-bottom.png 38ms
[08:30:01.683 +00:11:07.339] [WEB] GET /api/v1/frame/snapshot/rc27-scene-no-sprites/asset/layers/02_road.png 19ms
[08:30:01.705 +00:11:07.360] [WEB] GET /api/v1/frame/snapshot/rc27-scene-no-sprites/asset/layers/03_bg-upper.png 2ms
[08:30:01.741 +00:11:07.397] [WEB] GET /api/v1/frame/snapshot/rc27-scene-no-sprites/asset/layers/05_text-hud.png 8ms
[08:30:02.854 +00:11:08.509] [WEB] POST /api/v1/game/action 179ms
[08:30:04.469 +00:11:10.125] [WEB] POST /api/v1/game/action 187ms
[08:30:05.839 +00:11:11.495] [WEB] POST /api/v1/game/action 165ms
[08:30:07.454 +00:11:13.110] [WEB] POST /api/v1/game/action 221ms
[08:30:08.855 +00:11:14.511] [WEB] POST /api/v1/game/action 181ms
[08:30:10.389 +00:11:16.045] [WEB] POST /api/v1/game/action 205ms
[08:30:11.837 +00:11:17.492] [WEB] POST /api/v1/game/action 162ms
[08:30:13.509 +00:11:19.165] [WEB] POST /api/v1/game/action 261ms
[08:30:14.409 +00:11:20.065] [WEB] GET /api/v1/frame/snapshot/rc27-scene-no-sprites/asset/layers/04_sprites.png 4ms
[08:30:14.853 +00:11:20.509] [WEB] POST /api/v1/game/action 171ms
[08:30:16.517 +00:11:22.172] [WEB] POST /api/v1/game/action 327ms
[08:30:17.861 +00:11:23.516] [WEB] POST /api/v1/game/action 179ms
[08:30:19.571 +00:11:25.227] [WEB] POST /api/v1/game/action 261ms
[08:30:20.847 +00:11:26.503] [WEB] POST /api/v1/game/action 163ms
[08:30:22.371 +00:11:28.026] [WEB] POST /api/v1/game/action 165ms
[08:30:23.846 +00:11:29.502] [WEB] POST /api/v1/game/action 167ms
[08:30:23.873 +00:11:29.529] [WEB] GET /api/v1/frame/snapshot/rc27-scene-no-sprites/asset/layers/03_bg-upper.png 2ms
[08:30:23.905 +00:11:29.561] [WEB] GET /api/v1/frame/snapshot/rc27-scene-no-sprites/asset/layers/04_sprites.png 2ms
[08:30:24.901 +00:11:30.556] [WEB] GET /api/v1/frame/snapshot/rc27-scene-no-sprites/asset/layers/04_sprites.png 3ms
[08:30:25.389 +00:11:31.045] [WEB] POST /api/v1/game/action 182ms
[08:30:26.853 +00:11:32.509] [WEB] POST /api/v1/game/action 171ms
[08:30:28.435 +00:11:34.091] [WEB] POST /api/v1/game/action 229ms
[08:30:29.959 +00:11:35.615] [WEB] POST /api/v1/game/action 282ms
[08:30:30.874 +00:11:36.529] [WEB] GET /api/v1/frame/snapshot/rc27-scene-no-sprites/asset/layers/04_sprites.png 4ms
[08:30:30.892 +00:11:36.548] [WEB] GET /api/v1/frame/snapshot/rc27-scene-no-sprites/asset/layers/05_text-hud.png 2ms
[08:30:31.404 +00:11:37.060] [WEB] POST /api/v1/game/action 177ms
[08:30:32.259 +00:11:37.915] [WEB] GET /api/v1/frame/snapshot/rc27-scene-no-sprites/asset/layers/04_sprites.png 20ms
[08:30:32.848 +00:11:38.504] [WEB] POST /api/v1/game/action 163ms
[08:30:32.931 +00:11:38.587] [WEB] GET /api/v1/frame/snapshot/rc27-scene-no-sprites/asset/layers/04_sprites.png 25ms
[08:30:32.959 +00:11:38.615] [WEB] GET /api/v1/frame/snapshot/rc27-scene-no-sprites/asset/layers/05_text-hud.png 3ms
[08:30:33.909 +00:11:39.565] [WEB] GET /api/v1/frame/snapshot/rc27-scene-no-sprites/asset/layers/04_sprites.png 4ms
[08:30:34.386 +00:11:40.042] [WEB] POST /api/v1/game/action 210ms
[08:30:34.813 +00:11:40.469] [WEB] GET /api/v1/frame/snapshot/rc27-scene-no-sprites/asset/layers/04_sprites.png 5ms
[08:30:34.839 +00:11:40.494] [WEB] GET /api/v1/frame/snapshot/rc27-scene-no-sprites/asset/layers/05_text-hud.png 3ms
[08:30:35.566 +00:11:41.221] [WEB] GET /api/v1/frame/snapshot/rc27-scene-no-sprites/asset/layers/04_sprites.png 5ms
[08:30:35.855 +00:11:41.511] [WEB] POST /api/v1/game/action 180ms
[08:30:37.515 +00:11:43.171] [WEB] POST /api/v1/game/action 243ms
[08:30:38.857 +00:11:44.513] [WEB] POST /api/v1/game/action 173ms
[08:30:39.231 +00:11:44.887] [WEB] GET /api/v1/frame/snapshot/rc27-scene-no-sprites/asset/layers/04_sprites.png 21ms
[08:30:39.326 +00:11:44.982] [WEB] GET /api/v1/frame/snapshot/rc27-scene-no-sprites/asset/layers/05_text-hud.png 28ms
[08:30:40.517 +00:11:46.173] [WEB] POST /api/v1/game/action 332ms
[08:30:41.853 +00:11:47.509] [WEB] POST /api/v1/game/action 178ms
[08:30:43.371 +00:11:49.026] [WEB] POST /api/v1/game/action 183ms
[08:30:45.101 +00:11:50.756] [WEB] POST /api/v1/game/action 425ms
[08:30:46.389 +00:11:52.045] [WEB] POST /api/v1/game/action 200ms
[08:30:47.884 +00:11:53.539] [WEB] POST /api/v1/game/action 200ms
[08:30:49.451 +00:11:55.106] [WEB] POST /api/v1/game/action 255ms
[08:30:50.876 +00:11:56.531] [WEB] POST /api/v1/game/action 198ms
[08:30:52.376 +00:11:58.032] [WEB] POST /api/v1/game/action 199ms
[08:30:53.856 +00:11:59.512] [WEB] POST /api/v1/game/action 181ms
[08:30:55.463 +00:12:01.119] [WEB] POST /api/v1/game/action 270ms
[08:30:56.865 +00:12:02.521] [WEB] POST /api/v1/game/action 184ms
[08:30:58.390 +00:12:04.046] [WEB] POST /api/v1/game/action 191ms
[08:30:59.850 +00:12:05.506] [WEB] POST /api/v1/game/action 173ms
[08:31:00.201 +00:12:05.856] [WEB] GET /api/v1/schema/actions 11ms
[08:31:00.347 +00:12:06.002] [WEB] GET /api/v1/docs/index 140ms
[08:31:00.353 +00:12:06.009] [WEB] GET /api/v1/schema/script 1ms
[08:31:00.364 +00:12:06.020] [WEB] GET /api/v1/docs/handbook 7ms
[08:31:01.492 +00:12:07.148] [WEB] POST /api/v1/game/action 285ms
[08:31:02.853 +00:12:08.509] [WEB] POST /api/v1/game/action 178ms
[08:31:02.869 +00:12:08.525] [WEB] GET /api/v1/docs/handover 12ms
[08:31:04.421 +00:12:10.076] [WEB] POST /api/v1/game/action 193ms
[08:31:05.867 +00:12:11.522] [WEB] POST /api/v1/game/action 190ms
[08:31:07.368 +00:12:13.024] [WEB] POST /api/v1/game/action 191ms
[08:31:08.838 +00:12:14.494] [WEB] POST /api/v1/game/action 159ms
[08:31:10.374 +00:12:16.030] [WEB] POST /api/v1/game/action 172ms
[08:31:11.960 +00:12:17.616] [WEB] POST /api/v1/game/action 274ms
[08:31:13.457 +00:12:19.112] [WEB] POST /api/v1/game/action 279ms
[08:31:14.846 +00:12:20.502] [WEB] POST /api/v1/game/action 171ms
[08:31:16.454 +00:12:22.110] [WEB] POST /api/v1/game/action 214ms
[08:31:17.871 +00:12:23.526] [WEB] POST /api/v1/game/action 196ms
[08:31:19.438 +00:12:25.093] [WEB] POST /api/v1/game/action 199ms
[08:31:20.873 +00:12:26.529] [WEB] POST /api/v1/game/action 193ms
[08:31:22.370 +00:12:28.026] [WEB] POST /api/v1/game/action 193ms
[08:31:23.864 +00:12:29.520] [WEB] POST /api/v1/game/action 187ms
[08:31:25.423 +00:12:31.079] [WEB] POST /api/v1/game/action 225ms
[08:31:26.849 +00:12:32.505] [WEB] POST /api/v1/game/action 173ms
[08:31:28.424 +00:12:34.080] [WEB] POST /api/v1/game/action 203ms
[08:31:29.849 +00:12:35.505] [WEB] POST /api/v1/game/action 174ms
[08:31:31.560 +00:12:37.216] [WEB] POST /api/v1/game/action 238ms
[08:31:32.855 +00:12:38.510] [WEB] POST /api/v1/game/action 178ms
[08:31:34.513 +00:12:40.168] [WEB] POST /api/v1/game/action 337ms
[08:31:35.870 +00:12:41.525] [WEB] POST /api/v1/game/action 193ms
[08:31:37.381 +00:12:43.036] [WEB] POST /api/v1/game/action 199ms
[08:31:37.644 +00:12:43.300] [WEB] POST /api/cmd 88ms
[08:31:37.874 +00:12:43.529] [WEB] POST /api/cmd 67ms
[08:31:38.956 +00:12:44.611] [WEB] POST /api/v1/game/action 273ms
[08:31:40.548 +00:12:46.204] [WEB] POST /api/v1/game/action 318ms
[08:31:41.881 +00:12:47.537] [WEB] POST /api/v1/game/action 200ms
[08:31:43.390 +00:12:49.046] [WEB] POST /api/v1/game/action 195ms
[08:31:44.854 +00:12:50.509] [WEB] POST /api/v1/game/action 173ms
[08:31:46.351 +00:12:52.006] [WEB] POST /api/v1/game/action 150ms
[08:31:47.857 +00:12:53.513] [WEB] POST /api/v1/game/action 171ms
[08:31:49.332 +00:12:54.987] [WEB] POST /api/v1/game/action 152ms
[08:31:50.977 +00:12:56.632] [WEB] POST /api/v1/game/action 300ms
[08:31:52.372 +00:12:58.028] [WEB] POST /api/v1/game/action 168ms
[08:31:53.850 +00:12:59.506] [WEB] POST /api/v1/game/action 160ms
[08:31:55.349 +00:13:01.005] [WEB] POST /api/v1/game/action 147ms
[08:31:56.841 +00:13:02.496] [WEB] POST /api/v1/game/action 163ms
[08:31:58.353 +00:13:04.009] [WEB] POST /api/v1/game/action 148ms
[08:31:59.958 +00:13:05.614] [WEB] POST /api/v1/game/action 272ms
[08:32:01.349 +00:13:07.004] [WEB] POST /api/v1/game/action 147ms
[08:32:02.903 +00:13:08.559] [WEB] POST /api/v1/game/action 218ms
[08:32:04.450 +00:13:10.106] [WEB] POST /api/v1/game/action 187ms
[08:32:05.850 +00:13:11.505] [WEB] POST /api/v1/game/action 170ms
[08:32:07.342 +00:13:12.998] [WEB] POST /api/v1/game/action 148ms
[08:32:08.842 +00:13:14.497] [WEB] POST /api/v1/game/action 157ms
[08:32:10.355 +00:13:16.011] [WEB] POST /api/v1/game/action 154ms
[08:32:11.869 +00:13:17.524] [WEB] POST /api/v1/game/action 176ms
[08:32:13.378 +00:13:19.034] [WEB] POST /api/v1/game/action 154ms
[08:32:14.837 +00:13:20.493] [WEB] POST /api/v1/game/action 161ms
[08:32:16.336 +00:13:21.992] [WEB] POST /api/v1/game/action 152ms
[08:32:17.889 +00:13:23.545] [WEB] POST /api/v1/game/action 210ms
[08:32:19.459 +00:13:25.115] [WEB] POST /api/v1/game/action 269ms
[08:32:20.852 +00:13:26.508] [WEB] POST /api/v1/game/action 170ms
[08:32:22.356 +00:13:28.012] [WEB] POST /api/v1/game/action 172ms
[08:32:23.852 +00:13:29.508] [WEB] POST /api/v1/game/action 174ms
[08:32:25.356 +00:13:31.012] [WEB] POST /api/v1/game/action 166ms
[08:32:26.840 +00:13:32.495] [WEB] POST /api/v1/game/action 163ms
[08:32:28.349 +00:13:34.005] [WEB] POST /api/v1/game/action 154ms
[08:32:29.913 +00:13:35.568] [WEB] POST /api/v1/game/action 219ms
[08:32:31.340 +00:13:36.996] [WEB] POST /api/v1/game/action 149ms
[08:32:32.857 +00:13:38.513] [WEB] POST /api/v1/game/action 170ms
[08:32:34.377 +00:13:40.033] [WEB] POST /api/v1/game/action 147ms
[08:32:35.831 +00:13:41.486] [WEB] POST /api/v1/game/action 153ms
[08:32:37.573 +00:13:43.229] [WEB] POST /api/v1/game/action 383ms
[08:32:38.839 +00:13:44.495] [WEB] POST /api/v1/game/action 162ms
[08:32:40.341 +00:13:45.997] [WEB] POST /api/v1/game/action 154ms
[08:32:41.895 +00:13:47.550] [WEB] POST /api/v1/game/action 216ms
[08:32:43.362 +00:13:49.017] [WEB] POST /api/v1/game/action 182ms
[08:32:44.848 +00:13:50.504] [WEB] POST /api/v1/game/action 171ms
[08:32:46.354 +00:13:52.009] [WEB] POST /api/v1/game/action 159ms
[08:32:47.849 +00:13:53.504] [WEB] POST /api/v1/game/action 172ms
[08:32:49.357 +00:13:55.013] [WEB] POST /api/v1/game/action 162ms
[08:32:50.842 +00:13:56.497] [WEB] POST /api/v1/game/action 152ms
[08:32:52.346 +00:13:58.001] [WEB] POST /api/v1/game/action 151ms
[08:32:53.869 +00:13:59.525] [WEB] POST /api/v1/game/action 191ms
[08:32:55.372 +00:14:01.028] [WEB] POST /api/v1/game/action 149ms
[08:32:56.844 +00:14:02.500] [WEB] POST /api/v1/game/action 162ms
[08:32:58.378 +00:14:04.034] [WEB] POST /api/v1/game/action 182ms
[08:32:59.851 +00:14:05.506] [WEB] POST /api/v1/game/action 174ms
[08:33:01.340 +00:14:06.996] [WEB] POST /api/v1/game/action 153ms
[08:33:02.843 +00:14:08.499] [WEB] POST /api/v1/game/action 160ms
[08:33:04.346 +00:14:10.002] [WEB] POST /api/v1/game/action 150ms
[08:33:05.874 +00:14:11.530] [WEB] POST /api/v1/game/action 188ms
[08:33:07.357 +00:14:13.013] [WEB] POST /api/v1/game/action 161ms
[08:33:08.847 +00:14:14.502] [WEB] POST /api/v1/game/action 169ms
[08:33:10.356 +00:14:16.012] [WEB] POST /api/v1/game/action 173ms
[08:33:11.842 +00:14:17.498] [WEB] POST /api/v1/game/action 164ms
[08:33:13.347 +00:14:19.003] [WEB] POST /api/v1/game/action 152ms
[08:33:14.836 +00:14:20.492] [WEB] POST /api/v1/game/action 159ms
[08:33:16.354 +00:14:22.010] [WEB] POST /api/v1/game/action 150ms
[08:33:17.877 +00:14:23.532] [WEB] POST /api/v1/game/action 190ms
[08:33:19.345 +00:14:25.001] [WEB] POST /api/v1/game/action 153ms
[08:33:20.851 +00:14:26.506] [WEB] POST /api/v1/game/action 172ms
[08:33:22.433 +00:14:28.089] [WEB] POST /api/v1/game/action 184ms
[08:33:23.851 +00:14:29.507] [WEB] POST /api/v1/game/action 171ms
[08:33:25.356 +00:14:31.011] [WEB] POST /api/v1/game/action 154ms
[08:33:26.851 +00:14:32.507] [WEB] POST /api/v1/game/action 168ms
[08:33:28.337 +00:14:33.992] [WEB] POST /api/v1/game/action 153ms
[08:33:29.896 +00:14:35.551] [WEB] POST /api/v1/game/action 202ms
[08:33:31.348 +00:14:37.004] [WEB] POST /api/v1/game/action 147ms
[08:33:32.836 +00:14:38.492] [WEB] POST /api/v1/game/action 156ms
[08:33:34.420 +00:14:40.075] [WEB] POST /api/v1/game/action 195ms
[08:33:35.844 +00:14:41.499] [WEB] POST /api/v1/game/action 159ms
[08:33:37.374 +00:14:43.029] [WEB] POST /api/v1/game/action 176ms
[08:33:38.857 +00:14:44.513] [WEB] POST /api/v1/game/action 172ms
[08:33:40.376 +00:14:46.032] [WEB] POST /api/v1/game/action 153ms
[08:33:41.880 +00:14:47.535] [WEB] POST /api/v1/game/action 192ms
[08:33:43.507 +00:14:49.163] [WEB] POST /api/v1/game/action 299ms
[08:33:44.840 +00:14:50.496] [WEB] POST /api/v1/game/action 162ms
[08:33:46.358 +00:14:52.013] [WEB] POST /api/v1/game/action 154ms
[08:33:47.841 +00:14:53.496] [WEB] POST /api/v1/game/action 163ms
[08:33:49.377 +00:14:55.033] [WEB] POST /api/v1/game/action 174ms
[08:33:50.845 +00:14:56.501] [WEB] POST /api/v1/game/action 167ms
[08:33:52.360 +00:14:58.016] [WEB] POST /api/v1/game/action 153ms
[08:33:53.837 +00:14:59.493] [WEB] POST /api/v1/game/action 159ms
[08:33:55.621 +00:15:01.276] [WEB] POST /api/v1/game/action 296ms
[08:33:56.869 +00:15:02.525] [WEB] POST /api/v1/game/action 182ms
[08:33:58.533 +00:15:04.189] [WEB] POST /api/v1/game/action 273ms
[08:33:59.858 +00:15:05.514] [WEB] POST /api/v1/game/action 169ms
[08:34:01.361 +00:15:07.016] [WEB] POST /api/v1/game/action 180ms
[08:34:02.854 +00:15:08.510] [WEB] POST /api/v1/game/action 174ms
[08:34:04.370 +00:15:10.026] [WEB] POST /api/v1/game/action 161ms
[08:34:05.853 +00:15:11.509] [WEB] POST /api/v1/game/action 175ms
[08:34:07.361 +00:15:13.017] [WEB] POST /api/v1/game/action 157ms
[08:34:08.840 +00:15:14.496] [WEB] POST /api/v1/game/action 162ms
[08:34:10.391 +00:15:16.046] [WEB] POST /api/v1/game/action 182ms
[08:34:11.855 +00:15:17.510] [WEB] POST /api/v1/game/action 176ms
[08:34:13.402 +00:15:19.058] [WEB] POST /api/v1/game/action 211ms
[08:34:14.853 +00:15:20.508] [WEB] POST /api/v1/game/action 173ms
[08:34:16.362 +00:15:22.018] [WEB] POST /api/v1/game/action 182ms
[08:34:17.860 +00:15:23.515] [WEB] POST /api/v1/game/action 178ms
[08:34:19.339 +00:15:24.994] [WEB] POST /api/v1/game/action 157ms
[08:34:21.139 +00:15:26.795] [WEB] POST /api/v1/game/action 447ms
[08:34:22.463 +00:15:28.118] [WEB] POST /api/v1/game/action 222ms
[08:34:23.939 +00:15:29.595] [WEB] POST /api/v1/game/action 251ms
[08:34:25.464 +00:15:31.119] [WEB] POST /api/v1/game/action 260ms
[08:34:26.904 +00:15:32.559] [WEB] POST /api/v1/game/action 225ms
[08:34:28.558 +00:15:34.214] [WEB] POST /api/v1/game/action 312ms
[08:34:29.881 +00:15:35.537] [WEB] POST /api/v1/game/action 197ms
[08:34:31.507 +00:15:37.163] [WEB] POST /api/v1/game/action 262ms
[08:34:32.923 +00:15:38.579] [WEB] POST /api/v1/game/action 237ms
[08:34:34.442 +00:15:40.098] [WEB] POST /api/v1/game/action 215ms
[08:34:35.878 +00:15:41.534] [WEB] POST /api/v1/game/action 197ms
[08:34:37.476 +00:15:43.132] [WEB] POST /api/v1/game/action 232ms
[08:34:38.851 +00:15:44.507] [WEB] POST /api/v1/game/action 165ms
[08:34:40.344 +00:15:46.000] [WEB] POST /api/v1/game/action 161ms
[08:34:41.849 +00:15:47.505] [WEB] POST /api/v1/game/action 170ms
[08:34:43.343 +00:15:48.999] [WEB] POST /api/v1/game/action 149ms
[08:34:44.840 +00:15:50.496] [WEB] POST /api/v1/game/action 159ms
[08:34:46.354 +00:15:52.010] [WEB] POST /api/v1/game/action 167ms
[08:34:47.848 +00:15:53.504] [WEB] POST /api/v1/game/action 166ms
[08:34:49.338 +00:15:54.994] [WEB] POST /api/v1/game/action 145ms
[08:34:50.845 +00:15:56.501] [WEB] POST /api/v1/game/action 166ms
[08:34:52.342 +00:15:57.998] [WEB] POST /api/v1/game/action 147ms
[08:34:53.848 +00:15:59.504] [WEB] POST /api/v1/game/action 169ms
[08:34:55.353 +00:16:01.009] [WEB] POST /api/v1/game/action 147ms
[08:34:56.842 +00:16:02.498] [WEB] POST /api/v1/game/action 164ms
[08:34:58.328 +00:16:03.984] [WEB] POST /api/v1/game/action 147ms
[08:34:59.841 +00:16:05.496] [WEB] POST /api/v1/game/action 162ms
[08:35:01.338 +00:16:06.993] [WEB] POST /api/v1/game/action 148ms
[08:35:02.850 +00:16:08.506] [WEB] POST /api/v1/game/action 164ms
[08:35:04.350 +00:16:10.006] [WEB] POST /api/v1/game/action 149ms
[08:35:05.837 +00:16:11.492] [WEB] POST /api/v1/game/action 156ms
[08:35:07.353 +00:16:13.008] [WEB] POST /api/v1/game/action 167ms
[08:35:08.846 +00:16:14.502] [WEB] POST /api/v1/game/action 166ms
[08:35:10.342 +00:16:15.998] [WEB] POST /api/v1/game/action 146ms
[08:35:11.832 +00:16:17.487] [WEB] POST /api/v1/game/action 151ms
[08:35:13.327 +00:16:18.983] [WEB] POST /api/v1/game/action 146ms
[08:35:14.843 +00:16:20.499] [WEB] POST /api/v1/game/action 163ms
[08:35:16.338 +00:16:21.994] [WEB] POST /api/v1/game/action 146ms
[08:35:17.850 +00:16:23.506] [WEB] POST /api/v1/game/action 167ms
[08:35:19.347 +00:16:25.003] [WEB] POST /api/v1/game/action 150ms
[08:35:20.841 +00:16:26.496] [WEB] POST /api/v1/game/action 159ms
[08:35:22.334 +00:16:27.990] [WEB] POST /api/v1/game/action 147ms
[08:35:23.848 +00:16:29.504] [WEB] POST /api/v1/game/action 168ms
[08:35:25.348 +00:16:31.004] [WEB] POST /api/v1/game/action 144ms
[08:35:26.835 +00:16:32.491] [WEB] POST /api/v1/game/action 153ms
[08:35:28.374 +00:16:34.030] [WEB] POST /api/v1/game/action 167ms
[08:35:29.840 +00:16:35.495] [WEB] POST /api/v1/game/action 154ms
[08:35:31.341 +00:16:36.997] [WEB] POST /api/v1/game/action 146ms
[08:35:32.833 +00:16:38.488] [WEB] POST /api/v1/game/action 153ms
[08:35:34.334 +00:16:39.990] [WEB] POST /api/v1/game/action 146ms
[08:35:35.851 +00:16:41.507] [WEB] POST /api/v1/game/action 161ms
[08:35:37.330 +00:16:42.985] [WEB] POST /api/v1/game/action 148ms
[08:35:38.846 +00:16:44.502] [WEB] POST /api/v1/game/action 164ms
[08:35:40.340 +00:16:45.996] [WEB] POST /api/v1/game/action 146ms
[08:35:41.834 +00:16:47.489] [WEB] POST /api/v1/game/action 148ms
[08:35:43.379 +00:16:49.034] [WEB] POST /api/v1/game/action 181ms
[08:35:44.841 +00:16:50.497] [WEB] POST /api/v1/game/action 158ms
[08:35:46.339 +00:16:51.995] [WEB] POST /api/v1/game/action 148ms
[08:35:47.833 +00:16:53.489] [WEB] POST /api/v1/game/action 150ms
[08:35:49.357 +00:16:55.012] [WEB] POST /api/v1/game/action 148ms
[08:35:50.833 +00:16:56.489] [WEB] POST /api/v1/game/action 146ms
[08:35:52.374 +00:16:58.030] [WEB] POST /api/v1/game/action 169ms
[08:35:53.846 +00:16:59.502] [WEB] POST /api/v1/game/action 165ms
[08:35:55.345 +00:17:01.000] [WEB] POST /api/v1/game/action 148ms
[08:35:56.843 +00:17:02.498] [WEB] POST /api/v1/game/action 164ms
[08:35:58.338 +00:17:03.994] [WEB] POST /api/v1/game/action 149ms
[08:35:59.852 +00:17:05.508] [WEB] POST /api/v1/game/action 160ms
[08:36:01.348 +00:17:07.004] [WEB] POST /api/v1/game/action 147ms
[08:36:02.848 +00:17:08.503] [WEB] POST /api/v1/game/action 166ms
[08:36:04.339 +00:17:09.995] [WEB] POST /api/v1/game/action 148ms
[08:36:05.831 +00:17:11.486] [WEB] POST /api/v1/game/action 150ms
[08:36:07.341 +00:17:12.996] [WEB] POST /api/v1/game/action 147ms
[08:36:08.836 +00:17:14.492] [WEB] POST /api/v1/game/action 156ms
[08:36:10.338 +00:17:15.993] [WEB] POST /api/v1/game/action 147ms
[08:36:11.839 +00:17:17.495] [WEB] POST /api/v1/game/action 151ms
[08:36:13.340 +00:17:18.995] [WEB] POST /api/v1/game/action 147ms
[08:36:14.833 +00:17:20.489] [WEB] POST /api/v1/game/action 152ms
[08:36:16.350 +00:17:22.006] [WEB] POST /api/v1/game/action 148ms
[08:36:17.838 +00:17:23.494] [WEB] POST /api/v1/game/action 151ms
[08:36:19.336 +00:17:24.992] [WEB] POST /api/v1/game/action 147ms
[08:36:20.837 +00:17:26.492] [WEB] POST /api/v1/game/action 156ms
[08:36:22.327 +00:17:27.983] [WEB] POST /api/v1/game/action 147ms
[08:36:23.841 +00:17:29.497] [WEB] POST /api/v1/game/action 155ms
[08:36:25.329 +00:17:30.985] [WEB] POST /api/v1/game/action 148ms
[08:36:26.846 +00:17:32.502] [WEB] POST /api/v1/game/action 163ms
[08:36:28.346 +00:17:34.002] [WEB] POST /api/v1/game/action 147ms
[08:36:29.840 +00:17:35.496] [WEB] POST /api/v1/game/action 159ms
[08:36:31.363 +00:17:37.019] [WEB] POST /api/v1/game/action 165ms
[08:36:32.850 +00:17:38.506] [WEB] POST /api/v1/game/action 169ms
[08:36:34.349 +00:17:40.004] [WEB] POST /api/v1/game/action 147ms
[08:36:35.844 +00:17:41.499] [WEB] POST /api/v1/game/action 163ms
[08:36:37.340 +00:17:42.995] [WEB] POST /api/v1/game/action 145ms
[08:36:38.830 +00:17:44.485] [WEB] POST /api/v1/game/action 148ms
[08:36:40.344 +00:17:45.999] [WEB] POST /api/v1/game/action 146ms
[08:36:41.832 +00:17:47.488] [WEB] POST /api/v1/game/action 151ms
[08:36:43.350 +00:17:49.006] [WEB] POST /api/v1/game/action 148ms
[08:36:44.840 +00:17:50.496] [WEB] POST /api/v1/game/action 158ms
[08:36:46.353 +00:17:52.008] [WEB] POST /api/v1/game/action 148ms
[08:36:47.840 +00:17:53.495] [WEB] POST /api/v1/game/action 158ms
[08:36:49.337 +00:17:54.993] [WEB] POST /api/v1/game/action 146ms
[08:36:50.853 +00:17:56.508] [WEB] POST /api/v1/game/action 165ms
[08:36:52.333 +00:17:57.988] [WEB] POST /api/v1/game/action 148ms
[08:36:53.848 +00:17:59.503] [WEB] POST /api/v1/game/action 167ms
[08:36:55.367 +00:18:01.023] [WEB] POST /api/v1/game/action 146ms
[08:36:56.837 +00:18:02.493] [WEB] POST /api/v1/game/action 156ms
[08:36:58.354 +00:18:04.010] [WEB] POST /api/v1/game/action 150ms
[08:36:59.847 +00:18:05.503] [WEB] POST /api/v1/game/action 164ms
[08:37:01.338 +00:18:06.994] [WEB] POST /api/v1/game/action 146ms
[08:37:02.830 +00:18:08.486] [WEB] POST /api/v1/game/action 147ms
[08:37:04.325 +00:18:09.981] [WEB] POST /api/v1/game/action 145ms
[08:37:05.844 +00:18:11.500] [WEB] POST /api/v1/game/action 155ms
[08:37:07.371 +00:18:13.026] [WEB] POST /api/v1/game/action 167ms
[08:37:08.844 +00:18:14.500] [WEB] POST /api/v1/game/action 164ms
[08:37:10.355 +00:18:16.011] [WEB] POST /api/v1/game/action 146ms
[08:37:11.842 +00:18:17.497] [WEB] POST /api/v1/game/action 154ms
[08:37:13.333 +00:18:18.989] [WEB] POST /api/v1/game/action 145ms
[08:37:14.846 +00:18:20.502] [WEB] POST /api/v1/game/action 158ms
[08:37:16.337 +00:18:21.992] [WEB] POST /api/v1/game/action 146ms
[08:37:17.829 +00:18:23.485] [WEB] POST /api/v1/game/action 147ms
[08:37:19.354 +00:18:25.009] [WEB] POST /api/v1/game/action 148ms
[08:37:20.842 +00:18:26.498] [WEB] POST /api/v1/game/action 157ms
[08:37:22.348 +00:18:28.003] [WEB] POST /api/v1/game/action 145ms
[08:37:23.838 +00:18:29.494] [WEB] POST /api/v1/game/action 156ms
[08:37:25.340 +00:18:30.995] [WEB] POST /api/v1/game/action 146ms
[08:37:26.831 +00:18:32.487] [WEB] POST /api/v1/game/action 149ms
[08:37:28.345 +00:18:34.001] [WEB] POST /api/v1/game/action 147ms
[08:37:29.840 +00:18:35.495] [WEB] POST /api/v1/game/action 147ms
[08:37:31.356 +00:18:37.012] [WEB] POST /api/v1/game/action 149ms
[08:37:33.121 +00:18:38.777] [WEB] POST /api/v1/game/action 426ms
[08:37:34.362 +00:18:40.018] [WEB] POST /api/v1/game/action 168ms
[08:37:35.900 +00:18:41.556] [WEB] POST /api/v1/game/action 216ms
[08:37:37.352 +00:18:43.007] [WEB] POST /api/v1/game/action 148ms
[08:37:38.861 +00:18:44.517] [WEB] POST /api/v1/game/action 177ms
[08:37:40.377 +00:18:46.032] [WEB] POST /api/v1/game/action 182ms
[08:37:41.856 +00:18:47.512] [WEB] POST /api/v1/game/action 168ms
[08:37:43.335 +00:18:48.991] [WEB] POST /api/v1/game/action 149ms
[08:37:44.964 +00:18:50.620] [WEB] POST /api/v1/game/action 280ms
[08:37:46.369 +00:18:52.025] [WEB] POST /api/v1/game/action 185ms
[08:37:47.942 +00:18:53.598] [WEB] POST /api/v1/game/action 243ms
[08:37:49.363 +00:18:55.019] [WEB] POST /api/v1/game/action 156ms
[08:37:50.863 +00:18:56.518] [WEB] POST /api/v1/game/action 179ms
[08:37:52.363 +00:18:58.019] [WEB] POST /api/v1/game/action 157ms
[08:37:53.867 +00:18:59.522] [WEB] POST /api/v1/game/action 178ms
[08:37:55.429 +00:19:01.084] [WEB] POST /api/v1/game/action 201ms
[08:37:56.859 +00:19:02.515] [WEB] POST /api/v1/game/action 175ms
[08:37:58.337 +00:19:03.992] [WEB] POST /api/v1/game/action 152ms
[08:37:59.881 +00:19:05.536] [WEB] POST /api/v1/game/action 192ms
[08:38:01.355 +00:19:07.011] [WEB] POST /api/v1/game/action 155ms
[08:38:02.863 +00:19:08.519] [WEB] POST /api/v1/game/action 174ms
[08:38:04.341 +00:19:09.997] [WEB] POST /api/v1/game/action 149ms
[08:38:05.847 +00:19:11.503] [WEB] POST /api/v1/game/action 165ms
[08:38:07.478 +00:19:13.134] [WEB] POST /api/v1/game/action 227ms
[08:38:08.844 +00:19:14.500] [WEB] POST /api/v1/game/action 160ms
[08:38:10.380 +00:19:16.036] [WEB] POST /api/v1/game/action 149ms
[08:38:11.859 +00:19:17.515] [WEB] POST /api/v1/game/action 167ms
[08:38:13.348 +00:19:19.004] [WEB] POST /api/v1/game/action 148ms
[08:38:14.860 +00:19:20.515] [WEB] POST /api/v1/game/action 176ms
[08:38:16.346 +00:19:22.001] [WEB] POST /api/v1/game/action 156ms
[08:38:17.857 +00:19:23.513] [WEB] POST /api/v1/game/action 171ms
[08:38:19.443 +00:19:25.099] [WEB] POST /api/v1/game/action 212ms
[08:38:20.865 +00:19:26.521] [WEB] POST /api/v1/game/action 174ms
[08:38:22.367 +00:19:28.023] [WEB] POST /api/v1/game/action 172ms
[08:38:23.864 +00:19:29.520] [WEB] POST /api/v1/game/action 181ms
[08:38:25.360 +00:19:31.016] [WEB] POST /api/v1/game/action 151ms
[08:38:26.873 +00:19:32.528] [WEB] POST /api/v1/game/action 183ms
[08:38:28.359 +00:19:34.015] [WEB] POST /api/v1/game/action 153ms
[08:38:29.854 +00:19:35.509] [WEB] POST /api/v1/game/action 162ms
[08:38:31.412 +00:19:37.067] [WEB] POST /api/v1/game/action 218ms
[08:38:32.838 +00:19:38.494] [WEB] POST /api/v1/game/action 155ms
[08:38:34.340 +00:19:39.996] [WEB] POST /api/v1/game/action 151ms
[08:38:35.864 +00:19:41.519] [WEB] POST /api/v1/game/action 181ms
[08:38:37.397 +00:19:43.053] [WEB] POST /api/v1/game/action 160ms
[08:38:38.861 +00:19:44.517] [WEB] POST /api/v1/game/action 173ms
[08:38:40.379 +00:19:46.035] [WEB] POST /api/v1/game/action 171ms
[08:38:41.858 +00:19:47.514] [WEB] POST /api/v1/game/action 174ms
[08:38:43.395 +00:19:49.051] [WEB] POST /api/v1/game/action 189ms
[08:38:44.844 +00:19:50.499] [WEB] POST /api/v1/game/action 157ms
[08:38:46.362 +00:19:52.018] [WEB] POST /api/v1/game/action 159ms
[08:38:47.854 +00:19:53.509] [WEB] POST /api/v1/game/action 166ms
[08:38:49.346 +00:19:55.002] [WEB] POST /api/v1/game/action 150ms
[08:38:50.843 +00:19:56.498] [WEB] POST /api/v1/game/action 153ms
[08:38:52.373 +00:19:58.028] [WEB] POST /api/v1/game/action 176ms
[08:38:53.845 +00:19:59.501] [WEB] POST /api/v1/game/action 160ms
[08:38:55.450 +00:20:01.105] [WEB] POST /api/v1/game/action 202ms
[08:38:56.861 +00:20:02.517] [WEB] POST /api/v1/game/action 172ms
[08:38:58.344 +00:20:04.000] [WEB] POST /api/v1/game/action 161ms
[08:38:59.864 +00:20:05.520] [WEB] POST /api/v1/game/action 178ms
[08:39:01.353 +00:20:07.009] [WEB] POST /api/v1/game/action 155ms
[08:39:02.843 +00:20:08.499] [WEB] POST /api/v1/game/action 159ms
[08:39:04.345 +00:20:10.001] [WEB] POST /api/v1/game/action 158ms
[08:39:05.855 +00:20:11.511] [WEB] POST /api/v1/game/action 172ms
[08:39:07.443 +00:20:13.098] [WEB] POST /api/v1/game/action 239ms
[08:39:08.842 +00:20:14.498] [WEB] POST /api/v1/game/action 157ms
[08:39:10.358 +00:20:16.014] [WEB] POST /api/v1/game/action 151ms
[08:39:11.859 +00:20:17.515] [WEB] POST /api/v1/game/action 174ms
[08:39:13.352 +00:20:19.008] [WEB] POST /api/v1/game/action 151ms
[08:39:14.839 +00:20:20.495] [WEB] POST /api/v1/game/action 154ms
[08:39:16.363 +00:20:22.019] [WEB] POST /api/v1/game/action 151ms
[08:39:17.851 +00:20:23.507] [WEB] POST /api/v1/game/action 167ms
[08:39:19.452 +00:20:25.108] [WEB] POST /api/v1/game/action 233ms
[08:39:20.842 +00:20:26.498] [WEB] POST /api/v1/game/action 159ms
[08:39:22.340 +00:20:27.996] [WEB] POST /api/v1/game/action 152ms
[08:39:23.874 +00:20:29.529] [WEB] POST /api/v1/game/action 177ms
[08:39:25.378 +00:20:31.033] [WEB] POST /api/v1/game/action 170ms
[08:39:26.846 +00:20:32.502] [WEB] POST /api/v1/game/action 158ms
[08:39:28.351 +00:20:34.007] [WEB] POST /api/v1/game/action 150ms
[08:39:29.848 +00:20:35.504] [WEB] POST /api/v1/game/action 162ms
[08:39:31.466 +00:20:37.122] [WEB] POST /api/v1/game/action 232ms
[08:39:32.859 +00:20:38.515] [WEB] POST /api/v1/game/action 174ms
[08:39:34.349 +00:20:40.004] [WEB] POST /api/v1/game/action 155ms
[08:39:35.881 +00:20:41.536] [WEB] POST /api/v1/game/action 195ms
[08:39:37.360 +00:20:43.015] [WEB] POST /api/v1/game/action 160ms
[08:39:38.849 +00:20:44.505] [WEB] POST /api/v1/game/action 161ms
[08:39:40.396 +00:20:46.052] [WEB] POST /api/v1/game/action 177ms
[08:39:41.859 +00:20:47.514] [WEB] POST /api/v1/game/action 169ms
[08:39:43.431 +00:20:49.087] [WEB] POST /api/v1/game/action 205ms
[08:39:44.869 +00:20:50.525] [WEB] POST /api/v1/game/action 173ms
[08:39:46.356 +00:20:52.011] [WEB] POST /api/v1/game/action 153ms
[08:39:47.900 +00:20:53.556] [WEB] POST /api/v1/game/action 212ms
[08:39:49.364 +00:20:55.019] [WEB] POST /api/v1/game/action 152ms
[08:39:50.932 +00:20:56.588] [WEB] POST /api/v1/game/action 245ms
[08:39:52.354 +00:20:58.009] [WEB] POST /api/v1/game/action 153ms
[08:39:53.864 +00:20:59.519] [WEB] POST /api/v1/game/action 177ms
[08:39:55.496 +00:21:01.152] [WEB] POST /api/v1/game/action 278ms
[08:39:56.879 +00:21:02.535] [WEB] POST /api/v1/game/action 193ms
[08:39:58.454 +00:21:04.110] [WEB] POST /api/v1/game/action 251ms
[08:39:59.883 +00:21:05.539] [WEB] POST /api/v1/game/action 188ms
[08:40:01.396 +00:21:07.052] [WEB] POST /api/v1/game/action 175ms
[08:40:02.856 +00:21:08.512] [WEB] POST /api/v1/game/action 159ms
[08:40:04.363 +00:21:10.018] [WEB] POST /api/v1/game/action 175ms
[08:40:05.857 +00:21:11.513] [WEB] POST /api/v1/game/action 169ms
[08:40:07.464 +00:21:13.120] [WEB] POST /api/v1/game/action 215ms
[08:40:08.869 +00:21:14.525] [WEB] POST /api/v1/game/action 183ms
[08:40:10.481 +00:21:16.137] [WEB] POST /api/v1/game/action 249ms
[08:40:11.927 +00:21:17.583] [WEB] POST /api/v1/game/action 241ms
[08:40:13.390 +00:21:19.046] [WEB] POST /api/v1/game/action 183ms
[08:40:14.866 +00:21:20.521] [WEB] POST /api/v1/game/action 177ms
[08:40:16.368 +00:21:22.024] [WEB] POST /api/v1/game/action 158ms
[08:40:17.849 +00:21:23.504] [WEB] POST /api/v1/game/action 164ms
[08:40:19.433 +00:21:25.089] [WEB] POST /api/v1/game/action 231ms
[08:40:20.856 +00:21:26.512] [WEB] POST /api/v1/game/action 165ms
[08:40:22.346 +00:21:28.001] [WEB] POST /api/v1/game/action 151ms
[08:40:23.883 +00:21:29.539] [WEB] POST /api/v1/game/action 188ms
[08:40:25.340 +00:21:30.995] [WEB] POST /api/v1/game/action 152ms
[08:40:26.853 +00:21:32.508] [WEB] POST /api/v1/game/action 167ms
[08:40:28.364 +00:21:34.020] [WEB] POST /api/v1/game/action 156ms
[08:40:29.864 +00:21:35.519] [WEB] POST /api/v1/game/action 179ms
[08:40:31.503 +00:21:37.159] [WEB] POST /api/v1/game/action 287ms
[08:40:32.843 +00:21:38.499] [WEB] POST /api/v1/game/action 152ms
[08:40:34.369 +00:21:40.024] [WEB] POST /api/v1/game/action 155ms
[08:40:35.866 +00:21:41.522] [WEB] POST /api/v1/game/action 172ms
[08:40:37.363 +00:21:43.018] [WEB] POST /api/v1/game/action 153ms
[08:40:38.847 +00:21:44.503] [WEB] POST /api/v1/game/action 162ms
[08:40:40.336 +00:21:45.992] [WEB] POST /api/v1/game/action 150ms
[08:40:41.853 +00:21:47.509] [WEB] POST /api/v1/game/action 167ms
[08:40:43.401 +00:21:49.056] [WEB] POST /api/v1/game/action 188ms
[08:40:44.859 +00:21:50.515] [WEB] POST /api/v1/game/action 174ms
[08:40:46.365 +00:21:52.020] [WEB] POST /api/v1/game/action 150ms
[08:40:47.944 +00:21:53.599] [WEB] POST /api/v1/game/action 245ms
[08:40:49.347 +00:21:55.003] [WEB] POST /api/v1/game/action 150ms
[08:40:50.859 +00:21:56.515] [WEB] POST /api/v1/game/action 170ms
[08:40:52.375 +00:21:58.031] [WEB] POST /api/v1/game/action 157ms
[08:40:53.891 +00:21:59.546] [WEB] POST /api/v1/game/action 190ms
[08:40:55.392 +00:22:01.047] [WEB] POST /api/v1/game/action 203ms
[08:40:56.852 +00:22:02.508] [WEB] POST /api/v1/game/action 167ms
[08:40:58.358 +00:22:04.014] [WEB] POST /api/v1/game/action 154ms
[08:40:59.866 +00:22:05.522] [WEB] POST /api/v1/game/action 173ms
[08:41:01.358 +00:22:07.014] [WEB] POST /api/v1/game/action 149ms
[08:41:02.864 +00:22:08.519] [WEB] POST /api/v1/game/action 168ms
[08:41:04.348 +00:22:10.003] [WEB] POST /api/v1/game/action 153ms
[08:41:05.845 +00:22:11.501] [WEB] POST /api/v1/game/action 157ms
[08:41:07.415 +00:22:13.071] [WEB] POST /api/v1/game/action 204ms
[08:41:08.853 +00:22:14.509] [WEB] POST /api/v1/game/action 162ms
[08:41:10.425 +00:22:16.081] [WEB] POST /api/v1/game/action 193ms
[08:41:11.879 +00:22:17.534] [WEB] POST /api/v1/game/action 184ms
[08:41:13.349 +00:22:19.005] [WEB] POST /api/v1/game/action 151ms
[08:41:14.848 +00:22:20.503] [WEB] POST /api/v1/game/action 153ms
[08:41:16.365 +00:22:22.021] [WEB] POST /api/v1/game/action 175ms
[08:41:17.849 +00:22:23.504] [WEB] POST /api/v1/game/action 162ms
[08:41:19.374 +00:22:25.030] [WEB] POST /api/v1/game/action 177ms
[08:41:20.864 +00:22:26.519] [WEB] POST /api/v1/game/action 179ms
[08:41:22.353 +00:22:28.009] [WEB] POST /api/v1/game/action 151ms
[08:41:23.884 +00:22:29.539] [WEB] POST /api/v1/game/action 196ms
[08:41:25.392 +00:22:31.048] [WEB] POST /api/v1/game/action 198ms
[08:41:26.901 +00:22:32.556] [WEB] POST /api/v1/game/action 210ms
[08:41:28.391 +00:22:34.047] [WEB] POST /api/v1/game/action 157ms
[08:41:29.845 +00:22:35.501] [WEB] POST /api/v1/game/action 152ms
[08:41:31.413 +00:22:37.069] [WEB] POST /api/v1/game/action 179ms
[08:41:32.860 +00:22:38.516] [WEB] POST /api/v1/game/action 164ms
[08:41:34.354 +00:22:40.009] [WEB] POST /api/v1/game/action 149ms
[08:41:35.854 +00:22:41.510] [WEB] POST /api/v1/game/action 166ms
[08:41:37.339 +00:22:42.995] [WEB] POST /api/v1/game/action 152ms
[08:41:38.850 +00:22:44.506] [WEB] POST /api/v1/game/action 164ms
[08:41:40.365 +00:22:46.020] [WEB] POST /api/v1/game/action 151ms
[08:41:41.842 +00:22:47.498] [WEB] POST /api/v1/game/action 155ms
[08:41:43.438 +00:22:49.094] [WEB] POST /api/v1/game/action 186ms
[08:41:44.854 +00:22:50.510] [WEB] POST /api/v1/game/action 165ms
[08:41:46.365 +00:22:52.021] [WEB] POST /api/v1/game/action 167ms
[08:41:47.876 +00:22:53.532] [WEB] POST /api/v1/game/action 187ms
[08:41:49.350 +00:22:55.005] [WEB] POST /api/v1/game/action 149ms
[08:41:50.846 +00:22:56.502] [WEB] POST /api/v1/game/action 160ms
[08:41:52.351 +00:22:58.007] [WEB] POST /api/v1/game/action 154ms
[08:41:53.848 +00:22:59.503] [WEB] POST /api/v1/game/action 160ms
[08:41:55.390 +00:23:01.045] [WEB] POST /api/v1/game/action 156ms
[08:41:56.861 +00:23:02.517] [WEB] POST /api/v1/game/action 174ms
[08:41:58.350 +00:23:04.006] [WEB] POST /api/v1/game/action 147ms
[08:41:59.867 +00:23:05.522] [WEB] POST /api/v1/game/action 172ms
[08:42:01.437 +00:23:07.092] [WEB] POST /api/v1/game/action 210ms
[08:42:02.844 +00:23:08.500] [WEB] POST /api/v1/game/action 155ms
[08:42:04.378 +00:23:10.034] [WEB] POST /api/v1/game/action 178ms
[08:42:05.865 +00:23:11.520] [WEB] POST /api/v1/game/action 173ms
[08:42:07.369 +00:23:13.025] [WEB] POST /api/v1/game/action 155ms
[08:42:08.851 +00:23:14.506] [WEB] POST /api/v1/game/action 157ms
[08:42:10.346 +00:23:16.002] [WEB] POST /api/v1/game/action 154ms
[08:42:11.870 +00:23:17.525] [WEB] POST /api/v1/game/action 173ms
[08:42:13.355 +00:23:19.011] [WEB] POST /api/v1/game/action 153ms
[08:42:14.861 +00:23:20.516] [WEB] POST /api/v1/game/action 174ms
[08:42:16.410 +00:23:22.065] [WEB] POST /api/v1/game/action 195ms
[08:42:17.862 +00:23:23.517] [WEB] POST /api/v1/game/action 165ms
[08:42:19.373 +00:23:25.029] [WEB] POST /api/v1/game/action 171ms
[08:42:20.855 +00:23:26.511] [WEB] POST /api/v1/game/action 166ms
[08:42:22.363 +00:23:28.019] [WEB] POST /api/v1/game/action 161ms
[08:42:23.876 +00:23:29.531] [WEB] POST /api/v1/game/action 182ms
[08:42:25.366 +00:23:31.022] [WEB] POST /api/v1/game/action 164ms
[08:42:26.878 +00:23:32.534] [WEB] POST /api/v1/game/action 183ms
[08:42:28.379 +00:23:34.034] [WEB] POST /api/v1/game/action 162ms
[08:42:29.873 +00:23:35.528] [WEB] POST /api/v1/game/action 175ms
[08:42:31.370 +00:23:37.026] [WEB] POST /api/v1/game/action 158ms
[08:42:32.890 +00:23:38.546] [WEB] POST /api/v1/game/action 187ms
[08:42:34.372 +00:23:40.028] [WEB] POST /api/v1/game/action 160ms
[08:42:35.877 +00:23:41.533] [WEB] POST /api/v1/game/action 181ms
[08:42:37.354 +00:23:43.010] [WEB] POST /api/v1/game/action 156ms
[08:42:38.856 +00:23:44.511] [WEB] POST /api/v1/game/action 168ms
[08:42:40.382 +00:23:46.037] [WEB] POST /api/v1/game/action 165ms
[08:42:41.864 +00:23:47.520] [WEB] POST /api/v1/game/action 177ms
[08:42:43.380 +00:23:49.036] [WEB] POST /api/v1/game/action 163ms
[08:42:44.887 +00:23:50.542] [WEB] POST /api/v1/game/action 191ms
[08:42:46.398 +00:23:52.054] [WEB] POST /api/v1/game/action 162ms
[08:42:47.874 +00:23:53.529] [WEB] POST /api/v1/game/action 177ms
[08:42:49.365 +00:23:55.021] [WEB] POST /api/v1/game/action 179ms
[08:42:50.873 +00:23:56.529] [WEB] POST /api/v1/game/action 173ms
[08:42:52.377 +00:23:58.033] [WEB] POST /api/v1/game/action 181ms
[08:42:53.865 +00:23:59.520] [WEB] POST /api/v1/game/action 166ms
[08:42:55.420 +00:24:01.075] [WEB] POST /api/v1/game/action 210ms
[08:42:56.853 +00:24:02.509] [WEB] POST /api/v1/game/action 165ms
[08:42:58.399 +00:24:04.054] [WEB] POST /api/v1/game/action 177ms
[08:42:59.864 +00:24:05.519] [WEB] POST /api/v1/game/action 173ms
[08:43:01.382 +00:24:07.037] [WEB] POST /api/v1/game/action 155ms
[08:43:02.869 +00:24:08.524] [WEB] POST /api/v1/game/action 174ms
[08:43:04.366 +00:24:10.022] [WEB] POST /api/v1/game/action 173ms
[08:43:05.868 +00:24:11.523] [WEB] POST /api/v1/game/action 180ms
[08:43:07.441 +00:24:13.096] [WEB] POST /api/v1/game/action 184ms
[08:43:08.869 +00:24:14.525] [WEB] POST /api/v1/game/action 168ms
[08:43:10.376 +00:24:16.032] [WEB] POST /api/v1/game/action 162ms
[08:43:11.870 +00:24:17.526] [WEB] POST /api/v1/game/action 171ms
[08:43:13.395 +00:24:19.051] [WEB] POST /api/v1/game/action 189ms
[08:43:14.872 +00:24:20.527] [WEB] POST /api/v1/game/action 179ms
[08:43:16.431 +00:24:22.086] [WEB] POST /api/v1/game/action 216ms
[08:43:17.862 +00:24:23.517] [WEB] POST /api/v1/game/action 174ms
[08:43:19.361 +00:24:25.017] [WEB] POST /api/v1/game/action 162ms
[08:43:20.882 +00:24:26.538] [WEB] POST /api/v1/game/action 186ms
[08:43:22.379 +00:24:28.035] [WEB] POST /api/v1/game/action 191ms
[08:43:23.883 +00:24:29.539] [WEB] POST /api/v1/game/action 185ms
[08:43:25.382 +00:24:31.038] [WEB] POST /api/v1/game/action 166ms
[08:43:26.883 +00:24:32.539] [WEB] POST /api/v1/game/action 185ms
[08:43:28.379 +00:24:34.034] [WEB] POST /api/v1/game/action 161ms
[08:43:29.879 +00:24:35.534] [WEB] POST /api/v1/game/action 180ms
[08:43:31.395 +00:24:37.050] [WEB] POST /api/v1/game/action 183ms
[08:43:32.879 +00:24:38.534] [WEB] POST /api/v1/game/action 181ms
[08:43:34.414 +00:24:40.070] [WEB] POST /api/v1/game/action 205ms
[08:43:35.852 +00:24:41.508] [WEB] POST /api/v1/game/action 163ms
[08:43:37.362 +00:24:43.017] [WEB] POST /api/v1/game/action 160ms
[08:43:38.870 +00:24:44.525] [WEB] POST /api/v1/game/action 178ms
[08:43:40.383 +00:24:46.039] [WEB] POST /api/v1/game/action 168ms
[08:43:41.868 +00:24:47.523] [WEB] POST /api/v1/game/action 171ms
[08:43:43.380 +00:24:49.036] [WEB] POST /api/v1/game/action 161ms
[08:43:44.880 +00:24:50.536] [WEB] POST /api/v1/game/action 180ms
[08:43:46.398 +00:24:52.054] [WEB] POST /api/v1/game/action 182ms
[08:43:47.879 +00:24:53.535] [WEB] POST /api/v1/game/action 190ms
[08:43:49.401 +00:24:55.056] [WEB] POST /api/v1/game/action 185ms
[08:43:50.850 +00:24:56.506] [WEB] POST /api/v1/game/action 161ms
[08:43:52.379 +00:24:58.035] [WEB] POST /api/v1/game/action 179ms
[08:43:53.863 +00:24:59.518] [WEB] POST /api/v1/game/action 174ms
[08:43:55.380 +00:25:01.035] [WEB] POST /api/v1/game/action 181ms
[08:43:56.855 +00:25:02.511] [WEB] POST /api/v1/game/action 162ms
[08:43:58.386 +00:25:04.042] [WEB] POST /api/v1/game/action 155ms
[08:43:59.863 +00:25:05.519] [WEB] POST /api/v1/game/action 166ms
[08:44:01.368 +00:25:07.023] [WEB] POST /api/v1/game/action 161ms
[08:44:02.870 +00:25:08.526] [WEB] POST /api/v1/game/action 181ms
[08:44:04.383 +00:25:10.038] [WEB] POST /api/v1/game/action 190ms
[08:44:05.862 +00:25:11.517] [WEB] POST /api/v1/game/action 172ms
[08:44:07.353 +00:25:13.008] [WEB] POST /api/v1/game/action 161ms
[08:44:08.873 +00:25:14.529] [WEB] POST /api/v1/game/action 175ms
[08:44:10.398 +00:25:16.053] [WEB] POST /api/v1/game/action 182ms
[08:44:11.880 +00:25:17.535] [WEB] POST /api/v1/game/action 178ms
[08:44:13.351 +00:25:19.007] [WEB] POST /api/v1/game/action 161ms
[08:44:14.868 +00:25:20.524] [WEB] POST /api/v1/game/action 177ms
[08:44:16.379 +00:25:22.034] [WEB] POST /api/v1/game/action 176ms
[08:44:17.851 +00:25:23.507] [WEB] POST /api/v1/game/action 161ms
[08:44:19.396 +00:25:25.052] [WEB] POST /api/v1/game/action 189ms
[08:44:20.855 +00:25:26.511] [WEB] POST /api/v1/game/action 165ms
[08:44:22.389 +00:25:28.045] [WEB] POST /api/v1/game/action 180ms
[08:44:23.877 +00:25:29.533] [WEB] POST /api/v1/game/action 180ms
[08:44:25.376 +00:25:31.031] [WEB] POST /api/v1/game/action 185ms
[08:44:26.878 +00:25:32.534] [WEB] POST /api/v1/game/action 174ms
[08:44:28.391 +00:25:34.047] [WEB] POST /api/v1/game/action 180ms
[08:44:29.851 +00:25:35.506] [WEB] POST /api/v1/game/action 162ms
[08:44:31.350 +00:25:37.006] [WEB] POST /api/v1/game/action 158ms
[08:44:32.890 +00:25:38.545] [WEB] POST /api/v1/game/action 199ms
[08:44:34.351 +00:25:40.006] [WEB] POST /api/v1/game/action 159ms
[08:44:35.873 +00:25:41.529] [WEB] POST /api/v1/game/action 180ms
[08:44:37.368 +00:25:43.024] [WEB] POST /api/v1/game/action 163ms
[08:44:39.014 +00:25:44.670] [WEB] POST /api/v1/game/action 314ms
[08:44:40.403 +00:25:46.059] [WEB] POST /api/v1/game/action 192ms
[08:44:41.872 +00:25:47.528] [WEB] POST /api/v1/game/action 173ms
[08:44:43.412 +00:25:49.068] [WEB] POST /api/v1/game/action 198ms
[08:44:44.878 +00:25:50.533] [WEB] POST /api/v1/game/action 177ms
[08:44:46.398 +00:25:52.054] [WEB] POST /api/v1/game/action 183ms
[08:44:47.861 +00:25:53.517] [WEB] POST /api/v1/game/action 167ms
[08:44:49.402 +00:25:55.057] [WEB] POST /api/v1/game/action 180ms
[08:44:50.869 +00:25:56.525] [WEB] POST /api/v1/game/action 174ms
[08:44:52.371 +00:25:58.026] [WEB] POST /api/v1/game/action 167ms
[08:44:53.865 +00:25:59.521] [WEB] POST /api/v1/game/action 171ms
[08:44:55.390 +00:26:01.045] [WEB] POST /api/v1/game/action 182ms
[08:44:56.866 +00:26:02.521] [WEB] POST /api/v1/game/action 176ms
[08:44:58.402 +00:26:04.057] [WEB] POST /api/v1/game/action 183ms
[08:44:59.863 +00:26:05.518] [WEB] POST /api/v1/game/action 169ms
[08:45:01.375 +00:26:07.030] [WEB] POST /api/v1/game/action 159ms
[08:45:02.857 +00:26:08.512] [WEB] POST /api/v1/game/action 164ms
[08:45:04.375 +00:26:10.030] [WEB] POST /api/v1/game/action 167ms
[08:45:05.854 +00:26:11.510] [WEB] POST /api/v1/game/action 160ms
[08:45:07.381 +00:26:13.037] [WEB] POST /api/v1/game/action 163ms
[08:45:08.855 +00:26:14.511] [WEB] POST /api/v1/game/action 164ms
[08:45:10.387 +00:26:16.043] [WEB] POST /api/v1/game/action 179ms
[08:45:11.858 +00:26:17.514] [WEB] POST /api/v1/game/action 167ms
[08:45:13.367 +00:26:19.023] [WEB] POST /api/v1/game/action 164ms
[08:45:14.868 +00:26:20.524] [WEB] POST /api/v1/game/action 170ms
[08:45:16.384 +00:26:22.039] [WEB] POST /api/v1/game/action 176ms
[08:45:17.885 +00:26:23.540] [WEB] POST /api/v1/game/action 185ms
[08:45:19.371 +00:26:25.027] [WEB] POST /api/v1/game/action 161ms
[08:45:20.874 +00:26:26.530] [WEB] POST /api/v1/game/action 176ms
[08:45:22.362 +00:26:28.018] [WEB] POST /api/v1/game/action 160ms
[08:45:23.854 +00:26:29.510] [WEB] POST /api/v1/game/action 162ms
[08:45:25.363 +00:26:31.019] [WEB] POST /api/v1/game/action 157ms
[08:45:26.875 +00:26:32.531] [WEB] POST /api/v1/game/action 182ms
[08:45:28.391 +00:26:34.047] [WEB] POST /api/v1/game/action 163ms
[08:45:29.866 +00:26:35.522] [WEB] POST /api/v1/game/action 173ms
[08:45:31.364 +00:26:37.019] [WEB] POST /api/v1/game/action 160ms
[08:45:32.882 +00:26:38.537] [WEB] POST /api/v1/game/action 185ms
[08:45:34.405 +00:26:40.060] [WEB] POST /api/v1/game/action 184ms
[08:45:35.877 +00:26:41.533] [WEB] POST /api/v1/game/action 183ms
[08:45:37.392 +00:26:43.047] [WEB] POST /api/v1/game/action 183ms
[08:45:38.869 +00:26:44.525] [WEB] POST /api/v1/game/action 168ms
[08:45:40.404 +00:26:46.060] [WEB] POST /api/v1/game/action 182ms
[08:45:41.874 +00:26:47.529] [WEB] POST /api/v1/game/action 171ms
[08:45:43.359 +00:26:49.014] [WEB] POST /api/v1/game/action 155ms
[08:45:44.867 +00:26:50.523] [WEB] POST /api/v1/game/action 174ms
[08:45:46.353 +00:26:52.008] [WEB] POST /api/v1/game/action 162ms
[08:45:47.870 +00:26:53.526] [WEB] POST /api/v1/game/action 180ms
[08:45:49.369 +00:26:55.024] [WEB] POST /api/v1/game/action 166ms
[08:45:50.878 +00:26:56.534] [WEB] POST /api/v1/game/action 185ms
[08:45:52.381 +00:26:58.037] [WEB] POST /api/v1/game/action 164ms
[08:45:53.871 +00:26:59.526] [WEB] POST /api/v1/game/action 180ms
[08:45:55.386 +00:27:01.041] [WEB] POST /api/v1/game/action 182ms
[08:45:56.865 +00:27:02.521] [WEB] POST /api/v1/game/action 163ms
[08:45:58.381 +00:27:04.036] [WEB] POST /api/v1/game/action 188ms
[08:45:59.877 +00:27:05.533] [WEB] POST /api/v1/game/action 183ms
[08:46:01.364 +00:27:07.020] [WEB] POST /api/v1/game/action 163ms
[08:46:02.877 +00:27:08.533] [WEB] POST /api/v1/game/action 182ms
[08:46:04.424 +00:27:10.079] [WEB] POST /api/v1/game/action 208ms
[08:46:05.852 +00:27:11.508] [WEB] POST /api/v1/game/action 161ms
[08:46:07.414 +00:27:13.070] [WEB] POST /api/v1/game/action 186ms
[08:46:08.858 +00:27:14.513] [WEB] POST /api/v1/game/action 163ms
[08:46:10.376 +00:27:16.031] [WEB] POST /api/v1/game/action 162ms
[08:46:11.867 +00:27:17.522] [WEB] POST /api/v1/game/action 168ms
[08:46:13.375 +00:27:19.031] [WEB] POST /api/v1/game/action 165ms
[08:46:14.873 +00:27:20.529] [WEB] POST /api/v1/game/action 177ms
[08:46:16.372 +00:27:22.028] [WEB] POST /api/v1/game/action 169ms
[08:46:17.869 +00:27:23.524] [WEB] POST /api/v1/game/action 173ms
[08:46:19.404 +00:27:25.060] [WEB] POST /api/v1/game/action 181ms
[08:46:20.874 +00:27:26.530] [WEB] POST /api/v1/game/action 181ms
[08:46:22.393 +00:27:28.049] [WEB] POST /api/v1/game/action 176ms
[08:46:23.881 +00:27:29.537] [WEB] POST /api/v1/game/action 177ms
[08:46:25.380 +00:27:31.036] [WEB] POST /api/v1/game/action 161ms
[08:46:26.873 +00:27:32.528] [WEB] POST /api/v1/game/action 178ms
[08:46:28.375 +00:27:34.031] [WEB] POST /api/v1/game/action 168ms
[08:46:29.870 +00:27:35.526] [WEB] POST /api/v1/game/action 169ms
[08:46:31.407 +00:27:37.063] [WEB] POST /api/v1/game/action 166ms
[08:46:32.889 +00:27:38.545] [WEB] POST /api/v1/game/action 188ms
[08:46:34.403 +00:27:40.059] [WEB] POST /api/v1/game/action 162ms
[08:46:35.865 +00:27:41.521] [WEB] POST /api/v1/game/action 164ms
[08:46:37.394 +00:27:43.050] [WEB] POST /api/v1/game/action 160ms
[08:46:38.863 +00:27:44.518] [WEB] POST /api/v1/game/action 166ms
[08:46:40.383 +00:27:46.038] [WEB] POST /api/v1/game/action 162ms
[08:46:41.882 +00:27:47.538] [WEB] POST /api/v1/game/action 177ms
[08:46:43.383 +00:27:49.038] [WEB] POST /api/v1/game/action 178ms
[08:46:44.882 +00:27:50.538] [WEB] POST /api/v1/game/action 189ms
[08:46:46.385 +00:27:52.040] [WEB] POST /api/v1/game/action 178ms
[08:46:47.883 +00:27:53.539] [WEB] POST /api/v1/game/action 187ms
[08:46:49.384 +00:27:55.040] [WEB] POST /api/v1/game/action 191ms
[08:46:50.887 +00:27:56.543] [WEB] POST /api/v1/game/action 187ms
[08:46:52.391 +00:27:58.046] [WEB] POST /api/v1/game/action 188ms
[08:46:53.874 +00:27:59.529] [WEB] POST /api/v1/game/action 177ms
[08:46:55.402 +00:28:01.058] [WEB] POST /api/v1/game/action 184ms
[08:46:56.866 +00:28:02.521] [WEB] POST /api/v1/game/action 169ms
[08:46:58.383 +00:28:04.039] [WEB] POST /api/v1/game/action 181ms
[08:46:59.873 +00:28:05.529] [WEB] POST /api/v1/game/action 166ms
[08:47:01.394 +00:28:07.049] [WEB] POST /api/v1/game/action 158ms
[08:47:02.876 +00:28:08.532] [WEB] POST /api/v1/game/action 180ms
[08:47:04.403 +00:28:10.058] [WEB] POST /api/v1/game/action 194ms
[08:47:05.873 +00:28:11.529] [WEB] POST /api/v1/game/action 178ms
[08:47:07.377 +00:28:13.032] [WEB] POST /api/v1/game/action 160ms
[08:47:08.857 +00:28:14.513] [WEB] POST /api/v1/game/action 165ms
[08:47:10.401 +00:28:16.057] [WEB] POST /api/v1/game/action 189ms
[08:47:11.900 +00:28:17.556] [WEB] POST /api/v1/game/action 199ms
[08:47:13.376 +00:28:19.031] [WEB] POST /api/v1/game/action 161ms
[08:47:14.891 +00:28:20.546] [WEB] POST /api/v1/game/action 191ms
[08:47:16.432 +00:28:22.088] [WEB] POST /api/v1/game/action 217ms
[08:47:17.890 +00:28:23.546] [WEB] POST /api/v1/game/action 195ms
[08:47:19.374 +00:28:25.030] [WEB] POST /api/v1/game/action 179ms
[08:47:20.880 +00:28:26.535] [WEB] POST /api/v1/game/action 176ms
[08:47:22.374 +00:28:28.029] [WEB] POST /api/v1/game/action 180ms
[08:47:23.857 +00:28:29.513] [WEB] POST /api/v1/game/action 163ms
[08:47:25.407 +00:28:31.062] [WEB] POST /api/v1/game/action 184ms
[08:47:26.863 +00:28:32.518] [WEB] POST /api/v1/game/action 161ms
[08:47:28.400 +00:28:34.055] [WEB] POST /api/v1/game/action 193ms
[08:47:29.882 +00:28:35.538] [WEB] POST /api/v1/game/action 180ms
[08:47:31.386 +00:28:37.042] [WEB] POST /api/v1/game/action 163ms
[08:47:32.882 +00:28:38.537] [WEB] POST /api/v1/game/action 189ms
[08:47:34.359 +00:28:40.014] [WEB] POST /api/v1/game/action 158ms
[08:47:35.868 +00:28:41.524] [WEB] POST /api/v1/game/action 169ms
[08:47:37.394 +00:28:43.050] [WEB] POST /api/v1/game/action 182ms
[08:47:38.878 +00:28:44.534] [WEB] POST /api/v1/game/action 170ms
[08:47:40.402 +00:28:46.058] [WEB] POST /api/v1/game/action 183ms
[08:47:41.861 +00:28:47.517] [WEB] POST /api/v1/game/action 168ms
[08:47:43.383 +00:28:49.039] [WEB] POST /api/v1/game/action 163ms
[08:47:44.883 +00:28:50.539] [WEB] POST /api/v1/game/action 186ms
[08:47:46.385 +00:28:52.041] [WEB] POST /api/v1/game/action 193ms
[08:47:47.878 +00:28:53.534] [WEB] POST /api/v1/game/action 184ms
[08:47:49.405 +00:28:55.060] [WEB] POST /api/v1/game/action 162ms
[08:47:50.858 +00:28:56.513] [WEB] POST /api/v1/game/action 165ms
[08:47:52.374 +00:28:58.030] [WEB] POST /api/v1/game/action 180ms
[08:47:53.882 +00:28:59.537] [WEB] POST /api/v1/game/action 182ms
[08:47:55.382 +00:29:01.038] [WEB] POST /api/v1/game/action 162ms
[08:47:56.861 +00:29:02.517] [WEB] POST /api/v1/game/action 160ms
[08:47:58.378 +00:29:04.034] [WEB] POST /api/v1/game/action 158ms
[08:47:59.859 +00:29:05.514] [WEB] POST /api/v1/game/action 166ms
[08:48:01.357 +00:29:07.012] [WEB] POST /api/v1/game/action 154ms
[08:48:02.869 +00:29:08.525] [WEB] POST /api/v1/game/action 173ms
[08:48:04.392 +00:29:10.047] [WEB] POST /api/v1/game/action 187ms
[08:48:05.916 +00:29:11.572] [WEB] POST /api/v1/game/action 209ms
[08:48:07.388 +00:29:13.044] [WEB] POST /api/v1/game/action 163ms
[08:48:08.873 +00:29:14.529] [WEB] POST /api/v1/game/action 170ms
[08:48:10.386 +00:29:16.042] [WEB] POST /api/v1/game/action 180ms
[08:48:11.889 +00:29:17.545] [WEB] POST /api/v1/game/action 185ms
[08:48:13.365 +00:29:19.020] [WEB] POST /api/v1/game/action 162ms
[08:48:14.882 +00:29:20.538] [WEB] POST /api/v1/game/action 181ms
[08:48:16.400 +00:29:22.056] [WEB] POST /api/v1/game/action 183ms
[08:48:17.855 +00:29:23.511] [WEB] POST /api/v1/game/action 162ms
[08:48:19.384 +00:29:25.040] [WEB] POST /api/v1/game/action 181ms
[08:48:20.866 +00:29:26.522] [WEB] POST /api/v1/game/action 173ms
[08:48:22.377 +00:29:28.033] [WEB] POST /api/v1/game/action 184ms
[08:48:23.887 +00:29:29.543] [WEB] POST /api/v1/game/action 187ms
[08:48:25.374 +00:29:31.030] [WEB] POST /api/v1/game/action 167ms
[08:48:26.885 +00:29:32.540] [WEB] POST /api/v1/game/action 183ms
[08:48:28.395 +00:29:34.051] [WEB] POST /api/v1/game/action 187ms
[08:48:29.871 +00:29:35.526] [WEB] POST /api/v1/game/action 169ms
[08:48:31.377 +00:29:37.033] [WEB] POST /api/v1/game/action 160ms
[08:48:32.883 +00:29:38.539] [WEB] POST /api/v1/game/action 179ms
[08:48:34.361 +00:29:40.017] [WEB] POST /api/v1/game/action 162ms
[08:48:35.870 +00:29:41.525] [WEB] POST /api/v1/game/action 176ms
[08:48:37.401 +00:29:43.056] [WEB] POST /api/v1/game/action 180ms
[08:48:38.862 +00:29:44.518] [WEB] POST /api/v1/game/action 167ms
[08:48:40.408 +00:29:46.064] [WEB] POST /api/v1/game/action 166ms
[08:48:41.869 +00:29:47.524] [WEB] POST /api/v1/game/action 175ms
[08:48:43.406 +00:29:49.062] [WEB] POST /api/v1/game/action 193ms
[08:48:44.874 +00:29:50.529] [WEB] POST /api/v1/game/action 178ms
[08:48:46.399 +00:29:52.055] [WEB] POST /api/v1/game/action 186ms
[08:48:47.876 +00:29:53.531] [WEB] POST /api/v1/game/action 175ms
[08:48:49.401 +00:29:55.056] [WEB] POST /api/v1/game/action 163ms
[08:48:50.876 +00:29:56.532] [WEB] POST /api/v1/game/action 180ms
[08:48:52.382 +00:29:58.038] [WEB] POST /api/v1/game/action 181ms
[08:48:53.869 +00:29:59.525] [WEB] POST /api/v1/game/action 162ms
[08:48:55.387 +01:30:01.043] [WEB] POST /api/v1/game/action 161ms
[08:48:56.879 +01:30:02.534] [WEB] POST /api/v1/game/action 184ms
[08:48:58.382 +01:30:04.038] [WEB] POST /api/v1/game/action 158ms
[08:48:59.868 +01:30:05.524] [WEB] POST /api/v1/game/action 175ms
[08:49:01.412 +01:30:07.068] [WEB] POST /api/v1/game/action 186ms
[08:49:02.884 +01:30:08.540] [WEB] POST /api/v1/game/action 176ms
[08:49:04.386 +01:30:10.042] [WEB] POST /api/v1/game/action 165ms
[08:49:05.874 +01:30:11.530] [WEB] POST /api/v1/game/action 171ms
[08:49:07.396 +01:30:13.052] [WEB] POST /api/v1/game/action 184ms
[08:49:08.872 +01:30:14.528] [WEB] POST /api/v1/game/action 173ms
[08:49:10.400 +01:30:16.056] [WEB] POST /api/v1/game/action 169ms
[08:49:11.859 +01:30:17.515] [WEB] POST /api/v1/game/action 163ms
[08:49:13.406 +01:30:19.062] [WEB] POST /api/v1/game/action 183ms
[08:49:14.867 +01:30:20.522] [WEB] POST /api/v1/game/action 173ms
[08:49:16.421 +01:30:22.077] [WEB] POST /api/v1/game/action 163ms
[08:49:17.871 +01:30:23.526] [WEB] POST /api/v1/game/action 175ms
[08:49:19.374 +01:30:25.030] [WEB] POST /api/v1/game/action 168ms
[08:49:20.874 +01:30:26.530] [WEB] POST /api/v1/game/action 172ms
[08:49:22.389 +01:30:28.045] [WEB] POST /api/v1/game/action 182ms
[08:49:23.860 +01:30:29.515] [WEB] POST /api/v1/game/action 165ms
[08:49:25.375 +01:30:31.030] [WEB] POST /api/v1/game/action 163ms
[08:49:26.883 +01:30:32.539] [WEB] POST /api/v1/game/action 180ms
[08:49:28.362 +01:30:34.018] [WEB] POST /api/v1/game/action 161ms
[08:49:29.881 +01:30:35.537] [WEB] POST /api/v1/game/action 183ms
[08:49:31.389 +01:30:37.044] [WEB] POST /api/v1/game/action 183ms
[08:49:32.860 +01:30:38.516] [WEB] POST /api/v1/game/action 165ms
[08:49:34.370 +01:30:40.025] [WEB] POST /api/v1/game/action 161ms
[08:49:35.866 +01:30:41.521] [WEB] POST /api/v1/game/action 168ms
[08:49:37.388 +01:30:43.043] [WEB] POST /api/v1/game/action 182ms
[08:49:38.885 +01:30:44.540] [WEB] POST /api/v1/game/action 182ms
[08:49:40.375 +01:30:46.031] [WEB] POST /api/v1/game/action 164ms
[08:49:41.871 +01:30:47.527] [WEB] POST /api/v1/game/action 167ms
[08:49:43.358 +01:30:49.014] [WEB] POST /api/v1/game/action 165ms
[08:49:44.874 +01:30:50.529] [WEB] POST /api/v1/game/action 179ms
[08:49:46.408 +01:30:52.063] [WEB] POST /api/v1/game/action 185ms
[08:49:47.871 +01:30:53.526] [WEB] POST /api/v1/game/action 163ms
[08:49:49.355 +01:30:55.011] [WEB] POST /api/v1/game/action 160ms
[08:49:50.885 +01:30:56.541] [WEB] POST /api/v1/game/action 181ms
[08:49:52.385 +01:30:58.041] [WEB] POST /api/v1/game/action 177ms
[08:49:53.856 +01:30:59.512] [WEB] POST /api/v1/game/action 160ms
[08:49:55.425 +01:31:01.080] [WEB] POST /api/v1/game/action 181ms
[08:49:56.887 +01:31:02.542] [WEB] POST /api/v1/game/action 189ms
[08:49:58.403 +01:31:04.059] [WEB] POST /api/v1/game/action 191ms
[08:49:59.887 +01:31:05.542] [WEB] POST /api/v1/game/action 183ms
[08:50:01.374 +01:31:07.030] [WEB] POST /api/v1/game/action 162ms
[08:50:02.875 +01:31:08.530] [WEB] POST /api/v1/game/action 179ms
[08:50:04.380 +01:31:10.035] [WEB] POST /api/v1/game/action 184ms
[08:50:05.878 +01:31:11.534] [WEB] POST /api/v1/game/action 183ms
[08:50:07.376 +01:31:13.032] [WEB] POST /api/v1/game/action 160ms
[08:50:08.887 +01:31:14.542] [WEB] POST /api/v1/game/action 181ms
[08:50:10.368 +01:31:16.024] [WEB] POST /api/v1/game/action 160ms
[08:50:11.875 +01:31:17.531] [WEB] POST /api/v1/game/action 181ms
[08:50:13.404 +01:31:19.059] [WEB] POST /api/v1/game/action 192ms
[08:50:14.871 +01:31:20.527] [WEB] POST /api/v1/game/action 175ms
[08:50:16.410 +01:31:22.066] [WEB] POST /api/v1/game/action 185ms
[08:50:17.876 +01:31:23.532] [WEB] POST /api/v1/game/action 181ms
[08:50:19.358 +01:31:25.013] [WEB] POST /api/v1/game/action 163ms
[08:50:20.876 +01:31:26.532] [WEB] POST /api/v1/game/action 181ms
[08:50:22.375 +01:31:28.031] [WEB] POST /api/v1/game/action 163ms
[08:50:23.861 +01:31:29.517] [WEB] POST /api/v1/game/action 166ms
[08:50:25.408 +01:31:31.063] [WEB] POST /api/v1/game/action 186ms
[08:50:26.877 +01:31:32.532] [WEB] POST /api/v1/game/action 172ms
[08:50:28.384 +01:31:34.039] [WEB] POST /api/v1/game/action 161ms
[08:50:29.861 +01:31:35.517] [WEB] POST /api/v1/game/action 167ms
[08:50:31.384 +01:31:37.040] [WEB] POST /api/v1/game/action 159ms
[08:50:32.903 +01:31:38.559] [WEB] POST /api/v1/game/action 206ms
[08:50:34.355 +01:31:40.011] [WEB] POST /api/v1/game/action 161ms
[08:50:35.875 +01:31:41.530] [WEB] POST /api/v1/game/action 173ms
[08:50:37.391 +01:31:43.046] [WEB] POST /api/v1/game/action 165ms
[08:50:38.878 +01:31:44.533] [WEB] POST /api/v1/game/action 181ms
[08:50:40.393 +01:31:46.048] [WEB] POST /api/v1/game/action 184ms
[08:50:41.881 +01:31:47.536] [WEB] POST /api/v1/game/action 175ms
[08:50:43.400 +01:31:49.056] [WEB] GET /api/v1/frame.png 342ms
[08:50:43.631 +01:31:49.287] [WEB] POST /api/v1/game/action 182ms
[08:50:44.887 +01:31:50.543] [WEB] POST /api/v1/game/action 178ms
[08:50:46.385 +01:31:52.040] [WEB] POST /api/v1/game/action 178ms
[08:50:47.870 +01:31:53.525] [WEB] POST /api/v1/game/action 173ms
[08:50:49.373 +01:31:55.028] [WEB] POST /api/v1/game/action 164ms
[08:50:50.866 +01:31:56.521] [WEB] POST /api/v1/game/action 164ms
[08:50:52.400 +01:31:58.056] [WEB] POST /api/v1/game/action 178ms
[08:50:53.874 +01:31:59.529] [WEB] POST /api/v1/game/action 171ms
[08:50:55.390 +01:32:01.045] [WEB] POST /api/v1/game/action 167ms
[08:50:56.874 +01:32:02.530] [WEB] POST /api/v1/game/action 170ms
[08:50:58.384 +01:32:04.040] [WEB] POST /api/v1/game/action 158ms
[08:50:59.874 +01:32:05.529] [WEB] POST /api/v1/game/action 169ms
[08:51:01.380 +01:32:07.036] [WEB] POST /api/v1/game/action 184ms
[08:51:02.885 +01:32:08.541] [WEB] POST /api/v1/game/action 177ms
[08:51:04.397 +01:32:10.052] [WEB] POST /api/v1/game/action 180ms
[08:51:05.887 +01:32:11.543] [WEB] POST /api/v1/game/action 177ms
[08:51:07.424 +01:32:13.080] [WEB] POST /api/v1/game/action 204ms
[08:51:08.875 +01:32:14.531] [WEB] POST /api/v1/game/action 179ms
[08:51:10.376 +01:32:16.032] [WEB] POST /api/v1/game/action 163ms
[08:51:11.878 +01:32:17.534] [WEB] POST /api/v1/game/action 179ms
[08:51:13.391 +01:32:19.046] [WEB] POST /api/v1/game/action 165ms
[08:51:14.878 +01:32:20.534] [WEB] POST /api/v1/game/action 182ms
[08:51:16.408 +01:32:22.064] [WEB] POST /api/v1/game/action 163ms
[08:51:17.877 +01:32:23.533] [WEB] POST /api/v1/game/action 177ms
[08:51:19.401 +01:32:25.057] [WEB] POST /api/v1/game/action 181ms
[08:51:20.867 +01:32:26.523] [WEB] POST /api/v1/game/action 165ms
[08:51:22.402 +01:32:28.058] [WEB] POST /api/v1/game/action 181ms
[08:51:23.860 +01:32:29.515] [WEB] POST /api/v1/game/action 164ms
[08:51:25.386 +01:32:31.042] [WEB] POST /api/v1/game/action 163ms
[08:51:26.856 +01:32:32.512] [WEB] POST /api/v1/game/action 161ms
[08:51:28.390 +01:32:34.045] [WEB] POST /api/v1/game/action 186ms
[08:51:29.894 +01:32:35.550] [WEB] POST /api/v1/game/action 196ms
[08:51:31.386 +01:32:37.042] [WEB] POST /api/v1/game/action 175ms
[08:51:32.888 +01:32:38.543] [WEB] POST /api/v1/game/action 185ms
[08:51:34.410 +01:32:40.066] [WEB] POST /api/v1/game/action 201ms
[08:51:35.864 +01:32:41.520] [WEB] POST /api/v1/game/action 159ms
[08:51:37.442 +01:32:43.098] [WEB] POST /api/v1/game/action 202ms
[08:51:39.105 +01:32:44.760] [WEB] POST /api/v1/game/action 401ms
[08:51:40.786 +01:32:46.441] [WEB] POST /api/v1/game/action 394ms
[08:51:41.892 +01:32:47.548] [WEB] POST /api/v1/game/action 184ms
[08:51:43.519 +01:32:49.174] [WEB] POST /api/v1/game/action 269ms
[08:51:44.851 +01:32:50.506] [WEB] POST /api/v1/game/action 154ms
[08:51:46.363 +01:32:52.019] [WEB] POST /api/v1/game/action 150ms
[08:51:47.894 +01:32:53.550] [WEB] POST /api/v1/game/action 197ms
[08:51:49.353 +01:32:55.009] [WEB] POST /api/v1/game/action 149ms
[08:51:50.891 +01:32:56.547] [WEB] POST /api/v1/game/action 187ms
[08:51:52.354 +01:32:58.009] [WEB] POST /api/v1/game/action 148ms
[08:51:53.861 +01:32:59.517] [WEB] POST /api/v1/game/action 158ms
[08:51:55.363 +01:33:01.019] [WEB] POST /api/v1/game/action 145ms
[08:51:56.856 +01:33:02.511] [WEB] POST /api/v1/game/action 159ms
[08:51:58.363 +01:33:04.018] [WEB] POST /api/v1/game/action 150ms
[08:51:59.856 +01:33:05.511] [WEB] POST /api/v1/game/action 149ms
[08:52:01.359 +01:33:07.014] [WEB] POST /api/v1/game/action 148ms
[08:52:02.850 +01:33:08.506] [WEB] POST /api/v1/game/action 154ms
[08:52:04.366 +01:33:10.021] [WEB] POST /api/v1/game/action 145ms
[08:52:05.860 +01:33:11.515] [WEB] POST /api/v1/game/action 164ms
[08:52:07.360 +01:33:13.016] [WEB] POST /api/v1/game/action 150ms
[08:52:08.855 +01:33:14.511] [WEB] POST /api/v1/game/action 159ms
[08:52:10.351 +01:33:16.007] [WEB] POST /api/v1/game/action 149ms
[08:52:11.844 +01:33:17.499] [WEB] POST /api/v1/game/action 147ms
[08:52:13.385 +01:33:19.041] [WEB] POST /api/v1/game/action 150ms
[08:52:14.843 +01:33:20.499] [WEB] POST /api/v1/game/action 147ms
[08:52:16.386 +01:33:22.041] [WEB] POST /api/v1/game/action 145ms
[08:52:17.845 +01:33:23.501] [WEB] POST /api/v1/game/action 149ms
[08:52:19.364 +01:33:25.020] [WEB] POST /api/v1/game/action 148ms
[08:52:20.853 +01:33:26.509] [WEB] POST /api/v1/game/action 157ms
[08:52:22.348 +01:33:28.004] [WEB] POST /api/v1/game/action 150ms
[08:52:23.864 +01:33:29.520] [WEB] POST /api/v1/game/action 167ms
[08:52:25.361 +01:33:31.017] [WEB] POST /api/v1/game/action 150ms
[08:52:26.856 +01:33:32.512] [WEB] POST /api/v1/game/action 160ms
[08:52:28.352 +01:33:34.008] [WEB] POST /api/v1/game/action 149ms
[08:52:29.864 +01:33:35.520] [WEB] POST /api/v1/game/action 168ms
[08:52:31.360 +01:33:37.015] [WEB] POST /api/v1/game/action 147ms
[08:52:32.862 +01:33:38.517] [WEB] POST /api/v1/game/action 165ms
[08:52:34.418 +01:33:40.074] [WEB] POST /api/v1/game/action 206ms
[08:52:35.855 +01:33:41.511] [WEB] POST /api/v1/game/action 150ms
[08:52:37.358 +01:33:43.014] [WEB] POST /api/v1/game/action 147ms
[08:52:38.877 +01:33:44.533] [WEB] POST /api/v1/game/action 167ms
[08:52:40.364 +01:33:46.020] [WEB] POST /api/v1/game/action 150ms
[08:52:41.856 +01:33:47.512] [WEB] POST /api/v1/game/action 158ms
[08:52:43.347 +01:33:49.003] [WEB] POST /api/v1/game/action 149ms
[08:52:44.858 +01:33:50.514] [WEB] POST /api/v1/game/action 162ms
[08:52:46.358 +01:33:52.014] [WEB] POST /api/v1/game/action 145ms
[08:52:47.848 +01:33:53.504] [WEB] POST /api/v1/game/action 150ms
[08:52:49.361 +01:33:55.017] [WEB] POST /api/v1/game/action 147ms
[08:52:50.855 +01:33:56.510] [WEB] POST /api/v1/game/action 159ms
[08:52:52.348 +01:33:58.004] [WEB] POST /api/v1/game/action 147ms
[08:52:53.860 +01:33:59.516] [WEB] POST /api/v1/game/action 159ms
[08:52:55.364 +01:34:01.020] [WEB] POST /api/v1/game/action 145ms
[08:52:56.859 +01:34:02.515] [WEB] POST /api/v1/game/action 150ms
[08:52:58.365 +01:34:04.021] [WEB] POST /api/v1/game/action 145ms
[08:52:59.853 +01:34:05.508] [WEB] POST /api/v1/game/action 156ms
[08:53:01.396 +01:34:07.051] [WEB] POST /api/v1/game/action 171ms
[08:53:02.862 +01:34:08.518] [WEB] POST /api/v1/game/action 165ms
[08:53:04.356 +01:34:10.012] [WEB] POST /api/v1/game/action 147ms
[08:53:05.848 +01:34:11.503] [WEB] POST /api/v1/game/action 150ms
[08:53:07.360 +01:34:13.016] [WEB] POST /api/v1/game/action 148ms
[08:53:08.848 +01:34:14.504] [WEB] POST /api/v1/game/action 151ms
[08:53:10.359 +01:34:16.014] [WEB] POST /api/v1/game/action 150ms
[08:53:11.850 +01:34:17.506] [WEB] POST /api/v1/game/action 152ms
[08:53:13.362 +01:34:19.017] [WEB] POST /api/v1/game/action 145ms
[08:53:14.875 +01:34:20.530] [WEB] POST /api/v1/game/action 169ms
[08:53:16.378 +01:34:22.034] [WEB] POST /api/v1/game/action 159ms
[08:53:17.855 +01:34:23.511] [WEB] POST /api/v1/game/action 158ms
[08:53:19.345 +01:34:25.000] [WEB] POST /api/v1/game/action 147ms
[08:53:20.863 +01:34:26.519] [WEB] POST /api/v1/game/action 165ms
[08:53:22.352 +01:34:28.008] [WEB] POST /api/v1/game/action 148ms
[08:53:23.845 +01:34:29.500] [WEB] POST /api/v1/game/action 147ms
[08:53:25.365 +01:34:31.020] [WEB] POST /api/v1/game/action 144ms
[08:53:26.854 +01:34:32.510] [WEB] POST /api/v1/game/action 157ms
[08:53:28.350 +01:34:34.006] [WEB] POST /api/v1/game/action 148ms
[08:53:29.847 +01:34:35.503] [WEB] POST /api/v1/game/action 148ms
[08:53:31.348 +01:34:37.004] [WEB] POST /api/v1/game/action 150ms
[08:53:32.861 +01:34:38.517] [WEB] POST /api/v1/game/action 164ms
[08:53:34.360 +01:34:40.016] [WEB] POST /api/v1/game/action 147ms
[08:53:35.859 +01:34:41.514] [WEB] POST /api/v1/game/action 157ms
[08:53:37.356 +01:34:43.012] [WEB] POST /api/v1/game/action 147ms
[08:53:38.845 +01:34:44.500] [WEB] POST /api/v1/game/action 148ms
[08:53:40.368 +01:34:46.024] [WEB] POST /api/v1/game/action 150ms
[08:53:41.865 +01:34:47.521] [WEB] POST /api/v1/game/action 165ms
[08:53:43.356 +01:34:49.012] [WEB] POST /api/v1/game/action 147ms
[08:53:44.862 +01:34:50.517] [WEB] POST /api/v1/game/action 159ms
[08:53:46.366 +01:34:52.022] [WEB] POST /api/v1/game/action 146ms
[08:53:47.852 +01:34:53.508] [WEB] POST /api/v1/game/action 147ms
[08:53:49.356 +01:34:55.011] [WEB] POST /api/v1/game/action 148ms
[08:53:50.860 +01:34:56.516] [WEB] POST /api/v1/game/action 163ms
[08:53:52.347 +01:34:58.003] [WEB] POST /api/v1/game/action 146ms
[08:53:53.859 +01:34:59.515] [WEB] POST /api/v1/game/action 162ms
[08:53:55.351 +01:35:01.006] [WEB] POST /api/v1/game/action 148ms
[08:53:56.863 +01:35:02.519] [WEB] POST /api/v1/game/action 166ms
[08:53:58.367 +01:35:04.023] [WEB] POST /api/v1/game/action 145ms
[08:53:59.851 +01:35:05.507] [WEB] POST /api/v1/game/action 153ms
[08:54:01.355 +01:35:07.011] [WEB] POST /api/v1/game/action 146ms
[08:54:02.851 +01:35:08.507] [WEB] POST /api/v1/game/action 152ms
[08:54:04.350 +01:35:10.005] [WEB] POST /api/v1/game/action 146ms
[08:54:05.861 +01:35:11.516] [WEB] POST /api/v1/game/action 156ms
[08:54:07.358 +01:35:13.013] [WEB] POST /api/v1/game/action 149ms
[08:54:08.856 +01:35:14.511] [WEB] POST /api/v1/game/action 151ms
[08:54:10.346 +01:35:16.002] [WEB] POST /api/v1/game/action 147ms
[08:54:11.867 +01:35:17.523] [WEB] POST /api/v1/game/action 169ms
[08:54:13.361 +01:35:19.017] [WEB] POST /api/v1/game/action 146ms
[08:54:14.843 +01:35:20.499] [WEB] POST /api/v1/game/action 146ms
[08:54:16.353 +01:35:22.009] [WEB] POST /api/v1/game/action 148ms
[08:54:17.860 +01:35:23.516] [WEB] POST /api/v1/game/action 162ms
[08:54:19.360 +01:35:25.016] [WEB] POST /api/v1/game/action 150ms
[08:54:20.847 +01:35:26.503] [WEB] POST /api/v1/game/action 149ms
[08:54:22.363 +01:35:28.019] [WEB] POST /api/v1/game/action 148ms
[08:54:23.855 +01:35:29.511] [WEB] POST /api/v1/game/action 157ms
[08:54:25.348 +01:35:31.004] [WEB] POST /api/v1/game/action 144ms
[08:54:26.853 +01:35:32.509] [WEB] POST /api/v1/game/action 149ms
[08:54:28.351 +01:35:34.006] [WEB] POST /api/v1/game/action 145ms
[08:54:29.864 +01:35:35.520] [WEB] POST /api/v1/game/action 155ms
[08:54:31.361 +01:35:37.017] [WEB] POST /api/v1/game/action 144ms
[08:54:32.861 +01:35:38.517] [WEB] POST /api/v1/game/action 162ms
[08:54:34.350 +01:35:40.006] [WEB] POST /api/v1/game/action 148ms
[08:54:35.848 +01:35:41.504] [WEB] POST /api/v1/game/action 151ms
[08:54:37.361 +01:35:43.017] [WEB] POST /api/v1/game/action 144ms
[08:54:38.849 +01:35:44.504] [WEB] POST /api/v1/game/action 151ms
[08:54:40.365 +01:35:46.021] [WEB] POST /api/v1/game/action 147ms
[08:54:41.864 +01:35:47.520] [WEB] POST /api/v1/game/action 165ms
[08:54:43.364 +01:35:49.020] [WEB] POST /api/v1/game/action 147ms
[08:54:44.858 +01:35:50.513] [WEB] POST /api/v1/game/action 159ms
[08:54:46.361 +01:35:52.016] [WEB] POST /api/v1/game/action 144ms
[08:54:47.863 +01:35:53.519] [WEB] POST /api/v1/game/action 165ms
[08:54:49.366 +01:35:55.021] [WEB] POST /api/v1/game/action 148ms
[08:54:50.855 +01:35:56.511] [WEB] POST /api/v1/game/action 153ms
[08:54:52.359 +01:35:58.015] [WEB] POST /api/v1/game/action 148ms
[08:54:53.865 +01:35:59.521] [WEB] POST /api/v1/game/action 162ms
[08:54:55.352 +01:36:01.008] [WEB] POST /api/v1/game/action 147ms
[08:54:56.844 +01:36:02.500] [WEB] POST /api/v1/game/action 145ms
[08:54:58.363 +01:36:04.019] [WEB] POST /api/v1/game/action 145ms
[08:54:59.850 +01:36:05.506] [WEB] POST /api/v1/game/action 148ms
[08:55:01.361 +01:36:07.016] [WEB] POST /api/v1/game/action 147ms
[08:55:02.856 +01:36:08.512] [WEB] POST /api/v1/game/action 155ms
[08:55:04.377 +01:36:10.033] [WEB] POST /api/v1/game/action 170ms
[08:55:05.848 +01:36:11.504] [WEB] POST /api/v1/game/action 149ms
[08:55:07.371 +01:36:13.026] [WEB] POST /api/v1/game/action 153ms
[08:55:08.850 +01:36:14.506] [WEB] POST /api/v1/game/action 151ms
[08:55:10.392 +01:36:16.048] [WEB] POST /api/v1/game/action 146ms
[08:55:11.867 +01:36:17.523] [WEB] POST /api/v1/game/action 165ms
[08:55:13.394 +01:36:19.050] [WEB] POST /api/v1/game/action 170ms
[08:55:14.862 +01:36:20.518] [WEB] POST /api/v1/game/action 164ms
[08:55:16.358 +01:36:22.014] [WEB] POST /api/v1/game/action 148ms
[08:55:17.864 +01:36:23.519] [WEB] POST /api/v1/game/action 159ms
[08:55:19.362 +01:36:25.017] [WEB] POST /api/v1/game/action 150ms
[08:55:20.856 +01:36:26.512] [WEB] POST /api/v1/game/action 157ms
[08:55:22.380 +01:36:28.036] [WEB] POST /api/v1/game/action 166ms
[08:55:23.860 +01:36:29.516] [WEB] POST /api/v1/game/action 160ms
[08:55:25.358 +01:36:31.014] [WEB] POST /api/v1/game/action 145ms
[08:55:26.865 +01:36:32.521] [WEB] POST /api/v1/game/action 165ms
[08:55:28.388 +01:36:34.043] [WEB] POST /api/v1/game/action 168ms
[08:55:29.860 +01:36:35.516] [WEB] POST /api/v1/game/action 154ms
[08:55:31.352 +01:36:37.007] [WEB] POST /api/v1/game/action 147ms
[08:55:32.863 +01:36:38.519] [WEB] POST /api/v1/game/action 164ms
[08:55:34.359 +01:36:40.015] [WEB] POST /api/v1/game/action 148ms
[08:55:35.864 +01:36:41.520] [WEB] POST /api/v1/game/action 162ms
[08:55:37.357 +01:36:43.012] [WEB] POST /api/v1/game/action 145ms
[08:55:38.853 +01:36:44.508] [WEB] POST /api/v1/game/action 153ms
[08:55:40.394 +01:36:46.050] [WEB] POST /api/v1/game/action 169ms
[08:55:41.862 +01:36:47.518] [WEB] POST /api/v1/game/action 162ms
[08:55:43.360 +01:36:49.016] [WEB] POST /api/v1/game/action 148ms
[08:55:44.873 +01:36:50.529] [WEB] POST /api/v1/game/action 164ms
[08:55:46.368 +01:36:52.024] [WEB] POST /api/v1/game/action 145ms
[08:55:47.865 +01:36:53.521] [WEB] POST /api/v1/game/action 164ms
[08:55:49.359 +01:36:55.015] [WEB] POST /api/v1/game/action 144ms
[08:55:50.847 +01:36:56.503] [WEB] POST /api/v1/game/action 149ms
[08:55:52.367 +01:36:58.023] [WEB] POST /api/v1/game/action 153ms
[08:55:53.867 +01:36:59.522] [WEB] POST /api/v1/game/action 166ms
[08:55:55.365 +01:37:01.020] [WEB] POST /api/v1/game/action 148ms
[08:55:56.858 +01:37:02.513] [WEB] POST /api/v1/game/action 159ms
[08:55:58.380 +01:37:04.035] [WEB] POST /api/v1/game/action 168ms
[08:55:59.860 +01:37:05.515] [WEB] POST /api/v1/game/action 159ms
[08:56:01.351 +01:37:07.006] [WEB] POST /api/v1/game/action 149ms
[08:56:02.867 +01:37:08.523] [WEB] POST /api/v1/game/action 164ms
[08:56:04.349 +01:37:10.005] [WEB] POST /api/v1/game/action 146ms
[08:56:05.869 +01:37:11.525] [WEB] POST /api/v1/game/action 158ms
[08:56:07.365 +01:37:13.021] [WEB] POST /api/v1/game/action 147ms
[08:56:08.860 +01:37:14.516] [WEB] POST /api/v1/game/action 159ms
[08:56:10.370 +01:37:16.026] [WEB] POST /api/v1/game/action 147ms
[08:56:11.862 +01:37:17.517] [WEB] POST /api/v1/game/action 161ms
[08:56:13.381 +01:37:19.037] [WEB] POST /api/v1/game/action 150ms
[08:56:14.858 +01:37:20.514] [WEB] POST /api/v1/game/action 154ms
[08:56:16.354 +01:37:22.009] [WEB] POST /api/v1/game/action 146ms
[08:56:17.850 +01:37:23.506] [WEB] POST /api/v1/game/action 150ms
[08:56:19.392 +01:37:25.047] [WEB] POST /api/v1/game/action 169ms
[08:56:20.861 +01:37:26.517] [WEB] POST /api/v1/game/action 160ms
[08:56:22.355 +01:37:28.010] [WEB] POST /api/v1/game/action 144ms
[08:56:23.868 +01:37:29.524] [WEB] POST /api/v1/game/action 168ms
[08:56:25.394 +01:37:31.050] [WEB] POST /api/v1/game/action 169ms
[08:56:26.859 +01:37:32.515] [WEB] POST /api/v1/game/action 160ms
[08:56:28.361 +01:37:34.016] [WEB] POST /api/v1/game/action 146ms
[08:56:29.845 +01:37:35.501] [WEB] POST /api/v1/game/action 145ms
[08:56:31.367 +01:37:37.022] [WEB] POST /api/v1/game/action 147ms
[08:56:32.848 +01:37:38.504] [WEB] POST /api/v1/game/action 148ms
[08:56:34.363 +01:37:40.019] [WEB] POST /api/v1/game/action 146ms
[08:56:35.854 +01:37:41.510] [WEB] POST /api/v1/game/action 154ms
[08:56:37.386 +01:37:43.041] [WEB] POST /api/v1/game/action 148ms
[08:56:38.852 +01:37:44.507] [WEB] POST /api/v1/game/action 151ms
[08:56:40.350 +01:37:46.006] [WEB] POST /api/v1/game/action 145ms
[08:56:41.864 +01:37:47.520] [WEB] POST /api/v1/game/action 165ms
[08:56:43.365 +01:37:49.021] [WEB] POST /api/v1/game/action 150ms
[08:56:44.859 +01:37:50.514] [WEB] POST /api/v1/game/action 158ms
[08:56:46.351 +01:37:52.007] [WEB] POST /api/v1/game/action 148ms
[08:56:47.866 +01:37:53.522] [WEB] POST /api/v1/game/action 167ms
[08:56:49.363 +01:37:55.019] [WEB] POST /api/v1/game/action 148ms
[08:56:50.871 +01:37:56.527] [WEB] POST /api/v1/game/action 169ms
[08:56:52.350 +01:37:58.006] [WEB] POST /api/v1/game/action 144ms
[08:56:53.866 +01:37:59.521] [WEB] POST /api/v1/game/action 165ms
[08:56:55.359 +01:38:01.015] [WEB] POST /api/v1/game/action 158ms
[08:56:56.858 +01:38:02.514] [WEB] POST /api/v1/game/action 159ms
[08:56:58.389 +01:38:04.045] [WEB] POST /api/v1/game/action 168ms
[08:56:59.868 +01:38:05.523] [WEB] POST /api/v1/game/action 164ms
[08:57:01.364 +01:38:07.019] [WEB] POST /api/v1/game/action 145ms
[08:57:02.862 +01:38:08.518] [WEB] POST /api/v1/game/action 162ms
[08:57:04.367 +01:38:10.023] [WEB] POST /api/v1/game/action 147ms
[08:57:05.854 +01:38:11.510] [WEB] POST /api/v1/game/action 154ms
[08:57:07.356 +01:38:13.012] [WEB] POST /api/v1/game/action 150ms
[08:57:08.866 +01:38:14.522] [WEB] POST /api/v1/game/action 165ms
[08:57:10.357 +01:38:16.012] [WEB] POST /api/v1/game/action 147ms
[08:57:11.851 +01:38:17.506] [WEB] POST /api/v1/game/action 147ms
[08:57:13.350 +01:38:19.005] [WEB] POST /api/v1/game/action 148ms
[08:57:14.847 +01:38:20.503] [WEB] POST /api/v1/game/action 147ms
[08:57:16.361 +01:38:22.017] [WEB] POST /api/v1/game/action 151ms
[08:57:17.867 +01:38:23.523] [WEB] POST /api/v1/game/action 155ms
[08:57:19.360 +01:38:25.016] [WEB] POST /api/v1/game/action 147ms
[08:57:20.858 +01:38:26.513] [WEB] POST /api/v1/game/action 157ms
[08:57:22.360 +01:38:28.016] [WEB] POST /api/v1/game/action 147ms
[08:57:23.872 +01:38:29.528] [WEB] POST /api/v1/game/action 163ms
[08:57:25.395 +01:38:31.050] [WEB] POST /api/v1/game/action 176ms
[08:57:26.876 +01:38:32.531] [WEB] POST /api/v1/game/action 174ms
[08:57:28.350 +01:38:34.006] [WEB] POST /api/v1/game/action 149ms
[08:57:29.859 +01:38:35.515] [WEB] POST /api/v1/game/action 158ms
[08:57:31.395 +01:38:37.050] [WEB] POST /api/v1/game/action 170ms
[08:57:32.872 +01:38:38.528] [WEB] POST /api/v1/game/action 170ms
[08:57:34.350 +01:38:40.006] [WEB] POST /api/v1/game/action 147ms
[08:57:35.860 +01:38:41.516] [WEB] POST /api/v1/game/action 160ms
[08:57:37.389 +01:38:43.044] [WEB] POST /api/v1/game/action 170ms
[08:57:38.863 +01:38:44.519] [WEB] POST /api/v1/game/action 163ms
[08:57:40.360 +01:38:46.016] [WEB] POST /api/v1/game/action 144ms
[08:57:41.861 +01:38:47.517] [WEB] POST /api/v1/game/action 153ms
[08:57:43.363 +01:38:49.019] [WEB] POST /api/v1/game/action 148ms
[08:57:44.856 +01:38:50.512] [WEB] POST /api/v1/game/action 156ms
[08:57:46.375 +01:38:52.030] [WEB] POST /api/v1/game/action 150ms
[08:57:47.870 +01:38:53.526] [WEB] POST /api/v1/game/action 169ms
[08:57:49.359 +01:38:55.014] [WEB] POST /api/v1/game/action 147ms
[08:57:50.856 +01:38:56.512] [WEB] POST /api/v1/game/action 155ms
[08:57:52.372 +01:38:58.028] [WEB] POST /api/v1/game/action 147ms
[08:57:53.871 +01:38:59.527] [WEB] POST /api/v1/game/action 165ms
[08:57:55.365 +01:39:01.020] [WEB] POST /api/v1/game/action 147ms
[08:57:56.852 +01:39:02.508] [WEB] POST /api/v1/game/action 152ms
[08:57:58.394 +01:39:04.049] [WEB] POST /api/v1/game/action 147ms
[08:57:59.863 +01:39:05.519] [WEB] POST /api/v1/game/action 160ms
[08:58:01.355 +01:39:07.010] [WEB] POST /api/v1/game/action 151ms
[08:58:02.866 +01:39:08.521] [WEB] POST /api/v1/game/action 164ms
[08:58:04.358 +01:39:10.014] [WEB] POST /api/v1/game/action 147ms
[08:58:05.847 +01:39:11.503] [WEB] POST /api/v1/game/action 145ms
[08:58:07.360 +01:39:13.016] [WEB] POST /api/v1/game/action 147ms
[08:58:08.851 +01:39:14.506] [WEB] POST /api/v1/game/action 145ms
[08:58:10.368 +01:39:16.024] [WEB] POST /api/v1/game/action 143ms
[08:58:11.864 +01:39:17.520] [WEB] POST /api/v1/game/action 160ms
[08:58:13.385 +01:39:19.041] [WEB] POST /api/v1/game/action 167ms
[08:58:14.861 +01:39:20.517] [WEB] POST /api/v1/game/action 158ms
[08:58:16.385 +01:39:22.041] [WEB] POST /api/v1/game/action 178ms
[08:58:17.858 +01:39:23.514] [WEB] POST /api/v1/game/action 156ms
[08:58:19.352 +01:39:25.008] [WEB] POST /api/v1/game/action 150ms
[08:58:20.867 +01:39:26.522] [WEB] POST /api/v1/game/action 159ms
[08:58:22.368 +01:39:28.024] [WEB] POST /api/v1/game/action 146ms
[08:58:23.857 +01:39:29.513] [WEB] POST /api/v1/game/action 153ms
[08:58:25.375 +01:39:31.030] [WEB] POST /api/v1/game/action 150ms
[08:58:26.863 +01:39:32.518] [WEB] POST /api/v1/game/action 158ms
[08:58:28.361 +01:39:34.016] [WEB] POST /api/v1/game/action 146ms
[08:58:29.855 +01:39:35.510] [WEB] POST /api/v1/game/action 153ms
[08:58:31.359 +01:39:37.015] [WEB] POST /api/v1/game/action 148ms
[08:58:32.848 +01:39:38.504] [WEB] POST /api/v1/game/action 146ms
[08:58:34.351 +01:39:40.007] [WEB] POST /api/v1/game/action 147ms
[08:58:35.867 +01:39:41.523] [WEB] POST /api/v1/game/action 167ms
[08:58:37.362 +01:39:43.018] [WEB] POST /api/v1/game/action 147ms
[08:58:38.873 +01:39:44.528] [WEB] POST /api/v1/game/action 160ms
[08:58:40.365 +01:39:46.021] [WEB] POST /api/v1/game/action 148ms
[08:58:41.860 +01:39:47.515] [WEB] POST /api/v1/game/action 158ms
[08:58:43.374 +01:39:49.029] [WEB] POST /api/v1/game/action 170ms
[08:58:44.868 +01:39:50.524] [WEB] POST /api/v1/game/action 166ms
[08:58:46.363 +01:39:52.019] [WEB] POST /api/v1/game/action 148ms
[08:58:47.850 +01:39:53.506] [WEB] POST /api/v1/game/action 148ms
[08:58:49.376 +01:39:55.032] [WEB] POST /api/v1/game/action 146ms
[08:58:50.865 +01:39:56.521] [WEB] POST /api/v1/game/action 156ms
[08:58:52.359 +01:39:58.015] [WEB] POST /api/v1/game/action 146ms
[08:58:53.855 +01:39:59.511] [WEB] POST /api/v1/game/action 153ms
[08:58:55.355 +01:40:01.011] [WEB] POST /api/v1/game/action 151ms
[08:58:56.873 +01:40:02.529] [WEB] POST /api/v1/game/action 165ms
[08:58:58.372 +01:40:04.028] [WEB] POST /api/v1/game/action 147ms
[08:58:59.858 +01:40:05.514] [WEB] POST /api/v1/game/action 158ms
[08:59:01.374 +01:40:07.030] [WEB] POST /api/v1/game/action 148ms
[08:59:02.865 +01:40:08.521] [WEB] POST /api/v1/game/action 163ms
[08:59:04.358 +01:40:10.013] [WEB] POST /api/v1/game/action 145ms
[08:59:05.867 +01:40:11.523] [WEB] POST /api/v1/game/action 161ms
[08:59:07.369 +01:40:13.024] [WEB] POST /api/v1/game/action 144ms
[08:59:08.856 +01:40:14.512] [WEB] POST /api/v1/game/action 153ms
[08:59:10.353 +01:40:16.009] [WEB] POST /api/v1/game/action 147ms
[08:59:11.871 +01:40:17.527] [WEB] POST /api/v1/game/action 165ms
[08:59:13.350 +01:40:19.006] [WEB] POST /api/v1/game/action 146ms
[08:59:14.882 +01:40:20.537] [WEB] POST /api/v1/game/action 167ms
[08:59:16.378 +01:40:22.034] [WEB] POST /api/v1/game/action 168ms
[08:59:17.850 +01:40:23.505] [WEB] POST /api/v1/game/action 147ms
[08:59:19.350 +01:40:25.006] [WEB] POST /api/v1/game/action 147ms
[08:59:20.862 +01:40:26.518] [WEB] POST /api/v1/game/action 159ms
[08:59:22.351 +01:40:28.007] [WEB] POST /api/v1/game/action 145ms
[08:59:23.864 +01:40:29.519] [WEB] POST /api/v1/game/action 160ms
[08:59:25.362 +01:40:31.017] [WEB] POST /api/v1/game/action 149ms
[08:59:26.858 +01:40:32.514] [WEB] POST /api/v1/game/action 156ms
[08:59:28.408 +01:40:34.064] [WEB] POST /api/v1/game/action 170ms
[08:59:29.851 +01:40:35.507] [WEB] POST /api/v1/game/action 149ms
[08:59:31.350 +01:40:37.005] [WEB] POST /api/v1/game/action 148ms
[08:59:32.869 +01:40:38.525] [WEB] POST /api/v1/game/action 167ms
[08:59:34.372 +01:40:40.028] [WEB] POST /api/v1/game/action 151ms
[08:59:35.860 +01:40:41.515] [WEB] POST /api/v1/game/action 157ms
[08:59:37.359 +01:40:43.015] [WEB] POST /api/v1/game/action 147ms
[08:59:38.871 +01:40:44.526] [WEB] POST /api/v1/game/action 168ms
[08:59:40.364 +01:40:46.020] [WEB] POST /api/v1/game/action 148ms
[08:59:41.850 +01:40:47.505] [WEB] POST /api/v1/game/action 148ms
[08:59:43.360 +01:40:49.016] [WEB] POST /api/v1/game/action 145ms
[08:59:44.855 +01:40:50.511] [WEB] POST /api/v1/game/action 153ms
[08:59:46.351 +01:40:52.006] [WEB] POST /api/v1/game/action 149ms
[08:59:47.868 +01:40:53.523] [WEB] POST /api/v1/game/action 166ms
[08:59:49.351 +01:40:55.007] [WEB] POST /api/v1/game/action 147ms
[08:59:50.869 +01:40:56.524] [WEB] POST /api/v1/game/action 158ms
[08:59:52.369 +01:40:58.024] [WEB] POST /api/v1/game/action 148ms
[08:59:53.857 +01:40:59.513] [WEB] POST /api/v1/game/action 155ms
[08:59:55.386 +01:41:01.042] [WEB] POST /api/v1/game/action 150ms
[08:59:56.859 +01:41:02.514] [WEB] POST /api/v1/game/action 157ms
[08:59:58.373 +01:41:04.028] [WEB] POST /api/v1/game/action 146ms
[08:59:59.865 +01:41:05.521] [WEB] POST /api/v1/game/action 160ms
[09:00:01.359 +01:41:07.015] [WEB] POST /api/v1/game/action 144ms
[09:00:02.851 +01:41:08.507] [WEB] POST /api/v1/game/action 148ms
[09:00:04.366 +01:41:10.021] [WEB] POST /api/v1/game/action 146ms
[09:00:05.854 +01:41:11.510] [WEB] POST /api/v1/game/action 151ms
[09:00:07.373 +01:41:13.029] [WEB] POST /api/v1/game/action 148ms
[09:00:08.870 +01:41:14.525] [WEB] POST /api/v1/game/action 166ms
[09:00:10.359 +01:41:16.015] [WEB] POST /api/v1/game/action 148ms
[09:00:11.874 +01:41:17.530] [WEB] POST /api/v1/game/action 171ms
[09:00:13.369 +01:41:19.024] [WEB] POST /api/v1/game/action 149ms
[09:00:14.858 +01:41:20.514] [WEB] POST /api/v1/game/action 153ms
[09:00:16.354 +01:41:22.009] [WEB] POST /api/v1/game/action 148ms
[09:00:17.873 +01:41:23.528] [WEB] POST /api/v1/game/action 170ms
[09:00:19.362 +01:41:25.018] [WEB] POST /api/v1/game/action 147ms
[09:00:20.852 +01:41:26.507] [WEB] POST /api/v1/game/action 148ms
[09:00:22.369 +01:41:28.025] [WEB] POST /api/v1/game/action 147ms
[09:00:23.868 +01:41:29.524] [WEB] POST /api/v1/game/action 165ms
[09:00:25.394 +01:41:31.049] [WEB] POST /api/v1/game/action 148ms
[09:00:26.885 +01:41:32.541] [WEB] POST /api/v1/game/action 183ms
[09:00:28.360 +01:41:34.016] [WEB] POST /api/v1/game/action 146ms
[09:00:29.874 +01:41:35.530] [WEB] POST /api/v1/game/action 162ms
[09:00:31.367 +01:41:37.022] [WEB] POST /api/v1/game/action 148ms
[09:00:32.855 +01:41:38.511] [WEB] POST /api/v1/game/action 151ms
[09:00:34.349 +01:41:40.005] [WEB] POST /api/v1/game/action 145ms
[09:00:35.862 +01:41:41.517] [WEB] POST /api/v1/game/action 158ms
[09:00:37.352 +01:41:43.008] [WEB] POST /api/v1/game/action 146ms
[09:00:38.871 +01:41:44.527] [WEB] POST /api/v1/game/action 168ms
[09:00:40.352 +01:41:46.008] [WEB] POST /api/v1/game/action 148ms
[09:00:41.866 +01:41:47.522] [WEB] POST /api/v1/game/action 159ms
[09:00:43.366 +01:41:49.022] [WEB] POST /api/v1/game/action 147ms
[09:00:44.857 +01:41:50.513] [WEB] POST /api/v1/game/action 154ms
[09:00:46.356 +01:41:52.012] [WEB] POST /api/v1/game/action 147ms
[09:00:47.867 +01:41:53.523] [WEB] POST /api/v1/game/action 164ms
[09:00:49.392 +01:41:55.047] [WEB] POST /api/v1/game/action 169ms
[09:00:50.880 +01:41:56.535] [WEB] POST /api/v1/game/action 161ms
[09:00:52.350 +01:41:58.006] [WEB] POST /api/v1/game/action 145ms
[09:00:53.861 +01:41:59.516] [WEB] POST /api/v1/game/action 158ms
[09:00:55.382 +01:42:01.038] [WEB] POST /api/v1/game/action 169ms
[09:00:56.855 +01:42:02.511] [WEB] POST /api/v1/game/action 152ms
[09:00:58.379 +01:42:04.035] [WEB] POST /api/v1/game/action 148ms
[09:00:59.852 +01:42:05.507] [WEB] POST /api/v1/game/action 149ms
[09:01:01.350 +01:42:07.006] [WEB] POST /api/v1/game/action 146ms
[09:01:02.854 +01:42:08.509] [WEB] POST /api/v1/game/action 150ms
[09:01:04.374 +01:42:10.029] [WEB] POST /api/v1/game/action 148ms
[09:01:05.859 +01:42:11.514] [WEB] POST /api/v1/game/action 154ms
[09:01:07.362 +01:42:13.017] [WEB] POST /api/v1/game/action 147ms
[09:01:08.871 +01:42:14.527] [WEB] POST /api/v1/game/action 164ms
[09:01:10.370 +01:42:16.026] [WEB] POST /api/v1/game/action 148ms
[09:01:11.878 +01:42:17.534] [WEB] POST /api/v1/game/action 168ms
[09:01:13.398 +01:42:19.053] [WEB] POST /api/v1/game/action 149ms
[09:01:14.857 +01:42:20.513] [WEB] POST /api/v1/game/action 153ms
[09:01:16.369 +01:42:22.025] [WEB] POST /api/v1/game/action 155ms
[09:01:17.864 +01:42:23.520] [WEB] POST /api/v1/game/action 161ms
[09:01:19.369 +01:42:25.024] [WEB] POST /api/v1/game/action 149ms
[09:01:20.857 +01:42:26.513] [WEB] POST /api/v1/game/action 155ms
[09:01:22.361 +01:42:28.017] [WEB] POST /api/v1/game/action 149ms
[09:01:23.865 +01:42:29.520] [WEB] POST /api/v1/game/action 162ms
[09:01:25.366 +01:42:31.021] [WEB] POST /api/v1/game/action 151ms
[09:01:26.858 +01:42:32.513] [WEB] POST /api/v1/game/action 152ms
[09:01:28.373 +01:42:34.029] [WEB] POST /api/v1/game/action 147ms
[09:01:29.863 +01:42:35.519] [WEB] POST /api/v1/game/action 159ms
[09:01:31.354 +01:42:37.010] [WEB] POST /api/v1/game/action 147ms
[09:01:32.867 +01:42:38.522] [WEB] POST /api/v1/game/action 163ms
[09:01:34.359 +01:42:40.015] [WEB] POST /api/v1/game/action 146ms
[09:01:35.874 +01:42:41.530] [WEB] POST /api/v1/game/action 167ms
[09:01:37.390 +01:42:43.046] [WEB] POST /api/v1/game/action 171ms
[09:01:38.868 +01:42:44.524] [WEB] POST /api/v1/game/action 155ms
[09:01:40.366 +01:42:46.021] [WEB] POST /api/v1/game/action 148ms
[09:01:41.857 +01:42:47.512] [WEB] POST /api/v1/game/action 151ms
[09:01:43.358 +01:42:49.014] [WEB] POST /api/v1/game/action 149ms
[09:01:44.865 +01:42:50.521] [WEB] POST /api/v1/game/action 162ms
[09:01:46.352 +01:42:52.008] [WEB] POST /api/v1/game/action 147ms
[09:01:47.866 +01:42:53.522] [WEB] POST /api/v1/game/action 163ms
[09:01:49.362 +01:42:55.018] [WEB] POST /api/v1/game/action 147ms
[09:01:50.860 +01:42:56.516] [WEB] POST /api/v1/game/action 155ms
[09:01:52.371 +01:42:58.027] [WEB] POST /api/v1/game/action 147ms
[09:01:53.863 +01:42:59.519] [WEB] POST /api/v1/game/action 158ms
[09:01:55.353 +01:43:01.009] [WEB] POST /api/v1/game/action 147ms
[09:01:56.865 +01:43:02.521] [WEB] POST /api/v1/game/action 156ms
[09:01:58.366 +01:43:04.021] [WEB] POST /api/v1/game/action 147ms
[09:01:59.853 +01:43:05.508] [WEB] POST /api/v1/game/action 148ms
[09:02:01.362 +01:43:07.018] [WEB] POST /api/v1/game/action 149ms
[09:02:02.853 +01:43:08.509] [WEB] POST /api/v1/game/action 149ms
[09:02:04.372 +01:43:10.028] [WEB] POST /api/v1/game/action 147ms
[09:02:05.861 +01:43:11.517] [WEB] POST /api/v1/game/action 157ms
[09:02:07.368 +01:43:13.024] [WEB] POST /api/v1/game/action 150ms
[09:02:08.861 +01:43:14.517] [WEB] POST /api/v1/game/action 158ms
[09:02:10.354 +01:43:16.010] [WEB] POST /api/v1/game/action 147ms
[09:02:11.852 +01:43:17.508] [WEB] POST /api/v1/game/action 147ms
[09:02:13.379 +01:43:19.034] [WEB] POST /api/v1/game/action 149ms
[09:02:14.867 +01:43:20.523] [WEB] POST /api/v1/game/action 162ms
[09:02:16.360 +01:43:22.016] [WEB] POST /api/v1/game/action 150ms
[09:02:17.868 +01:43:23.524] [WEB] POST /api/v1/game/action 161ms
[09:02:19.366 +01:43:25.022] [WEB] POST /api/v1/game/action 149ms
[09:02:20.863 +01:43:26.519] [WEB] POST /api/v1/game/action 158ms
[09:02:22.366 +01:43:28.022] [WEB] POST /api/v1/game/action 153ms
[09:02:23.863 +01:43:29.519] [WEB] POST /api/v1/game/action 159ms
[09:02:25.365 +01:43:31.021] [WEB] POST /api/v1/game/action 148ms
[09:02:26.869 +01:43:32.524] [WEB] POST /api/v1/game/action 165ms
[09:02:28.368 +01:43:34.024] [WEB] POST /api/v1/game/action 147ms
[09:02:29.862 +01:43:35.518] [WEB] POST /api/v1/game/action 156ms
[09:02:31.350 +01:43:37.006] [WEB] POST /api/v1/game/action 144ms
[09:02:32.871 +01:43:38.526] [WEB] POST /api/v1/game/action 164ms
[09:02:34.370 +01:43:40.026] [WEB] POST /api/v1/game/action 148ms
[09:02:35.862 +01:43:41.518] [WEB] POST /api/v1/game/action 151ms
[09:02:37.393 +01:43:43.048] [WEB] POST /api/v1/game/action 149ms
[09:02:38.871 +01:43:44.527] [WEB] POST /api/v1/game/action 166ms
[09:02:40.376 +01:43:46.032] [WEB] POST /api/v1/game/action 147ms
[09:02:41.864 +01:43:47.520] [WEB] POST /api/v1/game/action 160ms
[09:02:43.364 +01:43:49.019] [WEB] POST /api/v1/game/action 149ms
[09:02:44.853 +01:43:50.508] [WEB] POST /api/v1/game/action 149ms
[09:02:46.365 +01:43:52.020] [WEB] POST /api/v1/game/action 148ms
[09:02:47.855 +01:43:53.510] [WEB] POST /api/v1/game/action 148ms
[09:02:49.368 +01:43:55.024] [WEB] POST /api/v1/game/action 147ms
[09:02:50.858 +01:43:56.514] [WEB] POST /api/v1/game/action 151ms
[09:02:52.377 +01:43:58.033] [WEB] POST /api/v1/game/action 149ms
[09:02:53.869 +01:43:59.525] [WEB] POST /api/v1/game/action 162ms
[09:02:55.371 +01:44:01.027] [WEB] POST /api/v1/game/action 149ms
[09:02:56.873 +01:44:02.529] [WEB] POST /api/v1/game/action 161ms
[09:02:58.376 +01:44:04.032] [WEB] POST /api/v1/game/action 147ms
[09:02:59.868 +01:44:05.523] [WEB] POST /api/v1/game/action 163ms
[09:03:01.388 +01:44:07.044] [WEB] POST /api/v1/game/action 169ms
[09:03:02.858 +01:44:08.514] [WEB] POST /api/v1/game/action 154ms
[09:03:04.356 +01:44:10.012] [WEB] POST /api/v1/game/action 149ms
[09:03:05.867 +01:44:11.522] [WEB] POST /api/v1/game/action 162ms
[09:03:07.372 +01:44:13.027] [WEB] POST /api/v1/game/action 148ms
[09:03:08.860 +01:44:14.516] [WEB] POST /api/v1/game/action 153ms
[09:03:10.355 +01:44:16.011] [WEB] POST /api/v1/game/action 148ms
[09:03:11.869 +01:44:17.524] [WEB] POST /api/v1/game/action 164ms
[09:03:13.360 +01:44:19.016] [WEB] POST /api/v1/game/action 150ms
[09:03:14.853 +01:44:20.509] [WEB] POST /api/v1/game/action 148ms
[09:03:16.352 +01:44:22.008] [WEB] POST /api/v1/game/action 146ms
[09:03:17.868 +01:44:23.524] [WEB] POST /api/v1/game/action 163ms
[09:03:19.356 +01:44:25.012] [WEB] POST /api/v1/game/action 147ms
[09:03:20.866 +01:44:26.522] [WEB] POST /api/v1/game/action 160ms
[09:03:22.364 +01:44:28.020] [WEB] POST /api/v1/game/action 148ms
[09:03:23.870 +01:44:29.526] [WEB] POST /api/v1/game/action 165ms
[09:03:25.358 +01:44:31.013] [WEB] POST /api/v1/game/action 150ms
[09:03:26.853 +01:44:32.509] [WEB] POST /api/v1/game/action 148ms
[09:03:28.354 +01:44:34.010] [WEB] POST /api/v1/game/action 147ms
[09:03:29.860 +01:44:35.516] [WEB] POST /api/v1/game/action 155ms
[09:03:31.373 +01:44:37.029] [WEB] POST /api/v1/game/action 148ms
[09:03:32.854 +01:44:38.510] [WEB] POST /api/v1/game/action 149ms
[09:03:34.363 +01:44:40.019] [WEB] POST /api/v1/game/action 149ms
[09:03:35.862 +01:44:41.518] [WEB] POST /api/v1/game/action 157ms
[09:03:37.363 +01:44:43.018] [WEB] POST /api/v1/game/action 145ms
[09:03:38.860 +01:44:44.516] [WEB] POST /api/v1/game/action 149ms
[09:03:40.462 +01:44:46.118] [WEB] POST /api/v1/game/action 241ms
[09:03:41.864 +01:44:47.520] [WEB] POST /api/v1/game/action 159ms
[09:03:43.383 +01:44:49.039] [WEB] POST /api/v1/game/action 172ms
[09:03:44.857 +01:44:50.513] [WEB] POST /api/v1/game/action 149ms
[09:03:46.407 +01:44:52.063] [WEB] POST /api/v1/game/action 171ms
[09:03:47.856 +01:44:53.512] [WEB] POST /api/v1/game/action 151ms
[09:03:49.373 +01:44:55.028] [WEB] POST /api/v1/game/action 148ms
[09:03:50.866 +01:44:56.522] [WEB] POST /api/v1/game/action 162ms
[09:03:52.367 +01:44:58.023] [WEB] POST /api/v1/game/action 148ms
[09:03:53.876 +01:44:59.532] [WEB] POST /api/v1/game/action 165ms
[09:03:55.380 +01:45:01.036] [WEB] POST /api/v1/game/action 154ms
[09:03:56.850 +01:45:02.506] [WEB] POST /api/v1/game/action 146ms
[09:03:58.413 +01:45:04.069] [WEB] POST /api/v1/game/action 191ms
[09:03:59.861 +01:45:05.517] [WEB] POST /api/v1/game/action 156ms
[09:04:01.376 +01:45:07.031] [WEB] POST /api/v1/game/action 150ms
[09:04:02.873 +01:45:08.529] [WEB] POST /api/v1/game/action 167ms
[09:04:04.363 +01:45:10.018] [WEB] POST /api/v1/game/action 146ms
[09:04:05.853 +01:45:11.508] [WEB] POST /api/v1/game/action 147ms
[09:04:07.364 +01:45:13.020] [WEB] POST /api/v1/game/action 147ms
[09:04:08.860 +01:45:14.515] [WEB] POST /api/v1/game/action 152ms
[09:04:10.369 +01:45:16.024] [WEB] POST /api/v1/game/action 152ms
[09:04:11.865 +01:45:17.521] [WEB] POST /api/v1/game/action 151ms
[09:04:13.365 +01:45:19.021] [WEB] POST /api/v1/game/action 148ms
[09:04:14.865 +01:45:20.520] [WEB] POST /api/v1/game/action 160ms
[09:04:16.367 +01:45:22.022] [WEB] POST /api/v1/game/action 148ms
[09:04:17.864 +01:45:23.519] [WEB] POST /api/v1/game/action 157ms
[09:04:19.357 +01:45:25.013] [WEB] POST /api/v1/game/action 146ms
[09:04:20.866 +01:45:26.521] [WEB] POST /api/v1/game/action 161ms
[09:04:22.394 +01:45:28.049] [WEB] POST /api/v1/game/action 171ms
[09:04:23.857 +01:45:29.512] [WEB] POST /api/v1/game/action 148ms
[09:04:25.370 +01:45:31.026] [WEB] POST /api/v1/game/action 148ms
[09:04:26.864 +01:45:32.519] [WEB] POST /api/v1/game/action 159ms
[09:04:28.384 +01:45:34.040] [WEB] POST /api/v1/game/action 167ms
[09:04:29.870 +01:45:35.526] [WEB] POST /api/v1/game/action 157ms
[09:04:31.375 +01:45:37.031] [WEB] POST /api/v1/game/action 150ms
[09:04:32.874 +01:45:38.529] [WEB] POST /api/v1/game/action 166ms
[09:04:34.359 +01:45:40.015] [WEB] POST /api/v1/game/action 150ms
[09:04:35.877 +01:45:41.533] [WEB] POST /api/v1/game/action 158ms
[09:04:37.368 +01:45:43.024] [WEB] POST /api/v1/game/action 151ms
[09:04:38.861 +01:45:44.516] [WEB] POST /api/v1/game/action 151ms
[09:04:40.354 +01:45:46.010] [WEB] POST /api/v1/game/action 146ms
[09:04:41.870 +01:45:47.525] [WEB] POST /api/v1/game/action 163ms
[09:04:43.368 +01:45:49.023] [WEB] POST /api/v1/game/action 149ms
[09:04:44.873 +01:45:50.529] [WEB] POST /api/v1/game/action 167ms
[09:04:46.371 +01:45:52.027] [WEB] POST /api/v1/game/action 149ms
[09:04:47.868 +01:45:53.523] [WEB] POST /api/v1/game/action 162ms
[09:04:49.376 +01:45:55.032] [WEB] POST /api/v1/game/action 148ms
[09:04:50.873 +01:45:56.529] [WEB] POST /api/v1/game/action 158ms
[09:04:52.373 +01:45:58.028] [WEB] POST /api/v1/game/action 149ms
[09:04:53.873 +01:45:59.529] [WEB] POST /api/v1/game/action 166ms
[09:04:55.372 +01:46:01.028] [WEB] POST /api/v1/game/action 148ms
[09:04:56.874 +01:46:02.529] [WEB] POST /api/v1/game/action 168ms
[09:04:58.362 +01:46:04.017] [WEB] POST /api/v1/game/action 144ms
[09:04:59.853 +01:46:05.509] [WEB] POST /api/v1/game/action 147ms
[09:05:01.370 +01:46:07.026] [WEB] POST /api/v1/game/action 147ms
[09:05:02.863 +01:46:08.519] [WEB] POST /api/v1/game/action 157ms
[09:05:04.357 +01:46:10.012] [WEB] POST /api/v1/game/action 146ms
[09:05:05.873 +01:46:11.529] [WEB] POST /api/v1/game/action 167ms
[09:05:07.374 +01:46:13.030] [WEB] POST /api/v1/game/action 149ms
[09:05:08.866 +01:46:14.521] [WEB] POST /api/v1/game/action 160ms
[09:05:10.370 +01:46:16.026] [WEB] POST /api/v1/game/action 147ms
[09:05:11.859 +01:46:17.515] [WEB] POST /api/v1/game/action 153ms
[09:05:13.354 +01:46:19.010] [WEB] POST /api/v1/game/action 146ms
[09:05:14.869 +01:46:20.525] [WEB] POST /api/v1/game/action 163ms
[09:05:16.364 +01:46:22.020] [WEB] POST /api/v1/game/action 148ms
[09:05:17.855 +01:46:23.510] [WEB] POST /api/v1/game/action 149ms
[09:05:19.370 +01:46:25.025] [WEB] POST /api/v1/game/action 148ms
[09:05:20.857 +01:46:26.513] [WEB] POST /api/v1/game/action 151ms
[09:05:22.372 +01:46:28.028] [WEB] POST /api/v1/game/action 149ms
[09:05:23.864 +01:46:29.520] [WEB] POST /api/v1/game/action 153ms
[09:05:25.369 +01:46:31.024] [WEB] POST /api/v1/game/action 149ms
[09:05:26.862 +01:46:32.517] [WEB] POST /api/v1/game/action 155ms
[09:05:28.369 +01:46:34.024] [WEB] POST /api/v1/game/action 145ms
[09:05:29.878 +01:46:35.534] [WEB] POST /api/v1/game/action 164ms
[09:05:31.373 +01:46:37.029] [WEB] POST /api/v1/game/action 149ms
[09:05:32.874 +01:46:38.529] [WEB] POST /api/v1/game/action 159ms
[09:05:34.394 +01:46:40.050] [WEB] POST /api/v1/game/action 149ms
[09:05:35.883 +01:46:41.538] [WEB] POST /api/v1/game/action 165ms
[09:05:37.360 +01:46:43.016] [WEB] POST /api/v1/game/action 151ms
[09:05:38.867 +01:46:44.522] [WEB] POST /api/v1/game/action 159ms
[09:05:40.365 +01:46:46.021] [WEB] POST /api/v1/game/action 146ms
[09:05:41.877 +01:46:47.532] [WEB] POST /api/v1/game/action 166ms
[09:05:43.353 +01:46:49.008] [WEB] POST /api/v1/game/action 147ms
[09:05:44.870 +01:46:50.526] [WEB] POST /api/v1/game/action 157ms
[09:05:46.353 +01:46:52.008] [WEB] POST /api/v1/game/action 145ms
[09:05:47.873 +01:46:53.528] [WEB] POST /api/v1/game/action 163ms
[09:05:49.371 +01:46:55.027] [WEB] POST /api/v1/game/action 147ms
[09:05:50.869 +01:46:56.524] [WEB] POST /api/v1/game/action 163ms
[09:05:52.378 +01:46:58.034] [WEB] POST /api/v1/game/action 148ms
[09:05:53.867 +01:46:59.522] [WEB] POST /api/v1/game/action 161ms
[09:05:55.351 +01:47:01.007] [WEB] POST /api/v1/game/action 144ms
[09:05:56.871 +01:47:02.526] [WEB] POST /api/v1/game/action 162ms
[09:05:58.369 +01:47:04.025] [WEB] POST /api/v1/game/action 148ms
[09:05:59.856 +01:47:05.512] [WEB] POST /api/v1/game/action 148ms
[09:06:01.372 +01:47:07.028] [WEB] POST /api/v1/game/action 146ms
[09:06:02.867 +01:47:08.522] [WEB] POST /api/v1/game/action 160ms
[09:06:04.361 +01:47:10.017] [WEB] POST /api/v1/game/action 147ms
[09:06:05.874 +01:47:11.530] [WEB] POST /api/v1/game/action 167ms
[09:06:07.373 +01:47:13.029] [WEB] POST /api/v1/game/action 147ms
[09:06:08.876 +01:47:14.532] [WEB] POST /api/v1/game/action 159ms
[09:06:10.376 +01:47:16.032] [WEB] POST /api/v1/game/action 147ms
[09:06:11.871 +01:47:17.527] [WEB] POST /api/v1/game/action 150ms
[09:06:13.367 +01:47:19.023] [WEB] POST /api/v1/game/action 145ms
[09:06:14.856 +01:47:20.511] [WEB] POST /api/v1/game/action 149ms
[09:06:16.356 +01:47:22.011] [WEB] POST /api/v1/game/action 146ms
[09:06:17.869 +01:47:23.524] [WEB] POST /api/v1/game/action 163ms
[09:06:19.358 +01:47:25.014] [WEB] POST /api/v1/game/action 145ms
[09:06:20.868 +01:47:26.524] [WEB] POST /api/v1/game/action 158ms
[09:06:22.369 +01:47:28.025] [WEB] POST /api/v1/game/action 148ms
[09:06:23.865 +01:47:29.521] [WEB] POST /api/v1/game/action 158ms
[09:06:25.362 +01:47:31.018] [WEB] POST /api/v1/game/action 150ms
[09:06:26.856 +01:47:32.512] [WEB] POST /api/v1/game/action 149ms
[09:06:28.371 +01:47:34.027] [WEB] POST /api/v1/game/action 145ms
[09:06:29.868 +01:47:35.524] [WEB] POST /api/v1/game/action 161ms
[09:06:31.372 +01:47:37.027] [WEB] POST /api/v1/game/action 151ms
[09:06:32.865 +01:47:38.520] [WEB] POST /api/v1/game/action 154ms
[09:06:34.360 +01:47:40.016] [WEB] POST /api/v1/game/action 147ms
[09:06:35.858 +01:47:41.513] [WEB] POST /api/v1/game/action 149ms
[09:06:37.376 +01:47:43.032] [WEB] POST /api/v1/game/action 148ms
[09:06:38.869 +01:47:44.525] [WEB] POST /api/v1/game/action 162ms
[09:06:40.366 +01:47:46.022] [WEB] POST /api/v1/game/action 148ms
[09:06:41.861 +01:47:47.516] [WEB] POST /api/v1/game/action 146ms
[09:06:43.360 +01:47:49.015] [WEB] POST /api/v1/game/action 149ms
[09:06:44.856 +01:47:50.511] [WEB] POST /api/v1/game/action 149ms
[09:06:46.402 +01:47:52.058] [WEB] POST /api/v1/game/action 168ms
[09:06:47.871 +01:47:53.526] [WEB] POST /api/v1/game/action 164ms
[09:06:49.360 +01:47:55.015] [WEB] POST /api/v1/game/action 148ms
[09:06:50.875 +01:47:56.531] [WEB] POST /api/v1/game/action 169ms
[09:06:52.366 +01:47:58.022] [WEB] POST /api/v1/game/action 145ms
[09:06:53.863 +01:47:59.519] [WEB] POST /api/v1/game/action 156ms
[09:06:55.406 +01:48:01.062] [WEB] POST /api/v1/game/action 159ms
[09:06:56.877 +01:48:02.533] [WEB] POST /api/v1/game/action 165ms
[09:06:58.381 +01:48:04.036] [WEB] POST /api/v1/game/action 150ms
[09:06:59.874 +01:48:05.530] [WEB] POST /api/v1/game/action 167ms
[09:07:01.353 +01:48:07.009] [WEB] POST /api/v1/game/action 147ms
[09:07:02.870 +01:48:08.526] [WEB] POST /api/v1/game/action 163ms
[09:07:04.370 +01:48:10.026] [WEB] POST /api/v1/game/action 144ms
[09:07:05.866 +01:48:11.522] [WEB] POST /api/v1/game/action 160ms
[09:07:07.368 +01:48:13.024] [WEB] POST /api/v1/game/action 150ms
[09:07:08.861 +01:48:14.517] [WEB] POST /api/v1/game/action 147ms
[09:07:10.387 +01:48:16.043] [WEB] POST /api/v1/game/action 173ms
[09:07:11.857 +01:48:17.513] [WEB] POST /api/v1/game/action 150ms
[09:07:13.381 +01:48:19.037] [WEB] POST /api/v1/game/action 171ms
[09:07:14.858 +01:48:20.514] [WEB] POST /api/v1/game/action 151ms
[09:07:16.428 +01:48:22.083] [WEB] POST /api/v1/game/action 196ms
[09:07:17.874 +01:48:23.529] [WEB] POST /api/v1/game/action 161ms
[09:07:19.377 +01:48:25.033] [WEB] POST /api/v1/game/action 148ms
[09:07:20.869 +01:48:26.525] [WEB] POST /api/v1/game/action 161ms
[09:07:22.391 +01:48:28.047] [WEB] POST /api/v1/game/action 145ms
[09:07:23.868 +01:48:29.523] [WEB] POST /api/v1/game/action 161ms
[09:07:25.390 +01:48:31.045] [WEB] POST /api/v1/game/action 147ms
[09:07:26.873 +01:48:32.528] [WEB] POST /api/v1/game/action 166ms
[09:07:28.386 +01:48:34.041] [WEB] POST /api/v1/game/action 147ms
[09:07:29.851 +01:48:35.507] [WEB] POST /api/v1/game/action 145ms
[09:07:31.384 +01:48:37.039] [WEB] POST /api/v1/game/action 147ms
[09:07:32.858 +01:48:38.513] [WEB] POST /api/v1/game/action 149ms
[09:07:34.377 +01:48:40.032] [WEB] POST /api/v1/game/action 148ms
[09:07:35.859 +01:48:41.515] [WEB] POST /api/v1/game/action 151ms
[09:07:37.386 +01:48:43.042] [WEB] POST /api/v1/game/action 148ms
[09:07:38.859 +01:48:44.515] [WEB] POST /api/v1/game/action 151ms
[09:07:40.355 +01:48:46.010] [WEB] POST /api/v1/game/action 147ms
[09:07:41.871 +01:48:47.527] [WEB] POST /api/v1/game/action 162ms
[09:07:43.361 +01:48:49.017] [WEB] POST /api/v1/game/action 147ms
[09:07:44.872 +01:48:50.528] [WEB] POST /api/v1/game/action 152ms
[09:07:46.368 +01:48:52.024] [WEB] POST /api/v1/game/action 147ms
[09:07:47.858 +01:48:53.514] [WEB] POST /api/v1/game/action 149ms
[09:07:49.400 +01:48:55.055] [WEB] POST /api/v1/game/action 167ms
[09:07:50.866 +01:48:56.522] [WEB] POST /api/v1/game/action 159ms
[09:07:52.382 +01:48:58.037] [WEB] POST /api/v1/game/action 147ms
[09:07:53.869 +01:48:59.525] [WEB] POST /api/v1/game/action 159ms
[09:07:55.362 +01:49:01.018] [WEB] POST /api/v1/game/action 146ms
[09:07:56.857 +01:49:02.513] [WEB] POST /api/v1/game/action 147ms
[09:07:58.368 +01:49:04.024] [WEB] POST /api/v1/game/action 148ms
[09:07:59.891 +01:49:05.546] [WEB] POST /api/v1/game/action 173ms
[09:08:01.361 +01:49:07.017] [WEB] POST /api/v1/game/action 153ms
[09:08:02.886 +01:49:08.541] [WEB] POST /api/v1/game/action 170ms
[09:08:04.377 +01:49:10.033] [WEB] POST /api/v1/game/action 150ms
[09:08:05.877 +01:49:11.533] [WEB] POST /api/v1/game/action 170ms
[09:08:07.376 +01:49:13.032] [WEB] POST /api/v1/game/action 147ms
[09:08:08.881 +01:49:14.536] [WEB] POST /api/v1/game/action 169ms
[09:08:10.371 +01:49:16.027] [WEB] POST /api/v1/game/action 151ms
[09:08:11.864 +01:49:17.519] [WEB] POST /api/v1/game/action 156ms
[09:08:13.367 +01:49:19.023] [WEB] POST /api/v1/game/action 147ms
[09:08:14.862 +01:49:20.518] [WEB] POST /api/v1/game/action 152ms
[09:08:16.365 +01:49:22.021] [WEB] POST /api/v1/game/action 149ms
[09:08:17.855 +01:49:23.510] [WEB] POST /api/v1/game/action 147ms
[09:08:19.375 +01:49:25.031] [WEB] POST /api/v1/game/action 147ms
[09:08:20.865 +01:49:26.521] [WEB] POST /api/v1/game/action 158ms
[09:08:22.368 +01:49:28.024] [WEB] POST /api/v1/game/action 148ms
[09:08:23.864 +01:49:29.519] [WEB] POST /api/v1/game/action 156ms
[09:08:25.378 +01:49:31.034] [WEB] POST /api/v1/game/action 147ms
[09:08:26.868 +01:49:32.524] [WEB] POST /api/v1/game/action 161ms
[09:08:28.363 +01:49:34.019] [WEB] POST /api/v1/game/action 146ms
[09:08:29.856 +01:49:35.512] [WEB] POST /api/v1/game/action 148ms
[09:08:31.371 +01:49:37.027] [WEB] POST /api/v1/game/action 149ms
[09:08:32.866 +01:49:38.522] [WEB] POST /api/v1/game/action 159ms
[09:08:34.368 +01:49:40.024] [WEB] POST /api/v1/game/action 147ms
[09:08:35.862 +01:49:41.517] [WEB] POST /api/v1/game/action 154ms
[09:08:37.371 +01:49:43.026] [WEB] POST /api/v1/game/action 148ms
[09:08:38.864 +01:49:44.520] [WEB] POST /api/v1/game/action 155ms
[09:08:40.368 +01:49:46.024] [WEB] POST /api/v1/game/action 148ms
[09:08:41.884 +01:49:47.540] [WEB] POST /api/v1/game/action 164ms
[09:08:43.383 +01:49:49.039] [WEB] POST /api/v1/game/action 147ms
[09:08:44.869 +01:49:50.525] [WEB] POST /api/v1/game/action 162ms
[09:08:46.360 +01:49:52.016] [WEB] POST /api/v1/game/action 148ms
[09:08:47.874 +01:49:53.529] [WEB] POST /api/v1/game/action 165ms
[09:08:49.377 +01:49:55.032] [WEB] POST /api/v1/game/action 146ms
[09:08:50.854 +01:49:56.510] [WEB] POST /api/v1/game/action 146ms
[09:08:52.370 +01:49:58.026] [WEB] POST /api/v1/game/action 145ms
[09:08:53.874 +01:49:59.530] [WEB] POST /api/v1/game/action 166ms
[09:08:55.374 +01:50:01.030] [WEB] POST /api/v1/game/action 146ms
[09:08:56.865 +01:50:02.521] [WEB] POST /api/v1/game/action 154ms
[09:08:58.365 +01:50:04.021] [WEB] POST /api/v1/game/action 147ms
[09:08:59.869 +01:50:05.525] [WEB] POST /api/v1/game/action 158ms
[09:09:01.357 +01:50:07.013] [WEB] POST /api/v1/game/action 149ms
[09:09:02.881 +01:50:08.537] [WEB] POST /api/v1/game/action 159ms
[09:09:04.362 +01:50:10.018] [WEB] POST /api/v1/game/action 151ms
[09:09:05.868 +01:50:11.524] [WEB] POST /api/v1/game/action 159ms
[09:09:07.379 +01:50:13.034] [WEB] POST /api/v1/game/action 147ms
[09:09:08.870 +01:50:14.526] [WEB] POST /api/v1/game/action 159ms
[09:09:10.379 +01:50:16.034] [WEB] POST /api/v1/game/action 151ms
[09:09:11.873 +01:50:17.528] [WEB] POST /api/v1/game/action 161ms
[09:09:13.372 +01:50:19.028] [WEB] POST /api/v1/game/action 152ms
[09:09:14.869 +01:50:20.525] [WEB] POST /api/v1/game/action 161ms
[09:09:16.375 +01:50:22.031] [WEB] POST /api/v1/game/action 147ms
[09:09:17.863 +01:50:23.519] [WEB] POST /api/v1/game/action 155ms
[09:09:19.365 +01:50:25.021] [WEB] POST /api/v1/game/action 149ms
[09:09:20.859 +01:50:26.515] [WEB] POST /api/v1/game/action 150ms
[09:09:22.353 +01:50:28.009] [WEB] POST /api/v1/game/action 145ms
[09:09:23.864 +01:50:29.520] [WEB] POST /api/v1/game/action 157ms
[09:09:25.387 +01:50:31.042] [WEB] POST /api/v1/game/action 165ms
[09:09:26.858 +01:50:32.514] [WEB] POST /api/v1/game/action 147ms
[09:09:28.375 +01:50:34.030] [WEB] POST /api/v1/game/action 145ms
[09:09:29.875 +01:50:35.530] [WEB] POST /api/v1/game/action 158ms
[09:09:31.370 +01:50:37.026] [WEB] POST /api/v1/game/action 146ms
[09:09:32.866 +01:50:38.522] [WEB] POST /api/v1/game/action 158ms
[09:09:34.370 +01:50:40.025] [WEB] POST /api/v1/game/action 146ms
[09:09:35.867 +01:50:41.523] [WEB] POST /api/v1/game/action 158ms
[09:09:37.386 +01:50:43.041] [WEB] POST /api/v1/game/action 171ms
[09:09:38.873 +01:50:44.528] [WEB] POST /api/v1/game/action 164ms
[09:09:40.366 +01:50:46.022] [WEB] POST /api/v1/game/action 148ms
[09:09:41.864 +01:50:47.520] [WEB] POST /api/v1/game/action 152ms
[09:09:43.377 +01:50:49.032] [WEB] POST /api/v1/game/action 145ms
[09:09:44.864 +01:50:50.519] [WEB] POST /api/v1/game/action 152ms
[09:09:46.357 +01:50:52.012] [WEB] POST /api/v1/game/action 145ms
[09:09:47.873 +01:50:53.529] [WEB] POST /api/v1/game/action 160ms
[09:09:49.372 +01:50:55.027] [WEB] POST /api/v1/game/action 149ms
[09:09:50.866 +01:50:56.521] [WEB] POST /api/v1/game/action 158ms
[09:09:52.364 +01:50:58.020] [WEB] POST /api/v1/game/action 148ms
[09:09:53.859 +01:50:59.515] [WEB] POST /api/v1/game/action 150ms
[09:09:55.360 +01:51:01.015] [WEB] POST /api/v1/game/action 146ms
[09:09:56.870 +01:51:02.525] [WEB] POST /api/v1/game/action 160ms
[09:09:58.372 +01:51:04.028] [WEB] POST /api/v1/game/action 148ms
[09:09:59.882 +01:51:05.538] [WEB] POST /api/v1/game/action 167ms
[09:10:01.355 +01:51:07.011] [WEB] POST /api/v1/game/action 145ms
[09:10:02.868 +01:51:08.524] [WEB] POST /api/v1/game/action 158ms
[09:10:04.383 +01:51:10.039] [WEB] POST /api/v1/game/action 147ms
[09:10:05.871 +01:51:11.526] [WEB] POST /api/v1/game/action 158ms
[09:10:07.398 +01:51:13.053] [WEB] POST /api/v1/game/action 168ms
[09:10:08.877 +01:51:14.532] [WEB] POST /api/v1/game/action 168ms
[09:10:10.361 +01:51:16.017] [WEB] POST /api/v1/game/action 145ms
[09:10:11.856 +01:51:17.512] [WEB] POST /api/v1/game/action 146ms
[09:10:13.377 +01:51:19.033] [WEB] POST /api/v1/game/action 150ms
[09:10:14.869 +01:51:20.525] [WEB] POST /api/v1/game/action 160ms
[09:10:16.366 +01:51:22.021] [WEB] POST /api/v1/game/action 148ms
[09:10:17.862 +01:51:23.517] [WEB] POST /api/v1/game/action 152ms
[09:10:19.377 +01:51:25.033] [WEB] POST /api/v1/game/action 146ms
[09:10:20.873 +01:51:26.529] [WEB] POST /api/v1/game/action 164ms
[09:10:22.369 +01:51:28.025] [WEB] POST /api/v1/game/action 144ms
[09:10:23.870 +01:51:29.526] [WEB] POST /api/v1/game/action 162ms
[09:10:25.395 +01:51:31.051] [WEB] POST /api/v1/game/action 172ms
[09:10:26.864 +01:51:32.520] [WEB] POST /api/v1/game/action 154ms
[09:10:28.392 +01:51:34.048] [WEB] POST /api/v1/game/action 149ms
[09:10:29.863 +01:51:35.519] [WEB] POST /api/v1/game/action 153ms
[09:10:31.366 +01:51:37.021] [WEB] POST /api/v1/game/action 146ms
[09:10:32.874 +01:51:38.529] [WEB] POST /api/v1/game/action 165ms
[09:10:34.368 +01:51:40.024] [WEB] POST /api/v1/game/action 147ms
[09:10:35.866 +01:51:41.522] [WEB] POST /api/v1/game/action 158ms
[09:10:37.359 +01:51:43.015] [WEB] POST /api/v1/game/action 147ms
[09:10:38.868 +01:51:44.524] [WEB] POST /api/v1/game/action 160ms
[09:10:40.388 +01:51:46.044] [WEB] POST /api/v1/game/action 168ms
[09:10:41.874 +01:51:47.530] [WEB] POST /api/v1/game/action 165ms
[09:10:43.369 +01:51:49.025] [WEB] POST /api/v1/game/action 148ms
[09:10:44.858 +01:51:50.513] [WEB] POST /api/v1/game/action 149ms
[09:10:46.375 +01:51:52.030] [WEB] POST /api/v1/game/action 148ms
[09:10:47.857 +01:51:53.513] [WEB] POST /api/v1/game/action 148ms
[09:10:49.355 +01:51:55.011] [WEB] POST /api/v1/game/action 146ms
[09:10:50.870 +01:51:56.525] [WEB] POST /api/v1/game/action 160ms
[09:10:52.377 +01:51:58.032] [WEB] POST /api/v1/game/action 147ms
[09:10:53.870 +01:51:59.526] [WEB] POST /api/v1/game/action 161ms
[09:10:55.365 +01:52:01.021] [WEB] POST /api/v1/game/action 149ms
[09:10:56.858 +01:52:02.514] [WEB] POST /api/v1/game/action 147ms
[09:10:58.377 +01:52:04.033] [WEB] POST /api/v1/game/action 147ms
[09:10:59.862 +01:52:05.518] [WEB] POST /api/v1/game/action 153ms
[09:11:01.357 +01:52:07.013] [WEB] POST /api/v1/game/action 148ms
[09:11:02.864 +01:52:08.520] [WEB] POST /api/v1/game/action 154ms
[09:11:04.381 +01:52:10.037] [WEB] POST /api/v1/game/action 148ms
[09:11:05.875 +01:52:11.531] [WEB] POST /api/v1/game/action 160ms
[09:11:07.374 +01:52:13.030] [WEB] POST /api/v1/game/action 149ms
[09:11:08.877 +01:52:14.533] [WEB] POST /api/v1/game/action 166ms
[09:11:10.374 +01:52:16.030] [WEB] POST /api/v1/game/action 148ms
[09:11:11.866 +01:52:17.521] [WEB] POST /api/v1/game/action 157ms
[09:11:13.373 +01:52:19.028] [WEB] POST /api/v1/game/action 147ms
[09:11:14.864 +01:52:20.519] [WEB] POST /api/v1/game/action 155ms
[09:11:16.364 +01:52:22.020] [WEB] POST /api/v1/game/action 146ms
[09:11:17.880 +01:52:23.536] [WEB] POST /api/v1/game/action 170ms
[09:11:19.363 +01:52:25.019] [WEB] POST /api/v1/game/action 145ms
[09:11:20.875 +01:52:26.531] [WEB] POST /api/v1/game/action 166ms
[09:11:22.371 +01:52:28.027] [WEB] POST /api/v1/game/action 145ms
[09:11:23.867 +01:52:29.523] [WEB] POST /api/v1/game/action 158ms
[09:11:25.378 +01:52:31.034] [WEB] POST /api/v1/game/action 145ms
[09:11:26.872 +01:52:32.528] [WEB] POST /api/v1/game/action 161ms
[09:11:28.369 +01:52:34.025] [WEB] POST /api/v1/game/action 147ms
[09:11:29.863 +01:52:35.519] [WEB] POST /api/v1/game/action 151ms
[09:11:31.360 +01:52:37.016] [WEB] POST /api/v1/game/action 148ms
[09:11:32.872 +01:52:38.527] [WEB] POST /api/v1/game/action 163ms
[09:11:34.364 +01:52:40.020] [WEB] POST /api/v1/game/action 147ms
[09:11:35.858 +01:52:41.514] [WEB] POST /api/v1/game/action 149ms
[09:11:37.377 +01:52:43.032] [WEB] POST /api/v1/game/action 151ms
[09:11:38.866 +01:52:44.521] [WEB] POST /api/v1/game/action 157ms
[09:11:40.363 +01:52:46.018] [WEB] POST /api/v1/game/action 146ms
[09:11:41.876 +01:52:47.532] [WEB] POST /api/v1/game/action 167ms
[09:11:43.383 +01:52:49.038] [WEB] POST /api/v1/game/action 150ms
[09:11:44.870 +01:52:50.526] [WEB] POST /api/v1/game/action 161ms
[09:11:46.368 +01:52:52.024] [WEB] POST /api/v1/game/action 147ms
[09:11:47.863 +01:52:53.518] [WEB] POST /api/v1/game/action 153ms
[09:11:49.379 +01:52:55.035] [WEB] POST /api/v1/game/action 146ms
[09:11:50.874 +01:52:56.530] [WEB] POST /api/v1/game/action 164ms
[09:11:52.362 +01:52:58.018] [WEB] POST /api/v1/game/action 149ms
[09:11:53.876 +01:52:59.531] [WEB] POST /api/v1/game/action 164ms
[09:11:55.379 +01:53:01.035] [WEB] POST /api/v1/game/action 147ms
[09:11:56.867 +01:53:02.523] [WEB] POST /api/v1/game/action 156ms
[09:11:58.366 +01:53:04.022] [WEB] POST /api/v1/game/action 152ms
[09:11:59.859 +01:53:05.514] [WEB] POST /api/v1/game/action 150ms
[09:12:01.365 +01:53:07.020] [WEB] POST /api/v1/game/action 148ms
[09:12:02.878 +01:53:08.533] [WEB] POST /api/v1/game/action 166ms
[09:12:04.427 +01:53:10.083] [WEB] POST /api/v1/game/action 192ms
[09:12:05.877 +01:53:11.533] [WEB] POST /api/v1/game/action 157ms
[09:12:07.431 +01:53:13.087] [WEB] POST /api/v1/game/action 205ms
[09:12:08.865 +01:53:14.521] [WEB] POST /api/v1/game/action 155ms
[09:12:10.375 +01:53:16.030] [WEB] POST /api/v1/game/action 150ms
[09:12:11.882 +01:53:17.538] [WEB] POST /api/v1/game/action 168ms
[09:12:13.368 +01:53:19.024] [WEB] POST /api/v1/game/action 149ms
[09:12:14.866 +01:53:20.521] [WEB] POST /api/v1/game/action 154ms
[09:12:16.423 +01:53:22.079] [WEB] POST /api/v1/game/action 163ms
[09:12:17.865 +01:53:23.521] [WEB] POST /api/v1/game/action 155ms
[09:12:19.376 +01:53:25.032] [WEB] POST /api/v1/game/action 146ms
[09:12:20.875 +01:53:26.531] [WEB] POST /api/v1/game/action 165ms
[09:12:22.373 +01:53:28.028] [WEB] POST /api/v1/game/action 146ms
[09:12:23.863 +01:53:29.518] [WEB] POST /api/v1/game/action 152ms
[09:12:25.382 +01:53:31.038] [WEB] POST /api/v1/game/action 148ms
[09:12:26.888 +01:53:32.543] [WEB] POST /api/v1/game/action 167ms
[09:12:28.364 +01:53:34.019] [WEB] POST /api/v1/game/action 147ms
[09:12:29.876 +01:53:35.532] [WEB] POST /api/v1/game/action 165ms
[09:12:31.394 +01:53:37.049] [WEB] POST /api/v1/game/action 170ms
[09:12:32.864 +01:53:38.519] [WEB] POST /api/v1/game/action 153ms
[09:12:34.371 +01:53:40.027] [WEB] POST /api/v1/game/action 148ms
[09:12:35.870 +01:53:41.526] [WEB] POST /api/v1/game/action 160ms
[09:12:37.363 +01:53:43.019] [WEB] POST /api/v1/game/action 148ms
[09:12:38.879 +01:53:44.535] [WEB] POST /api/v1/game/action 168ms
[09:12:40.381 +01:53:46.037] [WEB] POST /api/v1/game/action 148ms
[09:12:41.870 +01:53:47.526] [WEB] POST /api/v1/game/action 159ms
[09:12:43.371 +01:53:49.026] [WEB] POST /api/v1/game/action 146ms
[09:12:44.861 +01:53:50.516] [WEB] POST /api/v1/game/action 151ms
[09:12:46.362 +01:53:52.018] [WEB] POST /api/v1/game/action 148ms
[09:12:47.873 +01:53:53.529] [WEB] POST /api/v1/game/action 162ms
[09:12:49.379 +01:53:55.034] [WEB] POST /api/v1/game/action 147ms
[09:12:50.889 +01:53:56.545] [WEB] POST /api/v1/game/action 164ms
[09:12:52.385 +01:53:58.041] [WEB] POST /api/v1/game/action 150ms
[09:12:53.877 +01:53:59.532] [WEB] POST /api/v1/game/action 162ms
[09:12:55.394 +01:54:01.050] [WEB] POST /api/v1/game/action 147ms
[09:12:56.866 +01:54:02.522] [WEB] POST /api/v1/game/action 151ms
[09:12:58.373 +01:54:04.029] [WEB] POST /api/v1/game/action 147ms
[09:12:59.868 +01:54:05.524] [WEB] POST /api/v1/game/action 150ms
[09:13:01.359 +01:54:07.015] [WEB] POST /api/v1/game/action 144ms
[09:13:02.873 +01:54:08.528] [WEB] POST /api/v1/game/action 153ms
[09:13:04.408 +01:54:10.064] [WEB] POST /api/v1/game/action 172ms
[09:13:05.874 +01:54:11.530] [WEB] POST /api/v1/game/action 162ms
[09:13:07.363 +01:54:13.019] [WEB] POST /api/v1/game/action 146ms
[09:13:08.872 +01:54:14.528] [WEB] POST /api/v1/game/action 152ms
[09:13:10.374 +01:54:16.030] [WEB] POST /api/v1/game/action 147ms
[09:13:11.859 +01:54:17.514] [WEB] POST /api/v1/game/action 148ms
[09:13:13.361 +01:54:19.017] [WEB] POST /api/v1/game/action 147ms
[09:13:14.869 +01:54:20.524] [WEB] POST /api/v1/game/action 156ms
[09:13:16.367 +01:54:22.023] [WEB] POST /api/v1/game/action 149ms
[09:13:17.867 +01:54:23.522] [WEB] POST /api/v1/game/action 156ms
[09:13:19.827 +01:54:25.483] [WEB] POST /api/v1/game/action 497ms
[09:13:20.869 +01:54:26.524] [WEB] POST /api/v1/game/action 157ms
[09:13:22.359 +01:54:28.015] [WEB] POST /api/v1/game/action 147ms
[09:13:23.880 +01:54:29.536] [WEB] POST /api/v1/game/action 169ms
[09:13:25.378 +01:54:31.034] [WEB] POST /api/v1/game/action 146ms
[09:13:26.876 +01:54:32.532] [WEB] POST /api/v1/game/action 150ms
[09:13:28.365 +01:54:34.021] [WEB] POST /api/v1/game/action 150ms
[09:13:29.865 +01:54:35.521] [WEB] POST /api/v1/game/action 155ms
[09:13:31.381 +01:54:37.037] [WEB] POST /api/v1/game/action 148ms
[09:13:32.870 +01:54:38.526] [WEB] POST /api/v1/game/action 157ms
[09:13:34.385 +01:54:40.041] [WEB] POST /api/v1/game/action 151ms
[09:13:35.878 +01:54:41.534] [WEB] POST /api/v1/game/action 167ms
[09:13:37.381 +01:54:43.037] [WEB] POST /api/v1/game/action 149ms
[09:13:38.876 +01:54:44.531] [WEB] POST /api/v1/game/action 159ms
[09:13:40.379 +01:54:46.034] [WEB] POST /api/v1/game/action 148ms
[09:13:41.867 +01:54:47.523] [WEB] POST /api/v1/game/action 156ms
[09:13:43.365 +01:54:49.020] [WEB] POST /api/v1/game/action 147ms
[09:13:44.878 +01:54:50.533] [WEB] POST /api/v1/game/action 166ms
[09:13:46.402 +01:54:52.057] [WEB] POST /api/v1/game/action 170ms
[09:13:47.871 +01:54:53.527] [WEB] POST /api/v1/game/action 161ms
[09:13:49.396 +01:54:55.051] [WEB] POST /api/v1/game/action 181ms
[09:13:50.889 +01:54:56.545] [WEB] POST /api/v1/game/action 175ms
[09:13:52.377 +01:54:58.033] [WEB] POST /api/v1/game/action 148ms
[09:13:53.870 +01:54:59.526] [WEB] POST /api/v1/game/action 154ms
[09:13:55.373 +01:55:01.029] [WEB] POST /api/v1/game/action 147ms
[09:13:56.867 +01:55:02.522] [WEB] POST /api/v1/game/action 149ms
[09:13:58.364 +01:55:04.020] [WEB] POST /api/v1/game/action 147ms
[09:13:59.865 +01:55:05.520] [WEB] POST /api/v1/game/action 154ms
[09:14:01.364 +01:55:07.020] [WEB] POST /api/v1/game/action 148ms
[09:14:02.878 +01:55:08.533] [WEB] POST /api/v1/game/action 167ms
[09:14:04.363 +01:55:10.018] [WEB] POST /api/v1/game/action 145ms
[09:14:05.872 +01:55:11.527] [WEB] POST /api/v1/game/action 161ms
[09:14:07.362 +01:55:13.018] [WEB] POST /api/v1/game/action 147ms
[09:14:08.856 +01:55:14.512] [WEB] POST /api/v1/game/action 145ms
[09:14:10.363 +01:55:16.018] [WEB] POST /api/v1/game/action 146ms
[09:14:11.874 +01:55:17.530] [WEB] POST /api/v1/game/action 159ms
[09:14:13.370 +01:55:19.026] [WEB] POST /api/v1/game/action 147ms
[09:14:14.868 +01:55:20.524] [WEB] POST /api/v1/game/action 149ms
[09:14:16.400 +01:55:22.055] [WEB] POST /api/v1/game/action 156ms
[09:14:17.873 +01:55:23.528] [WEB] POST /api/v1/game/action 162ms
[09:14:19.391 +01:55:25.047] [WEB] POST /api/v1/game/action 157ms
[09:14:20.863 +01:55:26.518] [WEB] POST /api/v1/game/action 148ms
[09:14:22.365 +01:55:28.021] [WEB] POST /api/v1/game/action 146ms
[09:14:23.882 +01:55:29.538] [WEB] POST /api/v1/game/action 163ms
[09:14:25.384 +01:55:31.040] [WEB] POST /api/v1/game/action 150ms
[09:14:26.858 +01:55:32.514] [WEB] POST /api/v1/game/action 147ms
[09:14:28.398 +01:55:34.054] [WEB] POST /api/v1/game/action 172ms
[09:14:29.862 +01:55:35.518] [WEB] POST /api/v1/game/action 150ms
[09:14:31.365 +01:55:37.021] [WEB] POST /api/v1/game/action 146ms
[09:14:32.867 +01:55:38.523] [WEB] POST /api/v1/game/action 151ms
[09:14:34.369 +01:55:40.025] [WEB] POST /api/v1/game/action 148ms
[09:14:35.865 +01:55:41.521] [WEB] POST /api/v1/game/action 147ms
[09:14:37.367 +01:55:43.022] [WEB] POST /api/v1/game/action 148ms
[09:14:38.876 +01:55:44.532] [WEB] POST /api/v1/game/action 164ms
[09:14:40.379 +01:55:46.035] [WEB] POST /api/v1/game/action 147ms
[09:14:41.878 +01:55:47.534] [WEB] POST /api/v1/game/action 166ms
[09:14:43.381 +01:55:49.037] [WEB] POST /api/v1/game/action 148ms
[09:14:44.870 +01:55:50.526] [WEB] POST /api/v1/game/action 159ms
[09:14:46.387 +01:55:52.043] [WEB] POST /api/v1/game/action 149ms
[09:14:47.875 +01:55:53.530] [WEB] POST /api/v1/game/action 156ms
[09:14:49.371 +01:55:55.026] [WEB] POST /api/v1/game/action 155ms
[09:14:50.874 +01:55:56.530] [WEB] POST /api/v1/game/action 160ms
[09:14:52.375 +01:55:58.031] [WEB] POST /api/v1/game/action 146ms
[09:14:53.875 +01:55:59.530] [WEB] POST /api/v1/game/action 158ms
[09:14:55.373 +01:56:01.029] [WEB] POST /api/v1/game/action 148ms
[09:14:56.865 +01:56:02.521] [WEB] POST /api/v1/game/action 154ms
[09:14:58.416 +01:56:04.072] [WEB] POST /api/v1/game/action 169ms
[09:14:59.882 +01:56:05.538] [WEB] POST /api/v1/game/action 162ms
[09:15:01.363 +01:56:07.019] [WEB] POST /api/v1/game/action 149ms
[09:15:02.878 +01:56:08.534] [WEB] POST /api/v1/game/action 167ms
[09:15:04.369 +01:56:10.025] [WEB] POST /api/v1/game/action 149ms
[09:15:05.860 +01:56:11.515] [WEB] POST /api/v1/game/action 146ms
[09:15:07.369 +01:56:13.025] [WEB] POST /api/v1/game/action 147ms
[09:15:08.867 +01:56:14.522] [WEB] POST /api/v1/game/action 155ms
[09:15:10.369 +01:56:16.025] [WEB] POST /api/v1/game/action 146ms
[09:15:11.865 +01:56:17.520] [WEB] POST /api/v1/game/action 152ms
[09:15:13.364 +01:56:19.020] [WEB] POST /api/v1/game/action 144ms
[09:15:14.877 +01:56:20.533] [WEB] POST /api/v1/game/action 165ms
[09:15:16.384 +01:56:22.040] [WEB] POST /api/v1/game/action 151ms
[09:15:17.877 +01:56:23.533] [WEB] POST /api/v1/game/action 160ms
[09:15:19.418 +01:56:25.073] [WEB] POST /api/v1/game/action 187ms
[09:15:20.880 +01:56:26.536] [WEB] POST /api/v1/game/action 167ms
[09:15:22.370 +01:56:28.025] [WEB] POST /api/v1/game/action 147ms
[09:15:23.865 +01:56:29.520] [WEB] POST /api/v1/game/action 151ms
[09:15:25.414 +01:56:31.069] [WEB] POST /api/v1/game/action 172ms
[09:15:26.873 +01:56:32.529] [WEB] POST /api/v1/game/action 161ms
[09:15:28.371 +01:56:34.027] [WEB] POST /api/v1/game/action 146ms
[09:15:29.860 +01:56:35.516] [WEB] POST /api/v1/game/action 149ms
[09:15:31.378 +01:56:37.034] [WEB] POST /api/v1/game/action 148ms
[09:15:32.876 +01:56:38.531] [WEB] POST /api/v1/game/action 163ms
[09:15:34.374 +01:56:40.030] [WEB] POST /api/v1/game/action 148ms
[09:15:35.872 +01:56:41.528] [WEB] POST /api/v1/game/action 160ms
[09:15:37.367 +01:56:43.023] [WEB] POST /api/v1/game/action 149ms
[09:15:38.887 +01:56:44.543] [WEB] POST /api/v1/game/action 168ms
[09:15:40.384 +01:56:46.040] [WEB] POST /api/v1/game/action 148ms
[09:15:41.872 +01:56:47.528] [WEB] POST /api/v1/game/action 160ms
[09:15:43.369 +01:56:49.025] [WEB] POST /api/v1/game/action 149ms
[09:15:44.876 +01:56:50.532] [WEB] POST /api/v1/game/action 164ms
[09:15:46.369 +01:56:52.025] [WEB] POST /api/v1/game/action 148ms
[09:15:47.884 +01:56:53.539] [WEB] POST /api/v1/game/action 167ms
[09:15:49.380 +01:56:55.036] [WEB] POST /api/v1/game/action 148ms
[09:15:50.901 +01:56:56.557] [WEB] POST /api/v1/game/action 184ms
[09:15:52.376 +01:56:58.032] [WEB] POST /api/v1/game/action 146ms
[09:15:53.873 +01:56:59.529] [WEB] POST /api/v1/game/action 161ms
[09:15:55.397 +01:57:01.053] [WEB] POST /api/v1/game/action 170ms
[09:15:56.868 +01:57:02.523] [WEB] POST /api/v1/game/action 155ms
[09:15:58.366 +01:57:04.022] [WEB] POST /api/v1/game/action 145ms
[09:15:59.857 +01:57:05.512] [WEB] POST /api/v1/game/action 146ms
[09:16:01.361 +01:57:07.017] [WEB] POST /api/v1/game/action 148ms
[09:16:02.869 +01:57:08.525] [WEB] POST /api/v1/game/action 156ms
[09:16:04.362 +01:57:10.018] [WEB] POST /api/v1/game/action 151ms
[09:16:05.876 +01:57:11.531] [WEB] POST /api/v1/game/action 163ms
[09:16:07.384 +01:57:13.040] [WEB] POST /api/v1/game/action 151ms
[09:16:08.878 +01:57:14.533] [WEB] POST /api/v1/game/action 159ms
[09:16:10.379 +01:57:16.035] [WEB] POST /api/v1/game/action 148ms
[09:16:11.871 +01:57:17.527] [WEB] POST /api/v1/game/action 159ms
[09:16:13.378 +01:57:19.034] [WEB] POST /api/v1/game/action 145ms
[09:16:14.867 +01:57:20.523] [WEB] POST /api/v1/game/action 150ms
[09:16:16.369 +01:57:22.025] [WEB] POST /api/v1/game/action 148ms
[09:16:17.860 +01:57:23.515] [WEB] POST /api/v1/game/action 146ms
[09:16:19.372 +01:57:25.027] [WEB] POST /api/v1/game/action 149ms
[09:16:20.880 +01:57:26.536] [WEB] POST /api/v1/game/action 166ms
[09:16:22.388 +01:57:28.044] [WEB] POST /api/v1/game/action 152ms
[09:16:23.871 +01:57:29.527] [WEB] POST /api/v1/game/action 156ms
[09:16:25.396 +01:57:31.052] [WEB] POST /api/v1/game/action 168ms
[09:16:26.865 +01:57:32.521] [WEB] POST /api/v1/game/action 151ms
[09:16:28.385 +01:57:34.040] [WEB] POST /api/v1/game/action 150ms
[09:16:29.880 +01:57:35.535] [WEB] POST /api/v1/game/action 161ms
[09:16:31.370 +01:57:37.026] [WEB] POST /api/v1/game/action 147ms
[09:16:32.871 +01:57:38.526] [WEB] POST /api/v1/game/action 148ms
[09:16:34.366 +01:57:40.022] [WEB] POST /api/v1/game/action 148ms
[09:16:35.876 +01:57:41.531] [WEB] POST /api/v1/game/action 164ms
[09:16:37.377 +01:57:43.032] [WEB] POST /api/v1/game/action 147ms
[09:16:38.863 +01:57:44.518] [WEB] POST /api/v1/game/action 150ms
[09:16:40.379 +01:57:46.035] [WEB] POST /api/v1/game/action 151ms
[09:16:41.873 +01:57:47.529] [WEB] POST /api/v1/game/action 159ms
[09:16:43.368 +01:57:49.023] [WEB] POST /api/v1/game/action 149ms
[09:16:44.870 +01:57:50.525] [WEB] POST /api/v1/game/action 156ms
[09:16:46.366 +01:57:52.022] [WEB] POST /api/v1/game/action 148ms
[09:16:47.861 +01:57:53.517] [WEB] POST /api/v1/game/action 149ms
[09:16:49.385 +01:57:55.041] [WEB] POST /api/v1/game/action 151ms
[09:16:50.882 +01:57:56.538] [WEB] POST /api/v1/game/action 162ms
[09:16:52.401 +01:57:58.057] [WEB] POST /api/v1/game/action 172ms
[09:16:53.875 +01:57:59.531] [WEB] POST /api/v1/game/action 163ms
[09:16:55.366 +01:58:01.022] [WEB] POST /api/v1/game/action 152ms
[09:16:56.858 +01:58:02.514] [WEB] POST /api/v1/game/action 145ms
[09:16:58.375 +01:58:04.031] [WEB] POST /api/v1/game/action 149ms
[09:16:59.861 +01:58:05.517] [WEB] POST /api/v1/game/action 149ms
[09:17:01.360 +01:58:07.016] [WEB] POST /api/v1/game/action 144ms
[09:17:02.876 +01:58:08.532] [WEB] POST /api/v1/game/action 162ms
[09:17:04.378 +01:58:10.034] [WEB] POST /api/v1/game/action 150ms
[09:17:05.877 +01:58:11.533] [WEB] POST /api/v1/game/action 164ms
[09:17:07.360 +01:58:13.016] [WEB] POST /api/v1/game/action 145ms
[09:17:08.878 +01:58:14.534] [WEB] POST /api/v1/game/action 155ms
[09:17:10.407 +01:58:16.063] [WEB] POST /api/v1/game/action 169ms
[09:17:11.878 +01:58:17.534] [WEB] POST /api/v1/game/action 156ms
[09:17:13.373 +01:58:19.029] [WEB] POST /api/v1/game/action 145ms
[09:17:14.863 +01:58:20.518] [WEB] POST /api/v1/game/action 150ms
[09:17:16.364 +01:58:22.019] [WEB] POST /api/v1/game/action 148ms
[09:17:17.876 +01:58:23.532] [WEB] POST /api/v1/game/action 164ms
[09:17:19.370 +01:58:25.026] [WEB] POST /api/v1/game/action 150ms
[09:17:20.873 +01:58:26.529] [WEB] POST /api/v1/game/action 159ms
[09:17:22.366 +01:58:28.021] [WEB] POST /api/v1/game/action 150ms
[09:17:23.862 +01:58:29.518] [WEB] POST /api/v1/game/action 150ms
[09:17:25.382 +01:58:31.038] [WEB] POST /api/v1/game/action 169ms
[09:17:26.874 +01:58:32.530] [WEB] POST /api/v1/game/action 162ms
[09:17:28.380 +01:58:34.036] [WEB] POST /api/v1/game/action 146ms
[09:17:29.870 +01:58:35.526] [WEB] POST /api/v1/game/action 157ms
[09:17:31.365 +01:58:37.021] [WEB] POST /api/v1/game/action 149ms
[09:17:32.860 +01:58:38.515] [WEB] POST /api/v1/game/action 146ms
[09:17:34.382 +01:58:40.037] [WEB] POST /api/v1/game/action 149ms
[09:17:35.869 +01:58:41.524] [WEB] POST /api/v1/game/action 155ms
[09:17:37.429 +01:58:43.084] [WEB] POST /api/v1/game/action 192ms
[09:17:38.871 +01:58:44.527] [WEB] POST /api/v1/game/action 158ms
[09:17:40.364 +01:58:46.019] [WEB] POST /api/v1/game/action 147ms
[09:17:41.877 +01:58:47.533] [WEB] POST /api/v1/game/action 158ms
[09:17:43.375 +01:58:49.031] [WEB] POST /api/v1/game/action 146ms
[09:17:44.870 +01:58:50.526] [WEB] POST /api/v1/game/action 157ms
[09:17:46.378 +01:58:52.033] [WEB] POST /api/v1/game/action 150ms
[09:17:47.870 +01:58:53.526] [WEB] POST /api/v1/game/action 157ms
[09:17:49.374 +01:58:55.029] [WEB] POST /api/v1/game/action 151ms
[09:17:50.873 +01:58:56.529] [WEB] POST /api/v1/game/action 148ms
[09:17:52.373 +01:58:58.029] [WEB] POST /api/v1/game/action 146ms
[09:17:53.871 +01:58:59.527] [WEB] POST /api/v1/game/action 158ms
[09:17:55.390 +01:59:01.046] [WEB] POST /api/v1/game/action 149ms
[09:17:56.875 +01:59:02.530] [WEB] POST /api/v1/game/action 159ms
[09:17:58.372 +01:59:04.028] [WEB] POST /api/v1/game/action 145ms
[09:17:59.872 +01:59:05.527] [WEB] POST /api/v1/game/action 158ms
[09:18:01.390 +01:59:07.046] [WEB] POST /api/v1/game/action 149ms
[09:18:02.885 +01:59:08.540] [WEB] POST /api/v1/game/action 165ms
[09:18:04.385 +01:59:10.041] [WEB] POST /api/v1/game/action 147ms
[09:18:05.875 +01:59:11.530] [WEB] POST /api/v1/game/action 151ms
[09:18:07.370 +01:59:13.026] [WEB] POST /api/v1/game/action 147ms
[09:18:08.871 +01:59:14.526] [WEB] POST /api/v1/game/action 158ms
[09:18:10.369 +01:59:16.025] [WEB] POST /api/v1/game/action 150ms
[09:18:11.891 +01:59:17.547] [WEB] POST /api/v1/game/action 166ms
[09:18:13.410 +01:59:19.066] [WEB] POST /api/v1/game/action 171ms
[09:18:14.862 +01:59:20.518] [WEB] POST /api/v1/game/action 147ms
[09:18:16.412 +01:59:22.068] [WEB] POST /api/v1/game/action 176ms
[09:18:17.883 +01:59:23.538] [WEB] POST /api/v1/game/action 167ms
[09:18:19.374 +01:59:25.030] [WEB] POST /api/v1/game/action 148ms
[09:18:20.889 +01:59:26.544] [WEB] POST /api/v1/game/action 167ms
[09:18:22.377 +01:59:28.032] [WEB] POST /api/v1/game/action 149ms
[09:18:23.873 +01:59:29.529] [WEB] POST /api/v1/game/action 160ms
[09:18:25.374 +01:59:31.030] [WEB] POST /api/v1/game/action 147ms
[09:18:26.890 +01:59:32.546] [WEB] POST /api/v1/game/action 164ms
[09:18:28.374 +01:59:34.030] [WEB] POST /api/v1/game/action 149ms
[09:18:29.886 +01:59:35.542] [WEB] POST /api/v1/game/action 159ms
[09:18:31.382 +01:59:37.038] [WEB] POST /api/v1/game/action 150ms
[09:18:32.873 +01:59:38.528] [WEB] POST /api/v1/game/action 158ms
[09:18:34.365 +01:59:40.021] [WEB] POST /api/v1/game/action 149ms
[09:18:35.881 +01:59:41.537] [WEB] POST /api/v1/game/action 167ms
[09:18:37.374 +01:59:43.029] [WEB] POST /api/v1/game/action 147ms
[09:18:38.889 +01:59:44.544] [WEB] POST /api/v1/game/action 167ms
[09:18:40.366 +01:59:46.022] [WEB] POST /api/v1/game/action 150ms
[09:18:41.862 +01:59:47.518] [WEB] POST /api/v1/game/action 149ms
[09:18:43.385 +01:59:49.041] [WEB] POST /api/v1/game/action 150ms
[09:18:44.875 +01:59:50.531] [WEB] POST /api/v1/game/action 162ms
[09:18:46.373 +01:59:52.029] [WEB] POST /api/v1/game/action 148ms
[09:18:47.883 +01:59:53.539] [WEB] POST /api/v1/game/action 160ms
[09:18:49.368 +01:59:55.024] [WEB] POST /api/v1/game/action 147ms
[09:18:50.863 +01:59:56.518] [WEB] POST /api/v1/game/action 146ms
[09:18:52.381 +01:59:58.036] [WEB] POST /api/v1/game/action 149ms
[09:18:53.876 +01:59:59.532] [WEB] POST /api/v1/game/action 160ms
[09:18:55.379 +01:00:01.034] [WEB] POST /api/v1/game/action 148ms
[09:18:56.870 +01:00:02.526] [WEB] POST /api/v1/game/action 157ms
[09:18:58.390 +01:00:04.046] [WEB] POST /api/v1/game/action 168ms
[09:18:59.864 +01:00:05.520] [WEB] POST /api/v1/game/action 151ms
[09:19:01.374 +01:00:07.030] [WEB] POST /api/v1/game/action 149ms
[09:19:02.868 +01:00:08.523] [WEB] POST /api/v1/game/action 154ms
[09:19:04.367 +01:00:10.022] [WEB] POST /api/v1/game/action 148ms
[09:19:05.870 +01:00:11.526] [WEB] POST /api/v1/game/action 156ms
[09:19:07.370 +01:00:13.026] [WEB] POST /api/v1/game/action 146ms
[09:19:08.876 +01:00:14.532] [WEB] POST /api/v1/game/action 163ms
[09:19:10.376 +01:00:16.031] [WEB] POST /api/v1/game/action 150ms
[09:19:11.867 +01:00:17.522] [WEB] POST /api/v1/game/action 152ms
[09:19:13.376 +01:00:19.032] [WEB] POST /api/v1/game/action 146ms
[09:19:14.941 +01:00:20.597] [WEB] POST /api/v1/game/action 223ms
[09:19:16.378 +01:00:22.034] [WEB] POST /api/v1/game/action 148ms
[09:19:17.878 +01:00:23.534] [WEB] POST /api/v1/game/action 164ms
[09:19:19.406 +01:00:25.061] [WEB] POST /api/v1/game/action 169ms
[09:19:20.883 +01:00:26.539] [WEB] POST /api/v1/game/action 163ms
[09:19:22.381 +01:00:28.037] [WEB] POST /api/v1/game/action 147ms
[09:19:23.874 +01:00:29.530] [WEB] POST /api/v1/game/action 147ms
[09:19:25.391 +01:00:31.047] [WEB] POST /api/v1/game/action 171ms
[09:19:26.888 +01:00:32.543] [WEB] POST /api/v1/game/action 159ms
[09:19:28.379 +01:00:34.035] [WEB] POST /api/v1/game/action 146ms
[09:19:29.865 +01:00:35.521] [WEB] POST /api/v1/game/action 150ms
[09:19:31.402 +01:00:37.057] [WEB] POST /api/v1/game/action 168ms
[09:19:32.865 +01:00:38.521] [WEB] POST /api/v1/game/action 151ms
[09:19:34.379 +01:00:40.035] [WEB] POST /api/v1/game/action 148ms
[09:19:35.868 +01:00:41.524] [WEB] POST /api/v1/game/action 153ms
[09:19:37.367 +01:00:43.023] [WEB] POST /api/v1/game/action 150ms
[09:19:38.886 +01:00:44.541] [WEB] POST /api/v1/game/action 165ms
[09:19:40.360 +01:00:46.015] [WEB] POST /api/v1/game/action 146ms
[09:19:41.877 +01:00:47.532] [WEB] POST /api/v1/game/action 152ms
[09:19:43.396 +01:00:49.052] [WEB] POST /api/v1/game/action 145ms
[09:19:44.870 +01:00:50.526] [WEB] POST /api/v1/game/action 152ms
[09:19:46.391 +01:00:52.046] [WEB] POST /api/v1/game/action 170ms
[09:19:47.880 +01:00:53.536] [WEB] POST /api/v1/game/action 165ms
[09:19:49.374 +01:00:55.030] [WEB] POST /api/v1/game/action 149ms
[09:19:50.863 +01:00:56.519] [WEB] POST /api/v1/game/action 149ms
[09:19:52.376 +01:00:58.031] [WEB] POST /api/v1/game/action 146ms
[09:19:53.871 +01:00:59.527] [WEB] POST /api/v1/game/action 156ms
[09:19:55.369 +01:01:01.024] [WEB] POST /api/v1/game/action 148ms
[09:19:56.864 +01:01:02.520] [WEB] POST /api/v1/game/action 146ms
[09:19:58.364 +01:01:04.020] [WEB] POST /api/v1/game/action 147ms
[09:19:59.876 +01:01:05.532] [WEB] POST /api/v1/game/action 162ms
[09:20:01.404 +01:01:07.060] [WEB] POST /api/v1/game/action 172ms
[09:20:02.891 +01:01:08.547] [WEB] POST /api/v1/game/action 168ms
[09:20:04.380 +01:01:10.036] [WEB] POST /api/v1/game/action 148ms
[09:20:05.871 +01:01:11.527] [WEB] POST /api/v1/game/action 157ms
[09:20:07.377 +01:01:13.033] [WEB] POST /api/v1/game/action 145ms
[09:20:08.864 +01:01:14.520] [WEB] POST /api/v1/game/action 150ms
[09:20:10.379 +01:01:16.034] [WEB] POST /api/v1/game/action 145ms
[09:20:11.875 +01:01:17.531] [WEB] POST /api/v1/game/action 157ms
[09:20:13.407 +01:01:19.062] [WEB] POST /api/v1/game/action 168ms
[09:20:14.886 +01:01:20.541] [WEB] POST /api/v1/game/action 164ms
[09:20:16.382 +01:01:22.038] [WEB] POST /api/v1/game/action 146ms
[09:20:17.883 +01:01:23.539] [WEB] POST /api/v1/game/action 162ms
[09:20:19.379 +01:01:25.035] [WEB] POST /api/v1/game/action 148ms
[09:20:20.882 +01:01:26.538] [WEB] POST /api/v1/game/action 155ms
[09:20:22.379 +01:01:28.035] [WEB] POST /api/v1/game/action 148ms
[09:20:23.878 +01:01:29.534] [WEB] POST /api/v1/game/action 163ms
[09:20:25.376 +01:01:31.031] [WEB] POST /api/v1/game/action 147ms
[09:20:26.882 +01:01:32.538] [WEB] POST /api/v1/game/action 166ms
[09:20:28.380 +01:01:34.036] [WEB] POST /api/v1/game/action 150ms
[09:20:29.874 +01:01:35.530] [WEB] POST /api/v1/game/action 155ms
[09:20:31.368 +01:01:37.024] [WEB] POST /api/v1/game/action 147ms
[09:20:32.865 +01:01:38.520] [WEB] POST /api/v1/game/action 150ms
[09:20:34.384 +01:01:40.040] [WEB] POST /api/v1/game/action 150ms
[09:20:35.878 +01:01:41.534] [WEB] POST /api/v1/game/action 164ms
[09:20:37.395 +01:01:43.051] [WEB] POST /api/v1/game/action 170ms
[09:20:38.894 +01:01:44.549] [WEB] POST /api/v1/game/action 162ms
[09:20:40.372 +01:01:46.028] [WEB] POST /api/v1/game/action 145ms
[09:20:41.884 +01:01:47.540] [WEB] POST /api/v1/game/action 168ms
[09:20:43.360 +01:01:49.016] [WEB] POST /api/v1/game/action 146ms
[09:20:44.880 +01:01:50.536] [WEB] POST /api/v1/game/action 165ms
[09:20:46.379 +01:01:52.035] [WEB] POST /api/v1/game/action 148ms
[09:20:47.872 +01:01:53.528] [WEB] POST /api/v1/game/action 157ms
[09:20:49.408 +01:01:55.064] [WEB] POST /api/v1/game/action 167ms
[09:20:50.880 +01:01:56.535] [WEB] POST /api/v1/game/action 166ms
[09:20:52.377 +01:01:58.033] [WEB] POST /api/v1/game/action 146ms
[09:20:53.879 +01:01:59.535] [WEB] POST /api/v1/game/action 163ms
[09:20:55.374 +01:02:01.029] [WEB] POST /api/v1/game/action 148ms
[09:20:56.872 +01:02:02.528] [WEB] POST /api/v1/game/action 148ms
[09:20:58.395 +01:02:04.051] [WEB] POST /api/v1/game/action 169ms
[09:20:59.874 +01:02:05.530] [WEB] POST /api/v1/game/action 160ms
[09:21:01.379 +01:02:07.035] [WEB] POST /api/v1/game/action 147ms
[09:21:02.881 +01:02:08.537] [WEB] POST /api/v1/game/action 166ms
[09:21:04.403 +01:02:10.059] [WEB] POST /api/v1/game/action 167ms
[09:21:05.874 +01:02:11.529] [WEB] POST /api/v1/game/action 156ms
[09:21:07.370 +01:02:13.025] [WEB] POST /api/v1/game/action 148ms
[09:21:08.883 +01:02:14.539] [WEB] POST /api/v1/game/action 164ms
[09:21:10.410 +01:02:16.065] [WEB] POST /api/v1/game/action 170ms
[09:21:11.873 +01:02:17.528] [WEB] POST /api/v1/game/action 158ms
[09:21:13.370 +01:02:19.025] [WEB] POST /api/v1/game/action 147ms
[09:21:14.867 +01:02:20.523] [WEB] POST /api/v1/game/action 149ms
[09:21:16.381 +01:02:22.037] [WEB] POST /api/v1/game/action 146ms
[09:21:17.887 +01:02:23.542] [WEB] POST /api/v1/game/action 159ms
[09:21:19.404 +01:02:25.060] [WEB] POST /api/v1/game/action 144ms
[09:21:20.870 +01:02:26.525] [WEB] POST /api/v1/game/action 155ms
[09:21:22.372 +01:02:28.028] [WEB] POST /api/v1/game/action 152ms
[09:21:23.863 +01:02:29.519] [WEB] POST /api/v1/game/action 148ms
[09:21:25.371 +01:02:31.027] [WEB] POST /api/v1/game/action 146ms
[09:21:26.882 +01:02:32.537] [WEB] POST /api/v1/game/action 162ms
[09:21:28.366 +01:02:34.021] [WEB] POST /api/v1/game/action 150ms
[09:21:29.887 +01:02:35.542] [WEB] POST /api/v1/game/action 166ms
[09:21:31.432 +01:02:37.088] [WEB] POST /api/v1/game/action 174ms
[09:21:32.879 +01:02:38.535] [WEB] POST /api/v1/game/action 164ms
[09:21:34.452 +01:02:40.108] [WEB] POST /api/v1/game/action 205ms
[09:21:35.878 +01:02:41.533] [WEB] POST /api/v1/game/action 163ms
[09:21:37.378 +01:02:43.034] [WEB] POST /api/v1/game/action 148ms
[09:21:38.872 +01:02:44.527] [WEB] POST /api/v1/game/action 156ms
[09:21:40.375 +01:02:46.030] [WEB] POST /api/v1/game/action 149ms
[09:21:41.882 +01:02:47.538] [WEB] POST /api/v1/game/action 167ms
[09:21:43.373 +01:02:49.028] [WEB] POST /api/v1/game/action 149ms
[09:21:44.884 +01:02:50.540] [WEB] POST /api/v1/game/action 169ms
[09:21:46.378 +01:02:52.033] [WEB] POST /api/v1/game/action 150ms
[09:21:47.875 +01:02:53.530] [WEB] POST /api/v1/game/action 159ms
[09:21:49.393 +01:02:55.048] [WEB] POST /api/v1/game/action 175ms
[09:21:50.877 +01:02:56.533] [WEB] POST /api/v1/game/action 161ms
[09:21:52.367 +01:02:58.022] [WEB] POST /api/v1/game/action 149ms
[09:21:53.883 +01:02:59.539] [WEB] POST /api/v1/game/action 166ms
[09:21:55.384 +01:03:01.039] [WEB] POST /api/v1/game/action 146ms
[09:21:56.874 +01:03:02.530] [WEB] POST /api/v1/game/action 158ms
[09:21:58.403 +01:03:04.058] [WEB] POST /api/v1/game/action 149ms
[09:21:59.884 +01:03:05.539] [WEB] POST /api/v1/game/action 168ms
[09:22:01.388 +01:03:07.044] [WEB] POST /api/v1/game/action 151ms
[09:22:02.882 +01:03:08.538] [WEB] POST /api/v1/game/action 163ms
[09:22:04.400 +01:03:10.056] [WEB] POST /api/v1/game/action 169ms
[09:22:05.871 +01:03:11.526] [WEB] POST /api/v1/game/action 155ms
[09:22:07.377 +01:03:13.032] [WEB] POST /api/v1/game/action 146ms
[09:22:08.868 +01:03:14.524] [WEB] POST /api/v1/game/action 154ms
[09:22:10.371 +01:03:16.027] [WEB] POST /api/v1/game/action 147ms
[09:22:11.879 +01:03:17.535] [WEB] POST /api/v1/game/action 165ms
[09:22:13.375 +01:03:19.030] [WEB] POST /api/v1/game/action 146ms
[09:22:14.873 +01:03:20.529] [WEB] POST /api/v1/game/action 153ms
[09:22:16.376 +01:03:22.031] [WEB] POST /api/v1/game/action 150ms
[09:22:17.864 +01:03:23.520] [WEB] POST /api/v1/game/action 149ms
[09:22:19.362 +01:03:25.017] [WEB] POST /api/v1/game/action 146ms
[09:22:20.878 +01:03:26.534] [WEB] POST /api/v1/game/action 161ms
[09:22:22.377 +01:03:28.032] [WEB] POST /api/v1/game/action 146ms
[09:22:23.880 +01:03:29.536] [WEB] POST /api/v1/game/action 161ms
[09:22:25.395 +01:03:31.051] [WEB] POST /api/v1/game/action 171ms
[09:22:26.868 +01:03:32.524] [WEB] POST /api/v1/game/action 151ms
[09:22:28.390 +01:03:34.046] [WEB] POST /api/v1/game/action 149ms
[09:22:29.880 +01:03:35.536] [WEB] POST /api/v1/game/action 165ms
[09:22:31.384 +01:03:37.039] [WEB] POST /api/v1/game/action 149ms
[09:22:32.881 +01:03:38.536] [WEB] POST /api/v1/game/action 165ms
[09:22:34.380 +01:03:40.035] [WEB] POST /api/v1/game/action 149ms
[09:22:35.873 +01:03:41.529] [WEB] POST /api/v1/game/action 155ms
[09:22:37.374 +01:03:43.030] [WEB] POST /api/v1/game/action 149ms
[09:22:38.880 +01:03:44.536] [WEB] POST /api/v1/game/action 165ms
[09:22:40.383 +01:03:46.038] [WEB] POST /api/v1/game/action 152ms
[09:22:41.877 +01:03:47.533] [WEB] POST /api/v1/game/action 161ms
[09:22:43.379 +01:03:49.035] [WEB] POST /api/v1/game/action 148ms
[09:22:44.873 +01:03:50.529] [WEB] POST /api/v1/game/action 151ms
[09:22:46.389 +01:03:52.045] [WEB] POST /api/v1/game/action 146ms
[09:22:47.870 +01:03:53.525] [WEB] POST /api/v1/game/action 154ms
[09:22:49.367 +01:03:55.022] [WEB] POST /api/v1/game/action 148ms
[09:22:50.884 +01:03:56.539] [WEB] POST /api/v1/game/action 169ms
[09:22:52.384 +01:03:58.039] [WEB] POST /api/v1/game/action 150ms
[09:22:53.874 +01:03:59.530] [WEB] POST /api/v1/game/action 159ms
[09:22:55.370 +01:04:01.026] [WEB] POST /api/v1/game/action 148ms
[09:22:56.884 +01:04:02.540] [WEB] POST /api/v1/game/action 169ms
[09:22:58.378 +01:04:04.034] [WEB] POST /api/v1/game/action 147ms
[09:22:59.873 +01:04:05.529] [WEB] POST /api/v1/game/action 157ms
[09:23:01.367 +01:04:07.023] [WEB] POST /api/v1/game/action 149ms
[09:23:02.882 +01:04:08.538] [WEB] POST /api/v1/game/action 165ms
[09:23:04.387 +01:04:10.043] [WEB] POST /api/v1/game/action 149ms
[09:23:05.884 +01:04:11.540] [WEB] POST /api/v1/game/action 167ms
[09:23:07.379 +01:04:13.034] [WEB] POST /api/v1/game/action 145ms
[09:23:08.883 +01:04:14.539] [WEB] POST /api/v1/game/action 169ms
[09:23:10.389 +01:04:16.045] [WEB] POST /api/v1/game/action 150ms
[09:23:11.883 +01:04:17.539] [WEB] POST /api/v1/game/action 167ms
[09:23:13.386 +01:04:19.041] [WEB] POST /api/v1/game/action 145ms
[09:23:14.874 +01:04:20.529] [WEB] POST /api/v1/game/action 158ms
[09:23:16.388 +01:04:22.043] [WEB] POST /api/v1/game/action 149ms
[09:23:17.870 +01:04:23.526] [WEB] POST /api/v1/game/action 152ms
[09:23:19.383 +01:04:25.039] [WEB] POST /api/v1/game/action 149ms
[09:23:20.873 +01:04:26.529] [WEB] POST /api/v1/game/action 157ms
[09:23:22.387 +01:04:28.042] [WEB] POST /api/v1/game/action 151ms
[09:23:23.883 +01:04:29.539] [WEB] POST /api/v1/game/action 166ms
[09:23:25.386 +01:04:31.042] [WEB] POST /api/v1/game/action 147ms
[09:23:26.882 +01:04:32.538] [WEB] POST /api/v1/game/action 167ms
[09:23:28.374 +01:04:34.030] [WEB] POST /api/v1/game/action 146ms
[09:23:29.889 +01:04:35.545] [WEB] POST /api/v1/game/action 160ms
[09:23:31.398 +01:04:37.054] [WEB] POST /api/v1/game/action 148ms
[09:23:32.887 +01:04:38.543] [WEB] POST /api/v1/game/action 159ms
[09:23:34.379 +01:04:40.035] [WEB] POST /api/v1/game/action 148ms
[09:23:35.884 +01:04:41.539] [WEB] POST /api/v1/game/action 168ms
[09:23:37.390 +01:04:43.046] [WEB] POST /api/v1/game/action 172ms
[09:23:38.886 +01:04:44.542] [WEB] POST /api/v1/game/action 168ms
[09:23:40.385 +01:04:46.041] [WEB] POST /api/v1/game/action 151ms
[09:23:41.878 +01:04:47.534] [WEB] POST /api/v1/game/action 155ms
[09:23:43.402 +01:04:49.058] [WEB] POST /api/v1/game/action 169ms
[09:23:44.870 +01:04:50.526] [WEB] POST /api/v1/game/action 155ms
[09:23:46.372 +01:04:52.028] [WEB] POST /api/v1/game/action 149ms
[09:23:47.872 +01:04:53.528] [WEB] POST /api/v1/game/action 152ms
[09:23:49.369 +01:04:55.025] [WEB] POST /api/v1/game/action 147ms
[09:23:50.867 +01:04:56.523] [WEB] POST /api/v1/game/action 152ms
[09:23:52.367 +01:04:58.023] [WEB] POST /api/v1/game/action 146ms
[09:23:53.877 +01:04:59.532] [WEB] POST /api/v1/game/action 159ms
[09:23:55.371 +01:05:01.027] [WEB] POST /api/v1/game/action 144ms
[09:23:56.334 +01:05:01.989] [WEB] GET /api/v1/frame.png 264ms
[09:23:56.867 +01:05:02.522] [WEB] POST /api/v1/game/action 150ms
[09:23:58.372 +01:05:04.028] [WEB] POST /api/v1/game/action 147ms
[09:23:59.890 +01:05:05.546] [WEB] POST /api/v1/game/action 166ms
[09:24:01.381 +01:05:07.036] [WEB] POST /api/v1/game/action 147ms
[09:24:02.879 +01:05:08.534] [WEB] POST /api/v1/game/action 163ms
[09:24:04.385 +01:05:10.041] [WEB] POST /api/v1/game/action 150ms
[09:24:05.876 +01:05:11.532] [WEB] POST /api/v1/game/action 159ms
[09:24:07.392 +01:05:13.048] [WEB] POST /api/v1/game/action 170ms
[09:24:08.887 +01:05:14.543] [WEB] POST /api/v1/game/action 165ms
[09:24:10.389 +01:05:16.044] [WEB] POST /api/v1/game/action 148ms
[09:24:11.884 +01:05:17.539] [WEB] POST /api/v1/game/action 167ms
[09:24:13.396 +01:05:19.052] [WEB] POST /api/v1/game/action 172ms
[09:24:14.887 +01:05:20.543] [WEB] POST /api/v1/game/action 164ms
[09:24:16.377 +01:05:22.033] [WEB] POST /api/v1/game/action 146ms
[09:24:17.880 +01:05:23.536] [WEB] POST /api/v1/game/action 161ms
[09:24:19.382 +01:05:25.037] [WEB] POST /api/v1/game/action 151ms
[09:24:20.871 +01:05:26.527] [WEB] POST /api/v1/game/action 155ms
[09:24:22.399 +01:05:28.055] [WEB] POST /api/v1/game/action 168ms
[09:24:23.888 +01:05:29.543] [WEB] POST /api/v1/game/action 160ms
[09:24:25.383 +01:05:31.038] [WEB] POST /api/v1/game/action 148ms
[09:24:26.877 +01:05:32.533] [WEB] POST /api/v1/game/action 161ms
[09:24:28.371 +01:05:34.027] [WEB] POST /api/v1/game/action 146ms
[09:24:29.861 +01:05:35.517] [WEB] POST /api/v1/game/action 145ms
[09:24:31.380 +01:05:37.036] [WEB] POST /api/v1/game/action 146ms
[09:24:32.864 +01:05:38.520] [WEB] POST /api/v1/game/action 147ms
[09:24:34.372 +01:05:40.027] [WEB] POST /api/v1/game/action 146ms
[09:24:35.885 +01:05:41.541] [WEB] POST /api/v1/game/action 164ms
[09:24:37.410 +01:05:43.065] [WEB] POST /api/v1/game/action 170ms
[09:24:38.879 +01:05:44.535] [WEB] POST /api/v1/game/action 162ms
[09:24:40.381 +01:05:46.037] [WEB] POST /api/v1/game/action 148ms
[09:24:41.868 +01:05:47.523] [WEB] POST /api/v1/game/action 152ms
[09:24:43.384 +01:05:49.040] [WEB] POST /api/v1/game/action 147ms
[09:24:44.881 +01:05:50.537] [WEB] POST /api/v1/game/action 165ms
[09:24:46.373 +01:05:52.029] [WEB] POST /api/v1/game/action 146ms
[09:24:47.882 +01:05:53.538] [WEB] POST /api/v1/game/action 166ms
[09:24:49.399 +01:05:55.054] [WEB] POST /api/v1/game/action 171ms
[09:24:50.875 +01:05:56.530] [WEB] POST /api/v1/game/action 154ms
[09:24:52.362 +01:05:58.018] [WEB] POST /api/v1/game/action 146ms
[09:24:53.875 +01:05:59.531] [WEB] POST /api/v1/game/action 155ms
[09:24:55.367 +01:06:01.023] [WEB] POST /api/v1/game/action 147ms
[09:24:56.881 +01:06:02.537] [WEB] POST /api/v1/game/action 159ms
[09:24:58.380 +01:06:04.036] [WEB] POST /api/v1/game/action 149ms
[09:24:59.881 +01:06:05.536] [WEB] POST /api/v1/game/action 156ms
[09:25:01.380 +01:06:07.035] [WEB] POST /api/v1/game/action 151ms
[09:25:02.873 +01:06:08.529] [WEB] POST /api/v1/game/action 156ms
[09:25:04.374 +01:06:10.030] [WEB] POST /api/v1/game/action 150ms
[09:25:05.864 +01:06:11.520] [WEB] POST /api/v1/game/action 147ms
[09:25:07.379 +01:06:13.035] [WEB] POST /api/v1/game/action 147ms
[09:25:08.873 +01:06:14.528] [WEB] POST /api/v1/game/action 156ms
[09:25:10.392 +01:06:16.047] [WEB] POST /api/v1/game/action 148ms
[09:25:11.883 +01:06:17.538] [WEB] POST /api/v1/game/action 167ms
[09:25:13.382 +01:06:19.037] [WEB] POST /api/v1/game/action 149ms
[09:25:14.885 +01:06:20.540] [WEB] POST /api/v1/game/action 164ms
[09:25:16.380 +01:06:22.036] [WEB] POST /api/v1/game/action 147ms
[09:25:17.877 +01:06:23.532] [WEB] POST /api/v1/game/action 160ms
[09:25:19.375 +01:06:25.031] [WEB] POST /api/v1/game/action 149ms
[09:25:20.872 +01:06:26.528] [WEB] POST /api/v1/game/action 156ms
[09:25:22.378 +01:06:28.034] [WEB] POST /api/v1/game/action 147ms
[09:25:23.889 +01:06:29.545] [WEB] POST /api/v1/game/action 161ms
[09:25:25.398 +01:06:31.054] [WEB] POST /api/v1/game/action 170ms
[09:25:26.868 +01:06:32.523] [WEB] POST /api/v1/game/action 147ms
[09:25:28.382 +01:06:34.037] [WEB] POST /api/v1/game/action 145ms
[09:25:29.871 +01:06:35.527] [WEB] POST /api/v1/game/action 155ms
[09:25:31.390 +01:06:37.046] [WEB] POST /api/v1/game/action 147ms
[09:25:32.876 +01:06:38.531] [WEB] POST /api/v1/game/action 155ms
[09:25:34.376 +01:06:40.032] [WEB] POST /api/v1/game/action 148ms
[09:25:35.894 +01:06:41.550] [WEB] POST /api/v1/game/action 168ms
[09:25:37.387 +01:06:43.043] [WEB] POST /api/v1/game/action 149ms
[09:25:38.878 +01:06:44.534] [WEB] POST /api/v1/game/action 163ms
[09:25:40.373 +01:06:46.029] [WEB] POST /api/v1/game/action 149ms
[09:25:41.873 +01:06:47.529] [WEB] POST /api/v1/game/action 156ms
[09:25:43.369 +01:06:49.025] [WEB] POST /api/v1/game/action 148ms
[09:25:44.873 +01:06:50.529] [WEB] POST /api/v1/game/action 152ms
[09:25:46.371 +01:06:52.027] [WEB] POST /api/v1/game/action 151ms
[09:25:47.870 +01:06:53.525] [WEB] POST /api/v1/game/action 153ms
[09:25:49.384 +01:06:55.040] [WEB] POST /api/v1/game/action 147ms
[09:25:50.876 +01:06:56.532] [WEB] POST /api/v1/game/action 159ms
[09:25:52.369 +01:06:58.025] [WEB] POST /api/v1/game/action 145ms
[09:25:53.866 +01:06:59.522] [WEB] POST /api/v1/game/action 149ms
[09:25:55.403 +01:07:01.059] [WEB] POST /api/v1/game/action 167ms
[09:25:56.880 +01:07:02.535] [WEB] POST /api/v1/game/action 158ms
[09:25:58.372 +01:07:04.027] [WEB] POST /api/v1/game/action 149ms
[09:25:59.891 +01:07:05.546] [WEB] POST /api/v1/game/action 163ms
[09:26:01.414 +01:07:07.070] [WEB] POST /api/v1/game/action 175ms
[09:26:02.890 +01:07:08.545] [WEB] POST /api/v1/game/action 161ms
[09:26:04.367 +01:07:10.022] [WEB] POST /api/v1/game/action 150ms
[09:26:05.882 +01:07:11.538] [WEB] POST /api/v1/game/action 164ms
[09:26:07.375 +01:07:13.031] [WEB] POST /api/v1/game/action 147ms
[09:26:08.863 +01:07:14.519] [WEB] POST /api/v1/game/action 145ms
[09:26:10.378 +01:07:16.033] [WEB] POST /api/v1/game/action 149ms
[09:26:11.873 +01:07:17.529] [WEB] POST /api/v1/game/action 156ms
[09:26:13.374 +01:07:19.030] [WEB] POST /api/v1/game/action 149ms
[09:26:14.873 +01:07:20.529] [WEB] POST /api/v1/game/action 148ms
[09:26:16.366 +01:07:22.022] [WEB] POST /api/v1/game/action 148ms
[09:26:17.874 +01:07:23.530] [WEB] POST /api/v1/game/action 147ms
[09:26:19.366 +01:07:25.021] [WEB] POST /api/v1/game/action 148ms
[09:26:20.878 +01:07:26.534] [WEB] POST /api/v1/game/action 148ms
[09:26:22.371 +01:07:28.027] [WEB] POST /api/v1/game/action 146ms
[09:26:23.871 +01:07:29.527] [WEB] POST /api/v1/game/action 154ms
[09:26:25.364 +01:07:31.019] [WEB] POST /api/v1/game/action 145ms
[09:26:26.877 +01:07:32.533] [WEB] POST /api/v1/game/action 157ms
[09:26:28.368 +01:07:34.024] [WEB] POST /api/v1/game/action 145ms
[09:26:29.865 +01:07:35.521] [WEB] POST /api/v1/game/action 148ms
[09:26:31.391 +01:07:37.046] [WEB] POST /api/v1/game/action 147ms
[09:26:32.880 +01:07:38.536] [WEB] POST /api/v1/game/action 155ms
[09:26:34.387 +01:07:40.042] [WEB] POST /api/v1/game/action 149ms
[09:26:35.879 +01:07:41.535] [WEB] POST /api/v1/game/action 162ms
[09:26:37.390 +01:07:43.045] [WEB] POST /api/v1/game/action 172ms
[09:26:38.868 +01:07:44.524] [WEB] POST /api/v1/game/action 152ms
[09:26:40.386 +01:07:46.042] [WEB] POST /api/v1/game/action 146ms
[09:26:41.871 +01:07:47.526] [WEB] POST /api/v1/game/action 150ms
[09:26:43.388 +01:07:49.044] [WEB] POST /api/v1/game/action 147ms
[09:26:44.881 +01:07:50.537] [WEB] POST /api/v1/game/action 165ms
[09:26:46.368 +01:07:52.023] [WEB] POST /api/v1/game/action 145ms
[09:26:47.890 +01:07:53.546] [WEB] POST /api/v1/game/action 168ms
[09:26:49.389 +01:07:55.045] [WEB] POST /api/v1/game/action 149ms
[09:26:50.864 +01:07:56.520] [WEB] POST /api/v1/game/action 148ms
[09:26:52.375 +01:07:58.031] [WEB] POST /api/v1/game/action 149ms
[09:26:53.868 +01:07:59.524] [WEB] POST /api/v1/game/action 151ms
[09:26:55.385 +01:08:01.040] [WEB] POST /api/v1/game/action 149ms
[09:26:56.880 +01:08:02.536] [WEB] POST /api/v1/game/action 163ms
[09:26:58.387 +01:08:04.042] [WEB] POST /api/v1/game/action 151ms
[09:26:59.873 +01:08:05.529] [WEB] POST /api/v1/game/action 146ms
[09:27:01.373 +01:08:07.029] [WEB] POST /api/v1/game/action 150ms
[09:27:02.865 +01:08:08.521] [WEB] POST /api/v1/game/action 147ms
[09:27:04.411 +01:08:10.066] [WEB] POST /api/v1/game/action 171ms
[09:27:05.879 +01:08:11.534] [WEB] POST /api/v1/game/action 162ms
[09:27:07.381 +01:08:13.037] [WEB] POST /api/v1/game/action 150ms
[09:27:08.878 +01:08:14.533] [WEB] POST /api/v1/game/action 161ms
[09:27:10.377 +01:08:16.033] [WEB] POST /api/v1/game/action 146ms
[09:27:11.873 +01:08:17.529] [WEB] POST /api/v1/game/action 152ms
[09:27:13.388 +01:08:19.044] [WEB] POST /api/v1/game/action 150ms
[09:27:14.885 +01:08:20.541] [WEB] POST /api/v1/game/action 167ms
[09:27:16.390 +01:08:22.046] [WEB] POST /api/v1/game/action 156ms
[09:27:17.866 +01:08:23.522] [WEB] POST /api/v1/game/action 148ms
[09:27:19.388 +01:08:25.043] [WEB] POST /api/v1/game/action 147ms
[09:27:20.880 +01:08:26.535] [WEB] POST /api/v1/game/action 161ms
[09:27:22.389 +01:08:28.045] [WEB] POST /api/v1/game/action 149ms
[09:27:23.873 +01:08:29.528] [WEB] POST /api/v1/game/action 151ms
[09:27:25.386 +01:08:31.042] [WEB] POST /api/v1/game/action 147ms
[09:27:26.880 +01:08:32.536] [WEB] POST /api/v1/game/action 162ms
[09:27:28.406 +01:08:34.062] [WEB] POST /api/v1/game/action 169ms
[09:27:29.878 +01:08:35.534] [WEB] POST /api/v1/game/action 156ms
[09:27:31.380 +01:08:37.036] [WEB] POST /api/v1/game/action 151ms
[09:27:32.877 +01:08:38.532] [WEB] POST /api/v1/game/action 148ms
[09:27:34.395 +01:08:40.051] [WEB] POST /api/v1/game/action 173ms
[09:27:35.887 +01:08:41.543] [WEB] POST /api/v1/game/action 163ms
[09:27:37.383 +01:08:43.039] [WEB] POST /api/v1/game/action 145ms
[09:27:38.873 +01:08:44.528] [WEB] POST /api/v1/game/action 155ms
[09:27:40.371 +01:08:46.027] [WEB] POST /api/v1/game/action 149ms
[09:27:41.877 +01:08:47.532] [WEB] POST /api/v1/game/action 159ms
[09:27:43.385 +01:08:49.040] [WEB] POST /api/v1/game/action 147ms
[09:27:44.881 +01:08:50.536] [WEB] POST /api/v1/game/action 163ms
[09:27:46.379 +01:08:52.035] [WEB] POST /api/v1/game/action 149ms
[09:27:47.876 +01:08:53.531] [WEB] POST /api/v1/game/action 157ms
[09:27:49.388 +01:08:55.044] [WEB] POST /api/v1/game/action 170ms
[09:27:50.870 +01:08:56.526] [WEB] POST /api/v1/game/action 150ms
[09:27:52.368 +01:08:58.024] [WEB] POST /api/v1/game/action 149ms
[09:27:53.882 +01:08:59.538] [WEB] POST /api/v1/game/action 164ms
[09:27:55.384 +01:09:01.040] [WEB] POST /api/v1/game/action 149ms
[09:27:56.874 +01:09:02.530] [WEB] POST /api/v1/game/action 157ms
[09:27:58.390 +01:09:04.046] [WEB] POST /api/v1/game/action 149ms
[09:27:59.873 +01:09:05.529] [WEB] POST /api/v1/game/action 156ms
[09:28:01.377 +01:09:07.032] [WEB] POST /api/v1/game/action 152ms
[09:28:02.866 +01:09:08.521] [WEB] POST /api/v1/game/action 148ms
[09:28:04.389 +01:09:10.045] [WEB] POST /api/v1/game/action 153ms
[09:28:05.867 +01:09:11.523] [WEB] POST /api/v1/game/action 149ms
[09:28:07.402 +01:09:13.058] [WEB] POST /api/v1/game/action 170ms
[09:28:08.875 +01:09:14.530] [WEB] POST /api/v1/game/action 158ms
[09:28:10.374 +01:09:16.029] [WEB] POST /api/v1/game/action 148ms
[09:28:11.898 +01:09:17.553] [WEB] POST /api/v1/game/action 169ms
[09:28:13.385 +01:09:19.041] [WEB] POST /api/v1/game/action 148ms
[09:28:14.881 +01:09:20.536] [WEB] POST /api/v1/game/action 162ms
[09:28:16.382 +01:09:22.038] [WEB] POST /api/v1/game/action 161ms
[09:28:17.871 +01:09:23.527] [WEB] POST /api/v1/game/action 153ms
[09:28:19.392 +01:09:25.048] [WEB] POST /api/v1/game/action 147ms
[09:28:20.887 +01:09:26.543] [WEB] POST /api/v1/game/action 170ms
[09:28:22.384 +01:09:28.040] [WEB] POST /api/v1/game/action 149ms
[09:28:23.886 +01:09:29.541] [WEB] POST /api/v1/game/action 168ms
[09:28:25.404 +01:09:31.060] [WEB] POST /api/v1/game/action 169ms
[09:28:26.885 +01:09:32.541] [WEB] POST /api/v1/game/action 158ms
[09:28:28.387 +01:09:34.043] [WEB] POST /api/v1/game/action 148ms
[09:28:29.878 +01:09:35.533] [WEB] POST /api/v1/game/action 155ms
[09:28:31.372 +01:09:37.027] [WEB] POST /api/v1/game/action 150ms
[09:28:32.864 +01:09:38.520] [WEB] POST /api/v1/game/action 146ms
[09:28:34.378 +01:09:40.033] [WEB] POST /api/v1/game/action 148ms
[09:28:35.884 +01:09:41.540] [WEB] POST /api/v1/game/action 167ms
[09:28:37.374 +01:09:43.030] [WEB] POST /api/v1/game/action 148ms
[09:28:38.887 +01:09:44.543] [WEB] POST /api/v1/game/action 164ms
[09:28:40.372 +01:09:46.028] [WEB] POST /api/v1/game/action 148ms
[09:28:41.880 +01:09:47.536] [WEB] POST /api/v1/game/action 157ms
[09:28:43.380 +01:09:49.036] [WEB] POST /api/v1/game/action 148ms
[09:28:44.875 +01:09:50.530] [WEB] POST /api/v1/game/action 157ms
[09:28:46.373 +01:09:52.028] [WEB] POST /api/v1/game/action 146ms
[09:28:47.887 +01:09:53.543] [WEB] POST /api/v1/game/action 170ms
[09:28:49.386 +01:09:55.042] [WEB] POST /api/v1/game/action 148ms
[09:28:50.881 +01:09:56.537] [WEB] POST /api/v1/game/action 164ms
[09:28:52.372 +01:09:58.028] [WEB] POST /api/v1/game/action 147ms
[09:28:53.886 +01:09:59.541] [WEB] POST /api/v1/game/action 165ms
[09:28:55.382 +01:10:01.037] [WEB] POST /api/v1/game/action 151ms
[09:28:56.868 +01:10:02.524] [WEB] POST /api/v1/game/action 149ms
[09:28:58.386 +01:10:04.042] [WEB] POST /api/v1/game/action 147ms
[09:28:59.876 +01:10:05.531] [WEB] POST /api/v1/game/action 157ms
[09:29:01.396 +01:10:07.052] [WEB] POST /api/v1/game/action 173ms
[09:29:02.869 +01:10:08.524] [WEB] POST /api/v1/game/action 146ms
[09:29:04.372 +01:10:10.028] [WEB] POST /api/v1/game/action 148ms
[09:29:05.871 +01:10:11.527] [WEB] POST /api/v1/game/action 153ms
[09:29:07.376 +01:10:13.032] [WEB] POST /api/v1/game/action 149ms
[09:29:08.888 +01:10:14.543] [WEB] POST /api/v1/game/action 157ms
[09:29:10.407 +01:10:16.062] [WEB] POST /api/v1/game/action 148ms
[09:29:11.876 +01:10:17.531] [WEB] POST /api/v1/game/action 158ms
[09:29:13.388 +01:10:19.043] [WEB] POST /api/v1/game/action 149ms
[09:29:14.881 +01:10:20.537] [WEB] POST /api/v1/game/action 162ms
[09:29:16.384 +01:10:22.039] [WEB] POST /api/v1/game/action 147ms
[09:29:17.871 +01:10:23.527] [WEB] POST /api/v1/game/action 149ms
[09:29:19.381 +01:10:25.037] [WEB] POST /api/v1/game/action 147ms
[09:29:20.874 +01:10:26.530] [WEB] POST /api/v1/game/action 155ms
[09:29:22.370 +01:10:28.025] [WEB] POST /api/v1/game/action 148ms
[09:29:23.891 +01:10:29.546] [WEB] POST /api/v1/game/action 167ms
[09:29:25.385 +01:10:31.040] [WEB] POST /api/v1/game/action 147ms
[09:29:26.881 +01:10:32.536] [WEB] POST /api/v1/game/action 162ms
[09:29:28.375 +01:10:34.031] [WEB] POST /api/v1/game/action 145ms
[09:29:29.877 +01:10:35.533] [WEB] POST /api/v1/game/action 154ms
[09:29:31.371 +01:10:37.027] [WEB] POST /api/v1/game/action 146ms
[09:29:32.886 +01:10:38.542] [WEB] POST /api/v1/game/action 168ms
[09:29:34.377 +01:10:40.033] [WEB] POST /api/v1/game/action 148ms
[09:29:35.865 +01:10:41.521] [WEB] POST /api/v1/game/action 147ms
[09:29:37.394 +01:10:43.050] [WEB] POST /api/v1/game/action 169ms
[09:29:38.880 +01:10:44.536] [WEB] POST /api/v1/game/action 158ms
[09:29:40.381 +01:10:46.037] [WEB] POST /api/v1/game/action 147ms
[09:29:41.875 +01:10:47.531] [WEB] POST /api/v1/game/action 158ms
[09:29:43.371 +01:10:49.027] [WEB] POST /api/v1/game/action 148ms
[09:29:44.885 +01:10:50.540] [WEB] POST /api/v1/game/action 167ms
[09:29:46.377 +01:10:52.032] [WEB] POST /api/v1/game/action 147ms
[09:29:47.888 +01:10:53.544] [WEB] POST /api/v1/game/action 157ms
[09:29:49.386 +01:10:55.042] [WEB] POST /api/v1/game/action 149ms
[09:29:50.881 +01:10:56.536] [WEB] POST /api/v1/game/action 163ms
[09:29:52.377 +01:10:58.033] [WEB] POST /api/v1/game/action 148ms
[09:29:53.871 +01:10:59.527] [WEB] POST /api/v1/game/action 152ms
[09:29:55.413 +01:11:01.069] [WEB] POST /api/v1/game/action 150ms
[09:29:56.884 +01:11:02.540] [WEB] POST /api/v1/game/action 166ms
[09:29:58.388 +01:11:04.043] [WEB] POST /api/v1/game/action 147ms
[09:29:59.879 +01:11:05.534] [WEB] POST /api/v1/game/action 153ms
[09:30:01.383 +01:11:07.039] [WEB] POST /api/v1/game/action 149ms
[09:30:02.881 +01:11:08.537] [WEB] POST /api/v1/game/action 162ms
[09:30:04.378 +01:11:10.033] [WEB] POST /api/v1/game/action 146ms
[09:30:05.894 +01:11:11.549] [WEB] POST /api/v1/game/action 167ms
[09:30:07.374 +01:11:13.029] [WEB] POST /api/v1/game/action 146ms
[09:30:08.884 +01:11:14.539] [WEB] POST /api/v1/game/action 166ms
[09:30:10.379 +01:11:16.034] [WEB] POST /api/v1/game/action 146ms
[09:30:11.872 +01:11:17.528] [WEB] POST /api/v1/game/action 153ms
[09:30:13.429 +01:11:19.085] [WEB] POST /api/v1/game/action 169ms
[09:30:14.880 +01:11:20.536] [WEB] POST /api/v1/game/action 159ms
[09:30:16.376 +01:11:22.031] [WEB] POST /api/v1/game/action 147ms
[09:30:17.878 +01:11:23.534] [WEB] POST /api/v1/game/action 160ms
[09:30:19.380 +01:11:25.036] [WEB] POST /api/v1/game/action 151ms
[09:30:20.893 +01:11:26.549] [WEB] POST /api/v1/game/action 166ms
[09:30:22.373 +01:11:28.028] [WEB] POST /api/v1/game/action 149ms
[09:30:23.883 +01:11:29.538] [WEB] POST /api/v1/game/action 164ms
[09:30:25.375 +01:11:31.031] [WEB] POST /api/v1/game/action 148ms
[09:30:26.872 +01:11:32.528] [WEB] POST /api/v1/game/action 151ms
[09:30:28.412 +01:11:34.067] [WEB] POST /api/v1/game/action 168ms
[09:30:29.877 +01:11:35.532] [WEB] POST /api/v1/game/action 156ms
[09:30:31.390 +01:11:37.046] [WEB] POST /api/v1/game/action 148ms
[09:30:32.871 +01:11:38.527] [WEB] POST /api/v1/game/action 151ms
[09:30:34.384 +01:11:40.040] [WEB] POST /api/v1/game/action 147ms
[09:30:35.867 +01:11:41.523] [WEB] POST /api/v1/game/action 148ms
[09:30:37.377 +01:11:43.033] [WEB] POST /api/v1/game/action 149ms
[09:30:38.871 +01:11:44.526] [WEB] POST /api/v1/game/action 152ms
[09:30:40.366 +01:11:46.022] [WEB] POST /api/v1/game/action 147ms
[09:30:41.879 +01:11:47.535] [WEB] POST /api/v1/game/action 160ms
[09:30:43.383 +01:11:49.039] [WEB] POST /api/v1/game/action 147ms
[09:30:44.873 +01:11:50.528] [WEB] POST /api/v1/game/action 154ms
[09:30:46.391 +01:11:52.047] [WEB] POST /api/v1/game/action 171ms
[09:30:47.880 +01:11:53.535] [WEB] POST /api/v1/game/action 161ms
[09:30:49.414 +01:11:55.069] [WEB] POST /api/v1/game/action 169ms
[09:30:50.883 +01:11:56.539] [WEB] POST /api/v1/game/action 163ms
[09:30:52.388 +01:11:58.044] [WEB] POST /api/v1/game/action 145ms
[09:30:53.880 +01:11:59.535] [WEB] POST /api/v1/game/action 157ms
[09:30:55.381 +01:12:01.037] [WEB] POST /api/v1/game/action 149ms
[09:30:56.876 +01:12:02.532] [WEB] POST /api/v1/game/action 158ms
[09:30:58.384 +01:12:04.039] [WEB] POST /api/v1/game/action 150ms
[09:30:59.871 +01:12:05.527] [WEB] POST /api/v1/game/action 152ms
[09:31:01.376 +01:12:07.032] [WEB] POST /api/v1/game/action 150ms
[09:31:02.889 +01:12:08.544] [WEB] POST /api/v1/game/action 170ms
[09:31:04.411 +01:12:10.066] [WEB] POST /api/v1/game/action 169ms
[09:31:05.878 +01:12:11.534] [WEB] POST /api/v1/game/action 159ms
[09:31:07.389 +01:12:13.045] [WEB] POST /api/v1/game/action 149ms
[09:31:08.880 +01:12:14.536] [WEB] POST /api/v1/game/action 160ms
[09:31:10.372 +01:12:16.028] [WEB] POST /api/v1/game/action 148ms
[09:31:11.887 +01:12:17.542] [WEB] POST /api/v1/game/action 163ms
[09:31:13.387 +01:12:19.042] [WEB] POST /api/v1/game/action 151ms
[09:31:14.866 +01:12:20.522] [WEB] POST /api/v1/game/action 147ms
[09:31:16.387 +01:12:22.043] [WEB] POST /api/v1/game/action 147ms
[09:31:17.885 +01:12:23.540] [WEB] POST /api/v1/game/action 156ms
[09:31:19.383 +01:12:25.038] [WEB] POST /api/v1/game/action 148ms
[09:31:20.878 +01:12:26.534] [WEB] POST /api/v1/game/action 157ms
[09:31:22.402 +01:12:28.058] [WEB] POST /api/v1/game/action 173ms
[09:31:23.877 +01:12:29.533] [WEB] POST /api/v1/game/action 148ms
[09:31:25.413 +01:12:31.069] [WEB] POST /api/v1/game/action 169ms
[09:31:26.866 +01:12:32.522] [WEB] POST /api/v1/game/action 147ms
[09:31:28.387 +01:12:34.043] [WEB] POST /api/v1/game/action 149ms
[09:31:29.870 +01:12:35.526] [WEB] POST /api/v1/game/action 151ms
[09:31:31.390 +01:12:37.045] [WEB] POST /api/v1/game/action 148ms
[09:31:32.878 +01:12:38.534] [WEB] POST /api/v1/game/action 153ms
[09:31:34.375 +01:12:40.031] [WEB] POST /api/v1/game/action 147ms
[09:31:35.871 +01:12:41.526] [WEB] POST /api/v1/game/action 151ms
[09:31:37.384 +01:12:43.040] [WEB] POST /api/v1/game/action 149ms
[09:31:38.881 +01:12:44.537] [WEB] POST /api/v1/game/action 162ms
[09:31:40.382 +01:12:46.037] [WEB] POST /api/v1/game/action 145ms
[09:31:41.868 +01:12:47.523] [WEB] POST /api/v1/game/action 149ms
[09:31:43.389 +01:12:49.045] [WEB] POST /api/v1/game/action 150ms
[09:31:44.878 +01:12:50.534] [WEB] POST /api/v1/game/action 159ms
[09:31:46.369 +01:12:52.025] [WEB] POST /api/v1/game/action 148ms
[09:31:47.874 +01:12:53.530] [WEB] POST /api/v1/game/action 152ms
[09:31:49.367 +01:12:55.023] [WEB] POST /api/v1/game/action 147ms
[09:31:50.882 +01:12:56.537] [WEB] POST /api/v1/game/action 157ms
[09:31:52.382 +01:12:58.037] [WEB] POST /api/v1/game/action 150ms
[09:31:53.881 +01:12:59.537] [WEB] POST /api/v1/game/action 162ms
[09:31:55.375 +01:13:01.031] [WEB] POST /api/v1/game/action 151ms
[09:31:56.876 +01:13:02.532] [WEB] POST /api/v1/game/action 154ms
[09:31:58.372 +01:13:04.028] [WEB] POST /api/v1/game/action 147ms
[09:31:59.885 +01:13:05.541] [WEB] POST /api/v1/game/action 167ms
[09:32:01.405 +01:13:07.061] [WEB] POST /api/v1/game/action 170ms
[09:32:02.883 +01:13:08.538] [WEB] POST /api/v1/game/action 157ms
[09:32:04.368 +01:13:10.024] [WEB] POST /api/v1/game/action 147ms
[09:32:05.871 +01:13:11.527] [WEB] POST /api/v1/game/action 152ms
[09:32:07.385 +01:13:13.040] [WEB] POST /api/v1/game/action 150ms
[09:32:08.873 +01:13:14.529] [WEB] POST /api/v1/game/action 150ms
[09:32:10.370 +01:13:16.026] [WEB] POST /api/v1/game/action 144ms
[09:32:11.880 +01:13:17.536] [WEB] POST /api/v1/game/action 151ms
[09:32:13.389 +01:13:19.045] [WEB] POST /api/v1/game/action 148ms
[09:32:14.880 +01:13:20.536] [WEB] POST /api/v1/game/action 160ms
[09:32:16.383 +01:13:22.039] [WEB] POST /api/v1/game/action 145ms
[09:32:17.896 +01:13:23.552] [WEB] POST /api/v1/game/action 164ms
[09:32:19.387 +01:13:25.042] [WEB] POST /api/v1/game/action 146ms
[09:32:20.892 +01:13:26.548] [WEB] POST /api/v1/game/action 166ms
[09:32:22.391 +01:13:28.047] [WEB] POST /api/v1/game/action 149ms
[09:32:23.884 +01:13:29.539] [WEB] POST /api/v1/game/action 164ms
[09:32:25.371 +01:13:31.027] [WEB] POST /api/v1/game/action 147ms
[09:32:26.885 +01:13:32.541] [WEB] POST /api/v1/game/action 165ms
[09:32:28.381 +01:13:34.037] [WEB] POST /api/v1/game/action 148ms
[09:32:29.876 +01:13:35.531] [WEB] POST /api/v1/game/action 155ms
[09:32:31.373 +01:13:37.029] [WEB] POST /api/v1/game/action 145ms
[09:32:32.885 +01:13:38.541] [WEB] POST /api/v1/game/action 157ms
[09:32:34.380 +01:13:40.035] [WEB] POST /api/v1/game/action 148ms
[09:32:35.875 +01:13:41.531] [WEB] POST /api/v1/game/action 156ms
[09:32:37.408 +01:13:43.063] [WEB] POST /api/v1/game/action 171ms
[09:32:38.885 +01:13:44.541] [WEB] POST /api/v1/game/action 164ms
[09:32:40.372 +01:13:46.028] [WEB] POST /api/v1/game/action 150ms
[09:32:41.882 +01:13:47.538] [WEB] POST /api/v1/game/action 162ms
[09:32:43.377 +01:13:49.032] [WEB] POST /api/v1/game/action 147ms
[09:32:44.869 +01:13:50.525] [WEB] POST /api/v1/game/action 150ms
[09:32:46.374 +01:13:52.030] [WEB] POST /api/v1/game/action 151ms
[09:32:47.888 +01:13:53.543] [WEB] POST /api/v1/game/action 168ms
[09:32:49.386 +01:13:55.042] [WEB] POST /api/v1/game/action 146ms
[09:32:50.876 +01:13:56.532] [WEB] POST /api/v1/game/action 157ms
[09:32:52.375 +01:13:58.030] [WEB] POST /api/v1/game/action 147ms
[09:32:53.883 +01:13:59.539] [WEB] POST /api/v1/game/action 164ms
[09:32:55.404 +01:14:01.059] [WEB] POST /api/v1/game/action 147ms
[09:32:56.871 +01:14:02.527] [WEB] POST /api/v1/game/action 152ms
[09:32:58.391 +01:14:04.047] [WEB] POST /api/v1/game/action 147ms
[09:32:59.877 +01:14:05.532] [WEB] POST /api/v1/game/action 158ms
[09:33:01.377 +01:14:07.033] [WEB] POST /api/v1/game/action 153ms
[09:33:02.868 +01:14:08.524] [WEB] POST /api/v1/game/action 149ms
[09:33:04.373 +01:14:10.028] [WEB] POST /api/v1/game/action 150ms
[09:33:05.867 +01:14:11.522] [WEB] POST /api/v1/game/action 146ms
[09:33:07.373 +01:14:13.029] [WEB] POST /api/v1/game/action 149ms
[09:33:08.874 +01:14:14.530] [WEB] POST /api/v1/game/action 154ms
[09:33:10.395 +01:14:16.051] [WEB] POST /api/v1/game/action 168ms
[09:33:11.888 +01:14:17.543] [WEB] POST /api/v1/game/action 168ms
[09:33:13.413 +01:14:19.068] [WEB] POST /api/v1/game/action 172ms
[09:33:14.890 +01:14:20.546] [WEB] POST /api/v1/game/action 166ms
[09:33:16.398 +01:14:22.054] [WEB] POST /api/v1/game/action 147ms
[09:33:17.885 +01:14:23.540] [WEB] POST /api/v1/game/action 165ms
[09:33:19.402 +01:14:25.058] [WEB] POST /api/v1/game/action 150ms
[09:33:20.875 +01:14:26.530] [WEB] POST /api/v1/game/action 155ms
[09:33:22.396 +01:14:28.052] [WEB] POST /api/v1/game/action 148ms
[09:33:23.889 +01:14:29.544] [WEB] POST /api/v1/game/action 166ms
[09:33:25.382 +01:14:31.037] [WEB] POST /api/v1/game/action 146ms
[09:33:26.878 +01:14:32.533] [WEB] POST /api/v1/game/action 152ms
[09:33:28.382 +01:14:34.037] [WEB] POST /api/v1/game/action 148ms
[09:33:29.872 +01:14:35.528] [WEB] POST /api/v1/game/action 152ms
[09:33:31.378 +01:14:37.033] [WEB] POST /api/v1/game/action 151ms
[09:33:32.872 +01:14:38.528] [WEB] POST /api/v1/game/action 152ms
[09:33:34.371 +01:14:40.027] [WEB] POST /api/v1/game/action 148ms
[09:33:35.879 +01:14:41.535] [WEB] POST /api/v1/game/action 147ms
[09:33:37.371 +01:14:43.027] [WEB] POST /api/v1/game/action 148ms
[09:33:38.886 +01:14:44.542] [WEB] POST /api/v1/game/action 166ms
[09:33:40.376 +01:14:46.032] [WEB] POST /api/v1/game/action 145ms
[09:33:41.880 +01:14:47.536] [WEB] POST /api/v1/game/action 157ms
[09:33:43.376 +01:14:49.032] [WEB] POST /api/v1/game/action 146ms
[09:33:44.888 +01:14:50.544] [WEB] POST /api/v1/game/action 163ms
[09:33:46.389 +01:14:52.045] [WEB] POST /api/v1/game/action 144ms
[09:33:47.884 +01:14:53.540] [WEB] POST /api/v1/game/action 165ms
[09:33:49.378 +01:14:55.034] [WEB] POST /api/v1/game/action 147ms
[09:33:50.879 +01:14:56.535] [WEB] POST /api/v1/game/action 147ms
[09:33:52.379 +01:14:58.034] [WEB] POST /api/v1/game/action 148ms
[09:33:53.874 +01:14:59.530] [WEB] POST /api/v1/game/action 153ms
[09:33:55.371 +01:15:01.027] [WEB] POST /api/v1/game/action 147ms
[09:33:56.884 +01:15:02.540] [WEB] POST /api/v1/game/action 164ms
[09:33:58.375 +01:15:04.031] [WEB] POST /api/v1/game/action 148ms
[09:33:59.896 +01:15:05.552] [WEB] POST /api/v1/game/action 171ms
[09:34:01.385 +01:15:07.041] [WEB] POST /api/v1/game/action 147ms
[09:34:02.872 +01:15:08.527] [WEB] POST /api/v1/game/action 152ms
[09:34:04.368 +01:15:10.024] [WEB] POST /api/v1/game/action 147ms
[09:34:05.883 +01:15:11.539] [WEB] POST /api/v1/game/action 156ms
[09:34:07.390 +01:15:13.045] [WEB] POST /api/v1/game/action 149ms
[09:34:08.889 +01:15:14.545] [WEB] POST /api/v1/game/action 159ms
[09:34:10.390 +01:15:16.046] [WEB] POST /api/v1/game/action 150ms
[09:34:11.884 +01:15:17.539] [WEB] POST /api/v1/game/action 164ms
[09:34:13.383 +01:15:19.038] [WEB] POST /api/v1/game/action 144ms
[09:34:14.875 +01:15:20.531] [WEB] POST /api/v1/game/action 148ms
[09:34:16.391 +01:15:22.047] [WEB] POST /api/v1/game/action 147ms
[09:34:17.884 +01:15:23.539] [WEB] POST /api/v1/game/action 163ms
[09:34:19.380 +01:15:25.036] [WEB] POST /api/v1/game/action 146ms
[09:34:20.873 +01:15:26.529] [WEB] POST /api/v1/game/action 149ms
[09:34:22.373 +01:15:28.028] [WEB] POST /api/v1/game/action 151ms
[09:34:23.868 +01:15:29.523] [WEB] POST /api/v1/game/action 148ms
[09:34:25.408 +01:15:31.064] [WEB] POST /api/v1/game/action 170ms
[09:34:26.891 +01:15:32.547] [WEB] POST /api/v1/game/action 168ms
[09:34:28.383 +01:15:34.039] [WEB] POST /api/v1/game/action 149ms
[09:34:29.878 +01:15:35.534] [WEB] POST /api/v1/game/action 157ms
[09:34:31.372 +01:15:37.027] [WEB] POST /api/v1/game/action 146ms
[09:34:32.883 +01:15:38.539] [WEB] POST /api/v1/game/action 164ms
[09:34:34.375 +01:15:40.031] [WEB] POST /api/v1/game/action 145ms
[09:34:35.883 +01:15:41.539] [WEB] POST /api/v1/game/action 163ms
[09:34:37.382 +01:15:43.038] [WEB] POST /api/v1/game/action 146ms
[09:34:38.889 +01:15:44.545] [WEB] POST /api/v1/game/action 169ms
[09:34:40.391 +01:15:46.046] [WEB] POST /api/v1/game/action 150ms
[09:34:41.890 +01:15:47.545] [WEB] POST /api/v1/game/action 167ms
[09:34:43.384 +01:15:49.040] [WEB] POST /api/v1/game/action 144ms
[09:34:44.870 +01:15:50.526] [WEB] POST /api/v1/game/action 150ms
[09:34:46.388 +01:15:52.044] [WEB] POST /api/v1/game/action 146ms
[09:34:47.885 +01:15:53.540] [WEB] POST /api/v1/game/action 164ms
[09:34:49.376 +01:15:55.031] [WEB] POST /api/v1/game/action 153ms
[09:34:50.883 +01:15:56.539] [WEB] POST /api/v1/game/action 163ms
[09:34:52.377 +01:15:58.033] [WEB] POST /api/v1/game/action 146ms
[09:34:53.892 +01:15:59.547] [WEB] POST /api/v1/game/action 169ms
[09:34:55.376 +01:16:01.032] [WEB] POST /api/v1/game/action 147ms
[09:34:56.886 +01:16:02.541] [WEB] POST /api/v1/game/action 165ms
[09:34:58.384 +01:16:04.039] [WEB] POST /api/v1/game/action 145ms
[09:34:59.866 +01:16:05.522] [WEB] POST /api/v1/game/action 147ms
[09:35:01.406 +01:16:07.062] [WEB] POST /api/v1/game/action 172ms
[09:35:02.887 +01:16:08.542] [WEB] POST /api/v1/game/action 162ms
[09:35:04.387 +01:16:10.042] [WEB] POST /api/v1/game/action 148ms
[09:35:05.881 +01:16:11.537] [WEB] POST /api/v1/game/action 160ms
[09:35:07.383 +01:16:13.039] [WEB] POST /api/v1/game/action 146ms
[09:35:08.875 +01:16:14.531] [WEB] POST /api/v1/game/action 148ms
[09:35:10.366 +01:16:16.021] [WEB] POST /api/v1/game/action 145ms
[09:35:11.867 +01:16:17.523] [WEB] POST /api/v1/game/action 147ms
[09:35:13.376 +01:16:19.032] [WEB] POST /api/v1/game/action 151ms
[09:35:14.869 +01:16:20.524] [WEB] POST /api/v1/game/action 148ms
[09:35:16.383 +01:16:22.039] [WEB] POST /api/v1/game/action 147ms
[09:35:17.879 +01:16:23.535] [WEB] POST /api/v1/game/action 153ms
[09:35:19.373 +01:16:25.029] [WEB] POST /api/v1/game/action 147ms
[09:35:20.883 +01:16:26.539] [WEB] POST /api/v1/game/action 158ms
[09:35:22.377 +01:16:28.033] [WEB] POST /api/v1/game/action 146ms
[09:35:23.887 +01:16:29.543] [WEB] POST /api/v1/game/action 164ms
[09:35:25.386 +01:16:31.041] [WEB] POST /api/v1/game/action 147ms
[09:35:26.872 +01:16:32.527] [WEB] POST /api/v1/game/action 147ms
[09:35:28.393 +01:16:34.049] [WEB] POST /api/v1/game/action 148ms
[09:35:29.883 +01:16:35.539] [WEB] POST /api/v1/game/action 162ms
[09:35:31.368 +01:16:37.024] [WEB] POST /api/v1/game/action 145ms
[09:35:32.874 +01:16:38.530] [WEB] POST /api/v1/game/action 153ms
[09:35:34.386 +01:16:40.041] [WEB] POST /api/v1/game/action 150ms
[09:35:35.876 +01:16:41.532] [WEB] POST /api/v1/game/action 151ms
[09:35:37.409 +01:16:43.064] [WEB] POST /api/v1/game/action 170ms
[09:35:38.886 +01:16:44.542] [WEB] POST /api/v1/game/action 155ms
[09:35:40.385 +01:16:46.040] [WEB] POST /api/v1/game/action 147ms
[09:35:41.885 +01:16:47.541] [WEB] POST /api/v1/game/action 165ms
[09:35:43.384 +01:16:49.040] [WEB] POST /api/v1/game/action 148ms
[09:35:44.873 +01:16:50.529] [WEB] POST /api/v1/game/action 150ms
[09:35:46.401 +01:16:52.057] [WEB] POST /api/v1/game/action 175ms
[09:35:47.901 +01:16:53.557] [WEB] POST /api/v1/game/action 175ms
[09:35:49.386 +01:16:55.042] [WEB] POST /api/v1/game/action 150ms
[09:35:50.876 +01:16:56.531] [WEB] POST /api/v1/game/action 155ms
[09:35:52.376 +01:16:58.032] [WEB] POST /api/v1/game/action 148ms
[09:35:53.887 +01:16:59.543] [WEB] POST /api/v1/game/action 163ms
[09:35:55.377 +01:17:01.033] [WEB] POST /api/v1/game/action 149ms
[09:35:56.876 +01:17:02.532] [WEB] POST /api/v1/game/action 155ms
[09:35:58.382 +01:17:04.038] [WEB] POST /api/v1/game/action 146ms
[09:35:59.912 +01:17:05.567] [WEB] POST /api/v1/game/action 190ms
[09:36:01.387 +01:17:07.043] [WEB] POST /api/v1/game/action 148ms
[09:36:03.003 +01:17:08.659] [WEB] POST /api/v1/game/action 273ms
[09:36:04.398 +01:17:10.053] [WEB] POST /api/v1/game/action 168ms
[09:36:05.885 +01:17:11.541] [WEB] POST /api/v1/game/action 164ms
[09:36:07.385 +01:17:13.041] [WEB] POST /api/v1/game/action 156ms
[09:36:08.875 +01:17:14.531] [WEB] POST /api/v1/game/action 154ms
[09:36:10.367 +01:17:16.022] [WEB] POST /api/v1/game/action 146ms
[09:36:11.887 +01:17:17.543] [WEB] POST /api/v1/game/action 164ms
[09:36:13.384 +01:17:19.040] [WEB] POST /api/v1/game/action 149ms
[09:36:14.879 +01:17:20.535] [WEB] POST /api/v1/game/action 155ms
[09:36:16.381 +01:17:22.037] [WEB] POST /api/v1/game/action 149ms
[09:36:17.878 +01:17:23.534] [WEB] POST /api/v1/game/action 156ms
[09:36:19.381 +01:17:25.037] [WEB] POST /api/v1/game/action 147ms
[09:36:20.877 +01:17:26.533] [WEB] POST /api/v1/game/action 154ms
[09:36:22.390 +01:17:28.046] [WEB] POST /api/v1/game/action 147ms
[09:36:23.883 +01:17:29.539] [WEB] POST /api/v1/game/action 163ms
[09:36:25.381 +01:17:31.037] [WEB] POST /api/v1/game/action 146ms
[09:36:26.895 +01:17:32.551] [WEB] POST /api/v1/game/action 163ms
[09:36:28.388 +01:17:34.044] [WEB] POST /api/v1/game/action 148ms
[09:36:29.884 +01:17:35.540] [WEB] POST /api/v1/game/action 164ms
[09:36:31.380 +01:17:37.035] [WEB] POST /api/v1/game/action 147ms
[09:36:32.888 +01:17:38.544] [WEB] POST /api/v1/game/action 166ms
[09:36:34.380 +01:17:40.036] [WEB] POST /api/v1/game/action 150ms
[09:36:35.878 +01:17:41.534] [WEB] POST /api/v1/game/action 157ms
[09:36:37.372 +01:17:43.028] [WEB] POST /api/v1/game/action 147ms
[09:36:38.876 +01:17:44.532] [WEB] POST /api/v1/game/action 155ms
[09:36:40.372 +01:17:46.028] [WEB] POST /api/v1/game/action 147ms
[09:36:41.866 +01:17:47.522] [WEB] POST /api/v1/game/action 146ms
[09:36:43.386 +01:17:49.041] [WEB] POST /api/v1/game/action 144ms
[09:36:44.875 +01:17:50.531] [WEB] POST /api/v1/game/action 151ms
[09:36:46.396 +01:17:52.052] [WEB] POST /api/v1/game/action 148ms
[09:36:47.871 +01:17:53.527] [WEB] POST /api/v1/game/action 149ms
[09:36:49.411 +01:17:55.067] [WEB] POST /api/v1/game/action 170ms
[09:36:50.881 +01:17:56.536] [WEB] POST /api/v1/game/action 154ms
[09:36:52.381 +01:17:58.036] [WEB] POST /api/v1/game/action 148ms
[09:36:53.878 +01:17:59.534] [WEB] POST /api/v1/game/action 158ms
[09:36:55.399 +01:18:01.055] [WEB] POST /api/v1/game/action 144ms
[09:36:56.876 +01:18:02.532] [WEB] POST /api/v1/game/action 147ms
[09:36:58.375 +01:18:04.031] [WEB] POST /api/v1/game/action 146ms
[09:36:59.893 +01:18:05.548] [WEB] POST /api/v1/game/action 165ms
[09:37:01.386 +01:18:07.042] [WEB] POST /api/v1/game/action 149ms
[09:37:02.878 +01:18:08.534] [WEB] POST /api/v1/game/action 157ms
[09:37:04.379 +01:18:10.035] [WEB] POST /api/v1/game/action 146ms
[09:37:05.870 +01:18:11.526] [WEB] POST /api/v1/game/action 149ms
[09:37:07.390 +01:18:13.045] [WEB] POST /api/v1/game/action 148ms
[09:37:08.884 +01:18:14.540] [WEB] POST /api/v1/game/action 163ms
[09:37:10.375 +01:18:16.030] [WEB] POST /api/v1/game/action 145ms
[09:37:11.875 +01:18:17.531] [WEB] POST /api/v1/game/action 155ms
[09:37:13.374 +01:18:19.030] [WEB] POST /api/v1/game/action 145ms
[09:37:14.886 +01:18:20.542] [WEB] POST /api/v1/game/action 162ms
[09:37:16.402 +01:18:22.058] [WEB] POST /api/v1/game/action 172ms
[09:37:17.877 +01:18:23.533] [WEB] POST /api/v1/game/action 151ms
[09:37:19.376 +01:18:25.032] [WEB] POST /api/v1/game/action 149ms
[09:37:20.889 +01:18:26.544] [WEB] POST /api/v1/game/action 167ms
[09:37:22.406 +01:18:28.061] [WEB] POST /api/v1/game/action 167ms
[09:37:23.870 +01:18:29.525] [WEB] POST /api/v1/game/action 149ms
[09:37:25.409 +01:18:31.065] [WEB] POST /api/v1/game/action 169ms
[09:37:26.880 +01:18:32.535] [WEB] POST /api/v1/game/action 155ms
[09:37:28.370 +01:18:34.026] [WEB] POST /api/v1/game/action 149ms
[09:37:29.889 +01:18:35.545] [WEB] POST /api/v1/game/action 164ms
[09:37:31.387 +01:18:37.043] [WEB] POST /api/v1/game/action 148ms
[09:37:32.879 +01:18:38.534] [WEB] POST /api/v1/game/action 157ms
[09:37:34.375 +01:18:40.031] [WEB] POST /api/v1/game/action 150ms
[09:37:35.891 +01:18:41.547] [WEB] POST /api/v1/game/action 168ms
[09:37:37.390 +01:18:43.045] [WEB] POST /api/v1/game/action 147ms
[09:37:38.873 +01:18:44.529] [WEB] POST /api/v1/game/action 152ms
[09:37:40.391 +01:18:46.047] [WEB] POST /api/v1/game/action 147ms
[09:37:41.881 +01:18:47.537] [WEB] POST /api/v1/game/action 161ms
[09:37:43.374 +01:18:49.030] [WEB] POST /api/v1/game/action 146ms
[09:37:44.881 +01:18:50.536] [WEB] POST /api/v1/game/action 158ms
[09:37:46.381 +01:18:52.037] [WEB] POST /api/v1/game/action 148ms
[09:37:47.887 +01:18:53.543] [WEB] POST /api/v1/game/action 166ms
[09:37:49.382 +01:18:55.038] [WEB] POST /api/v1/game/action 148ms
[09:37:50.879 +01:18:56.535] [WEB] POST /api/v1/game/action 157ms
[09:37:52.369 +01:18:58.025] [WEB] POST /api/v1/game/action 147ms
[09:37:53.871 +01:18:59.527] [WEB] POST /api/v1/game/action 149ms
[09:37:55.388 +01:19:01.044] [WEB] POST /api/v1/game/action 148ms
[09:37:56.899 +01:19:02.555] [WEB] POST /api/v1/game/action 168ms
[09:37:58.373 +01:19:04.029] [WEB] POST /api/v1/game/action 147ms
[09:37:59.884 +01:19:05.539] [WEB] POST /api/v1/game/action 156ms
[09:38:01.399 +01:19:07.054] [WEB] POST /api/v1/game/action 169ms
[09:38:02.878 +01:19:08.534] [WEB] POST /api/v1/game/action 153ms
[09:38:04.379 +01:19:10.035] [WEB] POST /api/v1/game/action 151ms
[09:38:05.888 +01:19:11.544] [WEB] POST /api/v1/game/action 164ms
[09:38:07.390 +01:19:13.045] [WEB] POST /api/v1/game/action 147ms
[09:38:08.883 +01:19:14.539] [WEB] POST /api/v1/game/action 162ms
[09:38:10.408 +01:19:16.063] [WEB] POST /api/v1/game/action 168ms
[09:38:11.878 +01:19:17.533] [WEB] POST /api/v1/game/action 150ms
[09:38:13.389 +01:19:19.045] [WEB] POST /api/v1/game/action 145ms
[09:38:14.887 +01:19:20.543] [WEB] POST /api/v1/game/action 166ms
[09:38:16.381 +01:19:22.036] [WEB] POST /api/v1/game/action 148ms
[09:38:17.876 +01:19:23.532] [WEB] POST /api/v1/game/action 154ms
[09:38:19.389 +01:19:25.045] [WEB] POST /api/v1/game/action 148ms
[09:38:20.880 +01:19:26.535] [WEB] POST /api/v1/game/action 158ms
[09:38:22.372 +01:19:28.028] [WEB] POST /api/v1/game/action 145ms
[09:38:23.884 +01:19:29.540] [WEB] POST /api/v1/game/action 163ms
[09:38:25.374 +01:19:31.030] [WEB] POST /api/v1/game/action 148ms
[09:38:26.879 +01:19:32.535] [WEB] POST /api/v1/game/action 156ms
[09:38:28.380 +01:19:34.036] [WEB] POST /api/v1/game/action 150ms
[09:38:29.873 +01:19:35.529] [WEB] POST /api/v1/game/action 152ms
[09:38:31.379 +01:19:37.034] [WEB] POST /api/v1/game/action 149ms
[09:38:32.892 +01:19:38.548] [WEB] POST /api/v1/game/action 160ms
[09:38:34.390 +01:19:40.045] [WEB] POST /api/v1/game/action 148ms
[09:38:35.877 +01:19:41.533] [WEB] POST /api/v1/game/action 156ms
[09:38:37.398 +01:19:43.053] [WEB] POST /api/v1/game/action 170ms
[09:38:38.898 +01:19:44.554] [WEB] POST /api/v1/game/action 161ms
[09:38:40.369 +01:19:46.025] [WEB] POST /api/v1/game/action 145ms
[09:38:41.873 +01:19:47.529] [WEB] POST /api/v1/game/action 150ms
[09:38:43.385 +01:19:49.041] [WEB] POST /api/v1/game/action 146ms
[09:38:44.879 +01:19:50.535] [WEB] POST /api/v1/game/action 153ms
[09:38:46.373 +01:19:52.029] [WEB] POST /api/v1/game/action 149ms
[09:38:47.885 +01:19:53.541] [WEB] POST /api/v1/game/action 157ms
[09:38:49.370 +01:19:55.026] [WEB] POST /api/v1/game/action 145ms
[09:38:50.883 +01:19:56.539] [WEB] POST /api/v1/game/action 161ms
[09:38:52.403 +01:19:58.059] [WEB] POST /api/v1/game/action 147ms
[09:38:53.887 +01:19:59.543] [WEB] POST /api/v1/game/action 163ms
[09:38:55.373 +01:20:01.029] [WEB] POST /api/v1/game/action 146ms
[09:38:56.886 +01:20:02.541] [WEB] POST /api/v1/game/action 163ms
[09:38:58.388 +01:20:04.044] [WEB] POST /api/v1/game/action 149ms
[09:38:59.883 +01:20:05.539] [WEB] POST /api/v1/game/action 158ms
[09:39:01.380 +01:20:07.036] [WEB] POST /api/v1/game/action 149ms
[09:39:02.889 +01:20:08.545] [WEB] POST /api/v1/game/action 167ms
[09:39:04.421 +01:20:10.077] [WEB] POST /api/v1/game/action 191ms
[09:39:05.868 +01:20:11.523] [WEB] POST /api/v1/game/action 145ms
[09:39:07.379 +01:20:13.035] [WEB] POST /api/v1/game/action 146ms
[09:39:08.879 +01:20:14.535] [WEB] POST /api/v1/game/action 157ms
[09:39:10.393 +01:20:16.048] [WEB] POST /api/v1/game/action 147ms
[09:39:11.888 +01:20:17.544] [WEB] POST /api/v1/game/action 157ms
[09:39:13.408 +01:20:19.064] [WEB] POST /api/v1/game/action 176ms
[09:39:14.884 +01:20:20.540] [WEB] POST /api/v1/game/action 160ms
[09:39:16.380 +01:20:22.036] [WEB] POST /api/v1/game/action 148ms
[09:39:17.872 +01:20:23.527] [WEB] POST /api/v1/game/action 150ms
[09:39:19.393 +01:20:25.048] [WEB] POST /api/v1/game/action 148ms
[09:39:20.881 +01:20:26.537] [WEB] POST /api/v1/game/action 157ms
[09:39:22.370 +01:20:28.026] [WEB] POST /api/v1/game/action 148ms
[09:39:23.885 +01:20:29.541] [WEB] POST /api/v1/game/action 164ms
[09:39:25.377 +01:20:31.032] [WEB] POST /api/v1/game/action 150ms
[09:39:26.876 +01:20:32.531] [WEB] POST /api/v1/game/action 154ms
[09:39:28.375 +01:20:34.031] [WEB] POST /api/v1/game/action 148ms
[09:39:29.888 +01:20:35.543] [WEB] POST /api/v1/game/action 165ms
[09:39:31.386 +01:20:37.042] [WEB] POST /api/v1/game/action 146ms
[09:39:32.878 +01:20:38.533] [WEB] POST /api/v1/game/action 152ms
[09:39:34.377 +01:20:40.033] [WEB] POST /api/v1/game/action 150ms
[09:39:35.892 +01:20:41.547] [WEB] POST /api/v1/game/action 162ms
[09:39:37.402 +01:20:43.058] [WEB] POST /api/v1/game/action 177ms
[09:39:38.887 +01:20:44.543] [WEB] POST /api/v1/game/action 161ms
[09:39:40.377 +01:20:46.033] [WEB] POST /api/v1/game/action 149ms
[09:39:41.876 +01:20:47.532] [WEB] POST /api/v1/game/action 149ms
[09:39:43.427 +01:20:49.083] [WEB] POST /api/v1/game/action 179ms
[09:39:44.894 +01:20:50.550] [WEB] POST /api/v1/game/action 164ms
[09:39:46.379 +01:20:52.035] [WEB] POST /api/v1/game/action 144ms
[09:39:47.890 +01:20:53.545] [WEB] POST /api/v1/game/action 162ms
[09:39:49.418 +01:20:55.073] [WEB] POST /api/v1/game/action 169ms
[09:39:50.889 +01:20:56.545] [WEB] POST /api/v1/game/action 155ms
[09:39:52.394 +01:20:58.049] [WEB] POST /api/v1/game/action 148ms
[09:39:53.876 +01:20:59.532] [WEB] POST /api/v1/game/action 149ms
[09:39:55.373 +01:21:01.029] [WEB] POST /api/v1/game/action 146ms
[09:39:56.888 +01:21:02.544] [WEB] POST /api/v1/game/action 164ms
[09:39:58.407 +01:21:04.062] [WEB] POST /api/v1/game/action 170ms
[09:39:59.873 +01:21:05.528] [WEB] POST /api/v1/game/action 151ms
[09:40:01.389 +01:21:07.045] [WEB] POST /api/v1/game/action 145ms
[09:40:02.886 +01:21:08.542] [WEB] POST /api/v1/game/action 160ms
[09:40:04.386 +01:21:10.042] [WEB] POST /api/v1/game/action 148ms
[09:40:05.886 +01:21:11.542] [WEB] POST /api/v1/game/action 163ms
[09:40:07.387 +01:21:13.043] [WEB] POST /api/v1/game/action 151ms
[09:40:08.890 +01:21:14.546] [WEB] POST /api/v1/game/action 169ms
[09:40:10.391 +01:21:16.047] [WEB] POST /api/v1/game/action 148ms
[09:40:11.880 +01:21:17.536] [WEB] POST /api/v1/game/action 157ms
[09:40:13.378 +01:21:19.033] [WEB] POST /api/v1/game/action 149ms
[09:40:14.870 +01:21:20.526] [WEB] POST /api/v1/game/action 147ms
[09:40:16.384 +01:21:22.040] [WEB] POST /api/v1/game/action 149ms
[09:40:17.880 +01:21:23.536] [WEB] POST /api/v1/game/action 155ms
[09:40:19.378 +01:21:25.034] [WEB] POST /api/v1/game/action 147ms
[09:40:20.887 +01:21:26.543] [WEB] POST /api/v1/game/action 160ms
[09:40:22.384 +01:21:28.040] [WEB] POST /api/v1/game/action 147ms
[09:40:23.882 +01:21:29.537] [WEB] POST /api/v1/game/action 159ms
[09:40:25.438 +01:21:31.094] [WEB] POST /api/v1/game/action 194ms
[09:40:26.889 +01:21:32.545] [WEB] POST /api/v1/game/action 158ms
[09:40:28.395 +01:21:34.050] [WEB] POST /api/v1/game/action 147ms
[09:40:29.882 +01:21:35.538] [WEB] POST /api/v1/game/action 148ms
[09:40:31.380 +01:21:37.036] [WEB] POST /api/v1/game/action 147ms
[09:40:32.891 +01:21:38.546] [WEB] POST /api/v1/game/action 169ms
[09:40:34.374 +01:21:40.029] [WEB] POST /api/v1/game/action 148ms
[09:40:35.884 +01:21:41.540] [WEB] POST /api/v1/game/action 161ms
[09:40:37.373 +01:21:43.029] [WEB] POST /api/v1/game/action 150ms
[09:40:38.883 +01:21:44.539] [WEB] POST /api/v1/game/action 155ms
[09:40:40.379 +01:21:46.035] [WEB] POST /api/v1/game/action 147ms
[09:40:41.872 +01:21:47.527] [WEB] POST /api/v1/game/action 150ms
[09:40:43.395 +01:21:49.051] [WEB] POST /api/v1/game/action 148ms
[09:40:44.882 +01:21:50.537] [WEB] POST /api/v1/game/action 159ms
[09:40:46.378 +01:21:52.033] [WEB] POST /api/v1/game/action 149ms
[09:40:47.886 +01:21:53.542] [WEB] POST /api/v1/game/action 164ms
[09:40:49.392 +01:21:55.048] [WEB] POST /api/v1/game/action 146ms
[09:40:50.878 +01:21:56.534] [WEB] POST /api/v1/game/action 156ms
[09:40:52.416 +01:21:58.072] [WEB] POST /api/v1/game/action 168ms
[09:40:53.879 +01:21:59.535] [WEB] POST /api/v1/game/action 155ms
[09:40:55.424 +01:22:01.080] [WEB] POST /api/v1/game/action 169ms
[09:40:56.881 +01:22:02.536] [WEB] POST /api/v1/game/action 158ms
[09:40:58.382 +01:22:04.037] [WEB] POST /api/v1/game/action 148ms
[09:40:59.873 +01:22:05.529] [WEB] POST /api/v1/game/action 150ms
[09:41:01.414 +01:22:07.070] [WEB] POST /api/v1/game/action 169ms
[09:41:02.886 +01:22:08.542] [WEB] POST /api/v1/game/action 162ms
[09:41:04.379 +01:22:10.034] [WEB] POST /api/v1/game/action 149ms
[09:41:05.892 +01:22:11.548] [WEB] POST /api/v1/game/action 158ms
[09:41:07.390 +01:22:13.046] [WEB] POST /api/v1/game/action 147ms
[09:41:08.878 +01:22:14.533] [WEB] POST /api/v1/game/action 155ms
[09:41:10.379 +01:22:16.035] [WEB] POST /api/v1/game/action 146ms
[09:41:11.872 +01:22:17.527] [WEB] POST /api/v1/game/action 149ms
[09:41:13.396 +01:22:19.051] [WEB] POST /api/v1/game/action 151ms
[09:41:14.889 +01:22:20.545] [WEB] POST /api/v1/game/action 168ms
[09:41:16.399 +01:22:22.055] [WEB] POST /api/v1/game/action 160ms
[09:41:17.870 +01:22:23.525] [WEB] POST /api/v1/game/action 147ms
[09:41:19.391 +01:22:25.046] [WEB] POST /api/v1/game/action 145ms
[09:41:20.888 +01:22:26.544] [WEB] POST /api/v1/game/action 166ms
[09:41:22.388 +01:22:28.044] [WEB] POST /api/v1/game/action 147ms
[09:41:23.877 +01:22:29.532] [WEB] POST /api/v1/game/action 154ms
[09:41:25.376 +01:22:31.032] [WEB] POST /api/v1/game/action 146ms
[09:41:26.883 +01:22:32.538] [WEB] POST /api/v1/game/action 150ms
[09:41:28.379 +01:22:34.034] [WEB] POST /api/v1/game/action 149ms
[09:41:29.888 +01:22:35.543] [WEB] POST /api/v1/game/action 165ms
[09:41:31.391 +01:22:37.047] [WEB] POST /api/v1/game/action 147ms
[09:41:32.875 +01:22:38.531] [WEB] POST /api/v1/game/action 151ms
[09:41:34.381 +01:22:40.037] [WEB] POST /api/v1/game/action 146ms
[09:41:35.869 +01:22:41.525] [WEB] POST /api/v1/game/action 147ms
[09:41:37.400 +01:22:43.056] [WEB] POST /api/v1/game/action 170ms
[09:41:38.894 +01:22:44.549] [WEB] POST /api/v1/game/action 162ms
[09:41:40.393 +01:22:46.048] [WEB] POST /api/v1/game/action 147ms
[09:41:41.883 +01:22:47.539] [WEB] POST /api/v1/game/action 160ms
[09:41:43.379 +01:22:49.035] [WEB] POST /api/v1/game/action 149ms
[09:41:44.880 +01:22:50.536] [WEB] POST /api/v1/game/action 157ms
[09:41:46.412 +01:22:52.067] [WEB] POST /api/v1/game/action 168ms
[09:41:47.880 +01:22:53.536] [WEB] POST /api/v1/game/action 157ms
[09:41:49.394 +01:22:55.050] [WEB] POST /api/v1/game/action 147ms
[09:41:50.880 +01:22:56.536] [WEB] POST /api/v1/game/action 157ms
[09:41:52.373 +01:22:58.029] [WEB] POST /api/v1/game/action 144ms
[09:41:53.883 +01:22:59.538] [WEB] POST /api/v1/game/action 158ms
[09:41:55.379 +01:23:01.035] [WEB] POST /api/v1/game/action 147ms
[09:41:56.891 +01:23:02.547] [WEB] POST /api/v1/game/action 166ms
[09:41:58.394 +01:23:04.050] [WEB] POST /api/v1/game/action 148ms
[09:41:59.891 +01:23:05.547] [WEB] POST /api/v1/game/action 158ms
[09:42:01.391 +01:23:07.046] [WEB] POST /api/v1/game/action 150ms
[09:42:02.877 +01:23:08.533] [WEB] POST /api/v1/game/action 155ms
[09:42:04.379 +01:23:10.035] [WEB] POST /api/v1/game/action 151ms
[09:42:05.876 +01:23:11.531] [WEB] POST /api/v1/game/action 153ms
[09:42:07.374 +01:23:13.030] [WEB] POST /api/v1/game/action 149ms
[09:42:08.889 +01:23:14.545] [WEB] POST /api/v1/game/action 166ms
[09:42:10.391 +01:23:16.047] [WEB] POST /api/v1/game/action 147ms
[09:42:11.887 +01:23:17.542] [WEB] POST /api/v1/game/action 164ms
[09:42:13.403 +01:23:19.059] [WEB] POST /api/v1/game/action 170ms
[09:42:14.887 +01:23:20.543] [WEB] POST /api/v1/game/action 162ms
[09:42:16.395 +01:23:22.051] [WEB] POST /api/v1/game/action 149ms
[09:42:17.881 +01:23:23.537] [WEB] POST /api/v1/game/action 151ms
[09:42:19.378 +01:23:25.034] [WEB] POST /api/v1/game/action 145ms
[09:42:20.872 +01:23:26.528] [WEB] POST /api/v1/game/action 149ms
[09:42:22.388 +01:23:28.044] [WEB] POST /api/v1/game/action 148ms
[09:42:23.886 +01:23:29.542] [WEB] POST /api/v1/game/action 163ms
[09:42:25.383 +01:23:31.038] [WEB] POST /api/v1/game/action 147ms
[09:42:26.874 +01:23:32.530] [WEB] POST /api/v1/game/action 152ms
[09:42:28.389 +01:23:34.044] [WEB] POST /api/v1/game/action 148ms
[09:42:29.877 +01:23:35.533] [WEB] POST /api/v1/game/action 151ms
[09:42:31.367 +01:23:37.023] [WEB] POST /api/v1/game/action 145ms
[09:42:32.880 +01:23:38.535] [WEB] POST /api/v1/game/action 157ms
[09:42:34.373 +01:23:40.028] [WEB] POST /api/v1/game/action 148ms
[09:42:35.435 +01:23:41.090] [WEB] GET /api/v1/frame.png 348ms
[09:42:35.872 +01:23:41.527] [WEB] POST /api/v1/game/action 148ms
[09:42:37.383 +01:23:43.039] [WEB] POST /api/v1/game/action 149ms
[09:42:38.892 +01:23:44.548] [WEB] POST /api/v1/game/action 159ms
[09:42:40.390 +01:23:46.046] [WEB] POST /api/v1/game/action 146ms
[09:42:41.878 +01:23:47.534] [WEB] POST /api/v1/game/action 156ms
[09:42:43.377 +01:23:49.033] [WEB] POST /api/v1/game/action 150ms
[09:42:44.886 +01:23:50.542] [WEB] POST /api/v1/game/action 164ms
[09:42:46.390 +01:23:52.046] [WEB] POST /api/v1/game/action 146ms
[09:42:47.874 +01:23:53.529] [WEB] POST /api/v1/game/action 150ms
[09:42:49.381 +01:23:55.037] [WEB] POST /api/v1/game/action 148ms
[09:42:50.893 +01:23:56.549] [WEB] POST /api/v1/game/action 167ms
[09:42:52.389 +01:23:58.045] [WEB] POST /api/v1/game/action 148ms
[09:42:53.883 +01:23:59.539] [WEB] POST /api/v1/game/action 161ms
[09:42:55.395 +01:24:01.050] [WEB] POST /api/v1/game/action 151ms
[09:42:56.885 +01:24:02.541] [WEB] POST /api/v1/game/action 152ms
[09:42:58.383 +01:24:04.038] [WEB] POST /api/v1/game/action 148ms
[09:42:59.887 +01:24:05.543] [WEB] POST /api/v1/game/action 164ms
[09:43:01.381 +01:24:07.037] [WEB] POST /api/v1/game/action 147ms
[09:43:02.891 +01:24:08.547] [WEB] POST /api/v1/game/action 164ms
[09:43:04.391 +01:24:10.047] [WEB] POST /api/v1/game/action 148ms
[09:43:05.881 +01:24:11.537] [WEB] POST /api/v1/game/action 157ms
[09:43:07.402 +01:24:13.057] [WEB] POST /api/v1/game/action 150ms
[09:43:08.876 +01:24:14.532] [WEB] POST /api/v1/game/action 153ms
[09:43:10.391 +01:24:16.046] [WEB] POST /api/v1/game/action 148ms
[09:43:11.896 +01:24:17.551] [WEB] POST /api/v1/game/action 170ms
[09:43:13.386 +01:24:19.041] [WEB] POST /api/v1/game/action 150ms
[09:43:14.890 +01:24:20.546] [WEB] POST /api/v1/game/action 158ms
[09:43:16.439 +01:24:22.094] [WEB] POST /api/v1/game/action 169ms
[09:43:17.883 +01:24:23.538] [WEB] POST /api/v1/game/action 157ms
[09:43:19.412 +01:24:25.067] [WEB] POST /api/v1/game/action 147ms
[09:43:20.877 +01:24:26.532] [WEB] POST /api/v1/game/action 149ms
[09:43:22.391 +01:24:28.047] [WEB] POST /api/v1/game/action 147ms
[09:43:23.881 +01:24:29.537] [WEB] POST /api/v1/game/action 158ms
[09:43:25.384 +01:24:31.039] [WEB] POST /api/v1/game/action 149ms
[09:43:26.874 +01:24:32.530] [WEB] POST /api/v1/game/action 149ms
[09:43:28.394 +01:24:34.050] [WEB] POST /api/v1/game/action 148ms
[09:43:29.884 +01:24:35.539] [WEB] POST /api/v1/game/action 159ms
[09:43:31.389 +01:24:37.045] [WEB] POST /api/v1/game/action 147ms
[09:43:32.887 +01:24:38.543] [WEB] POST /api/v1/game/action 163ms
[09:43:34.386 +01:24:40.041] [WEB] POST /api/v1/game/action 147ms
[09:43:35.878 +01:24:41.534] [WEB] POST /api/v1/game/action 154ms
[09:43:37.385 +01:24:43.041] [WEB] POST /api/v1/game/action 148ms
[09:43:38.875 +01:24:44.530] [WEB] POST /api/v1/game/action 152ms
[09:43:40.402 +01:24:46.058] [WEB] POST /api/v1/game/action 149ms
[09:43:41.888 +01:24:47.544] [WEB] POST /api/v1/game/action 165ms
[09:43:43.383 +01:24:49.039] [WEB] POST /api/v1/game/action 148ms
[09:43:44.874 +01:24:50.529] [WEB] POST /api/v1/game/action 149ms
[09:43:46.387 +01:24:52.042] [WEB] POST /api/v1/game/action 148ms
[09:43:47.878 +01:24:53.534] [WEB] POST /api/v1/game/action 155ms
[09:43:49.372 +01:24:55.028] [WEB] POST /api/v1/game/action 145ms
[09:43:50.889 +01:24:56.545] [WEB] POST /api/v1/game/action 166ms
[09:43:52.394 +01:24:58.050] [WEB] POST /api/v1/game/action 147ms
[09:43:53.888 +01:24:59.543] [WEB] POST /api/v1/game/action 163ms
[09:43:55.386 +01:25:01.042] [WEB] POST /api/v1/game/action 148ms
[09:43:56.901 +01:25:02.556] [WEB] POST /api/v1/game/action 164ms
[09:43:58.383 +01:25:04.039] [WEB] POST /api/v1/game/action 150ms
[09:43:59.895 +01:25:05.551] [WEB] POST /api/v1/game/action 164ms
[09:44:01.393 +01:25:07.049] [WEB] POST /api/v1/game/action 145ms
[09:44:02.881 +01:25:08.536] [WEB] POST /api/v1/game/action 157ms
[09:44:04.375 +01:25:10.031] [WEB] POST /api/v1/game/action 147ms
[09:44:05.887 +01:25:11.543] [WEB] POST /api/v1/game/action 159ms
[09:44:07.388 +01:25:13.044] [WEB] POST /api/v1/game/action 146ms
[09:44:08.880 +01:25:14.536] [WEB] POST /api/v1/game/action 150ms
[09:44:10.383 +01:25:16.039] [WEB] POST /api/v1/game/action 147ms
[09:44:11.880 +01:25:17.536] [WEB] POST /api/v1/game/action 156ms
[09:44:13.381 +01:25:19.037] [WEB] POST /api/v1/game/action 147ms
[09:44:14.900 +01:25:20.555] [WEB] POST /api/v1/game/action 165ms
[09:44:16.382 +01:25:22.038] [WEB] POST /api/v1/game/action 148ms
[09:44:17.870 +01:25:23.526] [WEB] POST /api/v1/game/action 147ms
[09:44:19.385 +01:25:25.041] [WEB] POST /api/v1/game/action 146ms
[09:44:20.885 +01:25:26.541] [WEB] POST /api/v1/game/action 161ms
[09:44:22.383 +01:25:28.039] [WEB] POST /api/v1/game/action 147ms
[09:44:23.872 +01:25:29.528] [WEB] POST /api/v1/game/action 149ms
[09:44:25.391 +01:25:31.047] [WEB] POST /api/v1/game/action 149ms
[09:44:26.879 +01:25:32.535] [WEB] POST /api/v1/game/action 155ms
[09:44:28.384 +01:25:34.039] [WEB] POST /api/v1/game/action 147ms
[09:44:29.875 +01:25:35.530] [WEB] POST /api/v1/game/action 146ms
[09:44:31.394 +01:25:37.050] [WEB] POST /api/v1/game/action 147ms
[09:44:32.884 +01:25:38.540] [WEB] POST /api/v1/game/action 150ms
[09:44:34.406 +01:25:40.061] [WEB] POST /api/v1/game/action 150ms
[09:44:35.878 +01:25:41.533] [WEB] POST /api/v1/game/action 155ms
[09:44:37.393 +01:25:43.049] [WEB] POST /api/v1/game/action 147ms
[09:44:38.884 +01:25:44.539] [WEB] POST /api/v1/game/action 161ms
[09:44:40.396 +01:25:46.052] [WEB] POST /api/v1/game/action 146ms
[09:44:41.891 +01:25:47.547] [WEB] POST /api/v1/game/action 165ms
[09:44:43.383 +01:25:49.039] [WEB] POST /api/v1/game/action 148ms
[09:44:44.878 +01:25:50.533] [WEB] POST /api/v1/game/action 155ms
[09:44:46.382 +01:25:52.038] [WEB] POST /api/v1/game/action 148ms
[09:44:47.876 +01:25:53.532] [WEB] POST /api/v1/game/action 152ms
[09:44:49.371 +01:25:55.027] [WEB] POST /api/v1/game/action 146ms
[09:44:50.885 +01:25:56.540] [WEB] POST /api/v1/game/action 160ms
[09:44:52.385 +01:25:58.040] [WEB] POST /api/v1/game/action 147ms
[09:44:53.877 +01:25:59.533] [WEB] POST /api/v1/game/action 155ms
[09:44:55.375 +01:26:01.030] [WEB] POST /api/v1/game/action 146ms
[09:44:56.881 +01:26:02.536] [WEB] POST /api/v1/game/action 154ms
[09:44:58.386 +01:26:04.042] [WEB] POST /api/v1/game/action 147ms
[09:44:59.872 +01:26:05.527] [WEB] POST /api/v1/game/action 148ms
[09:45:01.424 +01:26:07.080] [WEB] POST /api/v1/game/action 170ms
[09:45:02.881 +01:26:08.536] [WEB] POST /api/v1/game/action 152ms
[09:45:04.375 +01:26:10.031] [WEB] POST /api/v1/game/action 145ms
[09:45:05.888 +01:26:11.544] [WEB] POST /api/v1/game/action 163ms
[09:45:07.371 +01:26:13.026] [WEB] POST /api/v1/game/action 147ms
[09:45:08.894 +01:26:14.550] [WEB] POST /api/v1/game/action 163ms
[09:45:10.396 +01:26:16.052] [WEB] POST /api/v1/game/action 148ms
[09:45:11.889 +01:26:17.544] [WEB] POST /api/v1/game/action 165ms
[09:45:13.389 +01:26:19.045] [WEB] POST /api/v1/game/action 148ms
[09:45:14.869 +01:26:20.525] [WEB] POST /api/v1/game/action 145ms
[09:45:16.387 +01:26:22.043] [WEB] POST /api/v1/game/action 147ms
[09:45:17.883 +01:26:23.538] [WEB] POST /api/v1/game/action 158ms
[09:45:19.380 +01:26:25.035] [WEB] POST /api/v1/game/action 145ms
[09:45:20.885 +01:26:26.541] [WEB] POST /api/v1/game/action 162ms
[09:45:22.372 +01:26:28.028] [WEB] POST /api/v1/game/action 144ms
[09:45:23.887 +01:26:29.543] [WEB] POST /api/v1/game/action 158ms
[09:45:25.393 +01:26:31.049] [WEB] POST /api/v1/game/action 144ms
[09:45:26.881 +01:26:32.537] [WEB] POST /api/v1/game/action 156ms
[09:45:28.379 +01:26:34.035] [WEB] POST /api/v1/game/action 149ms
[09:45:29.874 +01:26:35.530] [WEB] POST /api/v1/game/action 150ms
[09:45:31.395 +01:26:37.051] [WEB] POST /api/v1/game/action 148ms
[09:45:32.890 +01:26:38.545] [WEB] POST /api/v1/game/action 166ms
[09:45:34.385 +01:26:40.041] [WEB] POST /api/v1/game/action 150ms
[09:45:35.879 +01:26:41.535] [WEB] POST /api/v1/game/action 155ms
[09:45:37.378 +01:26:43.033] [WEB] POST /api/v1/game/action 149ms
[09:45:38.869 +01:26:44.524] [WEB] POST /api/v1/game/action 146ms
[09:45:40.382 +01:26:46.038] [WEB] POST /api/v1/game/action 153ms
[09:45:41.892 +01:26:47.547] [WEB] POST /api/v1/game/action 168ms
[09:45:43.395 +01:26:49.050] [WEB] POST /api/v1/game/action 147ms
[09:45:44.888 +01:26:50.544] [WEB] POST /api/v1/game/action 163ms
[09:45:46.389 +01:26:52.045] [WEB] POST /api/v1/game/action 146ms
[09:45:47.884 +01:26:53.540] [WEB] POST /api/v1/game/action 151ms
[09:45:49.385 +01:26:55.041] [WEB] POST /api/v1/game/action 146ms
[09:45:50.877 +01:26:56.532] [WEB] POST /api/v1/game/action 150ms
[09:45:52.398 +01:26:58.053] [WEB] POST /api/v1/game/action 144ms
[09:45:53.887 +01:26:59.543] [WEB] POST /api/v1/game/action 164ms
[09:45:55.384 +01:27:01.039] [WEB] POST /api/v1/game/action 148ms
[09:45:56.876 +01:27:02.531] [WEB] POST /api/v1/game/action 150ms
[09:45:58.375 +01:27:04.031] [WEB] POST /api/v1/game/action 149ms
[09:45:59.885 +01:27:05.540] [WEB] POST /api/v1/game/action 160ms
[09:46:01.383 +01:27:07.039] [WEB] POST /api/v1/game/action 149ms
[09:46:02.878 +01:27:08.533] [WEB] POST /api/v1/game/action 154ms
[09:46:04.382 +01:27:10.038] [WEB] POST /api/v1/game/action 148ms
[09:46:05.891 +01:27:11.547] [WEB] POST /api/v1/game/action 157ms
[09:46:07.373 +01:27:13.029] [WEB] POST /api/v1/game/action 147ms
[09:46:08.892 +01:27:14.548] [WEB] POST /api/v1/game/action 168ms
[09:46:10.384 +01:27:16.040] [WEB] POST /api/v1/game/action 146ms
[09:46:11.877 +01:27:17.533] [WEB] POST /api/v1/game/action 153ms
[09:46:13.375 +01:27:19.031] [WEB] POST /api/v1/game/action 148ms
[09:46:14.888 +01:27:20.544] [WEB] POST /api/v1/game/action 165ms
[09:46:16.386 +01:27:22.042] [WEB] POST /api/v1/game/action 146ms
[09:46:17.871 +01:27:23.526] [WEB] POST /api/v1/game/action 146ms
[09:46:19.385 +01:27:25.040] [WEB] POST /api/v1/game/action 147ms
[09:46:20.879 +01:27:26.535] [WEB] POST /api/v1/game/action 156ms
[09:46:22.399 +01:27:28.055] [WEB] POST /api/v1/game/action 165ms
[09:46:23.879 +01:27:29.535] [WEB] POST /api/v1/game/action 156ms
[09:46:25.390 +01:27:31.045] [WEB] POST /api/v1/game/action 148ms
[09:46:26.891 +01:27:32.547] [WEB] POST /api/v1/game/action 168ms
[09:46:28.384 +01:27:34.040] [WEB] POST /api/v1/game/action 146ms
[09:46:29.879 +01:27:35.535] [WEB] POST /api/v1/game/action 150ms
[09:46:31.374 +01:27:37.030] [WEB] POST /api/v1/game/action 148ms
[09:46:32.889 +01:27:38.545] [WEB] POST /api/v1/game/action 165ms
[09:46:34.386 +01:27:40.041] [WEB] POST /api/v1/game/action 150ms
[09:46:35.885 +01:27:41.540] [WEB] POST /api/v1/game/action 161ms
[09:46:37.379 +01:27:43.035] [WEB] POST /api/v1/game/action 148ms
[09:46:38.892 +01:27:44.548] [WEB] POST /api/v1/game/action 167ms
[09:46:40.388 +01:27:46.044] [WEB] POST /api/v1/game/action 148ms
[09:46:41.886 +01:27:47.542] [WEB] POST /api/v1/game/action 163ms
[09:46:43.385 +01:27:49.040] [WEB] POST /api/v1/game/action 148ms
[09:46:44.899 +01:27:50.555] [WEB] POST /api/v1/game/action 166ms
[09:46:46.390 +01:27:52.046] [WEB] POST /api/v1/game/action 146ms
[09:46:47.884 +01:27:53.540] [WEB] POST /api/v1/game/action 160ms
[09:46:49.388 +01:27:55.044] [WEB] POST /api/v1/game/action 148ms
[09:46:50.880 +01:27:56.535] [WEB] POST /api/v1/game/action 157ms
[09:46:52.383 +01:27:58.038] [WEB] POST /api/v1/game/action 148ms
[09:46:53.873 +01:27:59.529] [WEB] POST /api/v1/game/action 147ms
[09:46:55.384 +01:28:01.040] [WEB] POST /api/v1/game/action 149ms
[09:46:56.878 +01:28:02.534] [WEB] POST /api/v1/game/action 154ms
[09:46:58.378 +01:28:04.034] [WEB] POST /api/v1/game/action 144ms
[09:46:59.879 +01:28:05.535] [WEB] POST /api/v1/game/action 155ms
[09:47:01.377 +01:28:07.033] [WEB] POST /api/v1/game/action 148ms
[09:47:02.890 +01:28:08.545] [WEB] POST /api/v1/game/action 156ms
[09:47:04.374 +01:28:10.030] [WEB] POST /api/v1/game/action 145ms
[09:47:05.892 +01:28:11.548] [WEB] POST /api/v1/game/action 155ms
[09:47:07.390 +01:28:13.045] [WEB] POST /api/v1/game/action 148ms
[09:47:08.880 +01:28:14.536] [WEB] POST /api/v1/game/action 156ms
[09:47:10.373 +01:28:16.028] [WEB] POST /api/v1/game/action 147ms
[09:47:11.893 +01:28:17.548] [WEB] POST /api/v1/game/action 167ms
[09:47:13.380 +01:28:19.035] [WEB] POST /api/v1/game/action 147ms
[09:47:14.889 +01:28:20.544] [WEB] POST /api/v1/game/action 164ms
[09:47:16.391 +01:28:22.047] [WEB] POST /api/v1/game/action 148ms
[09:47:17.887 +01:28:23.543] [WEB] POST /api/v1/game/action 157ms
[09:47:19.389 +01:28:25.045] [WEB] POST /api/v1/game/action 149ms
[09:47:20.880 +01:28:26.536] [WEB] POST /api/v1/game/action 155ms
[09:47:22.378 +01:28:28.034] [WEB] POST /api/v1/game/action 147ms
[09:47:23.889 +01:28:29.545] [WEB] POST /api/v1/game/action 165ms
[09:47:25.385 +01:28:31.041] [WEB] POST /api/v1/game/action 147ms
[09:47:26.871 +01:28:32.527] [WEB] POST /api/v1/game/action 146ms
[09:47:28.387 +01:28:34.043] [WEB] POST /api/v1/game/action 148ms
[09:47:29.871 +01:28:35.526] [WEB] POST /api/v1/game/action 146ms
[09:47:31.384 +01:28:37.039] [WEB] POST /api/v1/game/action 147ms
[09:47:32.890 +01:28:38.546] [WEB] POST /api/v1/game/action 164ms
[09:47:34.400 +01:28:40.056] [WEB] POST /api/v1/game/action 164ms
[09:47:35.871 +01:28:41.527] [WEB] POST /api/v1/game/action 147ms
[09:47:37.377 +01:28:43.033] [WEB] POST /api/v1/game/action 147ms
[09:47:38.888 +01:28:44.544] [WEB] POST /api/v1/game/action 156ms
[09:47:40.391 +01:28:46.047] [WEB] POST /api/v1/game/action 147ms
[09:47:41.885 +01:28:47.541] [WEB] POST /api/v1/game/action 160ms
[09:47:43.373 +01:28:49.029] [WEB] POST /api/v1/game/action 146ms
[09:47:44.872 +01:28:50.528] [WEB] POST /api/v1/game/action 148ms
[09:47:46.390 +01:28:52.046] [WEB] POST /api/v1/game/action 147ms
[09:47:47.891 +01:28:53.547] [WEB] POST /api/v1/game/action 167ms
[09:47:49.383 +01:28:55.039] [WEB] POST /api/v1/game/action 150ms
[09:47:50.891 +01:28:56.547] [WEB] POST /api/v1/game/action 166ms
[09:47:52.383 +01:28:58.039] [WEB] POST /api/v1/game/action 145ms
[09:47:53.875 +01:28:59.531] [WEB] POST /api/v1/game/action 151ms
[09:47:55.382 +01:29:01.038] [WEB] POST /api/v1/game/action 148ms
[09:47:56.878 +01:29:02.534] [WEB] POST /api/v1/game/action 153ms
[09:47:58.376 +01:29:04.032] [WEB] POST /api/v1/game/action 147ms
[09:47:59.885 +01:29:05.541] [WEB] POST /api/v1/game/action 162ms
[09:48:01.383 +01:29:07.038] [WEB] POST /api/v1/game/action 150ms
[09:48:02.884 +01:29:08.540] [WEB] POST /api/v1/game/action 161ms
[09:48:04.378 +01:29:10.034] [WEB] POST /api/v1/game/action 147ms
[09:48:05.890 +01:29:11.545] [WEB] POST /api/v1/game/action 166ms
[09:48:07.374 +01:29:13.030] [WEB] POST /api/v1/game/action 148ms
[09:48:08.885 +01:29:14.540] [WEB] POST /api/v1/game/action 159ms
[09:48:10.377 +01:29:16.033] [WEB] POST /api/v1/game/action 152ms
[09:48:11.875 +01:29:17.531] [WEB] POST /api/v1/game/action 148ms
[09:48:13.392 +01:29:19.047] [WEB] POST /api/v1/game/action 148ms
[09:48:14.890 +01:29:20.545] [WEB] POST /api/v1/game/action 162ms
[09:48:16.394 +01:29:22.050] [WEB] POST /api/v1/game/action 147ms
[09:48:17.883 +01:29:23.539] [WEB] POST /api/v1/game/action 158ms
[09:48:19.397 +01:29:25.052] [WEB] POST /api/v1/game/action 147ms
[09:48:20.892 +01:29:26.548] [WEB] POST /api/v1/game/action 155ms
[09:48:21.443 +01:29:27.098] [WEB] GET /api/v1/frame.png 341ms
[09:48:22.492 +01:29:28.148] [WEB] POST /api/v1/game/action 256ms
[09:48:23.884 +01:29:29.539] [WEB] POST /api/v1/game/action 156ms
[09:48:25.430 +01:29:31.086] [WEB] POST /api/v1/game/action 162ms
[09:48:27.021 +01:29:32.676] [WEB] POST /api/v1/game/action 294ms
[09:48:28.501 +01:29:34.157] [WEB] POST /api/v1/game/action 152ms
[09:48:30.112 +01:29:35.768] [WEB] POST /api/v1/game/action 386ms
[09:48:31.409 +01:29:37.065] [WEB] POST /api/v1/game/action 178ms
[09:48:32.881 +01:29:38.537] [WEB] POST /api/v1/game/action 155ms
[09:48:34.397 +01:29:40.052] [WEB] POST /api/v1/game/action 153ms
[09:48:35.881 +01:29:41.536] [WEB] POST /api/v1/game/action 155ms
[09:48:37.379 +01:29:43.034] [WEB] POST /api/v1/game/action 147ms
[09:48:38.908 +01:29:44.564] [WEB] POST /api/v1/game/action 184ms
[09:48:40.034 +01:29:45.690] [WEB] POST /api/v1/script 28ms
[09:48:40.065 +01:29:45.720] [WEB] POST /api/v1/script 17ms
[09:48:40.126 +01:29:45.781] [WEB] POST /api/v1/script 57ms
[09:48:40.155 +01:29:45.811] [WEB] POST /api/v1/script 24ms
[09:48:40.217 +01:29:45.873] [WEB] POST /api/v1/script 57ms
[09:48:40.277 +01:29:45.932] [WEB] POST /api/v1/script 53ms
[09:48:40.450 +01:29:46.106] [WEB] POST /api/v1/game/action 167ms
[09:48:40.482 +01:29:46.138] [WEB] POST /api/v1/script 28ms
[09:48:40.507 +01:29:46.163] [WEB] POST /api/v1/script 21ms
[09:48:40.576 +01:29:46.231] [WEB] POST /api/v1/script 62ms
[09:48:40.630 +01:29:46.285] [WEB] POST /api/v1/script 48ms
[09:48:40.681 +01:29:46.336] [WEB] POST /api/v1/script 46ms
[09:48:40.732 +01:29:46.388] [WEB] POST /api/v1/script 47ms
[09:48:40.787 +01:29:46.443] [WEB] POST /api/v1/script 49ms
[09:48:40.830 +01:29:46.486] [WEB] POST /api/v1/script 40ms
[09:48:40.881 +01:29:46.536] [WEB] POST /api/v1/script 40ms
[09:48:40.923 +01:29:46.579] [WEB] POST /api/v1/script 32ms
[09:48:40.966 +01:29:46.622] [WEB] POST /api/v1/script 38ms
[09:48:41.021 +01:29:46.677] [WEB] POST /api/v1/script 45ms
[09:48:41.055 +01:29:46.711] [WEB] POST /api/v1/script 21ms
[09:48:41.115 +01:29:46.771] [WEB] POST /api/v1/script 54ms
[09:48:41.171 +01:29:46.826] [WEB] POST /api/v1/script 53ms
[09:48:41.224 +01:29:46.879] [WEB] POST /api/v1/script 49ms
[09:48:41.288 +01:29:46.944] [WEB] POST /api/v1/script 60ms
[09:48:41.339 +01:29:46.994] [WEB] POST /api/v1/script 45ms
[09:48:41.403 +01:29:47.059] [WEB] POST /api/v1/script 59ms
[09:48:41.481 +01:29:47.136] [WEB] POST /api/v1/script 70ms
[09:48:41.553 +01:29:47.208] [WEB] POST /api/v1/script 62ms
[09:48:41.585 +01:29:47.241] [WEB] POST /api/v1/script 21ms
[09:48:41.672 +01:29:47.328] [WEB] POST /api/v1/script 80ms
[09:48:41.733 +01:29:47.389] [WEB] POST /api/v1/script 57ms
[09:48:42.000 +01:29:47.656] [WEB] POST /api/v1/game/action 258ms
[09:48:42.065 +01:29:47.720] [WEB] POST /api/v1/script 59ms
[09:48:42.124 +01:29:47.779] [WEB] POST /api/v1/script 52ms
[09:48:42.183 +01:29:47.838] [WEB] POST /api/v1/script 53ms
[09:48:42.418 +01:29:48.073] [WEB] POST /api/v1/script 77ms
[09:48:42.492 +01:29:48.147] [WEB] POST /api/v1/script 64ms
[09:48:42.557 +01:29:48.212] [WEB] POST /api/v1/script 60ms
[09:48:42.626 +01:29:48.282] [WEB] POST /api/v1/script 63ms
[09:48:42.660 +01:29:48.315] [WEB] POST /api/v1/script 23ms
[09:48:42.746 +01:29:48.402] [WEB] POST /api/v1/script 80ms
[09:48:42.965 +01:29:48.621] [WEB] POST /api/v1/script 57ms
[09:48:43.026 +01:29:48.682] [WEB] POST /api/v1/script 55ms
[09:48:43.225 +01:29:48.881] [WEB] POST /api/v1/script 45ms
[09:48:43.540 +01:29:49.196] [WEB] POST /api/v1/game/action 301ms
[09:48:43.563 +01:29:49.219] [WEB] POST /api/v1/script 18ms
[09:48:43.668 +01:29:49.324] [WEB] POST /api/v1/script 100ms
[09:48:43.982 +01:29:49.638] [WEB] POST /api/v1/script 57ms
[09:48:44.087 +01:29:49.742] [WEB] POST /api/v1/script 90ms
[09:48:44.392 +01:29:50.048] [WEB] POST /api/v1/script 50ms
[09:48:44.421 +01:29:50.077] [WEB] POST /api/v1/script 21ms
[09:48:44.502 +01:29:50.158] [WEB] POST /api/v1/script 76ms
[09:48:44.937 +01:29:50.593] [WEB] POST /api/v1/game/action 213ms
[09:48:44.978 +01:29:50.634] [WEB] POST /api/v1/script 34ms
[09:48:45.091 +01:29:50.747] [WEB] POST /api/v1/script 107ms
[09:48:45.467 +01:29:51.123] [WEB] POST /api/v1/script 107ms
[09:48:45.502 +01:29:51.157] [WEB] POST /api/v1/script 25ms
[09:48:45.588 +01:29:51.243] [WEB] POST /api/v1/script 80ms
[09:48:45.900 +01:29:51.555] [WEB] POST /api/v1/script 55ms
[09:48:45.978 +01:29:51.634] [WEB] POST /api/v1/script 70ms
[09:48:46.056 +01:29:51.711] [WEB] POST /api/v1/script 68ms
[09:48:46.622 +01:29:52.278] [WEB] POST /api/v1/game/action 394ms
[09:48:46.695 +01:29:52.351] [WEB] POST /api/v1/script 67ms
[09:48:46.726 +01:29:52.382] [WEB] POST /api/v1/script 22ms
[09:48:46.805 +01:29:52.461] [WEB] POST /api/v1/script 73ms
[09:48:46.895 +01:29:52.551] [WEB] POST /api/v1/script 84ms
[09:48:46.964 +01:29:52.620] [WEB] POST /api/v1/script 62ms
[09:48:47.043 +01:29:52.699] [WEB] POST /api/v1/script 74ms
[09:48:47.111 +01:29:52.767] [WEB] POST /api/v1/script 61ms
[09:48:47.198 +01:29:52.854] [WEB] POST /api/v1/script 71ms
[09:48:47.285 +01:29:52.940] [WEB] POST /api/v1/script 79ms
[09:48:47.359 +01:29:53.015] [WEB] POST /api/v1/script 70ms
[09:48:47.418 +01:29:53.074] [WEB] POST /api/v1/script 55ms
[09:48:47.485 +01:29:53.141] [WEB] POST /api/v1/script 61ms
[09:48:47.553 +01:29:53.209] [WEB] POST /api/v1/script 64ms
[09:48:47.615 +01:29:53.271] [WEB] POST /api/v1/script 50ms
[09:48:47.643 +01:29:53.298] [WEB] POST /api/v1/script 22ms
[09:48:47.682 +01:29:53.338] [WEB] POST /api/v1/script 27ms
[09:48:47.745 +01:29:53.401] [WEB] POST /api/v1/script 57ms
[09:48:47.966 +01:29:53.621] [WEB] POST /api/v1/game/action 214ms
[09:48:48.047 +01:29:53.703] [WEB] POST /api/v1/script 75ms
[09:48:48.108 +01:29:53.764] [WEB] POST /api/v1/script 57ms
[09:48:48.177 +01:29:53.832] [WEB] POST /api/v1/script 53ms
[09:48:49.589 +01:29:55.245] [WEB] POST /api/v1/script 1409ms
[09:48:49.853 +01:29:55.508] [WEB] POST /api/v1/game/action 249ms
[09:48:50.463 +01:29:56.118] [WEB] POST /api/v1/script 605ms
[09:48:53.069 +01:29:58.724] [WEB] POST /api/v1/script 2598ms
[09:48:53.414 +01:29:59.069] [WEB] POST /api/v1/game/action 335ms
[09:48:53.689 +01:29:59.345] [WEB] POST /api/v1/game/action 265ms
[09:48:53.942 +01:29:59.598] [WEB] POST /api/v1/script 251ms
[09:48:54.203 +01:29:59.859] [WEB] POST /api/v1/game/action 248ms
[09:48:55.615 +02:30:01.271] [WEB] POST /api/v1/script 1407ms
[09:48:55.862 +02:30:01.518] [WEB] POST /api/v1/game/action 238ms
[09:48:56.090 +02:30:01.746] [WEB] POST /api/v1/script 223ms
[09:48:56.126 +02:30:01.782] [WEB] POST /api/v1/script 28ms
[09:48:56.159 +02:30:01.815] [WEB] POST /api/v1/script 26ms
[09:48:56.234 +02:30:01.889] [WEB] POST /api/v1/script 71ms
[09:48:56.293 +02:30:01.948] [WEB] POST /api/v1/script 54ms
[09:48:56.344 +02:30:02.000] [WEB] POST /api/v1/script 47ms
[09:48:56.407 +02:30:02.062] [WEB] POST /api/v1/script 46ms
[09:48:57.368 +02:30:03.024] [WEB] POST /api/v1/script 956ms
[09:48:57.573 +02:30:03.228] [WEB] POST /api/v1/game/action 193ms
[09:48:58.051 +02:30:03.707] [WEB] POST /api/v1/script 475ms
[09:48:59.839 +02:30:05.494] [WEB] POST /api/v1/script 1783ms
[09:49:00.034 +02:30:05.690] [WEB] POST /api/v1/game/action 187ms
[09:49:00.221 +02:30:05.877] [WEB] POST /api/v1/game/action 181ms
[09:49:00.562 +02:30:06.217] [WEB] POST /api/v1/script 337ms
[09:49:02.036 +02:30:07.692] [WEB] POST /api/v1/script 1465ms
[09:49:02.227 +02:30:07.883] [WEB] POST /api/v1/game/action 181ms
[09:49:02.430 +02:30:08.086] [WEB] POST /api/v1/script 200ms
[09:49:02.462 +02:30:08.118] [WEB] POST /api/v1/script 25ms
[09:49:02.492 +02:30:08.148] [WEB] POST /api/v1/script 20ms
[09:49:02.550 +02:30:08.206] [WEB] POST /api/v1/script 51ms
[09:49:02.606 +02:30:08.262] [WEB] POST /api/v1/script 50ms
[09:49:02.664 +02:30:08.320] [WEB] POST /api/v1/script 54ms
[09:49:02.720 +02:30:08.375] [WEB] POST /api/v1/script 51ms
[09:49:03.707 +02:30:09.363] [WEB] POST /api/v1/script 982ms
[09:49:03.884 +02:30:09.540] [WEB] POST /api/v1/game/action 171ms
[09:49:04.374 +02:30:10.030] [WEB] POST /api/v1/script 486ms
[09:49:04.567 +02:30:10.223] [WEB] POST /api/v1/game/action 185ms
[09:49:06.335 +02:30:11.991] [WEB] POST /api/v1/script 1764ms
[09:49:06.537 +02:30:12.192] [WEB] POST /api/v1/game/action 195ms
[09:49:06.820 +02:30:12.476] [WEB] POST /api/v1/script 279ms
[09:49:08.291 +02:30:13.947] [WEB] POST /api/v1/script 1462ms
[09:49:08.492 +02:30:14.147] [WEB] POST /api/v1/game/action 191ms
[09:49:08.699 +02:30:14.354] [WEB] POST /api/v1/script 203ms
[09:49:08.733 +02:30:14.389] [WEB] POST /api/v1/script 28ms
[09:49:08.927 +02:30:14.582] [WEB] POST /api/v1/game/action 190ms
[09:49:08.946 +02:30:14.601] [WEB] POST /api/v1/script 14ms
[09:49:09.019 +02:30:14.675] [WEB] POST /api/v1/script 65ms
[09:49:09.097 +02:30:14.753] [WEB] POST /api/v1/script 71ms
[09:49:09.164 +02:30:14.819] [WEB] POST /api/v1/script 61ms
[09:49:09.241 +02:30:14.896] [WEB] POST /api/v1/script 66ms
[09:49:10.557 +02:30:16.212] [WEB] POST /api/v1/script 1305ms
[09:49:10.806 +02:30:16.461] [WEB] POST /api/v1/game/action 244ms
[09:49:11.426 +02:30:17.082] [WEB] POST /api/v1/script 616ms
[09:49:13.441 +02:30:19.097] [WEB] POST /api/v1/script 1999ms
[09:49:13.689 +02:30:19.344] [WEB] POST /api/v1/game/action 240ms
[09:49:13.924 +02:30:19.580] [WEB] POST /api/v1/game/action 230ms
[09:49:14.020 +02:30:19.675] [WEB] POST /api/v1/script 86ms
[09:49:15.358 +02:30:21.014] [WEB] POST /api/v1/script 1332ms
[09:49:15.581 +02:30:21.237] [WEB] POST /api/v1/game/action 216ms
[09:49:15.817 +02:30:21.473] [WEB] POST /api/v1/script 225ms
[09:49:15.862 +02:30:21.518] [WEB] POST /api/v1/script 34ms
[09:49:15.901 +02:30:21.557] [WEB] POST /api/v1/script 26ms
[09:49:15.976 +02:30:21.632] [WEB] POST /api/v1/script 70ms
[09:49:16.057 +02:30:21.713] [WEB] POST /api/v1/script 76ms
[09:49:16.155 +02:30:21.810] [WEB] POST /api/v1/script 93ms
[09:49:16.209 +02:30:21.865] [WEB] POST /api/v1/script 49ms
[09:49:17.998 +02:30:23.654] [WEB] POST /api/v1/script 1785ms
[09:49:18.190 +02:30:23.846] [WEB] POST /api/v1/game/action 184ms
[09:49:18.380 +02:30:24.035] [WEB] POST /api/v1/game/action 185ms
[09:49:18.709 +02:30:24.365] [WEB] POST /api/v1/script 326ms
[09:49:20.189 +02:30:25.845] [WEB] POST /api/v1/script 1465ms
[09:49:20.383 +02:30:26.039] [WEB] POST /api/v1/game/action 188ms
[09:49:20.410 +02:30:26.065] [WEB] POST /api/v1/script 22ms
[09:49:20.453 +02:30:26.109] [WEB] POST /api/v1/script 37ms
[09:49:20.796 +02:30:26.452] [WEB] POST /api/v1/script 336ms
[09:49:20.990 +02:30:26.645] [WEB] POST /api/v1/game/action 184ms
[09:49:21.336 +02:30:26.991] [WEB] POST /api/v1/script 342ms
[09:49:21.362 +02:30:27.018] [WEB] POST /api/v1/script 17ms
[09:49:21.444 +02:30:27.100] [WEB] POST /api/v1/script 76ms
[09:49:21.506 +02:30:27.162] [WEB] POST /api/v1/script 57ms
[09:49:21.563 +02:30:27.219] [WEB] POST /api/v1/script 49ms
[09:49:21.637 +02:30:27.293] [WEB] POST /api/v1/script 67ms
[09:49:21.713 +02:30:27.369] [WEB] POST /api/v1/script 69ms
[09:49:21.747 +02:30:27.402] [WEB] POST /api/v1/script 28ms
[09:49:23.040 +02:30:28.696] [WEB] POST /api/v1/script 1285ms
[09:49:23.281 +02:30:28.937] [WEB] POST /api/v1/game/action 233ms
[09:49:25.628 +02:30:31.283] [WEB] POST /api/v1/script 2139ms
[09:49:25.875 +02:30:31.530] [WEB] POST /api/v1/game/action 240ms
[09:49:26.104 +02:30:31.760] [WEB] POST /api/v1/game/action 223ms
[09:49:27.511 +02:30:33.167] [WEB] POST /api/v1/script 1401ms
[09:49:27.762 +02:30:33.418] [WEB] POST /api/v1/game/action 242ms
[09:49:27.788 +02:30:33.444] [WEB] POST /api/v1/script 18ms
[09:49:27.864 +02:30:33.519] [WEB] POST /api/v1/script 69ms
[09:49:28.625 +02:30:34.281] [WEB] POST /api/v1/script 754ms
[09:49:28.870 +02:30:34.525] [WEB] POST /api/v1/game/action 226ms
[09:49:28.893 +02:30:34.549] [WEB] POST /api/v1/script 18ms
[09:49:29.985 +02:30:35.640] [WEB] POST /api/v1/script 1086ms
[09:49:30.247 +02:30:35.903] [WEB] POST /api/v1/game/action 256ms
[09:49:32.080 +02:30:37.735] [WEB] POST /api/v1/script 1826ms
[09:49:32.285 +02:30:37.941] [WEB] POST /api/v1/game/action 198ms
[09:49:33.695 +02:30:39.351] [WEB] POST /api/v1/script 1406ms
[09:49:33.912 +02:30:39.568] [WEB] POST /api/v1/game/action 214ms
[09:49:33.935 +02:30:39.591] [WEB] POST /api/v1/script 16ms
[09:49:34.003 +02:30:39.659] [WEB] POST /api/v1/script 63ms
[09:49:43.107 +02:30:48.763] [WEB] POST /api/v1/script 9100ms
[09:49:43.363 +02:30:49.019] [WEB] POST /api/v1/game/action 248ms
[09:49:43.593 +02:30:49.249] [WEB] POST /api/v1/game/action 227ms
[09:49:43.832 +02:30:49.488] [WEB] POST /api/v1/game/action 230ms
[09:49:44.040 +02:30:49.696] [WEB] POST /api/v1/game/action 204ms
[09:49:44.287 +02:30:49.942] [WEB] POST /api/v1/game/action 243ms
[09:49:44.503 +02:30:50.159] [WEB] POST /api/v1/game/action 210ms
[09:49:44.523 +02:30:50.179] [WEB] POST /api/v1/script 16ms
[09:49:44.768 +02:30:50.424] [WEB] POST /api/v1/game/action 240ms
[09:49:46.059 +02:30:51.715] [WEB] POST /api/v1/script 1285ms
[09:49:46.290 +02:30:51.945] [WEB] POST /api/v1/game/action 224ms
[09:49:48.446 +02:30:54.102] [WEB] POST /api/v1/script 2147ms
[09:49:48.704 +02:30:54.359] [WEB] POST /api/v1/game/action 251ms
[09:49:48.930 +02:30:54.586] [WEB] POST /api/v1/game/action 223ms
[09:49:50.343 +02:30:55.999] [WEB] POST /api/v1/script 1407ms
[09:49:50.568 +02:30:56.224] [WEB] POST /api/v1/game/action 217ms
[09:49:50.591 +02:30:56.247] [WEB] POST /api/v1/script 18ms
[09:49:50.620 +02:30:56.276] [WEB] POST /api/v1/script 25ms
[09:49:50.695 +02:30:56.350] [WEB] POST /api/v1/script 69ms
[09:49:50.762 +02:30:56.418] [WEB] POST /api/v1/script 58ms
[09:49:51.024 +02:30:56.680] [WEB] POST /api/v1/game/action 251ms
[09:49:51.085 +02:30:56.741] [WEB] POST /api/v1/script 53ms
[09:49:51.178 +02:30:56.834] [WEB] POST /api/v1/script 85ms
[09:49:51.262 +02:30:56.917] [WEB] POST /api/v1/script 74ms
[09:49:51.351 +02:30:57.007] [WEB] POST /api/v1/script 76ms
[09:49:51.396 +02:30:57.052] [WEB] POST /api/v1/script 30ms
[09:49:51.486 +02:30:57.142] [WEB] POST /api/v1/script 85ms
[09:49:51.560 +02:30:57.216] [WEB] POST /api/v1/script 68ms
[09:49:51.642 +02:30:57.297] [WEB] POST /api/v1/script 76ms
[09:49:51.748 +02:30:57.404] [WEB] POST /api/v1/script 101ms
[09:49:51.848 +02:30:57.504] [WEB] POST /api/v1/script 88ms
[09:49:51.937 +02:30:57.592] [WEB] POST /api/v1/script 82ms
[09:49:51.987 +02:30:57.642] [WEB] POST /api/v1/script 47ms
[09:49:52.075 +02:30:57.731] [WEB] POST /api/v1/script 81ms
[09:49:52.146 +02:30:57.801] [WEB] POST /api/v1/script 67ms
[09:49:53.425 +02:30:59.081] [WEB] POST /api/v1/script 1276ms
[09:49:53.682 +02:30:59.337] [WEB] POST /api/v1/game/action 250ms
[09:49:53.708 +02:30:59.363] [WEB] POST /api/v1/script 22ms
[09:49:53.740 +02:30:59.396] [WEB] POST /api/v1/script 25ms
[09:49:53.973 +02:30:59.628] [WEB] POST /api/v1/game/action 229ms
[09:49:54.040 +02:30:59.696] [WEB] POST /api/v1/script 61ms
[09:49:54.098 +02:30:59.753] [WEB] POST /api/v1/script 52ms
[09:49:54.179 +02:30:59.835] [WEB] POST /api/v1/script 72ms
[09:49:55.655 +02:31:01.311] [WEB] POST /api/v1/script 1471ms
[09:49:55.861 +02:31:01.517] [WEB] POST /api/v1/game/action 192ms
[09:49:55.885 +02:31:01.540] [WEB] POST /api/v1/script 20ms
[09:49:55.947 +02:31:01.602] [WEB] POST /api/v1/script 57ms
[09:49:57.465 +02:31:03.120] [WEB] POST /api/v1/script 1515ms
[09:49:57.652 +02:31:03.307] [WEB] POST /api/v1/game/action 182ms
[09:49:57.681 +02:31:03.337] [WEB] POST /api/v1/script 22ms
[09:49:57.909 +02:31:03.565] [WEB] POST /api/v1/script 225ms
[09:49:58.119 +02:31:03.774] [WEB] POST /api/v1/script 201ms
[09:49:58.417 +02:31:04.073] [WEB] POST /api/v1/script 292ms
[09:49:58.648 +02:31:04.304] [WEB] POST /api/v1/game/action 216ms
[09:49:58.666 +02:31:04.322] [WEB] POST /api/v1/script 14ms
[09:49:58.720 +02:31:04.376] [WEB] POST /api/v1/script 43ms
[09:49:58.775 +02:31:04.430] [WEB] POST /api/v1/script 47ms
[09:49:58.816 +02:31:04.471] [WEB] POST /api/v1/script 25ms
[09:49:58.840 +02:31:04.496] [WEB] POST /api/v1/frontend-log 15ms
[09:49:59.613 +02:31:05.269] [WEB] POST /api/v1/diagnostics/bundle 682ms
[09:50:13.837 +02:31:19.493] [WEB] POST /api/v1/script 14219ms
[09:50:14.034 +02:31:19.690] [WEB] POST /api/v1/game/action 189ms
[09:50:14.225 +02:31:19.880] [WEB] POST /api/v1/game/action 186ms
[09:50:14.465 +02:31:20.121] [WEB] POST /api/v1/game/action 238ms
[09:50:14.651 +02:31:20.307] [WEB] POST /api/v1/game/action 183ms
[09:50:14.834 +02:31:20.490] [WEB] POST /api/v1/game/action 180ms
[09:50:15.021 +02:31:20.676] [WEB] POST /api/v1/game/action 183ms
[09:50:15.208 +02:31:20.864] [WEB] POST /api/v1/game/action 182ms
[09:50:15.391 +02:31:21.047] [WEB] POST /api/v1/game/action 180ms
[09:50:15.560 +02:31:21.215] [WEB] POST /api/v1/game/action 163ms
[09:50:15.743 +02:31:21.399] [WEB] POST /api/v1/game/action 180ms
[09:50:16.914 +02:31:22.569] [WEB] GET /api/v1/script/runs 1163ms
[09:50:17.083 +02:31:22.739] [WEB] POST /api/v1/game/action 165ms
[09:50:17.250 +02:31:22.906] [WEB] POST /api/v1/game/action 164ms
[09:50:17.257 +02:31:22.913] [WEB] GET /api/v1/script/runs 3ms
[09:50:17.920 +02:31:23.575] [WEB] POST /api/v1/game/action 180ms
[09:50:19.416 +02:31:25.072] [WEB] POST /api/v1/game/action 182ms
[09:50:20.888 +02:31:26.543] [WEB] POST /api/v1/game/action 161ms
[09:50:22.399 +02:31:28.054] [WEB] POST /api/v1/game/action 159ms
[09:50:23.897 +02:31:29.553] [WEB] POST /api/v1/game/action 170ms
[09:50:25.409 +02:31:31.065] [WEB] POST /api/v1/game/action 168ms
[09:50:26.909 +02:31:32.565] [WEB] POST /api/v1/game/action 178ms
[09:50:28.399 +02:31:34.054] [WEB] POST /api/v1/game/action 166ms
[09:50:29.896 +02:31:35.552] [WEB] POST /api/v1/game/action 169ms
[09:50:31.452 +02:31:37.108] [WEB] POST /api/v1/game/action 182ms
[09:50:32.903 +02:31:38.559] [WEB] POST /api/v1/game/action 178ms
[09:50:34.401 +02:31:40.057] [WEB] POST /api/v1/game/action 160ms
[09:50:35.897 +02:31:41.553] [WEB] POST /api/v1/game/action 172ms
[09:50:37.399 +02:31:43.055] [WEB] POST /api/v1/game/action 162ms
[09:50:38.892 +02:31:44.548] [WEB] POST /api/v1/game/action 164ms
[09:50:40.393 +02:31:46.048] [WEB] POST /api/v1/game/action 160ms
[09:50:41.905 +02:31:47.561] [WEB] POST /api/v1/game/action 180ms
[09:50:43.424 +02:31:49.080] [WEB] POST /api/v1/game/action 162ms
[09:50:44.901 +02:31:50.556] [WEB] POST /api/v1/game/action 168ms
[09:50:46.432 +02:31:52.088] [WEB] POST /api/v1/game/action 183ms
[09:50:47.895 +02:31:53.551] [WEB] POST /api/v1/game/action 166ms
[09:50:49.432 +02:31:55.087] [WEB] POST /api/v1/game/action 184ms
[09:50:50.899 +02:31:56.555] [WEB] POST /api/v1/game/action 168ms
[09:50:52.390 +02:31:58.046] [WEB] POST /api/v1/game/action 165ms
[09:50:53.895 +02:31:59.551] [WEB] POST /api/v1/game/action 166ms
[09:50:55.392 +02:32:01.048] [WEB] POST /api/v1/game/action 161ms
[09:50:56.885 +02:32:02.541] [WEB] POST /api/v1/game/action 160ms
[09:50:58.417 +02:32:04.073] [WEB] POST /api/v1/game/action 164ms
[09:50:59.903 +02:32:05.559] [WEB] POST /api/v1/game/action 177ms
[09:51:01.417 +02:32:07.072] [WEB] POST /api/v1/game/action 179ms
[09:51:02.899 +02:32:08.554] [WEB] POST /api/v1/game/action 172ms
[09:51:04.443 +02:32:10.098] [WEB] POST /api/v1/game/action 187ms
[09:51:05.897 +02:32:11.552] [WEB] POST /api/v1/game/action 161ms
[09:51:07.406 +02:32:13.062] [WEB] POST /api/v1/game/action 162ms
[09:51:08.900 +02:32:14.556] [WEB] POST /api/v1/game/action 169ms
[09:51:10.405 +02:32:16.060] [WEB] POST /api/v1/game/action 165ms
[09:51:11.910 +02:32:17.565] [WEB] POST /api/v1/game/action 174ms
[09:51:13.440 +02:32:19.096] [WEB] POST /api/v1/game/action 184ms
[09:51:14.904 +02:32:20.560] [WEB] POST /api/v1/game/action 165ms
[09:51:16.540 +02:32:22.196] [WEB] POST /api/v1/game/action 314ms
[09:51:17.940 +02:32:23.595] [WEB] POST /api/v1/game/action 212ms
[09:51:19.489 +02:32:25.145] [WEB] POST /api/v1/game/action 225ms
[09:51:20.968 +02:32:26.623] [WEB] POST /api/v1/game/action 239ms
[09:51:22.456 +02:32:28.112] [WEB] POST /api/v1/game/action 221ms
[09:51:23.933 +02:32:29.588] [WEB] POST /api/v1/game/action 206ms
[09:51:25.688 +02:32:31.343] [WEB] POST /api/v1/game/action 444ms
[09:51:26.905 +02:32:32.561] [WEB] POST /api/v1/game/action 180ms
[09:51:28.410 +02:32:34.066] [WEB] POST /api/v1/game/action 171ms
[09:51:29.922 +02:32:35.578] [WEB] POST /api/v1/game/action 184ms
[09:51:31.464 +02:32:37.120] [WEB] POST /api/v1/game/action 188ms
[09:51:32.955 +02:32:38.611] [WEB] POST /api/v1/game/action 228ms
[09:51:34.636 +02:32:40.291] [WEB] GET /api/status 422ms
[09:51:35.965 +02:32:41.621] [WEB] POST /api/v1/game/action 1264ms
[09:51:36.533 +02:32:42.189] [WEB] POST /api/v1/game/action 294ms
[09:51:37.618 +02:32:43.273] [WEB] POST /api/v1/game/action 291ms
[09:51:38.945 +02:32:44.601] [WEB] POST /api/v1/game/action 214ms
[09:51:40.589 +02:32:46.244] [WEB] POST /api/v1/game/action 326ms
[09:51:41.960 +02:32:47.616] [WEB] POST /api/v1/game/action 222ms
[09:51:43.456 +02:32:49.112] [WEB] POST /api/v1/game/action 207ms
[09:51:44.956 +02:32:50.612] [WEB] POST /api/v1/game/action 229ms
[09:51:46.731 +02:32:52.386] [WEB] POST /api/v1/game/action 450ms
[09:51:47.925 +02:32:53.580] [WEB] POST /api/v1/game/action 199ms
[09:51:49.428 +02:32:55.083] [WEB] POST /api/v1/game/action 192ms
[09:51:50.898 +02:32:56.554] [WEB] POST /api/v1/game/action 171ms
[09:51:52.429 +02:32:58.085] [WEB] POST /api/v1/game/action 193ms
[09:51:53.906 +02:32:59.561] [WEB] POST /api/v1/game/action 178ms
[09:51:55.482 +02:33:01.138] [WEB] POST /api/v1/game/action 211ms
[09:51:56.978 +02:33:02.634] [WEB] POST /api/v1/game/action 239ms
[09:51:58.411 +02:33:04.066] [WEB] POST /api/v1/game/action 159ms
[09:51:59.906 +02:33:05.562] [WEB] POST /api/v1/game/action 173ms
[09:52:01.418 +02:33:07.073] [WEB] POST /api/v1/game/action 189ms
[09:52:02.909 +02:33:08.565] [WEB] POST /api/v1/game/action 171ms
[09:52:04.440 +02:33:10.095] [WEB] POST /api/v1/game/action 192ms
[09:52:05.922 +02:33:11.578] [WEB] POST /api/v1/game/action 185ms
[09:52:07.437 +02:33:13.092] [WEB] POST /api/v1/game/action 187ms
[09:52:08.922 +02:33:14.577] [WEB] POST /api/v1/game/action 179ms
[09:52:10.402 +02:33:16.058] [WEB] POST /api/v1/game/action 158ms
[09:52:11.914 +02:33:17.570] [WEB] POST /api/v1/game/action 189ms
[09:52:13.428 +02:33:19.083] [WEB] POST /api/v1/game/action 161ms
[09:52:14.905 +02:33:20.561] [WEB] POST /api/v1/game/action 179ms
[09:52:16.402 +02:33:22.058] [WEB] POST /api/v1/game/action 162ms
[09:52:17.919 +02:33:23.574] [WEB] POST /api/v1/game/action 185ms
[09:52:19.438 +02:33:25.094] [WEB] POST /api/v1/game/action 186ms
[09:52:20.910 +02:33:26.565] [WEB] POST /api/v1/game/action 184ms
[09:52:22.409 +02:33:28.064] [WEB] POST /api/v1/game/action 169ms
[09:52:23.927 +02:33:29.583] [WEB] POST /api/v1/game/action 189ms
[09:52:25.420 +02:33:31.076] [WEB] POST /api/v1/game/action 163ms
[09:52:26.991 +02:33:32.647] [WEB] POST /api/v1/game/action 266ms
[09:52:28.474 +02:33:34.130] [WEB] POST /api/v1/game/action 197ms
[09:52:29.977 +02:33:35.632] [WEB] POST /api/v1/game/action 243ms
[09:52:31.420 +02:33:37.075] [WEB] POST /api/v1/game/action 161ms
[09:52:32.903 +02:33:38.559] [WEB] POST /api/v1/game/action 175ms
[09:52:34.405 +02:33:40.061] [WEB] POST /api/v1/game/action 164ms
[09:52:35.896 +02:33:41.552] [WEB] POST /api/v1/game/action 170ms
[09:52:37.395 +02:33:43.051] [WEB] POST /api/v1/game/action 168ms
[09:52:38.923 +02:33:44.579] [WEB] POST /api/v1/game/action 195ms
[09:52:40.419 +02:33:46.075] [WEB] POST /api/v1/game/action 181ms
[09:52:41.909 +02:33:47.565] [WEB] POST /api/v1/game/action 180ms
[09:52:43.410 +02:33:49.065] [WEB] POST /api/v1/game/action 165ms
[09:52:44.920 +02:33:50.576] [WEB] POST /api/v1/game/action 183ms
[09:52:46.425 +02:33:52.081] [WEB] POST /api/v1/game/action 170ms
[09:52:47.915 +02:33:53.571] [WEB] POST /api/v1/game/action 177ms
[09:52:49.438 +02:33:55.093] [WEB] POST /api/v1/game/action 183ms
[09:52:50.911 +02:33:56.567] [WEB] POST /api/v1/game/action 183ms
[09:52:52.411 +02:33:58.066] [WEB] POST /api/v1/game/action 160ms
[09:52:53.991 +02:33:59.647] [WEB] POST /api/v1/game/action 262ms
[09:52:55.419 +02:34:01.074] [WEB] POST /api/v1/game/action 192ms
[09:52:57.008 +02:34:02.664] [WEB] POST /api/v1/game/action 272ms
[09:52:58.443 +02:34:04.099] [WEB] POST /api/v1/game/action 199ms
[09:52:59.905 +02:34:05.561] [WEB] POST /api/v1/game/action 180ms
[09:53:01.477 +02:34:07.133] [WEB] POST /api/v1/game/action 233ms
[09:53:02.893 +02:34:08.549] [WEB] POST /api/v1/game/action 169ms
[09:53:04.420 +02:34:10.076] [WEB] POST /api/v1/game/action 165ms
[09:53:05.956 +02:34:11.611] [WEB] POST /api/v1/game/action 220ms
[09:53:07.511 +02:34:13.166] [WEB] POST /api/v1/game/action 252ms
[09:53:08.915 +02:34:14.571] [WEB] POST /api/v1/game/action 189ms
[09:53:10.423 +02:34:16.078] [WEB] POST /api/v1/game/action 183ms
[09:53:11.898 +02:34:17.554] [WEB] POST /api/v1/game/action 173ms
[09:53:13.410 +02:34:19.066] [WEB] POST /api/v1/game/action 177ms
[09:53:14.948 +02:34:20.604] [WEB] POST /api/v1/game/action 213ms
[09:53:16.456 +02:34:22.111] [WEB] POST /api/v1/game/action 184ms
[09:53:17.920 +02:34:23.576] [WEB] POST /api/v1/game/action 181ms
[09:53:19.388 +02:34:25.044] [WEB] POST /api/v1/game/action 161ms
[09:53:20.926 +02:34:26.582] [WEB] POST /api/v1/game/action 188ms
[09:53:22.393 +02:34:28.048] [WEB] POST /api/v1/game/action 165ms
[09:53:23.921 +02:34:29.576] [WEB] POST /api/v1/game/action 190ms
[09:53:25.399 +02:34:31.054] [WEB] POST /api/v1/game/action 156ms
[09:53:26.917 +02:34:32.572] [WEB] POST /api/v1/game/action 191ms
[09:53:28.412 +02:34:34.068] [WEB] POST /api/v1/game/action 158ms
[09:53:29.905 +02:34:35.560] [WEB] POST /api/v1/game/action 176ms
[09:53:31.405 +02:34:37.060] [WEB] POST /api/v1/game/action 162ms
[09:53:32.916 +02:34:38.571] [WEB] POST /api/v1/game/action 187ms
[09:53:34.423 +02:34:40.078] [WEB] POST /api/v1/game/action 184ms
[09:53:35.910 +02:34:41.565] [WEB] POST /api/v1/game/action 184ms
[09:53:37.436 +02:34:43.092] [WEB] POST /api/v1/game/action 205ms
[09:53:38.911 +02:34:44.566] [WEB] POST /api/v1/game/action 185ms
[09:53:40.422 +02:34:46.077] [WEB] POST /api/v1/game/action 171ms
[09:53:41.919 +02:34:47.574] [WEB] POST /api/v1/game/action 192ms
[09:53:43.423 +02:34:49.078] [WEB] POST /api/v1/game/action 180ms
[09:53:44.912 +02:34:50.568] [WEB] POST /api/v1/game/action 174ms
[09:53:46.445 +02:34:52.100] [WEB] POST /api/v1/game/action 205ms
[09:53:47.902 +02:34:53.558] [WEB] POST /api/v1/game/action 173ms
[09:53:49.412 +02:34:55.067] [WEB] POST /api/v1/game/action 181ms
[09:53:50.907 +02:34:56.563] [WEB] POST /api/v1/game/action 176ms
[09:53:52.438 +02:34:58.094] [WEB] POST /api/v1/game/action 165ms
[09:53:53.957 +02:34:59.613] [WEB] POST /api/v1/game/action 231ms
[09:53:55.442 +02:35:01.098] [WEB] POST /api/v1/game/action 186ms
[09:53:56.921 +02:35:02.576] [WEB] POST /api/v1/game/action 194ms
[09:53:58.413 +02:35:04.069] [WEB] POST /api/v1/game/action 167ms
[09:53:59.895 +02:35:05.550] [WEB] POST /api/v1/game/action 168ms
[09:54:01.424 +02:35:07.080] [WEB] POST /api/v1/game/action 195ms
[09:54:02.909 +02:35:08.565] [WEB] POST /api/v1/game/action 171ms
[09:54:04.409 +02:35:10.065] [WEB] POST /api/v1/game/action 166ms
[09:54:05.894 +02:35:11.549] [WEB] POST /api/v1/game/action 168ms
[09:54:07.438 +02:35:13.094] [WEB] POST /api/v1/game/action 183ms
[09:54:08.937 +02:35:14.592] [WEB] POST /api/v1/game/action 209ms
[09:54:10.389 +02:35:16.044] [WEB] POST /api/v1/game/action 161ms
[09:54:11.903 +02:35:17.559] [WEB] POST /api/v1/game/action 175ms
[09:54:13.441 +02:35:19.097] [WEB] POST /api/v1/game/action 185ms
[09:54:14.904 +02:35:20.559] [WEB] POST /api/v1/game/action 170ms
[09:54:16.444 +02:35:22.100] [WEB] POST /api/v1/game/action 191ms
[09:54:17.924 +02:35:23.579] [WEB] POST /api/v1/game/action 185ms
[09:54:19.425 +02:35:25.080] [WEB] POST /api/v1/game/action 183ms
[09:54:20.911 +02:35:26.567] [WEB] POST /api/v1/game/action 171ms
[09:54:22.420 +02:35:28.076] [WEB] POST /api/v1/game/action 195ms
[09:54:23.909 +02:35:29.564] [WEB] POST /api/v1/game/action 183ms
[09:54:25.405 +02:35:31.061] [WEB] POST /api/v1/game/action 163ms
[09:54:26.894 +02:35:32.549] [WEB] POST /api/v1/game/action 166ms
[09:54:28.422 +02:35:34.078] [WEB] POST /api/v1/game/action 184ms
[09:54:29.907 +02:35:35.563] [WEB] POST /api/v1/game/action 179ms
[09:54:31.421 +02:35:37.077] [WEB] POST /api/v1/game/action 190ms
[09:54:32.902 +02:35:38.558] [WEB] POST /api/v1/game/action 174ms
[09:54:34.424 +02:35:40.080] [WEB] POST /api/v1/game/action 185ms
[09:54:35.905 +02:35:41.561] [WEB] POST /api/v1/game/action 177ms
[09:54:37.425 +02:35:43.081] [WEB] POST /api/v1/game/action 178ms
[09:54:38.914 +02:35:44.570] [WEB] POST /api/v1/game/action 182ms
[09:54:40.417 +02:35:46.073] [WEB] POST /api/v1/game/action 173ms
[09:54:41.970 +02:35:47.626] [WEB] POST /api/v1/game/action 231ms
[09:54:43.573 +02:35:49.229] [WEB] POST /api/v1/game/action 335ms
[09:54:44.905 +02:35:50.560] [WEB] POST /api/v1/game/action 179ms
[09:54:46.440 +02:35:52.096] [WEB] POST /api/v1/game/action 187ms
[09:54:47.892 +02:35:53.548] [WEB] POST /api/v1/game/action 164ms
[09:54:49.461 +02:35:55.117] [WEB] POST /api/v1/game/action 218ms
[09:54:50.921 +02:35:56.577] [WEB] POST /api/v1/game/action 194ms
[09:54:52.577 +02:35:58.233] [WEB] POST /api/v1/game/action 332ms
[09:54:54.122 +02:35:59.778] [WEB] POST /api/v1/game/action 386ms
[09:54:55.456 +02:36:01.112] [WEB] POST /api/v1/game/action 204ms
[09:54:56.913 +02:36:02.569] [WEB] POST /api/v1/game/action 173ms
[09:54:58.479 +02:36:04.135] [WEB] POST /api/v1/game/action 231ms
[09:54:59.915 +02:36:05.571] [WEB] POST /api/v1/game/action 179ms
[09:55:01.545 +02:36:07.200] [WEB] POST /api/v1/game/action 307ms
[09:55:02.918 +02:36:08.574] [WEB] POST /api/v1/game/action 191ms
[09:55:04.405 +02:36:10.061] [WEB] POST /api/v1/game/action 172ms
[09:55:06.060 +02:36:11.715] [WEB] POST /api/v1/game/action 324ms
[09:55:07.516 +02:36:13.172] [WEB] POST /api/v1/game/action 259ms
[09:55:08.944 +02:36:14.600] [WEB] POST /api/v1/game/action 217ms
[09:55:10.463 +02:36:16.118] [WEB] POST /api/v1/game/action 203ms
[09:55:12.005 +02:36:17.661] [WEB] POST /api/v1/game/action 274ms
[09:55:13.426 +02:36:19.082] [WEB] POST /api/v1/game/action 177ms
[09:55:14.894 +02:36:20.550] [WEB] POST /api/v1/game/action 166ms
[09:55:16.618 +02:36:22.274] [WEB] POST /api/v1/game/action 302ms
[09:55:17.909 +02:36:23.565] [WEB] POST /api/v1/game/action 172ms
[09:55:19.561 +02:36:25.217] [WEB] POST /api/v1/game/action 317ms
[09:55:20.974 +02:36:26.630] [WEB] POST /api/v1/game/action 247ms
[09:55:22.490 +02:36:28.145] [WEB] POST /api/v1/game/action 229ms
[09:55:24.015 +02:36:29.671] [WEB] POST /api/v1/game/action 289ms
[09:55:25.440 +02:36:31.096] [WEB] POST /api/v1/game/action 185ms
[09:55:26.916 +02:36:32.572] [WEB] POST /api/v1/game/action 183ms
[09:55:28.461 +02:36:34.116] [WEB] POST /api/v1/game/action 200ms
[09:55:29.912 +02:36:35.568] [WEB] POST /api/v1/game/action 179ms
[09:55:31.562 +02:36:37.217] [WEB] POST /api/v1/game/action 283ms
[09:55:32.897 +02:36:38.553] [WEB] POST /api/v1/game/action 169ms
[09:55:34.406 +02:36:40.062] [WEB] POST /api/v1/game/action 173ms
[09:55:36.021 +02:36:41.677] [WEB] POST /api/v1/game/action 292ms
[09:55:37.626 +02:36:43.281] [WEB] POST /api/v1/game/action 334ms
[09:55:38.920 +02:36:44.575] [WEB] POST /api/v1/game/action 189ms
[09:55:40.587 +02:36:46.243] [WEB] POST /api/v1/game/action 297ms
[09:55:41.908 +02:36:47.564] [WEB] POST /api/v1/game/action 183ms
[09:55:43.423 +02:36:49.079] [WEB] POST /api/v1/game/action 195ms
[09:55:45.002 +02:36:50.658] [WEB] POST /api/v1/game/action 272ms
[09:55:46.476 +02:36:52.131] [WEB] POST /api/v1/game/action 202ms
[09:55:47.908 +02:36:53.564] [WEB] POST /api/v1/game/action 181ms
[09:55:49.493 +02:36:55.149] [WEB] POST /api/v1/game/action 263ms
[09:55:50.922 +02:36:56.578] [WEB] POST /api/v1/game/action 183ms
[09:55:52.430 +02:36:58.086] [WEB] POST /api/v1/game/action 182ms
[09:55:54.007 +02:36:59.663] [WEB] POST /api/v1/game/action 267ms
[09:55:55.451 +02:37:01.106] [WEB] POST /api/v1/game/action 196ms
[09:55:56.902 +02:37:02.558] [WEB] POST /api/v1/game/action 176ms
[09:55:58.411 +02:37:04.066] [WEB] POST /api/v1/game/action 173ms
[09:55:59.917 +02:37:05.572] [WEB] POST /api/v1/game/action 189ms
[09:56:01.508 +02:37:07.164] [WEB] POST /api/v1/game/action 263ms
[09:56:02.973 +02:37:08.629] [WEB] POST /api/v1/game/action 242ms
[09:56:04.459 +02:37:10.114] [WEB] POST /api/v1/game/action 217ms
[09:56:05.980 +02:37:11.635] [WEB] POST /api/v1/game/action 253ms
[09:56:07.630 +02:37:13.286] [WEB] POST /api/v1/game/action 377ms
[09:56:08.922 +02:37:14.577] [WEB] POST /api/v1/game/action 185ms
[09:56:10.522 +02:37:16.178] [WEB] POST /api/v1/game/action 227ms
[09:56:11.924 +02:37:17.579] [WEB] POST /api/v1/game/action 186ms
[09:56:13.545 +02:37:19.200] [WEB] POST /api/v1/game/action 284ms
[09:56:14.901 +02:37:20.557] [WEB] POST /api/v1/game/action 160ms
[09:56:16.442 +02:37:22.098] [WEB] POST /api/v1/game/action 197ms
[09:56:17.961 +02:37:23.617] [WEB] POST /api/v1/game/action 234ms
[09:56:19.439 +02:37:25.095] [WEB] POST /api/v1/game/action 213ms
[09:56:20.918 +02:37:26.574] [WEB] POST /api/v1/game/action 184ms
[09:56:22.494 +02:37:28.149] [WEB] POST /api/v1/game/action 217ms
[09:56:23.905 +02:37:29.561] [WEB] POST /api/v1/game/action 178ms
[09:56:25.501 +02:37:31.157] [WEB] POST /api/v1/game/action 258ms
[09:56:26.913 +02:37:32.569] [WEB] POST /api/v1/game/action 176ms
[09:56:28.594 +02:37:34.249] [WEB] POST /api/v1/game/action 349ms
[09:56:29.928 +02:37:35.584] [WEB] POST /api/v1/game/action 190ms
[09:56:31.457 +02:37:37.113] [WEB] POST /api/v1/game/action 196ms
[09:56:33.009 +02:37:38.664] [WEB] POST /api/v1/game/action 281ms
[09:56:34.470 +02:37:40.125] [WEB] POST /api/v1/game/action 224ms
[09:56:35.897 +02:37:41.553] [WEB] POST /api/v1/game/action 170ms
[09:56:37.426 +02:37:43.081] [WEB] POST /api/v1/game/action 188ms
[09:56:38.904 +02:37:44.560] [WEB] POST /api/v1/game/action 175ms
[09:56:40.660 +02:37:46.316] [WEB] POST /api/v1/game/action 399ms
[09:56:41.894 +02:37:47.550] [WEB] POST /api/v1/game/action 166ms
[09:56:43.427 +02:37:49.083] [WEB] POST /api/v1/game/action 184ms
[09:56:45.080 +02:37:50.735] [WEB] POST /api/v1/game/action 349ms
[09:56:46.408 +02:37:52.063] [WEB] POST /api/v1/game/action 178ms
[09:56:47.912 +02:37:53.568] [WEB] POST /api/v1/game/action 173ms
[09:56:49.492 +02:37:55.148] [WEB] POST /api/v1/game/action 222ms
[09:56:50.916 +02:37:56.572] [WEB] POST /api/v1/game/action 184ms
[09:56:52.622 +02:37:58.278] [WEB] POST /api/v1/game/action 367ms
[09:56:53.905 +02:37:59.561] [WEB] POST /api/v1/game/action 178ms
[09:56:55.423 +02:38:01.079] [WEB] POST /api/v1/game/action 181ms
[09:56:56.908 +02:38:02.564] [WEB] POST /api/v1/game/action 180ms
[09:56:58.508 +02:38:04.163] [WEB] POST /api/v1/game/action 244ms
[09:56:59.912 +02:38:05.568] [WEB] POST /api/v1/game/action 183ms
[09:57:01.444 +02:38:07.099] [WEB] POST /api/v1/game/action 200ms
[09:57:02.938 +02:38:08.593] [WEB] POST /api/v1/game/action 203ms
[09:57:04.678 +02:38:10.333] [WEB] POST /api/v1/game/action 414ms
[09:57:06.046 +02:38:11.701] [WEB] POST /api/v1/game/action 318ms
[09:57:07.683 +02:38:13.339] [WEB] POST /api/v1/game/action 385ms
[09:57:09.159 +02:38:14.814] [WEB] POST /api/v1/game/action 415ms
[09:57:10.695 +02:38:16.351] [WEB] POST /api/v1/game/action 404ms
[09:57:12.139 +02:38:17.794] [WEB] POST /api/v1/game/action 409ms
[09:57:13.718 +02:38:19.374] [WEB] POST /api/v1/game/action 419ms
[09:57:15.039 +02:38:20.694] [WEB] POST /api/v1/game/action 310ms
[09:57:16.623 +02:38:22.279] [WEB] POST /api/v1/game/action 376ms
[09:57:18.018 +02:38:23.674] [WEB] POST /api/v1/game/action 290ms
[09:57:19.640 +02:38:25.296] [WEB] POST /api/v1/game/action 351ms
[09:57:21.027 +02:38:26.683] [WEB] POST /api/v1/game/action 299ms
[09:57:22.711 +02:38:28.366] [WEB] POST /api/v1/game/action 413ms
[09:57:24.089 +02:38:29.745] [WEB] POST /api/v1/game/action 352ms
[09:57:25.507 +02:38:31.163] [WEB] POST /api/v1/game/action 208ms
[09:57:26.924 +02:38:32.580] [WEB] POST /api/v1/game/action 195ms
[09:57:28.489 +02:38:34.145] [WEB] POST /api/v1/game/action 217ms
[09:57:29.903 +02:38:35.559] [WEB] POST /api/v1/game/action 167ms
[09:57:31.455 +02:38:37.111] [WEB] POST /api/v1/game/action 199ms
[09:57:32.904 +02:38:38.560] [WEB] POST /api/v1/game/action 177ms
[09:57:34.423 +02:38:40.078] [WEB] POST /api/v1/game/action 163ms
[09:57:35.915 +02:38:41.571] [WEB] POST /api/v1/game/action 184ms
[09:57:37.455 +02:38:43.111] [WEB] POST /api/v1/game/action 215ms
[09:57:39.142 +02:38:44.798] [WEB] POST /api/v1/game/action 410ms
[09:57:40.462 +02:38:46.118] [WEB] POST /api/v1/game/action 217ms
[09:57:41.977 +02:38:47.633] [WEB] POST /api/v1/game/action 249ms
[09:57:43.483 +02:38:49.138] [WEB] POST /api/v1/game/action 237ms
[09:57:44.990 +02:38:50.645] [WEB] POST /api/v1/game/action 261ms
[09:57:46.459 +02:38:52.115] [WEB] POST /api/v1/game/action 203ms
[09:57:47.948 +02:38:53.604] [WEB] POST /api/v1/game/action 218ms
[09:57:49.521 +02:38:55.177] [WEB] POST /api/v1/game/action 265ms
[09:57:51.055 +02:38:56.710] [WEB] POST /api/v1/game/action 327ms
[09:57:52.603 +02:38:58.259] [WEB] POST /api/v1/game/action 306ms
[09:57:53.906 +02:38:59.561] [WEB] POST /api/v1/game/action 178ms
[09:57:55.741 +02:39:01.396] [WEB] POST /api/v1/game/action 464ms
[09:57:57.057 +02:39:02.713] [WEB] POST /api/v1/game/action 320ms
[09:57:58.534 +02:39:04.190] [WEB] POST /api/v1/game/action 290ms
[09:57:59.911 +02:39:05.566] [WEB] POST /api/v1/game/action 181ms
[09:58:01.592 +02:39:07.248] [WEB] POST /api/v1/game/action 344ms
[09:58:03.092 +02:39:08.748] [WEB] POST /api/v1/game/action 365ms
[09:58:04.462 +02:39:10.117] [WEB] POST /api/v1/game/action 184ms
[09:58:05.994 +02:39:11.650] [WEB] POST /api/v1/game/action 252ms
[09:58:07.392 +02:39:13.047] [WEB] POST /api/v1/game/action 163ms
[09:58:08.943 +02:39:14.598] [WEB] POST /api/v1/game/action 208ms
[09:58:10.448 +02:39:16.104] [WEB] POST /api/v1/game/action 213ms
[09:58:11.899 +02:39:17.555] [WEB] POST /api/v1/game/action 171ms
[09:58:13.419 +02:39:19.075] [WEB] POST /api/v1/game/action 163ms
[09:58:14.905 +02:39:20.561] [WEB] POST /api/v1/game/action 174ms
[09:58:16.423 +02:39:22.078] [WEB] POST /api/v1/game/action 180ms
[09:58:17.915 +02:39:23.571] [WEB] POST /api/v1/game/action 182ms
[09:58:19.407 +02:39:25.063] [WEB] POST /api/v1/game/action 164ms
[09:58:20.911 +02:39:26.567] [WEB] POST /api/v1/game/action 175ms
[09:58:22.416 +02:39:28.072] [WEB] POST /api/v1/game/action 163ms
[09:58:23.916 +02:39:29.572] [WEB] POST /api/v1/game/action 183ms
[09:58:25.398 +02:39:31.053] [WEB] POST /api/v1/game/action 169ms
[09:58:26.916 +02:39:32.571] [WEB] POST /api/v1/game/action 185ms
[09:58:28.423 +02:39:34.078] [WEB] POST /api/v1/game/action 184ms
[09:58:29.907 +02:39:35.563] [WEB] POST /api/v1/game/action 181ms
[09:58:31.403 +02:39:37.058] [WEB] POST /api/v1/game/action 159ms
[09:58:32.893 +02:39:38.549] [WEB] POST /api/v1/game/action 163ms
[09:58:34.402 +02:39:40.057] [WEB] POST /api/v1/game/action 158ms
[09:58:35.895 +02:39:41.551] [WEB] POST /api/v1/game/action 168ms
[09:58:37.411 +02:39:43.067] [WEB] POST /api/v1/game/action 163ms
[09:58:38.905 +02:39:44.561] [WEB] POST /api/v1/game/action 178ms
[09:58:40.411 +02:39:46.067] [WEB] POST /api/v1/game/action 163ms
[09:58:41.906 +02:39:47.562] [WEB] POST /api/v1/game/action 179ms
[09:58:43.409 +02:39:49.065] [WEB] POST /api/v1/game/action 165ms
[09:58:44.895 +02:39:50.551] [WEB] POST /api/v1/game/action 168ms
[09:58:46.453 +02:39:52.108] [WEB] POST /api/v1/game/action 181ms
[09:58:47.893 +02:39:53.549] [WEB] POST /api/v1/game/action 165ms
[09:58:49.412 +02:39:55.067] [WEB] POST /api/v1/game/action 161ms
[09:58:50.899 +02:39:56.555] [WEB] POST /api/v1/game/action 169ms
[09:58:52.391 +02:39:58.047] [WEB] POST /api/v1/game/action 159ms
[09:58:53.900 +02:39:59.556] [WEB] POST /api/v1/game/action 169ms
[09:58:55.394 +02:40:01.050] [WEB] POST /api/v1/game/action 165ms
[09:58:56.912 +02:40:02.567] [WEB] POST /api/v1/game/action 184ms
[09:58:58.407 +02:40:04.063] [WEB] POST /api/v1/game/action 167ms
[09:58:59.903 +02:40:05.559] [WEB] POST /api/v1/game/action 176ms
[09:59:01.425 +02:40:07.080] [WEB] POST /api/v1/game/action 180ms
[09:59:02.892 +02:40:08.548] [WEB] POST /api/v1/game/action 164ms
[09:59:04.401 +02:40:10.057] [WEB] POST /api/v1/game/action 164ms
[09:59:05.903 +02:40:11.558] [WEB] POST /api/v1/game/action 175ms
[09:59:07.435 +02:40:13.091] [WEB] POST /api/v1/game/action 182ms
[09:59:08.898 +02:40:14.554] [WEB] POST /api/v1/game/action 170ms
[09:59:10.409 +02:40:16.065] [WEB] POST /api/v1/game/action 160ms
[09:59:11.894 +02:40:17.549] [WEB] POST /api/v1/game/action 165ms
[09:59:13.409 +02:40:19.065] [WEB] POST /api/v1/game/action 164ms
[09:59:14.907 +02:40:20.563] [WEB] POST /api/v1/game/action 179ms
[09:59:16.411 +02:40:22.067] [WEB] POST /api/v1/game/action 161ms
[09:59:17.893 +02:40:23.548] [WEB] POST /api/v1/game/action 164ms
[09:59:19.431 +02:40:25.087] [WEB] POST /api/v1/game/action 185ms
[09:59:20.898 +02:40:26.553] [WEB] POST /api/v1/game/action 167ms
[09:59:22.407 +02:40:28.063] [WEB] POST /api/v1/game/action 166ms
[09:59:23.903 +02:40:29.559] [WEB] POST /api/v1/game/action 176ms
[09:59:25.412 +02:40:31.067] [WEB] POST /api/v1/game/action 162ms
[09:59:26.899 +02:40:32.555] [WEB] POST /api/v1/game/action 171ms
[09:59:28.408 +02:40:34.064] [WEB] POST /api/v1/game/action 160ms
[09:59:29.899 +02:40:35.555] [WEB] POST /api/v1/game/action 171ms
[09:59:31.411 +02:40:37.067] [WEB] POST /api/v1/game/action 159ms
[09:59:32.908 +02:40:38.563] [WEB] POST /api/v1/game/action 181ms
[09:59:34.412 +02:40:40.067] [WEB] POST /api/v1/game/action 163ms
[09:59:35.911 +02:40:41.566] [WEB] POST /api/v1/game/action 177ms
[09:59:37.440 +02:40:43.096] [WEB] POST /api/v1/game/action 185ms
[09:59:38.913 +02:40:44.569] [WEB] POST /api/v1/game/action 179ms
[09:59:40.422 +02:40:46.078] [WEB] POST /api/v1/game/action 167ms
[09:59:41.902 +02:40:47.558] [WEB] POST /api/v1/game/action 175ms
[09:59:43.411 +02:40:49.067] [WEB] POST /api/v1/game/action 159ms
[09:59:44.894 +02:40:50.550] [WEB] POST /api/v1/game/action 165ms
[09:59:46.404 +02:40:52.060] [WEB] POST /api/v1/game/action 161ms
[09:59:47.895 +02:40:53.551] [WEB] POST /api/v1/game/action 164ms
[09:59:49.405 +02:40:55.061] [WEB] POST /api/v1/game/action 156ms
[09:59:50.912 +02:40:56.568] [WEB] POST /api/v1/game/action 181ms
[09:59:52.434 +02:40:58.090] [WEB] POST /api/v1/game/action 184ms
[09:59:53.909 +02:40:59.565] [WEB] POST /api/v1/game/action 181ms
[09:59:55.423 +02:41:01.078] [WEB] POST /api/v1/game/action 166ms
[09:59:56.892 +02:41:02.547] [WEB] POST /api/v1/game/action 165ms
[09:59:58.416 +02:41:04.071] [WEB] POST /api/v1/game/action 163ms
[09:59:59.914 +02:41:05.569] [WEB] POST /api/v1/game/action 181ms
[10:00:01.411 +02:41:07.067] [WEB] POST /api/v1/game/action 160ms
[10:00:02.900 +02:41:08.555] [WEB] POST /api/v1/game/action 172ms
[10:00:04.412 +02:41:10.068] [WEB] POST /api/v1/game/action 164ms
[10:00:05.904 +02:41:11.560] [WEB] POST /api/v1/game/action 176ms
[10:00:07.394 +02:41:13.050] [WEB] POST /api/v1/game/action 164ms
[10:00:08.900 +02:41:14.555] [WEB] POST /api/v1/game/action 173ms
[10:00:10.413 +02:41:16.068] [WEB] POST /api/v1/game/action 185ms
[10:00:11.909 +02:41:17.565] [WEB] POST /api/v1/game/action 175ms
[10:00:13.415 +02:41:19.070] [WEB] POST /api/v1/game/action 162ms
[10:00:14.905 +02:41:20.561] [WEB] POST /api/v1/game/action 166ms
[10:00:16.412 +02:41:22.068] [WEB] POST /api/v1/game/action 164ms
[10:00:17.900 +02:41:23.556] [WEB] POST /api/v1/game/action 170ms
[10:00:19.390 +02:41:25.045] [WEB] POST /api/v1/game/action 161ms
[10:00:20.901 +02:41:26.557] [WEB] POST /api/v1/game/action 174ms
[10:00:22.434 +02:41:28.090] [WEB] POST /api/v1/game/action 180ms
[10:00:23.890 +02:41:29.546] [WEB] POST /api/v1/game/action 162ms
[10:00:25.401 +02:41:31.057] [WEB] POST /api/v1/game/action 160ms
[10:00:26.907 +02:41:32.563] [WEB] POST /api/v1/game/action 176ms
[10:00:28.417 +02:41:34.073] [WEB] POST /api/v1/game/action 160ms
[10:00:29.913 +02:41:35.568] [WEB] POST /api/v1/game/action 182ms
[10:00:31.417 +02:41:37.073] [WEB] POST /api/v1/game/action 165ms
[10:00:32.893 +02:41:38.549] [WEB] POST /api/v1/game/action 166ms
[10:00:34.406 +02:41:40.061] [WEB] POST /api/v1/game/action 170ms
[10:00:35.904 +02:41:41.560] [WEB] POST /api/v1/game/action 177ms
[10:00:37.408 +02:41:43.063] [WEB] POST /api/v1/game/action 163ms
[10:00:38.909 +02:41:44.564] [WEB] POST /api/v1/game/action 170ms
[10:00:40.397 +02:41:46.053] [WEB] POST /api/v1/game/action 164ms
[10:00:41.908 +02:41:47.564] [WEB] POST /api/v1/game/action 180ms
[10:00:43.425 +02:41:49.081] [WEB] POST /api/v1/game/action 161ms
[10:00:44.909 +02:41:50.565] [WEB] POST /api/v1/game/action 179ms
[10:00:46.411 +02:41:52.067] [WEB] POST /api/v1/game/action 158ms
[10:00:47.896 +02:41:53.552] [WEB] POST /api/v1/game/action 162ms
[10:00:49.443 +02:41:55.098] [WEB] POST /api/v1/game/action 184ms
[10:00:50.894 +02:41:56.550] [WEB] POST /api/v1/game/action 162ms
[10:00:52.416 +02:41:58.072] [WEB] POST /api/v1/game/action 163ms
[10:00:53.914 +02:41:59.570] [WEB] POST /api/v1/game/action 178ms
[10:00:55.420 +02:42:01.075] [WEB] POST /api/v1/game/action 167ms
[10:00:56.906 +02:42:02.562] [WEB] POST /api/v1/game/action 177ms
[10:00:58.401 +02:42:04.057] [WEB] POST /api/v1/game/action 160ms
[10:00:59.906 +02:42:05.562] [WEB] POST /api/v1/game/action 179ms
[10:01:01.415 +02:42:07.070] [WEB] POST /api/v1/game/action 182ms
[10:01:02.898 +02:42:08.554] [WEB] POST /api/v1/game/action 169ms
[10:01:04.431 +02:42:10.086] [WEB] POST /api/v1/game/action 181ms
[10:01:05.908 +02:42:11.564] [WEB] POST /api/v1/game/action 176ms
[10:01:07.426 +02:42:13.082] [WEB] POST /api/v1/game/action 183ms
[10:01:08.913 +02:42:14.568] [WEB] POST /api/v1/game/action 184ms
[10:01:10.425 +02:42:16.080] [WEB] POST /api/v1/game/action 185ms
[10:01:11.906 +02:42:17.562] [WEB] POST /api/v1/game/action 170ms
[10:01:13.397 +02:42:19.053] [WEB] POST /api/v1/game/action 163ms
[10:01:14.921 +02:42:20.577] [WEB] POST /api/v1/game/action 180ms
[10:01:16.404 +02:42:22.060] [WEB] POST /api/v1/game/action 158ms
[10:01:17.898 +02:42:23.554] [WEB] POST /api/v1/game/action 169ms
[10:01:19.417 +02:42:25.072] [WEB] POST /api/v1/game/action 163ms
[10:01:20.902 +02:42:26.558] [WEB] POST /api/v1/game/action 173ms
[10:01:22.391 +02:42:28.046] [WEB] POST /api/v1/game/action 162ms
[10:01:23.906 +02:42:29.562] [WEB] POST /api/v1/game/action 178ms
[10:01:25.398 +02:42:31.053] [WEB] POST /api/v1/game/action 164ms
[10:01:26.916 +02:42:32.572] [WEB] POST /api/v1/game/action 188ms
[10:01:28.416 +02:42:34.072] [WEB] POST /api/v1/game/action 162ms
[10:01:29.914 +02:42:35.570] [WEB] POST /api/v1/game/action 177ms
[10:01:31.412 +02:42:37.067] [WEB] POST /api/v1/game/action 159ms
[10:01:32.905 +02:42:38.561] [WEB] POST /api/v1/game/action 172ms
[10:01:34.418 +02:42:40.074] [WEB] POST /api/v1/game/action 164ms
[10:01:35.896 +02:42:41.552] [WEB] POST /api/v1/game/action 169ms
[10:01:37.396 +02:42:43.051] [WEB] POST /api/v1/game/action 163ms
[10:01:38.912 +02:42:44.568] [WEB] POST /api/v1/game/action 182ms
[10:01:40.397 +02:42:46.053] [WEB] POST /api/v1/game/action 165ms
[10:01:41.911 +02:42:47.566] [WEB] POST /api/v1/game/action 180ms
[10:01:43.400 +02:42:49.056] [WEB] POST /api/v1/game/action 159ms
[10:01:44.913 +02:42:50.569] [WEB] POST /api/v1/game/action 181ms
[10:01:46.443 +02:42:52.099] [WEB] POST /api/v1/game/action 188ms
[10:01:47.892 +02:42:53.548] [WEB] POST /api/v1/game/action 164ms
[10:01:49.412 +02:42:55.068] [WEB] POST /api/v1/game/action 163ms
[10:01:50.890 +02:42:56.545] [WEB] POST /api/v1/game/action 162ms
[10:01:52.410 +02:42:58.066] [WEB] POST /api/v1/game/action 163ms
[10:01:53.908 +02:42:59.564] [WEB] POST /api/v1/game/action 181ms
[10:01:55.401 +02:43:01.056] [WEB] POST /api/v1/game/action 162ms
[10:01:56.909 +02:43:02.565] [WEB] POST /api/v1/game/action 182ms
[10:01:58.414 +02:43:04.070] [WEB] POST /api/v1/game/action 159ms
[10:01:59.904 +02:43:05.560] [WEB] POST /api/v1/game/action 174ms
[10:02:01.408 +02:43:07.064] [WEB] POST /api/v1/game/action 159ms
[10:02:02.910 +02:43:08.566] [WEB] POST /api/v1/game/action 177ms
[10:02:04.409 +02:43:10.064] [WEB] POST /api/v1/game/action 167ms
[10:02:05.912 +02:43:11.568] [WEB] POST /api/v1/game/action 178ms
[10:02:07.426 +02:43:13.082] [WEB] POST /api/v1/game/action 186ms
[10:02:08.903 +02:43:14.559] [WEB] POST /api/v1/game/action 173ms
[10:02:10.402 +02:43:16.058] [WEB] POST /api/v1/game/action 160ms
[10:02:11.899 +02:43:17.555] [WEB] POST /api/v1/game/action 169ms
[10:02:13.429 +02:43:19.085] [WEB] POST /api/v1/game/action 182ms
[10:02:14.916 +02:43:20.572] [WEB] POST /api/v1/game/action 176ms
[10:02:16.411 +02:43:22.067] [WEB] POST /api/v1/game/action 161ms
[10:02:17.891 +02:43:23.547] [WEB] POST /api/v1/game/action 162ms
[10:02:19.392 +02:43:25.048] [WEB] POST /api/v1/game/action 159ms
[10:02:20.892 +02:43:26.548] [WEB] POST /api/v1/game/action 159ms
[10:02:22.408 +02:43:28.064] [WEB] POST /api/v1/game/action 166ms
[10:02:23.906 +02:43:29.562] [WEB] POST /api/v1/game/action 178ms
[10:02:25.433 +02:43:31.089] [WEB] POST /api/v1/game/action 185ms
[10:02:26.903 +02:43:32.559] [WEB] POST /api/v1/game/action 175ms
[10:02:28.408 +02:43:34.064] [WEB] POST /api/v1/game/action 163ms
[10:02:29.922 +02:43:35.577] [WEB] POST /api/v1/game/action 181ms
[10:02:31.410 +02:43:37.065] [WEB] POST /api/v1/game/action 166ms
[10:02:32.894 +02:43:38.549] [WEB] POST /api/v1/game/action 162ms
[10:02:34.431 +02:43:40.087] [WEB] POST /api/v1/game/action 181ms
[10:02:35.899 +02:43:41.554] [WEB] POST /api/v1/game/action 167ms
[10:02:37.430 +02:43:43.086] [WEB] POST /api/v1/game/action 178ms
[10:02:38.907 +02:43:44.563] [WEB] POST /api/v1/game/action 178ms
[10:02:40.392 +02:43:46.048] [WEB] POST /api/v1/game/action 157ms
[10:02:41.911 +02:43:47.567] [WEB] POST /api/v1/game/action 183ms
[10:02:43.431 +02:43:49.087] [WEB] POST /api/v1/game/action 182ms
[10:02:44.909 +02:43:50.564] [WEB] POST /api/v1/game/action 181ms
[10:02:46.412 +02:43:52.068] [WEB] POST /api/v1/game/action 159ms
[10:02:47.900 +02:43:53.555] [WEB] POST /api/v1/game/action 171ms
[10:02:49.406 +02:43:55.061] [WEB] POST /api/v1/game/action 163ms
[10:02:50.913 +02:43:56.569] [WEB] POST /api/v1/game/action 181ms
[10:02:52.406 +02:43:58.061] [WEB] POST /api/v1/game/action 163ms
[10:02:53.911 +02:43:59.567] [WEB] POST /api/v1/game/action 184ms
[10:02:55.413 +02:44:01.069] [WEB] POST /api/v1/game/action 159ms
[10:02:56.898 +02:44:02.553] [WEB] POST /api/v1/game/action 169ms
[10:02:58.412 +02:44:04.068] [WEB] POST /api/v1/game/action 161ms
[10:02:59.896 +02:44:05.552] [WEB] POST /api/v1/game/action 169ms
[10:03:01.433 +02:44:07.089] [WEB] POST /api/v1/game/action 189ms
[10:03:02.895 +02:44:08.551] [WEB] POST /api/v1/game/action 165ms
[10:03:04.454 +02:44:10.110] [WEB] POST /api/v1/game/action 180ms
[10:03:05.908 +02:44:11.563] [WEB] POST /api/v1/game/action 181ms
[10:03:07.417 +02:44:13.073] [WEB] POST /api/v1/game/action 162ms
[10:03:08.915 +02:44:14.570] [WEB] POST /api/v1/game/action 184ms
[10:03:10.438 +02:44:16.094] [WEB] POST /api/v1/game/action 183ms
[10:03:11.900 +02:44:17.556] [WEB] POST /api/v1/game/action 173ms
[10:03:13.415 +02:44:19.071] [WEB] POST /api/v1/game/action 160ms
[10:03:14.895 +02:44:20.551] [WEB] POST /api/v1/game/action 166ms
[10:03:16.405 +02:44:22.061] [WEB] POST /api/v1/game/action 156ms
[10:03:17.909 +02:44:23.564] [WEB] POST /api/v1/game/action 177ms
[10:03:19.427 +02:44:25.083] [WEB] POST /api/v1/game/action 184ms
[10:03:20.902 +02:44:26.558] [WEB] POST /api/v1/game/action 165ms
[10:03:22.437 +02:44:28.093] [WEB] POST /api/v1/game/action 186ms
[10:03:23.908 +02:44:29.563] [WEB] POST /api/v1/game/action 168ms
[10:03:25.404 +02:44:31.059] [WEB] POST /api/v1/game/action 165ms
[10:03:26.918 +02:44:32.573] [WEB] POST /api/v1/game/action 177ms
[10:03:28.411 +02:44:34.067] [WEB] POST /api/v1/game/action 163ms
[10:03:29.894 +02:44:35.549] [WEB] POST /api/v1/game/action 163ms
[10:03:31.417 +02:44:37.073] [WEB] POST /api/v1/game/action 179ms
[10:03:32.900 +02:44:38.556] [WEB] POST /api/v1/game/action 171ms
[10:03:34.399 +02:44:40.054] [WEB] POST /api/v1/game/action 160ms
[10:03:35.907 +02:44:41.563] [WEB] POST /api/v1/game/action 176ms
[10:03:37.401 +02:44:43.057] [WEB] POST /api/v1/game/action 159ms
[10:03:38.897 +02:44:44.553] [WEB] POST /api/v1/game/action 163ms
[10:03:40.403 +02:44:46.059] [WEB] POST /api/v1/game/action 163ms
[10:03:41.920 +02:44:47.575] [WEB] POST /api/v1/game/action 187ms
[10:03:43.395 +02:44:49.051] [WEB] POST /api/v1/game/action 167ms
[10:03:44.902 +02:44:50.558] [WEB] POST /api/v1/game/action 172ms
[10:03:46.404 +02:44:52.059] [WEB] POST /api/v1/game/action 164ms
[10:03:47.888 +02:44:53.543] [WEB] POST /api/v1/game/action 158ms
[10:03:49.423 +02:44:55.079] [WEB] POST /api/v1/game/action 180ms
[10:03:50.904 +02:44:56.560] [WEB] POST /api/v1/game/action 176ms
[10:03:52.413 +02:44:58.069] [WEB] POST /api/v1/game/action 159ms
[10:03:53.893 +02:44:59.549] [WEB] POST /api/v1/game/action 163ms
[10:03:55.405 +02:45:01.061] [WEB] POST /api/v1/game/action 157ms
[10:03:56.912 +02:45:02.567] [WEB] POST /api/v1/game/action 184ms
[10:03:58.421 +02:45:04.077] [WEB] POST /api/v1/game/action 167ms
[10:03:59.899 +02:45:05.554] [WEB] POST /api/v1/game/action 168ms
[10:04:01.413 +02:45:07.068] [WEB] POST /api/v1/game/action 168ms
[10:04:02.894 +02:45:08.549] [WEB] POST /api/v1/game/action 165ms
[10:04:04.401 +02:45:10.057] [WEB] POST /api/v1/game/action 168ms
[10:04:05.904 +02:45:11.559] [WEB] POST /api/v1/game/action 174ms
[10:04:07.391 +02:45:13.047] [WEB] POST /api/v1/game/action 161ms
[10:04:08.898 +02:45:14.554] [WEB] POST /api/v1/game/action 169ms
[10:04:10.406 +02:45:16.061] [WEB] POST /api/v1/game/action 164ms
[10:04:11.888 +02:45:17.544] [WEB] POST /api/v1/game/action 158ms
[10:04:13.399 +02:45:19.055] [WEB] POST /api/v1/game/action 162ms
[10:04:14.909 +02:45:20.565] [WEB] POST /api/v1/game/action 176ms
[10:04:16.426 +02:45:22.082] [WEB] POST /api/v1/game/action 189ms
[10:04:17.898 +02:45:23.554] [WEB] POST /api/v1/game/action 166ms
[10:04:19.416 +02:45:25.071] [WEB] POST /api/v1/game/action 162ms
[10:04:20.896 +02:45:26.551] [WEB] POST /api/v1/game/action 166ms
[10:04:22.402 +02:45:28.058] [WEB] POST /api/v1/game/action 164ms
[10:04:23.911 +02:45:29.567] [WEB] POST /api/v1/game/action 183ms
[10:04:25.412 +02:45:31.067] [WEB] POST /api/v1/game/action 163ms
[10:04:26.896 +02:45:32.552] [WEB] POST /api/v1/game/action 163ms
[10:04:28.435 +02:45:34.090] [WEB] POST /api/v1/game/action 182ms
[10:04:29.895 +02:45:35.551] [WEB] POST /api/v1/game/action 164ms
[10:04:31.434 +02:45:37.090] [WEB] POST /api/v1/game/action 181ms
[10:04:32.916 +02:45:38.572] [WEB] POST /api/v1/game/action 184ms
[10:04:34.409 +02:45:40.065] [WEB] POST /api/v1/game/action 162ms
[10:04:35.907 +02:45:41.562] [WEB] POST /api/v1/game/action 178ms
[10:04:37.429 +02:45:43.085] [WEB] POST /api/v1/game/action 183ms
[10:04:38.908 +02:45:44.563] [WEB] POST /api/v1/game/action 178ms
[10:04:40.410 +02:45:46.066] [WEB] POST /api/v1/game/action 165ms
[10:04:41.900 +02:45:47.556] [WEB] POST /api/v1/game/action 171ms
[10:04:43.405 +02:45:49.061] [WEB] POST /api/v1/game/action 160ms
[10:04:44.909 +02:45:50.565] [WEB] POST /api/v1/game/action 176ms
[10:04:46.414 +02:45:52.070] [WEB] POST /api/v1/game/action 159ms
[10:04:47.899 +02:45:53.555] [WEB] POST /api/v1/game/action 170ms
[10:04:49.408 +02:45:55.063] [WEB] POST /api/v1/game/action 160ms
[10:04:50.915 +02:45:56.571] [WEB] POST /api/v1/game/action 184ms
[10:04:52.419 +02:45:58.074] [WEB] POST /api/v1/game/action 183ms
[10:04:53.896 +02:45:59.552] [WEB] POST /api/v1/game/action 161ms
[10:04:55.418 +02:46:01.074] [WEB] POST /api/v1/game/action 165ms
[10:04:56.898 +02:46:02.554] [WEB] POST /api/v1/game/action 166ms
[10:04:58.437 +02:46:04.093] [WEB] POST /api/v1/game/action 183ms
[10:04:59.921 +02:46:05.577] [WEB] POST /api/v1/game/action 184ms
[10:05:01.411 +02:46:07.066] [WEB] POST /api/v1/game/action 165ms
[10:05:02.912 +02:46:08.568] [WEB] POST /api/v1/game/action 183ms
[10:05:04.404 +02:46:10.060] [WEB] POST /api/v1/game/action 161ms
[10:05:05.890 +02:46:11.546] [WEB] POST /api/v1/game/action 161ms
[10:05:07.422 +02:46:13.078] [WEB] POST /api/v1/game/action 184ms
[10:05:08.908 +02:46:14.564] [WEB] POST /api/v1/game/action 178ms
[10:05:10.402 +02:46:16.058] [WEB] POST /api/v1/game/action 163ms
[10:05:11.906 +02:46:17.562] [WEB] POST /api/v1/game/action 174ms
[10:05:13.408 +02:46:19.064] [WEB] POST /api/v1/game/action 163ms
[10:05:14.920 +02:46:20.575] [WEB] POST /api/v1/game/action 191ms
[10:05:16.404 +02:46:22.060] [WEB] POST /api/v1/game/action 162ms
[10:05:17.904 +02:46:23.560] [WEB] POST /api/v1/game/action 175ms
[10:05:19.400 +02:46:25.056] [WEB] POST /api/v1/game/action 166ms
[10:05:20.924 +02:46:26.579] [WEB] POST /api/v1/game/action 184ms
[10:05:22.402 +02:46:28.058] [WEB] POST /api/v1/game/action 161ms
[10:05:23.900 +02:46:29.556] [WEB] POST /api/v1/game/action 172ms
[10:05:25.414 +02:46:31.069] [WEB] POST /api/v1/game/action 161ms
[10:05:26.897 +02:46:32.552] [WEB] POST /api/v1/game/action 166ms
[10:05:28.410 +02:46:34.066] [WEB] POST /api/v1/game/action 161ms
[10:05:29.894 +02:46:35.550] [WEB] POST /api/v1/game/action 164ms
[10:05:31.413 +02:46:37.068] [WEB] POST /api/v1/game/action 166ms
[10:05:32.905 +02:46:38.561] [WEB] POST /api/v1/game/action 169ms
[10:05:34.407 +02:46:40.062] [WEB] POST /api/v1/game/action 163ms
[10:05:35.904 +02:46:41.559] [WEB] POST /api/v1/game/action 175ms
[10:05:37.413 +02:46:43.069] [WEB] POST /api/v1/game/action 162ms
[10:05:38.904 +02:46:44.560] [WEB] POST /api/v1/game/action 162ms
[10:05:40.412 +02:46:46.067] [WEB] POST /api/v1/game/action 165ms
[10:05:41.902 +02:46:47.557] [WEB] POST /api/v1/game/action 173ms
[10:05:43.417 +02:46:49.073] [WEB] POST /api/v1/game/action 158ms
[10:05:44.898 +02:46:50.554] [WEB] POST /api/v1/game/action 168ms
[10:05:46.408 +02:46:52.064] [WEB] POST /api/v1/game/action 164ms
[10:05:47.904 +02:46:53.559] [WEB] POST /api/v1/game/action 170ms
[10:05:49.410 +02:46:55.066] [WEB] POST /api/v1/game/action 159ms
[10:05:50.910 +02:46:56.566] [WEB] POST /api/v1/game/action 179ms
[10:05:52.410 +02:46:58.066] [WEB] POST /api/v1/game/action 163ms
[10:05:53.902 +02:46:59.558] [WEB] POST /api/v1/game/action 171ms
[10:05:55.397 +02:47:01.053] [WEB] POST /api/v1/game/action 161ms
[10:05:56.915 +02:47:02.570] [WEB] POST /api/v1/game/action 179ms
[10:05:58.438 +02:47:04.093] [WEB] POST /api/v1/game/action 184ms
[10:05:59.922 +02:47:05.578] [WEB] POST /api/v1/game/action 181ms
[10:06:01.415 +02:47:07.071] [WEB] POST /api/v1/game/action 183ms
[10:06:02.907 +02:47:08.563] [WEB] POST /api/v1/game/action 179ms
[10:06:04.424 +02:47:10.079] [WEB] POST /api/v1/game/action 183ms
[10:06:05.908 +02:47:11.564] [WEB] POST /api/v1/game/action 179ms
[10:06:07.416 +02:47:13.071] [WEB] POST /api/v1/game/action 183ms
[10:06:08.906 +02:47:14.562] [WEB] POST /api/v1/game/action 177ms
[10:06:10.430 +02:47:16.086] [WEB] POST /api/v1/game/action 159ms
[10:06:11.897 +02:47:17.553] [WEB] POST /api/v1/game/action 166ms
[10:06:13.405 +02:47:19.060] [WEB] POST /api/v1/game/action 165ms
[10:06:14.905 +02:47:20.560] [WEB] POST /api/v1/game/action 176ms
[10:06:16.450 +02:47:22.106] [WEB] POST /api/v1/game/action 184ms
[10:06:17.903 +02:47:23.559] [WEB] POST /api/v1/game/action 171ms
[10:06:19.395 +02:47:25.051] [WEB] POST /api/v1/game/action 159ms
[10:06:20.896 +02:47:26.552] [WEB] POST /api/v1/game/action 161ms
[10:06:22.422 +02:47:28.077] [WEB] POST /api/v1/game/action 181ms
[10:06:23.888 +02:47:29.544] [WEB] POST /api/v1/game/action 157ms
[10:06:25.402 +02:47:31.058] [WEB] POST /api/v1/game/action 158ms
[10:06:26.903 +02:47:32.559] [WEB] POST /api/v1/game/action 173ms
[10:06:28.398 +02:47:34.054] [WEB] POST /api/v1/game/action 162ms
[10:06:29.897 +02:47:35.552] [WEB] POST /api/v1/game/action 166ms
[10:06:31.393 +02:47:37.049] [WEB] POST /api/v1/game/action 163ms
[10:06:32.895 +02:47:38.550] [WEB] POST /api/v1/game/action 165ms
[10:06:34.418 +02:47:40.074] [WEB] POST /api/v1/game/action 166ms
[10:06:35.896 +02:47:41.552] [WEB] POST /api/v1/game/action 166ms
[10:06:37.400 +02:47:43.056] [WEB] POST /api/v1/game/action 159ms
[10:06:38.906 +02:47:44.561] [WEB] POST /api/v1/game/action 177ms
[10:06:40.421 +02:47:46.077] [WEB] POST /api/v1/game/action 159ms
[10:06:41.901 +02:47:47.557] [WEB] POST /api/v1/game/action 170ms
[10:06:43.426 +02:47:49.082] [WEB] POST /api/v1/game/action 183ms
[10:06:44.892 +02:47:50.547] [WEB] POST /api/v1/game/action 160ms
[10:06:46.410 +02:47:52.066] [WEB] POST /api/v1/game/action 165ms
[10:06:47.899 +02:47:53.555] [WEB] POST /api/v1/game/action 163ms
[10:06:49.416 +02:47:55.072] [WEB] POST /api/v1/game/action 184ms
[10:06:50.893 +02:47:56.548] [WEB] POST /api/v1/game/action 162ms
[10:06:52.464 +02:47:58.119] [WEB] POST /api/v1/game/action 170ms
[10:06:53.602 +02:47:59.258] [WEB] GET /api/input/ports 289ms
[10:06:54.086 +02:47:59.742] [WEB] POST /api/v1/game/action 207ms
[10:06:55.435 +02:48:01.090] [WEB] POST /api/v1/game/action 185ms
[10:06:57.138 +02:48:02.794] [WEB] POST /api/v1/game/action 390ms
[10:06:58.436 +02:48:04.091] [WEB] POST /api/v1/game/action 196ms
[10:06:59.917 +02:48:05.573] [WEB] POST /api/v1/game/action 185ms
[10:07:01.926 +02:48:07.582] [WEB] POST /api/v1/game/action 511ms
[10:07:02.910 +02:48:08.565] [WEB] POST /api/v1/game/action 178ms
[10:07:03.362 +02:48:09.017] [WEB] GET /api/v1/frame.png 279ms
[10:07:04.590 +02:48:10.246] [WEB] POST /api/v1/game/action 310ms
[10:07:05.909 +02:48:11.565] [WEB] POST /api/v1/game/action 181ms
[10:07:07.444 +02:48:13.100] [WEB] POST /api/v1/game/action 201ms
[10:07:07.550 +02:48:13.205] [WEB] POST /api/v1/script 27ms
[10:07:07.617 +02:48:13.273] [WEB] POST /api/v1/script 14ms
[10:07:07.720 +02:48:13.376] [WEB] POST /api/v1/script 60ms
[10:07:07.783 +02:48:13.439] [WEB] POST /api/v1/script 51ms
[10:07:07.857 +02:48:13.513] [WEB] POST /api/v1/script 61ms
[10:07:07.922 +02:48:13.578] [WEB] POST /api/v1/script 54ms
[10:07:08.001 +02:48:13.657] [WEB] POST /api/v1/script 62ms
[10:07:08.064 +02:48:13.719] [WEB] POST /api/v1/script 49ms
[10:07:08.107 +02:48:13.762] [WEB] POST /api/v1/script 36ms
[10:07:08.149 +02:48:13.805] [WEB] POST /api/v1/script 34ms
[10:07:10.046 +02:48:15.701] [WEB] POST /api/v1/script 1879ms
[10:07:10.378 +02:48:16.034] [WEB] POST /api/v1/game/action 327ms
[10:07:10.445 +02:48:16.101] [WEB] POST /api/v1/script 62ms
[10:07:10.632 +02:48:16.287] [WEB] POST /api/v1/game/action 181ms
[10:07:10.650 +02:48:16.306] [WEB] POST /api/v1/script 13ms
[10:07:11.122 +02:48:16.778] [WEB] POST /api/v1/script 460ms
[10:07:11.152 +02:48:16.808] [WEB] POST /api/v1/script 25ms
[10:07:11.313 +02:48:16.969] [WEB] POST /api/v1/script 157ms
[10:07:11.341 +02:48:16.996] [WEB] POST /api/v1/script 23ms
[10:07:11.368 +02:48:17.023] [WEB] POST /api/v1/script 20ms
[10:07:11.422 +02:48:17.078] [WEB] POST /api/v1/script 49ms
[10:07:11.477 +02:48:17.133] [WEB] POST /api/v1/script 51ms
[10:07:11.562 +02:48:17.218] [WEB] POST /api/v1/script 81ms
[10:07:11.645 +02:48:17.300] [WEB] POST /api/v1/script 75ms
[10:07:11.734 +02:48:17.390] [WEB] POST /api/v1/script 85ms
[10:07:11.942 +02:48:17.598] [WEB] POST /api/v1/game/action 193ms
[10:07:12.001 +02:48:17.657] [WEB] POST /api/v1/script 55ms
[10:07:12.057 +02:48:17.712] [WEB] POST /api/v1/script 51ms
[10:07:12.105 +02:48:17.761] [WEB] POST /api/v1/script 41ms
[10:07:12.162 +02:48:17.818] [WEB] POST /api/v1/script 47ms
[10:07:12.212 +02:48:17.868] [WEB] POST /api/v1/script 47ms
[10:07:12.268 +02:48:17.923] [WEB] POST /api/v1/script 52ms
[10:07:12.323 +02:48:17.978] [WEB] POST /api/v1/script 49ms
[10:07:12.373 +02:48:18.029] [WEB] POST /api/v1/script 46ms
[10:07:12.426 +02:48:18.082] [WEB] POST /api/v1/script 49ms
[10:07:12.480 +02:48:18.136] [WEB] POST /api/v1/script 49ms
[10:07:12.539 +02:48:18.195] [WEB] POST /api/v1/script 53ms
[10:07:12.595 +02:48:18.251] [WEB] POST /api/v1/script 53ms
[10:07:12.647 +02:48:18.302] [WEB] POST /api/v1/script 48ms
[10:07:12.707 +02:48:18.363] [WEB] POST /api/v1/script 56ms
[10:07:12.733 +02:48:18.389] [WEB] POST /api/v1/script 22ms
[10:07:12.993 +02:48:18.648] [WEB] POST /api/v1/script 256ms
[10:07:14.208 +02:48:19.864] [WEB] GET /api/v1/script/runs 1208ms
[10:07:14.391 +02:48:20.047] [WEB] POST /api/v1/game/action 176ms
[10:07:14.400 +02:48:20.055] [WEB] GET /api/v1/script/runs 5ms
[10:07:14.669 +02:48:20.325] [WEB] GET /api/v1/evidence 7ms
[10:07:14.922 +02:48:20.578] [WEB] POST /api/v1/game/action 181ms
[10:07:16.394 +02:48:22.050] [WEB] POST /api/v1/game/action 158ms
[10:07:17.891 +02:48:23.547] [WEB] POST /api/v1/game/action 162ms
[10:07:19.421 +02:48:25.076] [WEB] POST /api/v1/game/action 181ms
[10:07:20.912 +02:48:26.568] [WEB] POST /api/v1/game/action 181ms
[10:07:22.400 +02:48:28.055] [WEB] POST /api/v1/game/action 158ms
[10:07:23.907 +02:48:29.563] [WEB] POST /api/v1/game/action 174ms
[10:07:25.407 +02:48:31.062] [WEB] POST /api/v1/game/action 162ms
[10:07:26.924 +02:48:32.580] [WEB] POST /api/v1/game/action 195ms
[10:07:28.404 +02:48:34.059] [WEB] POST /api/v1/game/action 165ms
[10:07:29.899 +02:48:35.554] [WEB] POST /api/v1/game/action 167ms
[10:07:31.415 +02:48:37.071] [WEB] POST /api/v1/game/action 165ms
[10:07:32.899 +02:48:38.554] [WEB] POST /api/v1/game/action 169ms
[10:07:34.415 +02:48:40.071] [WEB] POST /api/v1/game/action 161ms
[10:07:35.894 +02:48:41.549] [WEB] POST /api/v1/game/action 162ms
[10:07:37.449 +02:48:43.104] [WEB] POST /api/v1/game/action 196ms
[10:07:38.912 +02:48:44.568] [WEB] POST /api/v1/game/action 182ms
[10:07:40.421 +02:48:46.077] [WEB] POST /api/v1/game/action 163ms
[10:07:41.908 +02:48:47.564] [WEB] POST /api/v1/game/action 175ms
[10:07:43.438 +02:48:49.094] [WEB] POST /api/v1/game/action 163ms
[10:07:44.918 +02:48:50.574] [WEB] POST /api/v1/game/action 188ms
[10:07:46.415 +02:48:52.071] [WEB] POST /api/v1/game/action 163ms
[10:07:47.907 +02:48:53.563] [WEB] POST /api/v1/game/action 178ms
[10:07:49.405 +02:48:55.060] [WEB] POST /api/v1/game/action 167ms
[10:07:50.906 +02:48:56.562] [WEB] POST /api/v1/game/action 173ms
[10:07:52.410 +02:48:58.065] [WEB] POST /api/v1/game/action 166ms
[10:07:53.892 +02:48:59.548] [WEB] POST /api/v1/game/action 164ms
[10:07:55.696 +02:49:01.352] [WEB] POST /api/v1/game/action 423ms
[10:07:57.043 +02:49:02.699] [WEB] POST /api/v1/game/action 314ms
[10:07:58.400 +02:49:04.055] [WEB] POST /api/v1/game/action 163ms
[10:07:59.911 +02:49:05.567] [WEB] POST /api/v1/game/action 180ms
[10:08:01.448 +02:49:07.103] [WEB] POST /api/v1/game/action 186ms
[10:08:02.962 +02:49:08.618] [WEB] POST /api/v1/game/action 232ms
[10:08:04.813 +02:49:10.468] [WEB] POST /api/v1/game/action 570ms
[10:08:05.911 +02:49:11.567] [WEB] POST /api/v1/game/action 183ms
[10:08:07.516 +02:49:13.171] [WEB] POST /api/v1/game/action 267ms
[10:08:08.927 +02:49:14.583] [WEB] POST /api/v1/game/action 198ms
[10:08:10.426 +02:49:16.081] [WEB] POST /api/v1/game/action 195ms
[10:08:11.911 +02:49:17.566] [WEB] POST /api/v1/game/action 179ms
[10:08:13.552 +02:49:19.207] [WEB] POST /api/v1/game/action 291ms
[10:08:14.908 +02:49:20.564] [WEB] POST /api/v1/game/action 178ms
[10:08:16.454 +02:49:22.110] [WEB] POST /api/v1/game/action 177ms
[10:08:17.980 +02:49:23.635] [WEB] POST /api/v1/game/action 251ms
[10:08:19.543 +02:49:25.199] [WEB] POST /api/v1/game/action 296ms
[10:08:20.906 +02:49:26.562] [WEB] POST /api/v1/game/action 172ms
[10:08:22.464 +02:49:28.120] [WEB] POST /api/v1/game/action 188ms
[10:08:23.947 +02:49:29.603] [WEB] POST /api/v1/game/action 209ms
[10:08:25.391 +02:49:31.047] [WEB] POST /api/v1/game/action 162ms
[10:08:26.906 +02:49:32.562] [WEB] POST /api/v1/game/action 162ms
[10:08:28.524 +02:49:34.180] [WEB] POST /api/v1/game/action 262ms
[10:08:29.912 +02:49:35.568] [WEB] POST /api/v1/game/action 181ms
[10:08:31.494 +02:49:37.150] [WEB] POST /api/v1/game/action 264ms
[10:08:32.908 +02:49:38.564] [WEB] POST /api/v1/game/action 178ms
[10:08:34.488 +02:49:40.143] [WEB] POST /api/v1/game/action 238ms
[10:08:35.958 +02:49:41.614] [WEB] POST /api/v1/game/action 227ms
[10:08:37.402 +02:49:43.058] [WEB] POST /api/v1/game/action 157ms
[10:08:38.908 +02:49:44.564] [WEB] POST /api/v1/game/action 173ms
[10:08:40.433 +02:49:46.089] [WEB] POST /api/v1/game/action 178ms
[10:08:41.915 +02:49:47.570] [WEB] POST /api/v1/game/action 184ms
[10:08:43.473 +02:49:49.129] [WEB] POST /api/v1/game/action 206ms
[10:08:44.910 +02:49:50.566] [WEB] POST /api/v1/game/action 177ms
[10:08:46.403 +02:49:52.058] [WEB] POST /api/v1/game/action 157ms
[10:08:47.929 +02:49:53.584] [WEB] POST /api/v1/game/action 191ms
[10:08:49.421 +02:49:55.076] [WEB] POST /api/v1/game/action 188ms
[10:08:50.910 +02:49:56.566] [WEB] POST /api/v1/game/action 181ms
[10:08:52.421 +02:49:58.077] [WEB] POST /api/v1/game/action 181ms
[10:08:53.904 +02:49:59.560] [WEB] POST /api/v1/game/action 173ms
[10:08:55.484 +02:50:01.140] [WEB] POST /api/v1/game/action 244ms
[10:08:56.907 +02:50:02.563] [WEB] POST /api/v1/game/action 175ms
[10:08:58.417 +02:50:04.073] [WEB] POST /api/v1/game/action 175ms
[10:08:59.947 +02:50:05.603] [WEB] POST /api/v1/game/action 216ms
[10:09:01.412 +02:50:07.068] [WEB] POST /api/v1/game/action 183ms
[10:09:03.147 +02:50:08.803] [WEB] POST /api/v1/game/action 404ms
[10:09:04.483 +02:50:10.139] [WEB] POST /api/v1/game/action 238ms
[10:09:05.974 +02:50:11.630] [WEB] POST /api/v1/game/action 227ms
[10:09:07.430 +02:50:13.085] [WEB] POST /api/v1/game/action 199ms
[10:09:08.981 +02:50:14.637] [WEB] POST /api/v1/game/action 243ms
[10:09:10.412 +02:50:16.067] [WEB] POST /api/v1/game/action 178ms
[10:09:11.925 +02:50:17.580] [WEB] POST /api/v1/game/action 195ms
[10:09:13.474 +02:50:19.129] [WEB] POST /api/v1/game/action 232ms
[10:09:14.950 +02:50:20.606] [WEB] POST /api/v1/game/action 217ms
[10:09:16.447 +02:50:22.102] [WEB] POST /api/v1/game/action 217ms
[10:09:18.011 +02:50:23.666] [WEB] POST /api/v1/game/action 272ms
[10:09:19.425 +02:50:25.081] [WEB] POST /api/v1/game/action 176ms
[10:09:21.295 +02:50:26.951] [WEB] POST /api/v1/game/action 564ms
[10:09:22.612 +02:50:28.267] [WEB] POST /api/v1/game/action 357ms
[10:09:24.295 +02:50:29.951] [WEB] POST /api/v1/game/action 549ms
[10:09:25.628 +02:50:31.283] [WEB] POST /api/v1/game/action 378ms
[10:09:27.013 +02:50:32.668] [WEB] POST /api/v1/game/action 272ms
[10:09:28.473 +02:50:34.128] [WEB] POST /api/v1/game/action 228ms
[10:09:29.940 +02:50:35.596] [WEB] POST /api/v1/game/action 208ms
[10:09:31.524 +02:50:37.180] [WEB] POST /api/v1/game/action 280ms
[10:09:33.013 +02:50:38.668] [WEB] POST /api/v1/game/action 271ms
[10:09:34.492 +02:50:40.148] [WEB] POST /api/v1/game/action 255ms
[10:09:36.058 +02:50:41.713] [WEB] POST /api/v1/game/action 318ms
[10:09:37.409 +02:50:43.065] [WEB] POST /api/v1/game/action 176ms
[10:09:38.908 +02:50:44.564] [WEB] POST /api/v1/game/action 170ms
[10:09:40.398 +02:50:46.054] [WEB] POST /api/v1/game/action 163ms
[10:09:41.908 +02:50:47.564] [WEB] POST /api/v1/game/action 170ms
[10:09:43.390 +02:50:49.046] [WEB] POST /api/v1/game/action 161ms
[10:09:44.908 +02:50:50.564] [WEB] POST /api/v1/game/action 164ms
[10:09:46.402 +02:50:52.058] [WEB] POST /api/v1/game/action 158ms
[10:09:47.889 +02:50:53.545] [WEB] POST /api/v1/game/action 156ms
[10:09:49.424 +02:50:55.080] [WEB] POST /api/v1/game/action 181ms
[10:09:50.897 +02:50:56.553] [WEB] POST /api/v1/game/action 165ms
[10:09:52.418 +02:50:58.074] [WEB] POST /api/v1/game/action 179ms
[10:09:53.904 +02:50:59.559] [WEB] POST /api/v1/game/action 169ms
[10:09:55.410 +02:51:01.065] [WEB] POST /api/v1/game/action 180ms
[10:09:56.913 +02:51:02.569] [WEB] POST /api/v1/game/action 183ms
[10:09:58.411 +02:51:04.067] [WEB] POST /api/v1/game/action 180ms
[10:09:59.916 +02:51:05.571] [WEB] POST /api/v1/game/action 178ms
[10:10:01.417 +02:51:07.073] [WEB] POST /api/v1/game/action 178ms
[10:10:02.902 +02:51:08.558] [WEB] POST /api/v1/game/action 173ms
[10:10:04.430 +02:51:10.086] [WEB] POST /api/v1/game/action 180ms
[10:10:05.891 +02:51:11.547] [WEB] POST /api/v1/game/action 161ms
[10:10:07.404 +02:51:13.060] [WEB] POST /api/v1/game/action 156ms
[10:10:08.899 +02:51:14.555] [WEB] POST /api/v1/game/action 169ms
[10:10:10.390 +02:51:16.046] [WEB] POST /api/v1/game/action 156ms
[10:10:11.902 +02:51:17.558] [WEB] POST /api/v1/game/action 171ms
[10:10:13.394 +02:51:19.050] [WEB] POST /api/v1/game/action 161ms
[10:10:14.900 +02:51:20.556] [WEB] POST /api/v1/game/action 171ms
[10:10:16.412 +02:51:22.068] [WEB] POST /api/v1/game/action 165ms
[10:10:17.910 +02:51:23.566] [WEB] POST /api/v1/game/action 175ms
[10:10:19.437 +02:51:25.093] [WEB] POST /api/v1/game/action 183ms
[10:10:20.910 +02:51:26.565] [WEB] POST /api/v1/game/action 174ms
[10:10:22.409 +02:51:28.065] [WEB] POST /api/v1/game/action 158ms
[10:10:23.904 +02:51:29.560] [WEB] POST /api/v1/game/action 174ms
[10:10:25.413 +02:51:31.069] [WEB] POST /api/v1/game/action 159ms
[10:10:26.903 +02:51:32.559] [WEB] POST /api/v1/game/action 174ms
[10:10:28.415 +02:51:34.071] [WEB] POST /api/v1/game/action 161ms
[10:10:29.902 +02:51:35.558] [WEB] POST /api/v1/game/action 170ms
[10:10:31.413 +02:51:37.069] [WEB] POST /api/v1/game/action 180ms
[10:10:32.902 +02:51:38.558] [WEB] POST /api/v1/game/action 168ms
[10:10:34.405 +02:51:40.060] [WEB] POST /api/v1/game/action 163ms
[10:10:35.898 +02:51:41.554] [WEB] POST /api/v1/game/action 168ms
[10:10:37.402 +02:51:43.058] [WEB] POST /api/v1/game/action 155ms
[10:10:38.908 +02:51:44.564] [WEB] POST /api/v1/game/action 179ms
[10:10:40.402 +02:51:46.058] [WEB] POST /api/v1/game/action 158ms
[10:10:41.900 +02:51:47.556] [WEB] POST /api/v1/game/action 171ms
[10:10:43.412 +02:51:49.068] [WEB] POST /api/v1/game/action 181ms
[10:10:44.906 +02:51:50.561] [WEB] POST /api/v1/game/action 174ms
[10:10:46.401 +02:51:52.057] [WEB] POST /api/v1/game/action 154ms
[10:10:47.893 +02:51:53.549] [WEB] POST /api/v1/game/action 161ms
[10:10:49.393 +02:51:55.049] [WEB] POST /api/v1/game/action 159ms
[10:10:50.908 +02:51:56.564] [WEB] POST /api/v1/game/action 178ms
[10:10:52.400 +02:51:58.056] [WEB] POST /api/v1/game/action 157ms
[10:10:53.902 +02:51:59.557] [WEB] POST /api/v1/game/action 171ms
[10:10:55.428 +02:52:01.083] [WEB] POST /api/v1/game/action 179ms
[10:10:56.902 +02:52:02.558] [WEB] POST /api/v1/game/action 161ms
[10:10:58.400 +02:52:04.056] [WEB] POST /api/v1/game/action 158ms
[10:10:59.902 +02:52:05.557] [WEB] POST /api/v1/game/action 170ms
[10:11:01.433 +02:52:07.089] [WEB] POST /api/v1/game/action 176ms
[10:11:02.899 +02:52:08.555] [WEB] POST /api/v1/game/action 169ms
[10:11:04.399 +02:52:10.055] [WEB] POST /api/v1/game/action 159ms
[10:11:05.907 +02:52:11.563] [WEB] POST /api/v1/game/action 164ms
[10:11:07.397 +02:52:13.052] [WEB] POST /api/v1/game/action 158ms
[10:11:08.909 +02:52:14.565] [WEB] POST /api/v1/game/action 177ms
[10:11:10.400 +02:52:16.056] [WEB] POST /api/v1/game/action 158ms
[10:11:11.888 +02:52:17.543] [WEB] POST /api/v1/game/action 158ms
[10:11:13.439 +02:52:19.095] [WEB] POST /api/v1/game/action 184ms
[10:11:14.917 +02:52:20.572] [WEB] POST /api/v1/game/action 179ms
[10:11:16.417 +02:52:22.073] [WEB] POST /api/v1/game/action 160ms
[10:11:17.914 +02:52:23.570] [WEB] POST /api/v1/game/action 174ms
[10:11:19.397 +02:52:25.053] [WEB] POST /api/v1/game/action 158ms
[10:11:20.906 +02:52:26.562] [WEB] POST /api/v1/game/action 173ms
[10:11:22.396 +02:52:28.051] [WEB] POST /api/v1/game/action 157ms
[10:11:23.898 +02:52:29.554] [WEB] POST /api/v1/game/action 169ms
[10:11:25.414 +02:52:31.069] [WEB] POST /api/v1/game/action 158ms
[10:11:26.897 +02:52:32.553] [WEB] POST /api/v1/game/action 164ms
[10:11:28.407 +02:52:34.062] [WEB] POST /api/v1/game/action 156ms
[10:11:29.897 +02:52:35.552] [WEB] POST /api/v1/game/action 161ms
[10:11:31.398 +02:52:37.054] [WEB] POST /api/v1/game/action 160ms
[10:11:32.890 +02:52:38.545] [WEB] POST /api/v1/game/action 160ms
[10:11:34.407 +02:52:40.063] [WEB] POST /api/v1/game/action 161ms
[10:11:35.899 +02:52:41.555] [WEB] POST /api/v1/game/action 170ms
[10:11:37.437 +02:52:43.093] [WEB] POST /api/v1/game/action 182ms
[10:11:38.917 +02:52:44.573] [WEB] POST /api/v1/game/action 178ms
[10:11:40.412 +02:52:46.067] [WEB] POST /api/v1/game/action 161ms
[10:11:41.902 +02:52:47.557] [WEB] POST /api/v1/game/action 157ms
[10:11:43.389 +02:52:49.045] [WEB] POST /api/v1/game/action 157ms
[10:11:44.902 +02:52:50.558] [WEB] POST /api/v1/game/action 169ms
[10:11:46.414 +02:52:52.070] [WEB] POST /api/v1/game/action 178ms
[10:11:47.898 +02:52:53.553] [WEB] POST /api/v1/game/action 168ms
[10:11:49.416 +02:52:55.072] [WEB] POST /api/v1/game/action 176ms
[10:11:50.897 +02:52:56.553] [WEB] POST /api/v1/game/action 164ms
[10:11:52.433 +02:52:58.089] [WEB] POST /api/v1/game/action 179ms
[10:11:53.923 +02:52:59.579] [WEB] POST /api/v1/game/action 184ms
[10:11:55.421 +02:53:01.077] [WEB] POST /api/v1/game/action 178ms
[10:11:56.903 +02:53:02.559] [WEB] POST /api/v1/game/action 164ms
[10:11:58.404 +02:53:04.059] [WEB] POST /api/v1/game/action 159ms
[10:11:59.906 +02:53:05.562] [WEB] POST /api/v1/game/action 160ms
[10:12:01.397 +02:53:07.053] [WEB] POST /api/v1/game/action 161ms
[10:12:02.897 +02:53:08.553] [WEB] POST /api/v1/game/action 166ms
[10:12:04.490 +02:53:10.145] [WEB] POST /api/v1/game/action 234ms
[10:12:05.925 +02:53:11.581] [WEB] POST /api/v1/game/action 191ms
[10:12:07.589 +02:53:13.245] [WEB] POST /api/v1/game/action 329ms
[10:12:09.035 +02:53:14.691] [WEB] POST /api/v1/game/action 300ms
[10:12:10.540 +02:53:16.195] [WEB] POST /api/v1/game/action 219ms
[10:12:11.959 +02:53:17.614] [WEB] POST /api/v1/game/action 216ms
[10:12:13.388 +02:53:19.044] [WEB] POST /api/v1/game/action 157ms
[10:12:14.895 +02:53:20.551] [WEB] POST /api/v1/game/action 164ms
[10:12:16.405 +02:53:22.061] [WEB] POST /api/v1/game/action 169ms
[10:12:17.904 +02:53:23.559] [WEB] POST /api/v1/game/action 174ms
[10:12:19.518 +02:53:25.174] [WEB] POST /api/v1/game/action 249ms
[10:12:20.923 +02:53:26.579] [WEB] POST /api/v1/game/action 193ms
[10:12:22.411 +02:53:28.066] [WEB] POST /api/v1/game/action 161ms
[10:12:23.895 +02:53:29.551] [WEB] POST /api/v1/game/action 161ms
[10:12:25.417 +02:53:31.072] [WEB] POST /api/v1/game/action 176ms
[10:12:26.912 +02:53:32.568] [WEB] POST /api/v1/game/action 177ms
[10:12:28.428 +02:53:34.084] [WEB] POST /api/v1/game/action 178ms
[10:12:29.909 +02:53:35.564] [WEB] POST /api/v1/game/action 169ms
[10:12:31.436 +02:53:37.092] [WEB] POST /api/v1/game/action 194ms
[10:12:32.974 +02:53:38.630] [WEB] POST /api/v1/game/action 232ms
[10:12:34.433 +02:53:40.089] [WEB] POST /api/v1/game/action 195ms
[10:12:35.906 +02:53:41.561] [WEB] POST /api/v1/game/action 175ms
[10:12:37.446 +02:53:43.102] [WEB] POST /api/v1/game/action 190ms
[10:12:38.909 +02:53:44.565] [WEB] POST /api/v1/game/action 173ms
[10:12:40.422 +02:53:46.077] [WEB] POST /api/v1/game/action 169ms
[10:12:41.908 +02:53:47.563] [WEB] POST /api/v1/game/action 175ms
[10:12:43.679 +02:53:49.335] [WEB] POST /api/v1/game/action 413ms
[10:12:45.029 +02:53:50.685] [WEB] POST /api/v1/game/action 294ms
[10:12:46.642 +02:53:52.297] [WEB] POST /api/v1/game/action 328ms
[10:12:48.046 +02:53:53.702] [WEB] POST /api/v1/game/action 302ms
[10:12:49.663 +02:53:55.319] [WEB] POST /api/v1/game/action 366ms
[10:12:51.136 +02:53:56.792] [WEB] POST /api/v1/game/action 402ms
[10:12:52.687 +02:53:58.343] [WEB] POST /api/v1/game/action 373ms
[10:12:54.018 +02:53:59.673] [WEB] POST /api/v1/game/action 285ms
[10:12:55.505 +02:54:01.161] [WEB] POST /api/v1/game/action 225ms
[10:12:57.027 +02:54:02.683] [WEB] POST /api/v1/game/action 293ms
[10:12:58.523 +02:54:04.179] [WEB] POST /api/v1/game/action 282ms
[10:12:59.980 +02:54:05.636] [WEB] POST /api/v1/game/action 246ms
[10:13:01.471 +02:54:07.127] [WEB] POST /api/v1/game/action 197ms
[10:13:02.912 +02:54:08.568] [WEB] POST /api/v1/game/action 178ms
[10:13:04.540 +02:54:10.196] [WEB] POST /api/v1/game/action 266ms
[10:13:05.915 +02:54:11.571] [WEB] POST /api/v1/game/action 178ms
[10:13:07.422 +02:54:13.077] [WEB] POST /api/v1/game/action 165ms
[10:13:08.908 +02:54:14.564] [WEB] POST /api/v1/game/action 179ms
[10:13:10.398 +02:54:16.053] [WEB] POST /api/v1/game/action 161ms
[10:13:11.952 +02:54:17.607] [WEB] POST /api/v1/game/action 210ms
[10:13:13.436 +02:54:19.092] [WEB] POST /api/v1/game/action 190ms
[10:13:14.902 +02:54:20.558] [WEB] POST /api/v1/game/action 172ms
[10:13:16.414 +02:54:22.070] [WEB] POST /api/v1/game/action 162ms
[10:13:17.902 +02:54:23.557] [WEB] POST /api/v1/game/action 171ms
[10:13:19.416 +02:54:25.072] [WEB] POST /api/v1/game/action 166ms
[10:13:20.896 +02:54:26.552] [WEB] POST /api/v1/game/action 165ms
[10:13:22.407 +02:54:28.063] [WEB] POST /api/v1/game/action 161ms
[10:13:23.911 +02:54:29.567] [WEB] POST /api/v1/game/action 175ms
[10:13:25.408 +02:54:31.063] [WEB] POST /api/v1/game/action 160ms
[10:13:26.895 +02:54:32.550] [WEB] POST /api/v1/game/action 163ms
[10:13:28.415 +02:54:34.071] [WEB] POST /api/v1/game/action 162ms
[10:13:29.907 +02:54:35.563] [WEB] POST /api/v1/game/action 168ms
[10:13:31.402 +02:54:37.058] [WEB] POST /api/v1/game/action 160ms
[10:13:32.917 +02:54:38.572] [WEB] POST /api/v1/game/action 185ms
[10:13:34.399 +02:54:40.055] [WEB] POST /api/v1/game/action 160ms
[10:13:35.898 +02:54:41.554] [WEB] POST /api/v1/game/action 169ms
[10:13:37.427 +02:54:43.083] [WEB] POST /api/v1/game/action 183ms
[10:13:38.890 +02:54:44.546] [WEB] POST /api/v1/game/action 159ms
[10:13:40.391 +02:54:46.047] [WEB] POST /api/v1/game/action 159ms
[10:13:41.914 +02:54:47.570] [WEB] POST /api/v1/game/action 181ms
[10:13:43.412 +02:54:49.068] [WEB] POST /api/v1/game/action 166ms
[10:13:44.909 +02:54:50.564] [WEB] POST /api/v1/game/action 169ms
[10:13:46.422 +02:54:52.078] [WEB] POST /api/v1/game/action 183ms
[10:13:47.917 +02:54:53.573] [WEB] POST /api/v1/game/action 185ms
[10:13:49.412 +02:54:55.068] [WEB] POST /api/v1/game/action 164ms
[10:13:50.903 +02:54:56.559] [WEB] POST /api/v1/game/action 171ms
[10:13:52.436 +02:54:58.092] [WEB] POST /api/v1/game/action 182ms
[10:13:53.893 +02:54:59.549] [WEB] POST /api/v1/game/action 162ms
[10:13:55.437 +02:55:01.093] [WEB] POST /api/v1/game/action 189ms
[10:13:56.902 +02:55:02.557] [WEB] POST /api/v1/game/action 170ms
[10:13:58.404 +02:55:04.059] [WEB] POST /api/v1/game/action 157ms
[10:13:59.905 +02:55:05.560] [WEB] POST /api/v1/game/action 174ms
[10:14:01.416 +02:55:07.072] [WEB] POST /api/v1/game/action 184ms
[10:14:02.919 +02:55:08.574] [WEB] POST /api/v1/game/action 185ms
[10:14:04.419 +02:55:10.075] [WEB] POST /api/v1/game/action 161ms
[10:14:05.911 +02:55:11.566] [WEB] POST /api/v1/game/action 180ms
[10:14:07.446 +02:55:13.101] [WEB] POST /api/v1/game/action 190ms
[10:14:08.915 +02:55:14.570] [WEB] POST /api/v1/game/action 174ms
[10:14:10.434 +02:55:16.090] [WEB] POST /api/v1/game/action 180ms
[10:14:11.918 +02:55:17.574] [WEB] POST /api/v1/game/action 180ms
[10:14:13.404 +02:55:19.059] [WEB] POST /api/v1/game/action 157ms
[10:14:14.933 +02:55:20.588] [WEB] POST /api/v1/game/action 201ms
[10:14:16.392 +02:55:22.048] [WEB] POST /api/v1/game/action 160ms
[10:14:17.893 +02:55:23.549] [WEB] POST /api/v1/game/action 160ms
[10:14:19.409 +02:55:25.065] [WEB] POST /api/v1/game/action 161ms
[10:14:20.920 +02:55:26.575] [WEB] POST /api/v1/game/action 183ms
[10:14:22.463 +02:55:28.118] [WEB] POST /api/v1/game/action 187ms
[10:14:23.909 +02:55:29.564] [WEB] POST /api/v1/game/action 176ms
[10:14:25.407 +02:55:31.063] [WEB] POST /api/v1/game/action 164ms
[10:14:26.914 +02:55:32.570] [WEB] POST /api/v1/game/action 178ms
[10:14:28.397 +02:55:34.052] [WEB] POST /api/v1/game/action 162ms
[10:14:29.917 +02:55:35.572] [WEB] POST /api/v1/game/action 180ms
[10:14:31.391 +02:55:37.047] [WEB] POST /api/v1/game/action 160ms
[10:14:32.906 +02:55:38.562] [WEB] POST /api/v1/game/action 176ms
[10:14:34.407 +02:55:40.063] [WEB] POST /api/v1/game/action 162ms
[10:14:35.903 +02:55:41.558] [WEB] POST /api/v1/game/action 170ms
[10:14:37.409 +02:55:43.065] [WEB] POST /api/v1/game/action 160ms
[10:14:38.911 +02:55:44.567] [WEB] POST /api/v1/game/action 176ms
[10:14:40.397 +02:55:46.053] [WEB] POST /api/v1/game/action 158ms
[10:14:41.922 +02:55:47.578] [WEB] POST /api/v1/game/action 190ms
[10:14:43.415 +02:55:49.071] [WEB] POST /api/v1/game/action 162ms
[10:14:44.903 +02:55:50.559] [WEB] POST /api/v1/game/action 168ms
[10:14:46.418 +02:55:52.074] [WEB] POST /api/v1/game/action 166ms
[10:14:47.918 +02:55:53.573] [WEB] POST /api/v1/game/action 177ms
[10:14:49.406 +02:55:55.061] [WEB] POST /api/v1/game/action 160ms
[10:14:50.909 +02:55:56.565] [WEB] POST /api/v1/game/action 179ms
[10:14:52.546 +02:55:58.202] [WEB] POST /api/v1/game/action 299ms
[10:14:53.912 +02:55:59.568] [WEB] POST /api/v1/game/action 182ms
[10:14:55.411 +02:56:01.066] [WEB] POST /api/v1/game/action 156ms
[10:14:56.904 +02:56:02.559] [WEB] POST /api/v1/game/action 168ms
[10:14:58.438 +02:56:04.093] [WEB] POST /api/v1/game/action 164ms
[10:14:59.910 +02:56:05.566] [WEB] POST /api/v1/game/action 171ms
[10:15:01.417 +02:56:07.072] [WEB] POST /api/v1/game/action 165ms
[10:15:02.901 +02:56:08.557] [WEB] POST /api/v1/game/action 172ms
[10:15:04.417 +02:56:10.073] [WEB] POST /api/v1/game/action 161ms
[10:15:05.916 +02:56:11.572] [WEB] POST /api/v1/game/action 183ms
[10:15:07.423 +02:56:13.079] [WEB] POST /api/v1/game/action 174ms
[10:15:08.901 +02:56:14.556] [WEB] POST /api/v1/game/action 161ms
[10:15:10.430 +02:56:16.085] [WEB] POST /api/v1/game/action 182ms
[10:15:11.911 +02:56:17.567] [WEB] POST /api/v1/game/action 181ms
[10:15:13.439 +02:56:19.095] [WEB] POST /api/v1/game/action 162ms
[10:15:14.894 +02:56:20.550] [WEB] POST /api/v1/game/action 162ms
[10:15:16.427 +02:56:22.083] [WEB] POST /api/v1/game/action 184ms
[10:15:17.895 +02:56:23.551] [WEB] POST /api/v1/game/action 164ms
[10:15:19.411 +02:56:25.067] [WEB] POST /api/v1/game/action 180ms
[10:15:20.913 +02:56:26.569] [WEB] POST /api/v1/game/action 172ms
[10:15:22.407 +02:56:28.062] [WEB] POST /api/v1/game/action 161ms
[10:15:23.912 +02:56:29.567] [WEB] POST /api/v1/game/action 182ms
[10:15:25.406 +02:56:31.061] [WEB] POST /api/v1/game/action 163ms
[10:15:26.919 +02:56:32.575] [WEB] POST /api/v1/game/action 181ms
[10:15:28.433 +02:56:34.089] [WEB] POST /api/v1/game/action 183ms
[10:15:29.908 +02:56:35.564] [WEB] POST /api/v1/game/action 178ms
[10:15:31.415 +02:56:37.070] [WEB] POST /api/v1/game/action 161ms
[10:15:32.912 +02:56:38.567] [WEB] POST /api/v1/game/action 179ms
[10:15:34.393 +02:56:40.049] [WEB] POST /api/v1/game/action 160ms
[10:15:35.903 +02:56:41.559] [WEB] POST /api/v1/game/action 166ms
[10:15:37.420 +02:56:43.076] [WEB] POST /api/v1/game/action 164ms
[10:15:38.905 +02:56:44.560] [WEB] POST /api/v1/game/action 174ms
[10:15:40.398 +02:56:46.054] [WEB] POST /api/v1/game/action 161ms
[10:15:41.921 +02:56:47.576] [WEB] POST /api/v1/game/action 182ms
[10:15:43.418 +02:56:49.074] [WEB] POST /api/v1/game/action 162ms
[10:15:44.904 +02:56:50.560] [WEB] POST /api/v1/game/action 173ms
[10:15:46.413 +02:56:52.069] [WEB] POST /api/v1/game/action 165ms
[10:15:47.892 +02:56:53.547] [WEB] POST /api/v1/game/action 162ms
[10:15:49.434 +02:56:55.090] [WEB] POST /api/v1/game/action 178ms
[10:15:50.893 +02:56:56.549] [WEB] POST /api/v1/game/action 161ms
[10:15:52.404 +02:56:58.060] [WEB] POST /api/v1/game/action 166ms
[10:15:53.913 +02:56:59.568] [WEB] POST /api/v1/game/action 181ms
[10:15:55.410 +02:57:01.066] [WEB] POST /api/v1/game/action 161ms
[10:15:56.899 +02:57:02.554] [WEB] POST /api/v1/game/action 167ms
[10:15:58.418 +02:57:04.073] [WEB] POST /api/v1/game/action 161ms
[10:15:59.903 +02:57:05.559] [WEB] POST /api/v1/game/action 167ms
[10:16:01.411 +02:57:07.067] [WEB] POST /api/v1/game/action 163ms
[10:16:02.912 +02:57:08.568] [WEB] POST /api/v1/game/action 177ms
[10:16:04.422 +02:57:10.078] [WEB] POST /api/v1/game/action 179ms
[10:16:05.920 +02:57:11.576] [WEB] POST /api/v1/game/action 178ms
[10:16:07.414 +02:57:13.069] [WEB] POST /api/v1/game/action 158ms
[10:16:08.904 +02:57:14.559] [WEB] POST /api/v1/game/action 171ms
[10:16:10.433 +02:57:16.089] [WEB] POST /api/v1/game/action 162ms
[10:16:11.903 +02:57:17.559] [WEB] POST /api/v1/game/action 169ms
[10:16:13.434 +02:57:19.090] [WEB] POST /api/v1/game/action 163ms
[10:16:14.901 +02:57:20.557] [WEB] POST /api/v1/game/action 170ms
[10:16:16.417 +02:57:22.072] [WEB] POST /api/v1/game/action 183ms
[10:16:17.895 +02:57:23.551] [WEB] POST /api/v1/game/action 164ms
[10:16:19.419 +02:57:25.075] [WEB] POST /api/v1/game/action 188ms
[10:16:20.913 +02:57:26.569] [WEB] POST /api/v1/game/action 175ms
[10:16:22.413 +02:57:28.069] [WEB] POST /api/v1/game/action 162ms
[10:16:23.914 +02:57:29.569] [WEB] POST /api/v1/game/action 180ms
[10:16:25.396 +02:57:31.052] [WEB] POST /api/v1/game/action 162ms
[10:16:26.900 +02:57:32.556] [WEB] POST /api/v1/game/action 169ms
[10:16:28.406 +02:57:34.061] [WEB] POST /api/v1/game/action 162ms
[10:16:29.913 +02:57:35.569] [WEB] POST /api/v1/game/action 180ms
[10:16:31.405 +02:57:37.060] [WEB] POST /api/v1/game/action 159ms
[10:16:32.914 +02:57:38.569] [WEB] POST /api/v1/game/action 177ms
[10:16:34.395 +02:57:40.050] [WEB] POST /api/v1/game/action 161ms
[10:16:35.906 +02:57:41.562] [WEB] POST /api/v1/game/action 167ms
[10:16:37.427 +02:57:43.083] [WEB] POST /api/v1/game/action 161ms
[10:16:38.900 +02:57:44.556] [WEB] POST /api/v1/game/action 168ms
[10:16:40.423 +02:57:46.079] [WEB] POST /api/v1/game/action 163ms
[10:16:41.907 +02:57:47.562] [WEB] POST /api/v1/game/action 176ms
[10:16:43.412 +02:57:49.068] [WEB] POST /api/v1/game/action 158ms
[10:16:44.907 +02:57:50.562] [WEB] POST /api/v1/game/action 177ms
[10:16:46.408 +02:57:52.064] [WEB] POST /api/v1/game/action 156ms
[10:16:47.906 +02:57:53.561] [WEB] POST /api/v1/game/action 173ms
[10:16:49.407 +02:57:55.063] [WEB] POST /api/v1/game/action 161ms
[10:16:50.902 +02:57:56.557] [WEB] POST /api/v1/game/action 172ms
[10:16:52.391 +02:57:58.047] [WEB] POST /api/v1/game/action 160ms
[10:16:53.915 +02:57:59.571] [WEB] POST /api/v1/game/action 177ms
[10:16:55.413 +02:58:01.069] [WEB] POST /api/v1/game/action 162ms
[10:16:56.923 +02:58:02.579] [WEB] POST /api/v1/game/action 181ms
[10:16:58.414 +02:58:04.070] [WEB] POST /api/v1/game/action 159ms
[10:16:59.920 +02:58:05.576] [WEB] POST /api/v1/game/action 176ms
[10:17:01.421 +02:58:07.077] [WEB] POST /api/v1/game/action 179ms
[10:17:02.892 +02:58:08.548] [WEB] POST /api/v1/game/action 161ms
[10:17:04.431 +02:58:10.087] [WEB] POST /api/v1/game/action 179ms
[10:17:05.910 +02:58:11.566] [WEB] POST /api/v1/game/action 179ms
[10:17:07.434 +02:58:13.090] [WEB] POST /api/v1/game/action 182ms
[10:17:08.910 +02:58:14.566] [WEB] POST /api/v1/game/action 178ms
[10:17:10.428 +02:58:16.084] [WEB] POST /api/v1/game/action 185ms
[10:17:11.895 +02:58:17.550] [WEB] POST /api/v1/game/action 162ms
[10:17:13.411 +02:58:19.066] [WEB] POST /api/v1/game/action 161ms
[10:17:14.902 +02:58:20.557] [WEB] POST /api/v1/game/action 171ms
[10:17:16.395 +02:58:22.051] [WEB] POST /api/v1/game/action 160ms
[10:17:17.917 +02:58:23.573] [WEB] POST /api/v1/game/action 186ms
[10:17:19.405 +02:58:25.061] [WEB] POST /api/v1/game/action 161ms
[10:17:20.904 +02:58:26.559] [WEB] POST /api/v1/game/action 174ms
[10:17:22.417 +02:58:28.073] [WEB] POST /api/v1/game/action 165ms
[10:17:23.897 +02:58:29.553] [WEB] POST /api/v1/game/action 164ms
[10:17:25.401 +02:58:31.057] [WEB] POST /api/v1/game/action 159ms
[10:17:26.899 +02:58:32.555] [WEB] POST /api/v1/game/action 165ms
[10:17:28.412 +02:58:34.068] [WEB] POST /api/v1/game/action 161ms
[10:17:29.918 +02:58:35.574] [WEB] POST /api/v1/game/action 182ms
[10:17:31.412 +02:58:37.068] [WEB] POST /api/v1/game/action 164ms
[10:17:32.908 +02:58:38.564] [WEB] POST /api/v1/game/action 168ms
[10:17:34.409 +02:58:40.064] [WEB] POST /api/v1/game/action 163ms
[10:17:35.909 +02:58:41.565] [WEB] POST /api/v1/game/action 179ms
[10:17:37.434 +02:58:43.090] [WEB] POST /api/v1/game/action 187ms
[10:17:38.898 +02:58:44.554] [WEB] POST /api/v1/game/action 162ms
[10:17:40.398 +02:58:46.054] [WEB] POST /api/v1/game/action 158ms
[10:17:41.902 +02:58:47.558] [WEB] POST /api/v1/game/action 172ms
[10:17:43.420 +02:58:49.076] [WEB] POST /api/v1/game/action 158ms
[10:17:44.906 +02:58:50.562] [WEB] POST /api/v1/game/action 174ms
[10:17:46.406 +02:58:52.062] [WEB] POST /api/v1/game/action 158ms
[10:17:47.912 +02:58:53.568] [WEB] POST /api/v1/game/action 177ms
[10:17:49.414 +02:58:55.070] [WEB] POST /api/v1/game/action 161ms
[10:17:50.911 +02:58:56.567] [WEB] POST /api/v1/game/action 175ms
[10:17:52.416 +02:58:58.072] [WEB] POST /api/v1/game/action 165ms
[10:17:53.906 +02:58:59.561] [WEB] POST /api/v1/game/action 162ms
[10:17:55.418 +02:59:01.074] [WEB] POST /api/v1/game/action 165ms
[10:17:56.905 +02:59:02.561] [WEB] POST /api/v1/game/action 173ms
[10:17:58.416 +02:59:04.072] [WEB] POST /api/v1/game/action 160ms
[10:17:59.913 +02:59:05.569] [WEB] POST /api/v1/game/action 176ms
[10:18:01.413 +02:59:07.068] [WEB] POST /api/v1/game/action 182ms
[10:18:02.901 +02:59:08.557] [WEB] POST /api/v1/game/action 169ms
[10:18:04.425 +02:59:10.081] [WEB] POST /api/v1/game/action 179ms
[10:18:05.910 +02:59:11.566] [WEB] POST /api/v1/game/action 175ms
[10:18:07.428 +02:59:13.084] [WEB] POST /api/v1/game/action 185ms
[10:18:08.903 +02:59:14.559] [WEB] POST /api/v1/game/action 171ms
[10:18:10.393 +02:59:16.049] [WEB] POST /api/v1/game/action 161ms
[10:18:11.904 +02:59:17.559] [WEB] POST /api/v1/game/action 173ms
[10:18:13.419 +02:59:19.075] [WEB] POST /api/v1/game/action 168ms
[10:18:14.898 +02:59:20.554] [WEB] POST /api/v1/game/action 165ms
[10:18:16.447 +02:59:22.102] [WEB] POST /api/v1/game/action 178ms
[10:18:17.903 +02:59:23.558] [WEB] POST /api/v1/game/action 170ms
[10:18:19.392 +02:59:25.048] [WEB] POST /api/v1/game/action 158ms
[10:18:20.906 +02:59:26.561] [WEB] POST /api/v1/game/action 174ms
[10:18:22.422 +02:59:28.078] [WEB] POST /api/v1/game/action 163ms
[10:18:23.899 +02:59:29.554] [WEB] POST /api/v1/game/action 165ms
[10:18:25.429 +02:59:31.084] [WEB] POST /api/v1/game/action 184ms
[10:18:26.921 +02:59:32.577] [WEB] POST /api/v1/game/action 189ms
[10:18:28.414 +02:59:34.070] [WEB] POST /api/v1/game/action 164ms
[10:18:29.924 +02:59:35.579] [WEB] POST /api/v1/game/action 187ms
[10:18:31.400 +02:59:37.056] [WEB] POST /api/v1/game/action 163ms
[10:18:32.918 +02:59:38.574] [WEB] POST /api/v1/game/action 184ms
[10:18:34.423 +02:59:40.078] [WEB] POST /api/v1/game/action 166ms
[10:18:35.894 +02:59:41.550] [WEB] POST /api/v1/game/action 163ms
[10:18:37.399 +02:59:43.055] [WEB] POST /api/v1/game/action 163ms
[10:18:38.904 +02:59:44.560] [WEB] POST /api/v1/game/action 171ms
[10:18:40.410 +02:59:46.065] [WEB] POST /api/v1/game/action 158ms
[10:18:41.908 +02:59:47.564] [WEB] POST /api/v1/game/action 176ms
[10:18:43.403 +02:59:49.059] [WEB] POST /api/v1/game/action 159ms
[10:18:44.908 +02:59:50.564] [WEB] POST /api/v1/game/action 172ms
[10:18:46.395 +02:59:52.050] [WEB] POST /api/v1/game/action 161ms
[10:18:47.907 +02:59:53.562] [WEB] POST /api/v1/game/action 174ms
[10:18:49.401 +02:59:55.057] [WEB] POST /api/v1/game/action 166ms
[10:18:50.901 +02:59:56.556] [WEB] POST /api/v1/game/action 168ms
[10:18:52.435 +02:59:58.090] [WEB] POST /api/v1/game/action 184ms
[10:18:53.918 +02:59:59.573] [WEB] POST /api/v1/game/action 172ms
[10:18:55.466 +02:00:01.121] [WEB] POST /api/v1/game/action 189ms
[10:18:56.940 +02:00:02.596] [WEB] POST /api/v1/game/action 194ms
[10:18:58.426 +02:00:04.081] [WEB] POST /api/v1/game/action 180ms
[10:18:59.905 +02:00:05.560] [WEB] POST /api/v1/game/action 172ms
[10:19:01.414 +02:00:07.070] [WEB] POST /api/v1/game/action 159ms
[10:19:02.910 +02:00:08.566] [WEB] POST /api/v1/game/action 175ms
[10:19:04.455 +02:00:10.111] [WEB] POST /api/v1/game/action 181ms
[10:19:05.909 +02:00:11.564] [WEB] POST /api/v1/game/action 178ms
[10:19:07.409 +02:00:13.065] [WEB] POST /api/v1/game/action 165ms
[10:19:08.911 +02:00:14.567] [WEB] POST /api/v1/game/action 180ms
[10:19:10.401 +02:00:16.056] [WEB] POST /api/v1/game/action 160ms
[10:19:11.913 +02:00:17.568] [WEB] POST /api/v1/game/action 182ms
[10:19:13.430 +02:00:19.085] [WEB] POST /api/v1/game/action 182ms
[10:19:14.897 +02:00:20.553] [WEB] POST /api/v1/game/action 163ms
[10:19:16.441 +02:00:22.096] [WEB] POST /api/v1/game/action 183ms
[10:19:17.898 +02:00:23.553] [WEB] POST /api/v1/game/action 163ms
[10:19:19.407 +02:00:25.063] [WEB] POST /api/v1/game/action 162ms
[10:19:20.917 +02:00:26.573] [WEB] POST /api/v1/game/action 182ms
[10:19:22.431 +02:00:28.087] [WEB] POST /api/v1/game/action 186ms
[10:19:23.914 +02:00:29.569] [WEB] POST /api/v1/game/action 182ms
[10:19:25.414 +02:00:31.070] [WEB] POST /api/v1/game/action 165ms
[10:19:26.901 +02:00:32.557] [WEB] POST /api/v1/game/action 165ms
[10:19:28.414 +02:00:34.070] [WEB] POST /api/v1/game/action 162ms
[10:19:29.907 +02:00:35.562] [WEB] POST /api/v1/game/action 174ms
[10:19:31.406 +02:00:37.061] [WEB] POST /api/v1/game/action 162ms
[10:19:32.904 +02:00:38.559] [WEB] POST /api/v1/game/action 171ms
[10:19:34.438 +02:00:40.094] [WEB] POST /api/v1/game/action 160ms
[10:19:35.909 +02:00:41.565] [WEB] POST /api/v1/game/action 176ms
[10:19:37.438 +02:00:43.094] [WEB] POST /api/v1/game/action 179ms
[10:19:38.910 +02:00:44.566] [WEB] POST /api/v1/game/action 176ms
[10:19:40.391 +02:00:46.046] [WEB] POST /api/v1/game/action 158ms
[10:19:41.903 +02:00:47.559] [WEB] POST /api/v1/game/action 166ms
[10:19:43.400 +02:00:49.055] [WEB] POST /api/v1/game/action 165ms
[10:19:44.911 +02:00:50.567] [WEB] POST /api/v1/game/action 173ms
[10:19:46.435 +02:00:52.091] [WEB] POST /api/v1/game/action 185ms
[10:19:47.922 +02:00:53.578] [WEB] POST /api/v1/game/action 181ms
[10:19:49.426 +02:00:55.081] [WEB] POST /api/v1/game/action 184ms
[10:19:50.909 +02:00:56.565] [WEB] POST /api/v1/game/action 177ms
[10:19:52.388 +02:00:58.043] [WEB] POST /api/v1/game/action 157ms
[10:19:53.905 +02:00:59.561] [WEB] POST /api/v1/game/action 174ms
[10:19:55.436 +02:01:01.091] [WEB] POST /api/v1/game/action 180ms
[10:19:56.914 +02:01:02.570] [WEB] POST /api/v1/game/action 180ms
[10:19:58.395 +02:01:04.051] [WEB] POST /api/v1/game/action 159ms
[10:19:59.903 +02:01:05.559] [WEB] POST /api/v1/game/action 170ms
[10:20:01.424 +02:01:07.080] [WEB] POST /api/v1/game/action 166ms
[10:20:02.913 +02:01:08.569] [WEB] POST /api/v1/game/action 176ms
[10:20:04.407 +02:01:10.062] [WEB] POST /api/v1/game/action 163ms
[10:20:05.916 +02:01:11.572] [WEB] POST /api/v1/game/action 176ms
[10:20:07.443 +02:01:13.099] [WEB] POST /api/v1/game/action 194ms
[10:20:08.918 +02:01:14.573] [WEB] POST /api/v1/game/action 182ms
[10:20:10.433 +02:01:16.089] [WEB] POST /api/v1/game/action 177ms
[10:20:11.917 +02:01:17.573] [WEB] POST /api/v1/game/action 177ms
[10:20:13.403 +02:01:19.058] [WEB] POST /api/v1/game/action 159ms
[10:20:14.908 +02:01:20.563] [WEB] POST /api/v1/game/action 175ms
[10:20:16.395 +02:01:22.051] [WEB] POST /api/v1/game/action 160ms
[10:20:17.894 +02:01:23.550] [WEB] POST /api/v1/game/action 162ms
[10:20:19.443 +02:01:25.099] [WEB] POST /api/v1/game/action 184ms
[10:20:20.914 +02:01:26.570] [WEB] POST /api/v1/game/action 176ms
[10:20:22.413 +02:01:28.069] [WEB] POST /api/v1/game/action 160ms
[10:20:23.911 +02:01:29.567] [WEB] POST /api/v1/game/action 170ms
[10:20:25.408 +02:01:31.063] [WEB] POST /api/v1/game/action 165ms
[10:20:26.909 +02:01:32.565] [WEB] POST /api/v1/game/action 174ms
[10:20:28.419 +02:01:34.075] [WEB] POST /api/v1/game/action 183ms
[10:20:29.896 +02:01:35.552] [WEB] POST /api/v1/game/action 165ms
[10:20:31.433 +02:01:37.089] [WEB] POST /api/v1/game/action 180ms
[10:20:32.911 +02:01:38.567] [WEB] POST /api/v1/game/action 179ms
[10:20:34.412 +02:01:40.068] [WEB] POST /api/v1/game/action 157ms
[10:20:35.914 +02:01:41.570] [WEB] POST /api/v1/game/action 182ms
[10:20:37.411 +02:01:43.067] [WEB] POST /api/v1/game/action 161ms
[10:20:38.900 +02:01:44.555] [WEB] POST /api/v1/game/action 164ms
[10:20:40.398 +02:01:46.053] [WEB] POST /api/v1/game/action 164ms
[10:20:41.910 +02:01:47.565] [WEB] POST /api/v1/game/action 168ms
[10:20:43.422 +02:01:49.077] [WEB] POST /api/v1/game/action 178ms
[10:20:44.906 +02:01:50.562] [WEB] POST /api/v1/game/action 165ms
[10:20:46.403 +02:01:52.058] [WEB] POST /api/v1/game/action 159ms
[10:20:47.920 +02:01:53.576] [WEB] POST /api/v1/game/action 178ms
[10:20:49.428 +02:01:55.083] [WEB] POST /api/v1/game/action 159ms
[10:20:50.905 +02:01:56.561] [WEB] POST /api/v1/game/action 174ms
[10:20:52.427 +02:01:58.082] [WEB] POST /api/v1/game/action 177ms
[10:20:53.902 +02:01:59.558] [WEB] POST /api/v1/game/action 169ms
[10:20:55.409 +02:02:01.065] [WEB] POST /api/v1/game/action 162ms
[10:20:56.915 +02:02:02.570] [WEB] POST /api/v1/game/action 182ms
[10:20:58.405 +02:02:04.061] [WEB] POST /api/v1/game/action 159ms
[10:20:59.898 +02:02:05.553] [WEB] POST /api/v1/game/action 166ms
[10:21:01.445 +02:02:07.101] [WEB] POST /api/v1/game/action 212ms
[10:21:02.914 +02:02:08.569] [WEB] POST /api/v1/game/action 182ms
[10:21:04.413 +02:02:10.069] [WEB] POST /api/v1/game/action 163ms
[10:21:05.897 +02:02:11.553] [WEB] POST /api/v1/game/action 164ms
[10:21:07.462 +02:02:13.117] [WEB] POST /api/v1/game/action 207ms
[10:21:08.923 +02:02:14.579] [WEB] POST /api/v1/game/action 191ms
[10:21:10.408 +02:02:16.064] [WEB] POST /api/v1/game/action 172ms
[10:21:11.925 +02:02:17.580] [WEB] POST /api/v1/game/action 191ms
[10:21:13.434 +02:02:19.090] [WEB] POST /api/v1/game/action 196ms
[10:21:14.907 +02:02:20.562] [WEB] POST /api/v1/game/action 171ms
[10:21:16.422 +02:02:22.078] [WEB] POST /api/v1/game/action 176ms
[10:21:17.920 +02:02:23.576] [WEB] POST /api/v1/game/action 186ms
[10:21:19.396 +02:02:25.052] [WEB] POST /api/v1/game/action 159ms
[10:21:20.909 +02:02:26.565] [WEB] POST /api/v1/game/action 178ms
[10:21:22.433 +02:02:28.089] [WEB] POST /api/v1/game/action 161ms
[10:21:23.945 +02:02:29.601] [WEB] POST /api/v1/game/action 212ms
[10:21:25.442 +02:02:31.098] [WEB] POST /api/v1/game/action 186ms
[10:21:26.935 +02:02:32.590] [WEB] POST /api/v1/game/action 192ms
[10:21:28.408 +02:02:34.064] [WEB] POST /api/v1/game/action 159ms
[10:21:29.895 +02:02:35.551] [WEB] POST /api/v1/game/action 162ms
[10:21:31.410 +02:02:37.066] [WEB] POST /api/v1/game/action 162ms
[10:21:32.913 +02:02:38.569] [WEB] POST /api/v1/game/action 180ms
[10:21:34.419 +02:02:40.075] [WEB] POST /api/v1/game/action 181ms
[10:21:35.912 +02:02:41.568] [WEB] POST /api/v1/game/action 176ms
[10:21:37.429 +02:02:43.084] [WEB] POST /api/v1/game/action 184ms
[10:21:38.899 +02:02:44.555] [WEB] POST /api/v1/game/action 167ms
[10:21:40.419 +02:02:46.075] [WEB] POST /api/v1/game/action 162ms
[10:21:41.909 +02:02:47.564] [WEB] POST /api/v1/game/action 169ms
[10:21:43.472 +02:02:49.128] [WEB] POST /api/v1/game/action 217ms
[10:21:44.904 +02:02:50.559] [WEB] POST /api/v1/game/action 172ms
[10:21:46.566 +02:02:52.222] [WEB] POST /api/v1/game/action 283ms
[10:21:47.950 +02:02:53.605] [WEB] POST /api/v1/game/action 217ms
[10:21:49.441 +02:02:55.096] [WEB] POST /api/v1/game/action 207ms
[10:21:51.074 +02:02:56.730] [WEB] POST /api/v1/game/action 338ms
[10:21:52.427 +02:02:58.083] [WEB] POST /api/v1/game/action 186ms
[10:21:54.047 +02:02:59.702] [WEB] POST /api/v1/game/action 314ms
[10:21:55.481 +02:03:01.136] [WEB] POST /api/v1/game/action 205ms
[10:21:56.926 +02:03:02.582] [WEB] POST /api/v1/game/action 188ms
[10:21:58.486 +02:03:04.142] [WEB] POST /api/v1/game/action 232ms
[10:21:59.927 +02:03:05.583] [WEB] POST /api/v1/game/action 195ms
[10:22:01.449 +02:03:07.104] [WEB] POST /api/v1/game/action 199ms
[10:22:03.029 +02:03:08.684] [WEB] POST /api/v1/game/action 292ms
[10:22:04.590 +02:03:10.245] [WEB] POST /api/v1/game/action 338ms
[10:22:05.908 +02:03:11.564] [WEB] POST /api/v1/game/action 176ms
[10:22:07.422 +02:03:13.077] [WEB] POST /api/v1/game/action 161ms
[10:22:08.997 +02:03:14.653] [WEB] POST /api/v1/game/action 263ms
[10:22:10.531 +02:03:16.187] [WEB] POST /api/v1/game/action 276ms
[10:22:11.919 +02:03:17.575] [WEB] POST /api/v1/game/action 184ms
[10:22:13.400 +02:03:19.056] [WEB] POST /api/v1/game/action 167ms
[10:22:14.996 +02:03:20.652] [WEB] POST /api/v1/game/action 250ms
[10:22:16.435 +02:03:22.091] [WEB] POST /api/v1/game/action 185ms
[10:22:17.911 +02:03:23.567] [WEB] POST /api/v1/game/action 168ms
[10:22:19.449 +02:03:25.105] [WEB] POST /api/v1/game/action 216ms
[10:22:20.918 +02:03:26.574] [WEB] POST /api/v1/game/action 185ms
[10:22:22.448 +02:03:28.104] [WEB] POST /api/v1/game/action 188ms
[10:22:23.905 +02:03:29.560] [WEB] POST /api/v1/game/action 171ms
[10:22:25.415 +02:03:31.070] [WEB] POST /api/v1/game/action 163ms
[10:22:27.072 +02:03:32.728] [WEB] POST /api/v1/game/action 338ms
[10:22:28.464 +02:03:34.120] [WEB] POST /api/v1/game/action 184ms
[10:22:29.915 +02:03:35.570] [WEB] POST /api/v1/game/action 178ms
[10:22:31.476 +02:03:37.131] [WEB] POST /api/v1/game/action 207ms
[10:22:32.928 +02:03:38.584] [WEB] POST /api/v1/game/action 188ms
[10:22:34.446 +02:03:40.101] [WEB] POST /api/v1/game/action 189ms
[10:22:35.921 +02:03:41.577] [WEB] POST /api/v1/game/action 187ms
[10:22:37.426 +02:03:43.081] [WEB] POST /api/v1/game/action 189ms
[10:22:38.998 +02:03:44.654] [WEB] POST /api/v1/game/action 259ms
[10:22:40.411 +02:03:46.067] [WEB] POST /api/v1/game/action 166ms
[10:22:41.919 +02:03:47.575] [WEB] POST /api/v1/game/action 174ms
[10:22:43.476 +02:03:49.131] [WEB] POST /api/v1/game/action 222ms
[10:22:44.916 +02:03:50.572] [WEB] POST /api/v1/game/action 183ms
[10:22:46.401 +02:03:52.057] [WEB] POST /api/v1/game/action 163ms
[10:22:47.909 +02:03:53.565] [WEB] POST /api/v1/game/action 174ms
[10:22:49.443 +02:03:55.098] [WEB] POST /api/v1/game/action 190ms
[10:22:50.982 +02:03:56.637] [WEB] POST /api/v1/game/action 250ms
[10:22:52.446 +02:03:58.101] [WEB] POST /api/v1/game/action 194ms
[10:22:53.925 +02:03:59.580] [WEB] POST /api/v1/game/action 192ms
[10:22:55.518 +02:04:01.174] [WEB] POST /api/v1/game/action 251ms
[10:22:56.912 +02:04:02.568] [WEB] POST /api/v1/game/action 180ms
[10:22:58.446 +02:04:04.101] [WEB] POST /api/v1/game/action 191ms
[10:22:59.916 +02:04:05.571] [WEB] POST /api/v1/game/action 183ms
[10:23:01.429 +02:04:07.085] [WEB] POST /api/v1/game/action 183ms
[10:23:03.013 +02:04:08.669] [WEB] POST /api/v1/game/action 281ms
[10:23:04.426 +02:04:10.081] [WEB] POST /api/v1/game/action 165ms
[10:23:05.903 +02:04:11.559] [WEB] POST /api/v1/game/action 169ms
[10:23:07.510 +02:04:13.166] [WEB] POST /api/v1/game/action 277ms
[10:23:08.911 +02:04:14.567] [WEB] POST /api/v1/game/action 175ms
[10:23:10.433 +02:04:16.088] [WEB] POST /api/v1/game/action 173ms
[10:23:11.958 +02:04:17.614] [WEB] POST /api/v1/game/action 225ms
[10:23:13.428 +02:04:19.084] [WEB] POST /api/v1/game/action 184ms
[10:23:15.006 +02:04:20.662] [WEB] POST /api/v1/game/action 255ms
[10:23:16.482 +02:04:22.138] [WEB] POST /api/v1/game/action 212ms
[10:23:17.906 +02:04:23.562] [WEB] POST /api/v1/game/action 164ms
[10:23:19.496 +02:04:25.152] [WEB] POST /api/v1/game/action 247ms
[10:23:20.902 +02:04:26.557] [WEB] POST /api/v1/game/action 168ms
[10:23:22.441 +02:04:28.097] [WEB] POST /api/v1/game/action 192ms
[10:23:23.900 +02:04:29.556] [WEB] POST /api/v1/game/action 166ms
[10:23:25.435 +02:04:31.090] [WEB] POST /api/v1/game/action 182ms
[10:23:26.897 +02:04:32.553] [WEB] POST /api/v1/game/action 165ms
[10:23:28.424 +02:04:34.080] [WEB] POST /api/v1/game/action 187ms
[10:23:29.933 +02:04:35.589] [WEB] POST /api/v1/game/action 190ms
[10:23:31.483 +02:04:37.139] [WEB] POST /api/v1/game/action 203ms
[10:23:32.928 +02:04:38.584] [WEB] POST /api/v1/game/action 186ms
[10:23:34.526 +02:04:40.182] [WEB] POST /api/v1/game/action 261ms
[10:23:35.912 +02:04:41.567] [WEB] POST /api/v1/game/action 172ms
[10:23:37.450 +02:04:43.105] [WEB] POST /api/v1/game/action 183ms
[10:23:39.033 +02:04:44.688] [WEB] POST /api/v1/game/action 284ms
[10:23:40.430 +02:04:46.085] [WEB] POST /api/v1/game/action 183ms
[10:23:41.912 +02:04:47.568] [WEB] POST /api/v1/game/action 179ms
[10:23:43.437 +02:04:49.092] [WEB] POST /api/v1/game/action 192ms
[10:23:44.905 +02:04:50.560] [WEB] POST /api/v1/game/action 173ms
[10:23:46.512 +02:04:52.168] [WEB] POST /api/v1/game/action 228ms
[10:23:47.921 +02:04:53.576] [WEB] POST /api/v1/game/action 182ms
[10:23:49.468 +02:04:55.124] [WEB] POST /api/v1/game/action 217ms
[10:23:51.162 +02:04:56.818] [WEB] POST /api/v1/game/action 421ms
[10:23:52.417 +02:04:58.073] [WEB] POST /api/v1/game/action 184ms
[10:23:53.994 +02:04:59.650] [WEB] POST /api/v1/game/action 248ms
[10:23:55.662 +02:05:01.318] [WEB] POST /api/v1/game/action 355ms
[10:23:56.908 +02:05:02.564] [WEB] POST /api/v1/game/action 165ms
[10:23:58.420 +02:05:04.076] [WEB] POST /api/v1/game/action 162ms
[10:23:59.898 +02:05:05.553] [WEB] POST /api/v1/game/action 165ms
[10:24:01.424 +02:05:07.080] [WEB] POST /api/v1/game/action 182ms
[10:24:02.962 +02:05:08.618] [WEB] POST /api/v1/game/action 228ms
[10:24:04.427 +02:05:10.083] [WEB] POST /api/v1/game/action 181ms
[10:24:05.911 +02:05:11.567] [WEB] POST /api/v1/game/action 173ms
[10:24:07.599 +02:05:13.255] [WEB] POST /api/v1/game/action 280ms
[10:24:08.916 +02:05:14.572] [WEB] POST /api/v1/game/action 184ms
[10:24:10.427 +02:05:16.082] [WEB] POST /api/v1/game/action 191ms
[10:24:11.916 +02:05:17.572] [WEB] POST /api/v1/game/action 173ms
[10:24:13.443 +02:05:19.099] [WEB] POST /api/v1/game/action 186ms
[10:24:14.999 +02:05:20.654] [WEB] POST /api/v1/game/action 255ms
[10:24:16.413 +02:05:22.069] [WEB] POST /api/v1/game/action 163ms
[10:24:17.923 +02:05:23.579] [WEB] POST /api/v1/game/action 181ms
[10:24:19.611 +02:05:25.267] [WEB] POST /api/v1/game/action 333ms
[10:24:20.912 +02:05:26.568] [WEB] POST /api/v1/game/action 178ms
[10:24:22.443 +02:05:28.099] [WEB] POST /api/v1/game/action 182ms
[10:24:23.908 +02:05:29.564] [WEB] POST /api/v1/game/action 175ms
[10:24:25.413 +02:05:31.069] [WEB] POST /api/v1/game/action 168ms
[10:24:26.932 +02:05:32.588] [WEB] POST /api/v1/game/action 190ms
[10:24:28.425 +02:05:34.081] [WEB] POST /api/v1/game/action 189ms
[10:24:29.915 +02:05:35.571] [WEB] POST /api/v1/game/action 173ms
[10:24:31.630 +02:05:37.285] [WEB] POST /api/v1/game/action 361ms
[10:24:32.928 +02:05:38.583] [WEB] POST /api/v1/game/action 186ms
[10:24:34.432 +02:05:40.088] [WEB] POST /api/v1/game/action 181ms
[10:24:35.922 +02:05:41.578] [WEB] POST /api/v1/game/action 186ms
[10:24:37.392 +02:05:43.047] [WEB] POST /api/v1/game/action 158ms
[10:24:38.909 +02:05:44.564] [WEB] POST /api/v1/game/action 176ms
[10:24:40.439 +02:05:46.095] [WEB] POST /api/v1/game/action 164ms
[10:24:41.910 +02:05:47.566] [WEB] POST /api/v1/game/action 174ms
[10:24:43.650 +02:05:49.306] [WEB] POST /api/v1/game/action 332ms
[10:24:44.926 +02:05:50.582] [WEB] POST /api/v1/game/action 193ms
[10:24:46.418 +02:05:52.074] [WEB] POST /api/v1/game/action 160ms
[10:24:47.968 +02:05:53.624] [WEB] POST /api/v1/game/action 223ms
[10:24:49.417 +02:05:55.072] [WEB] POST /api/v1/game/action 168ms
[10:24:50.922 +02:05:56.578] [WEB] POST /api/v1/game/action 180ms
[10:24:52.423 +02:05:58.079] [WEB] POST /api/v1/game/action 187ms
[10:24:53.923 +02:05:59.579] [WEB] POST /api/v1/game/action 181ms
[10:24:55.633 +02:06:01.289] [WEB] POST /api/v1/game/action 327ms
[10:24:56.915 +02:06:02.571] [WEB] POST /api/v1/game/action 183ms
[10:24:58.398 +02:06:04.054] [WEB] POST /api/v1/game/action 161ms
[10:24:59.977 +02:06:05.633] [WEB] POST /api/v1/game/action 233ms
[10:25:01.454 +02:06:07.109] [WEB] POST /api/v1/game/action 187ms
[10:25:02.908 +02:06:08.564] [WEB] POST /api/v1/game/action 168ms
[10:25:04.394 +02:06:10.050] [WEB] POST /api/v1/game/action 163ms
[10:25:05.916 +02:06:11.572] [WEB] POST /api/v1/game/action 173ms
[10:25:07.732 +02:06:13.388] [WEB] POST /api/v1/game/action 346ms
[10:25:08.913 +02:06:14.568] [WEB] POST /api/v1/game/action 168ms
[10:25:10.411 +02:06:16.066] [WEB] POST /api/v1/game/action 178ms
[10:25:11.926 +02:06:17.582] [WEB] POST /api/v1/game/action 187ms
[10:25:13.598 +02:06:19.254] [WEB] POST /api/v1/game/action 331ms
[10:25:15.085 +02:06:20.741] [WEB] POST /api/v1/game/action 353ms
[10:25:16.778 +02:06:22.434] [WEB] POST /api/v1/game/action 497ms
[10:25:18.064 +02:06:23.720] [WEB] POST /api/v1/game/action 329ms
[10:25:19.636 +02:06:25.291] [WEB] POST /api/v1/game/action 370ms
[10:25:21.213 +02:06:26.868] [WEB] POST /api/v1/game/action 467ms
[10:25:22.615 +02:06:28.271] [WEB] POST /api/v1/game/action 324ms
[10:25:23.995 +02:06:29.650] [WEB] POST /api/v1/game/action 248ms
[10:25:25.514 +02:06:31.170] [WEB] POST /api/v1/game/action 231ms
[10:25:26.983 +02:06:32.639] [WEB] POST /api/v1/game/action 235ms
[10:25:28.555 +02:06:34.211] [WEB] POST /api/v1/game/action 290ms
[10:25:29.930 +02:06:35.586] [WEB] POST /api/v1/game/action 199ms
[10:25:31.498 +02:06:37.154] [WEB] POST /api/v1/game/action 251ms
[10:25:33.030 +02:06:38.685] [WEB] POST /api/v1/game/action 285ms
[10:25:34.436 +02:06:40.091] [WEB] POST /api/v1/game/action 192ms
[10:25:35.926 +02:06:41.582] [WEB] POST /api/v1/game/action 192ms
[10:25:37.579 +02:06:43.234] [WEB] POST /api/v1/game/action 304ms
[10:25:38.907 +02:06:44.563] [WEB] POST /api/v1/game/action 169ms
[10:25:40.410 +02:06:46.065] [WEB] POST /api/v1/game/action 164ms
[10:25:41.910 +02:06:47.565] [WEB] POST /api/v1/game/action 177ms
[10:25:43.439 +02:06:49.094] [WEB] POST /api/v1/game/action 186ms
[10:25:44.908 +02:06:50.564] [WEB] POST /api/v1/game/action 175ms
[10:25:46.459 +02:06:52.115] [WEB] POST /api/v1/game/action 186ms
[10:25:47.924 +02:06:53.580] [WEB] POST /api/v1/game/action 184ms
[10:25:49.396 +02:06:55.052] [WEB] POST /api/v1/game/action 161ms
[10:25:50.973 +02:06:56.629] [WEB] POST /api/v1/game/action 227ms
[10:25:52.457 +02:06:58.112] [WEB] POST /api/v1/game/action 196ms
[10:25:53.913 +02:06:59.569] [WEB] POST /api/v1/game/action 181ms
[10:25:55.420 +02:07:01.076] [WEB] POST /api/v1/game/action 161ms
[10:25:56.900 +02:07:02.556] [WEB] POST /api/v1/game/action 163ms
[10:25:58.436 +02:07:04.092] [WEB] POST /api/v1/game/action 186ms
[10:25:59.906 +02:07:05.562] [WEB] POST /api/v1/game/action 174ms
[10:26:01.403 +02:07:07.058] [WEB] POST /api/v1/game/action 160ms
[10:26:02.899 +02:07:08.554] [WEB] POST /api/v1/game/action 165ms
[10:26:04.444 +02:07:10.099] [WEB] POST /api/v1/game/action 187ms
[10:26:05.917 +02:07:11.572] [WEB] POST /api/v1/game/action 182ms
[10:26:07.439 +02:07:13.095] [WEB] POST /api/v1/game/action 186ms
[10:26:08.901 +02:07:14.556] [WEB] POST /api/v1/game/action 168ms
[10:26:10.430 +02:07:16.086] [WEB] POST /api/v1/game/action 181ms
[10:26:11.906 +02:07:17.562] [WEB] POST /api/v1/game/action 174ms
[10:26:13.417 +02:07:19.073] [WEB] POST /api/v1/game/action 163ms
[10:26:14.907 +02:07:20.563] [WEB] POST /api/v1/game/action 175ms
[10:26:16.403 +02:07:22.059] [WEB] POST /api/v1/game/action 157ms
[10:26:17.923 +02:07:23.578] [WEB] POST /api/v1/game/action 185ms
[10:26:19.395 +02:07:25.051] [WEB] POST /api/v1/game/action 163ms
[10:26:20.922 +02:07:26.577] [WEB] POST /api/v1/game/action 181ms
[10:26:22.421 +02:07:28.076] [WEB] POST /api/v1/game/action 164ms
[10:26:23.908 +02:07:29.564] [WEB] POST /api/v1/game/action 175ms
[10:26:25.443 +02:07:31.099] [WEB] POST /api/v1/game/action 181ms
[10:26:26.910 +02:07:32.566] [WEB] POST /api/v1/game/action 165ms
[10:26:28.456 +02:07:34.112] [WEB] POST /api/v1/game/action 184ms
[10:26:29.913 +02:07:35.569] [WEB] POST /api/v1/game/action 176ms
[10:26:31.421 +02:07:37.077] [WEB] POST /api/v1/game/action 160ms
[10:26:32.908 +02:07:38.564] [WEB] POST /api/v1/game/action 177ms
[10:26:34.411 +02:07:40.066] [WEB] POST /api/v1/game/action 160ms
[10:26:35.911 +02:07:41.566] [WEB] POST /api/v1/game/action 179ms
[10:26:37.425 +02:07:43.081] [WEB] POST /api/v1/game/action 163ms
[10:26:38.904 +02:07:44.559] [WEB] POST /api/v1/game/action 171ms
[10:26:40.445 +02:07:46.100] [WEB] POST /api/v1/game/action 185ms
[10:26:41.898 +02:07:47.554] [WEB] POST /api/v1/game/action 165ms
[10:26:43.415 +02:07:49.070] [WEB] POST /api/v1/game/action 163ms
[10:26:44.906 +02:07:50.561] [WEB] POST /api/v1/game/action 170ms
[10:26:46.444 +02:07:52.100] [WEB] POST /api/v1/game/action 184ms
[10:26:47.909 +02:07:53.565] [WEB] POST /api/v1/game/action 177ms
[10:26:49.412 +02:07:55.068] [WEB] POST /api/v1/game/action 161ms
[10:26:50.899 +02:07:56.555] [WEB] POST /api/v1/game/action 164ms
[10:26:52.396 +02:07:58.051] [WEB] POST /api/v1/game/action 158ms
[10:26:53.899 +02:07:59.555] [WEB] POST /api/v1/game/action 165ms
[10:26:55.414 +02:08:01.070] [WEB] POST /api/v1/game/action 165ms
[10:26:56.905 +02:08:02.560] [WEB] POST /api/v1/game/action 173ms
[10:26:58.453 +02:08:04.109] [WEB] POST /api/v1/game/action 212ms
[10:26:59.901 +02:08:05.556] [WEB] POST /api/v1/game/action 167ms
[10:27:01.403 +02:08:07.058] [WEB] POST /api/v1/game/action 163ms
[10:27:02.901 +02:08:08.556] [WEB] POST /api/v1/game/action 169ms
[10:27:04.399 +02:08:10.055] [WEB] POST /api/v1/game/action 163ms
[10:27:05.910 +02:08:11.566] [WEB] POST /api/v1/game/action 170ms
[10:27:07.415 +02:08:13.070] [WEB] POST /api/v1/game/action 161ms
[10:27:08.912 +02:08:14.568] [WEB] POST /api/v1/game/action 179ms
[10:27:10.406 +02:08:16.061] [WEB] POST /api/v1/game/action 161ms
[10:27:11.910 +02:08:17.566] [WEB] POST /api/v1/game/action 175ms
[10:27:13.414 +02:08:19.070] [WEB] POST /api/v1/game/action 160ms
[10:27:14.913 +02:08:20.569] [WEB] POST /api/v1/game/action 176ms
[10:27:16.413 +02:08:22.069] [WEB] POST /api/v1/game/action 162ms
[10:27:17.903 +02:08:23.558] [WEB] POST /api/v1/game/action 162ms
[10:27:19.433 +02:08:25.089] [WEB] POST /api/v1/game/action 186ms
[10:27:20.907 +02:08:26.563] [WEB] POST /api/v1/game/action 175ms
[10:27:22.439 +02:08:28.094] [WEB] POST /api/v1/game/action 183ms
[10:27:23.899 +02:08:29.555] [WEB] POST /api/v1/game/action 166ms
[10:27:25.414 +02:08:31.069] [WEB] POST /api/v1/game/action 161ms
[10:27:26.913 +02:08:32.569] [WEB] POST /api/v1/game/action 181ms
[10:27:28.437 +02:08:34.093] [WEB] POST /api/v1/game/action 157ms
[10:27:29.954 +02:08:35.610] [WEB] POST /api/v1/game/action 220ms
[10:27:31.514 +02:08:37.170] [WEB] POST /api/v1/game/action 184ms
[10:27:32.979 +02:08:38.634] [WEB] POST /api/v1/game/action 245ms
[10:27:34.504 +02:08:40.160] [WEB] POST /api/v1/game/action 228ms
[10:27:35.934 +02:08:41.590] [WEB] POST /api/v1/game/action 188ms
[10:27:37.449 +02:08:43.105] [WEB] POST /api/v1/game/action 201ms
[10:27:38.930 +02:08:44.586] [WEB] POST /api/v1/game/action 198ms
[10:27:40.461 +02:08:46.117] [WEB] POST /api/v1/game/action 197ms
[10:27:41.917 +02:08:47.573] [WEB] POST /api/v1/game/action 178ms
[10:27:43.457 +02:08:49.113] [WEB] POST /api/v1/game/action 190ms
[10:27:44.920 +02:08:50.576] [WEB] POST /api/v1/game/action 188ms
[10:27:46.460 +02:08:52.116] [WEB] POST /api/v1/game/action 188ms
[10:27:47.929 +02:08:53.585] [WEB] POST /api/v1/game/action 196ms
[10:27:49.487 +02:08:55.142] [WEB] POST /api/v1/game/action 239ms
[10:27:50.911 +02:08:56.567] [WEB] POST /api/v1/game/action 180ms
[10:27:52.428 +02:08:58.084] [WEB] POST /api/v1/game/action 192ms
[10:27:54.008 +02:08:59.664] [WEB] POST /api/v1/game/action 273ms
[10:27:55.403 +02:09:01.058] [WEB] POST /api/v1/game/action 167ms
[10:27:56.902 +02:09:02.558] [WEB] POST /api/v1/game/action 170ms
[10:27:58.398 +02:09:04.054] [WEB] POST /api/v1/game/action 164ms
[10:27:59.921 +02:09:05.576] [WEB] POST /api/v1/game/action 187ms
[10:28:01.628 +02:09:07.284] [WEB] POST /api/v1/game/action 343ms
[10:28:02.896 +02:09:08.551] [WEB] POST /api/v1/game/action 164ms
[10:28:04.424 +02:09:10.079] [WEB] POST /api/v1/game/action 187ms
[10:28:05.936 +02:09:11.592] [WEB] POST /api/v1/game/action 203ms
[10:28:07.409 +02:09:13.064] [WEB] POST /api/v1/game/action 160ms
[10:28:08.917 +02:09:14.573] [WEB] POST /api/v1/game/action 184ms
[10:28:10.426 +02:09:16.081] [WEB] POST /api/v1/game/action 161ms
[10:28:11.917 +02:09:17.573] [WEB] POST /api/v1/game/action 185ms
[10:28:13.448 +02:09:19.104] [WEB] POST /api/v1/game/action 198ms
[10:28:14.914 +02:09:20.569] [WEB] POST /api/v1/game/action 182ms
[10:28:16.435 +02:09:22.091] [WEB] POST /api/v1/game/action 183ms
[10:28:18.014 +02:09:23.670] [WEB] POST /api/v1/game/action 273ms
[10:28:19.432 +02:09:25.087] [WEB] POST /api/v1/game/action 168ms
[10:28:20.937 +02:09:26.593] [WEB] POST /api/v1/game/action 189ms
[10:28:22.468 +02:09:28.124] [WEB] POST /api/v1/game/action 181ms
[10:28:23.904 +02:09:29.559] [WEB] POST /api/v1/game/action 171ms
[10:28:25.469 +02:09:31.124] [WEB] POST /api/v1/game/action 205ms
[10:28:26.906 +02:09:32.562] [WEB] POST /api/v1/game/action 172ms
[10:28:28.410 +02:09:34.066] [WEB] POST /api/v1/game/action 164ms
[10:28:29.945 +02:09:35.601] [WEB] POST /api/v1/game/action 205ms
[10:28:31.447 +02:09:37.102] [WEB] POST /api/v1/game/action 196ms
[10:28:32.926 +02:09:38.581] [WEB] POST /api/v1/game/action 191ms
[10:28:34.413 +02:09:40.069] [WEB] POST /api/v1/game/action 167ms
[10:28:35.917 +02:09:41.573] [WEB] POST /api/v1/game/action 183ms
[10:28:37.467 +02:09:43.123] [WEB] POST /api/v1/game/action 200ms
[10:28:38.923 +02:09:44.579] [WEB] POST /api/v1/game/action 181ms
[10:28:40.408 +02:09:46.064] [WEB] POST /api/v1/game/action 161ms
[10:28:41.986 +02:09:47.641] [WEB] POST /api/v1/game/action 234ms
[10:28:43.416 +02:09:49.072] [WEB] POST /api/v1/game/action 153ms
[10:28:44.927 +02:09:50.582] [WEB] POST /api/v1/game/action 192ms
[10:28:46.445 +02:09:52.101] [WEB] POST /api/v1/game/action 167ms
[10:28:47.918 +02:09:53.573] [WEB] POST /api/v1/game/action 185ms
[10:28:49.465 +02:09:55.121] [WEB] POST /api/v1/game/action 220ms
[10:28:50.917 +02:09:56.573] [WEB] POST /api/v1/game/action 183ms
[10:28:52.443 +02:09:58.098] [WEB] POST /api/v1/game/action 190ms
[10:28:53.996 +02:09:59.652] [WEB] POST /api/v1/game/action 255ms
[10:28:55.457 +02:10:01.112] [WEB] POST /api/v1/game/action 191ms
[10:28:56.916 +02:10:02.571] [WEB] POST /api/v1/game/action 182ms
[10:28:58.465 +02:10:04.120] [WEB] POST /api/v1/game/action 197ms
[10:28:59.917 +02:10:05.573] [WEB] POST /api/v1/game/action 184ms
[10:29:01.428 +02:10:07.084] [WEB] POST /api/v1/game/action 184ms
[10:29:02.908 +02:10:08.564] [WEB] POST /api/v1/game/action 175ms
[10:29:04.417 +02:10:10.073] [WEB] POST /api/v1/game/action 185ms
[10:29:05.996 +02:10:11.652] [WEB] POST /api/v1/game/action 260ms
[10:29:07.428 +02:10:13.084] [WEB] POST /api/v1/game/action 180ms
[10:29:08.912 +02:10:14.568] [WEB] POST /api/v1/game/action 178ms
[10:29:10.418 +02:10:16.074] [WEB] POST /api/v1/game/action 176ms
[10:29:11.913 +02:10:17.569] [WEB] POST /api/v1/game/action 180ms
[10:29:13.421 +02:10:19.076] [WEB] POST /api/v1/game/action 166ms
[10:29:14.919 +02:10:20.574] [WEB] POST /api/v1/game/action 184ms
[10:29:16.426 +02:10:22.081] [WEB] POST /api/v1/game/action 180ms
[10:29:17.977 +02:10:23.632] [WEB] POST /api/v1/game/action 244ms
[10:29:19.441 +02:10:25.096] [WEB] POST /api/v1/game/action 188ms
[10:29:20.900 +02:10:26.556] [WEB] POST /api/v1/game/action 168ms
[10:29:22.475 +02:10:28.130] [WEB] POST /api/v1/game/action 227ms
[10:29:23.907 +02:10:29.562] [WEB] POST /api/v1/game/action 171ms
[10:29:25.411 +02:10:31.066] [WEB] POST /api/v1/game/action 177ms
[10:29:26.917 +02:10:32.573] [WEB] POST /api/v1/game/action 178ms
[10:29:28.413 +02:10:34.068] [WEB] POST /api/v1/game/action 167ms
[10:29:29.969 +02:10:35.624] [WEB] POST /api/v1/game/action 221ms
[10:29:31.415 +02:10:37.071] [WEB] POST /api/v1/game/action 164ms
[10:29:32.913 +02:10:38.569] [WEB] POST /api/v1/game/action 169ms
[10:29:34.463 +02:10:40.118] [WEB] POST /api/v1/game/action 197ms
[10:29:35.898 +02:10:41.554] [WEB] POST /api/v1/game/action 165ms
[10:29:37.438 +02:10:43.094] [WEB] POST /api/v1/game/action 180ms
[10:29:38.922 +02:10:44.578] [WEB] POST /api/v1/game/action 179ms
[10:29:40.411 +02:10:46.067] [WEB] POST /api/v1/game/action 160ms
[10:29:42.003 +02:10:47.659] [WEB] POST /api/v1/game/action 264ms
[10:29:43.450 +02:10:49.105] [WEB] POST /api/v1/game/action 179ms
[10:29:44.915 +02:10:50.570] [WEB] POST /api/v1/game/action 182ms
[10:29:46.499 +02:10:52.155] [WEB] POST /api/v1/game/action 231ms
[10:29:47.913 +02:10:53.569] [WEB] POST /api/v1/game/action 172ms
[10:29:49.428 +02:10:55.084] [WEB] POST /api/v1/game/action 168ms
[10:29:50.917 +02:10:56.573] [WEB] POST /api/v1/game/action 184ms
[10:29:52.398 +02:10:58.054] [WEB] POST /api/v1/game/action 164ms
[10:29:53.964 +02:10:59.620] [WEB] POST /api/v1/game/action 218ms
[10:29:55.409 +02:11:01.065] [WEB] POST /api/v1/game/action 157ms
[10:29:56.913 +02:11:02.569] [WEB] POST /api/v1/game/action 179ms
[10:29:58.462 +02:11:04.117] [WEB] POST /api/v1/game/action 216ms
[10:29:59.924 +02:11:05.579] [WEB] POST /api/v1/game/action 190ms
[10:30:01.430 +02:11:07.086] [WEB] POST /api/v1/game/action 184ms
[10:30:02.913 +02:11:08.569] [WEB] POST /api/v1/game/action 178ms
[10:30:04.422 +02:11:10.077] [WEB] POST /api/v1/game/action 187ms
[10:30:06.048 +02:11:11.704] [WEB] POST /api/v1/game/action 313ms
[10:30:07.412 +02:11:13.067] [WEB] POST /api/v1/game/action 165ms
[10:30:08.902 +02:11:14.558] [WEB] POST /api/v1/game/action 170ms
[10:30:10.597 +02:11:16.252] [WEB] POST /api/v1/game/action 313ms
[10:30:11.925 +02:11:17.580] [WEB] POST /api/v1/game/action 178ms
[10:30:13.408 +02:11:19.063] [WEB] POST /api/v1/game/action 161ms
[10:30:14.910 +02:11:20.566] [WEB] POST /api/v1/game/action 162ms
[10:30:16.437 +02:11:22.093] [WEB] POST /api/v1/game/action 176ms
[10:30:17.978 +02:11:23.634] [WEB] POST /api/v1/game/action 245ms
[10:30:19.426 +02:11:25.081] [WEB] POST /api/v1/game/action 183ms
[10:30:20.901 +02:11:26.557] [WEB] POST /api/v1/game/action 165ms
[10:30:22.617 +02:11:28.272] [WEB] POST /api/v1/game/action 333ms
[10:30:23.925 +02:11:29.580] [WEB] POST /api/v1/game/action 191ms
[10:30:25.415 +02:11:31.070] [WEB] POST /api/v1/game/action 168ms
[10:30:26.965 +02:11:32.620] [WEB] POST /api/v1/game/action 232ms
[10:30:28.429 +02:11:34.084] [WEB] POST /api/v1/game/action 193ms
[10:30:29.928 +02:11:35.584] [WEB] POST /api/v1/game/action 184ms
[10:30:31.431 +02:11:37.086] [WEB] POST /api/v1/game/action 185ms
[10:30:32.915 +02:11:38.571] [WEB] POST /api/v1/game/action 182ms
[10:30:34.528 +02:11:40.183] [WEB] POST /api/v1/game/action 278ms
[10:30:35.903 +02:11:41.559] [WEB] POST /api/v1/game/action 171ms
[10:30:37.444 +02:11:43.100] [WEB] POST /api/v1/game/action 182ms
[10:30:38.947 +02:11:44.603] [WEB] POST /api/v1/game/action 212ms
[10:30:40.445 +02:11:46.101] [WEB] POST /api/v1/game/action 201ms
[10:30:41.912 +02:11:47.568] [WEB] POST /api/v1/game/action 174ms
[10:30:43.565 +02:11:49.220] [WEB] POST /api/v1/game/action 293ms
[10:30:44.926 +02:11:50.582] [WEB] POST /api/v1/game/action 193ms
[10:30:46.429 +02:11:52.084] [WEB] POST /api/v1/game/action 163ms
[10:30:47.973 +02:11:53.629] [WEB] POST /api/v1/game/action 228ms
[10:30:49.417 +02:11:55.073] [WEB] POST /api/v1/game/action 184ms
[10:30:50.932 +02:11:56.588] [WEB] POST /api/v1/game/action 196ms
[10:30:52.422 +02:11:58.078] [WEB] POST /api/v1/game/action 187ms
[10:30:53.920 +02:11:59.576] [WEB] POST /api/v1/game/action 186ms
[10:30:55.577 +02:12:01.233] [WEB] POST /api/v1/game/action 311ms
[10:30:56.923 +02:12:02.579] [WEB] POST /api/v1/game/action 189ms
[10:30:58.438 +02:12:04.093] [WEB] POST /api/v1/game/action 191ms
[10:30:59.941 +02:12:05.597] [WEB] POST /api/v1/game/action 202ms
[10:31:01.445 +02:12:07.101] [WEB] POST /api/v1/game/action 184ms
[10:31:02.932 +02:12:08.587] [WEB] POST /api/v1/game/action 188ms
[10:31:04.426 +02:12:10.082] [WEB] POST /api/v1/game/action 169ms
[10:31:05.916 +02:12:11.572] [WEB] POST /api/v1/game/action 183ms
[10:31:07.599 +02:12:13.254] [WEB] POST /api/v1/game/action 341ms
[10:31:08.918 +02:12:14.574] [WEB] POST /api/v1/game/action 185ms
[10:31:10.445 +02:12:16.101] [WEB] POST /api/v1/game/action 180ms
[10:31:11.963 +02:12:17.619] [WEB] POST /api/v1/game/action 223ms
[10:31:13.395 +02:12:19.051] [WEB] POST /api/v1/game/action 163ms
[10:31:14.896 +02:12:20.552] [WEB] POST /api/v1/game/action 163ms
[10:31:16.427 +02:12:22.083] [WEB] POST /api/v1/game/action 164ms
[10:31:17.914 +02:12:23.570] [WEB] POST /api/v1/game/action 181ms
[10:31:19.691 +02:12:25.347] [WEB] POST /api/v1/game/action 408ms
[10:31:20.909 +02:12:26.565] [WEB] POST /api/v1/game/action 175ms
[10:31:22.414 +02:12:28.070] [WEB] POST /api/v1/game/action 165ms
[10:31:23.951 +02:12:29.606] [WEB] POST /api/v1/game/action 216ms
[10:31:25.414 +02:12:31.069] [WEB] POST /api/v1/game/action 165ms
[10:31:26.926 +02:12:32.582] [WEB] POST /api/v1/game/action 182ms
[10:31:28.457 +02:12:34.113] [WEB] POST /api/v1/game/action 187ms
[10:31:29.908 +02:12:35.564] [WEB] POST /api/v1/game/action 173ms
[10:31:31.617 +02:12:37.273] [WEB] POST /api/v1/game/action 356ms
[10:31:32.905 +02:12:38.561] [WEB] POST /api/v1/game/action 171ms
[10:31:34.436 +02:12:40.091] [WEB] POST /api/v1/game/action 181ms
[10:31:36.010 +02:12:41.666] [WEB] POST /api/v1/game/action 267ms
[10:31:38.084 +02:12:43.739] [WEB] POST /api/v1/game/action 631ms
[10:31:39.161 +02:12:44.816] [WEB] POST /api/v1/game/action 422ms
[10:31:40.765 +02:12:46.421] [WEB] POST /api/v1/game/action 401ms
[10:31:42.244 +02:12:47.900] [WEB] POST /api/v1/game/action 499ms
[10:31:43.628 +02:12:49.283] [WEB] POST /api/v1/game/action 349ms
[10:31:45.066 +02:12:50.722] [WEB] POST /api/v1/game/action 316ms
[10:31:46.569 +02:12:52.225] [WEB] POST /api/v1/game/action 269ms
[10:31:47.982 +02:12:53.638] [WEB] POST /api/v1/game/action 234ms
[10:31:49.515 +02:12:55.171] [WEB] POST /api/v1/game/action 257ms
[10:31:51.028 +02:12:56.684] [WEB] POST /api/v1/game/action 286ms
[10:31:52.477 +02:12:58.133] [WEB] POST /api/v1/game/action 225ms
[10:31:54.360 +02:13:00.016] [WEB] POST /api/v1/game/action 626ms
[10:31:55.751 +02:13:01.407] [WEB] POST /api/v1/game/action 423ms
[10:31:57.217 +02:13:02.872] [WEB] POST /api/v1/game/action 474ms
[10:31:58.861 +02:13:04.517] [WEB] POST /api/v1/game/action 564ms
[10:32:00.100 +02:13:05.756] [WEB] POST /api/v1/game/action 366ms
[10:32:01.571 +02:13:07.226] [WEB] POST /api/v1/game/action 313ms
[10:32:03.064 +02:13:08.719] [WEB] POST /api/v1/game/action 329ms
[10:32:04.563 +02:13:10.219] [WEB] POST /api/v1/game/action 272ms
[10:32:06.171 +02:13:11.827] [WEB] POST /api/v1/game/action 434ms
[10:32:07.615 +02:13:13.271] [WEB] POST /api/v1/game/action 295ms
[10:32:09.067 +02:13:14.723] [WEB] POST /api/v1/game/action 324ms
[10:32:10.568 +02:13:16.224] [WEB] POST /api/v1/game/action 307ms
[10:32:12.042 +02:13:17.697] [WEB] POST /api/v1/game/action 298ms
[10:32:13.526 +02:13:19.181] [WEB] POST /api/v1/game/action 249ms
[10:32:14.949 +02:13:20.605] [WEB] POST /api/v1/game/action 216ms
[10:32:16.551 +02:13:22.206] [WEB] POST /api/v1/game/action 283ms
[10:32:18.077 +02:13:23.732] [WEB] POST /api/v1/game/action 332ms
[10:32:19.550 +02:13:25.205] [WEB] POST /api/v1/game/action 269ms
[10:32:21.018 +02:13:26.673] [WEB] POST /api/v1/game/action 273ms
[10:32:22.517 +02:13:28.172] [WEB] POST /api/v1/game/action 213ms
[10:32:24.129 +02:13:29.784] [WEB] POST /api/v1/game/action 395ms
[10:32:25.651 +02:13:31.306] [WEB] POST /api/v1/game/action 350ms
[10:32:27.194 +02:13:32.850] [WEB] POST /api/v1/game/action 459ms
[10:32:28.617 +02:13:34.273] [WEB] POST /api/v1/game/action 343ms
[10:32:29.934 +02:13:35.590] [WEB] POST /api/v1/game/action 201ms
[10:32:31.500 +02:13:37.156] [WEB] POST /api/v1/game/action 189ms
[10:32:32.349 +02:13:38.004] [WEB] GET /api/v1/frame.png 251ms
[10:32:32.909 +02:13:38.565] [WEB] POST /api/v1/game/action 177ms
[10:32:34.891 +02:13:40.547] [WEB] POST /api/v1/game/action 625ms
[10:32:36.048 +02:13:41.703] [WEB] POST /api/v1/game/action 310ms
[10:32:37.558 +02:13:43.214] [WEB] POST /api/v1/game/action 254ms
[10:32:38.955 +02:13:44.610] [WEB] POST /api/v1/game/action 221ms
[10:32:40.408 +02:13:46.063] [WEB] POST /api/v1/game/action 172ms
[10:32:42.158 +02:13:47.814] [WEB] POST /api/v1/game/action 422ms
[10:32:42.184 +02:13:47.839] [WEB] POST /api/v1/script 21ms
[10:32:42.211 +02:13:47.867] [WEB] POST /api/v1/script 23ms
[10:32:42.271 +02:13:47.927] [WEB] POST /api/v1/script 56ms
[10:32:42.327 +02:13:47.983] [WEB] POST /api/v1/script 52ms
[10:32:42.390 +02:13:48.046] [WEB] POST /api/v1/script 58ms
[10:32:42.468 +02:13:48.123] [WEB] POST /api/v1/script 73ms
[10:32:42.567 +02:13:48.223] [WEB] POST /api/v1/script 94ms
[10:32:42.867 +02:13:48.523] [WEB] POST /api/v1/script 280ms
[10:32:42.995 +02:13:48.651] [WEB] POST /api/v1/script 87ms
[10:32:43.032 +02:13:48.687] [WEB] POST /api/v1/script 33ms
[10:32:43.065 +02:13:48.720] [WEB] POST /api/v1/script 29ms
[10:32:43.100 +02:13:48.755] [WEB] POST /api/v1/script 30ms
[10:32:43.137 +02:13:48.793] [WEB] POST /api/v1/script 29ms
[10:32:43.175 +02:13:48.831] [WEB] POST /api/v1/script 18ms
[10:32:43.219 +02:13:48.874] [WEB] POST /api/v1/script 28ms
[10:32:43.304 +02:13:48.960] [WEB] POST /api/v1/script 82ms
[10:32:43.567 +02:13:49.222] [WEB] POST /api/v1/game/action 259ms
[10:32:43.632 +02:13:49.288] [WEB] POST /api/v1/script 57ms
[10:32:43.666 +02:13:49.321] [WEB] POST /api/v1/script 27ms
[10:32:43.755 +02:13:49.411] [WEB] POST /api/v1/script 84ms
[10:32:43.822 +02:13:49.478] [WEB] POST /api/v1/script 63ms
[10:32:43.900 +02:13:49.556] [WEB] POST /api/v1/script 72ms
[10:32:43.968 +02:13:49.624] [WEB] POST /api/v1/script 63ms
[10:32:44.033 +02:13:49.689] [WEB] POST /api/v1/script 57ms
[10:32:44.086 +02:13:49.742] [WEB] POST /api/v1/script 47ms
[10:32:45.621 +02:13:51.276] [WEB] POST /api/v1/script 1526ms
[10:32:46.016 +02:13:51.672] [WEB] POST /api/v1/game/action 390ms
[10:32:46.550 +02:13:52.206] [WEB] POST /api/v1/script 526ms
[10:32:46.741 +02:13:52.397] [WEB] POST /api/v1/game/action 184ms
[10:32:48.718 +02:13:54.373] [WEB] POST /api/v1/script 1969ms
[10:32:48.919 +02:13:54.575] [WEB] POST /api/v1/game/action 192ms
[10:32:50.388 +02:13:56.044] [WEB] POST /api/v1/script 1463ms
[10:32:50.567 +02:13:56.223] [WEB] POST /api/v1/game/action 171ms
[10:32:50.583 +02:13:56.239] [WEB] POST /api/v1/script 12ms
[10:32:50.652 +02:13:56.308] [WEB] POST /api/v1/script 60ms
[10:32:50.709 +02:13:56.365] [WEB] POST /api/v1/script 49ms
[10:33:08.062 +02:14:13.718] [WEB] POST /api/v1/script 17344ms
[10:33:08.320 +02:14:13.976] [WEB] POST /api/v1/game/action 252ms
[10:33:08.544 +02:14:14.200] [WEB] POST /api/v1/game/action 219ms
[10:33:08.759 +02:14:14.415] [WEB] POST /api/v1/game/action 211ms
[10:33:08.976 +02:14:14.631] [WEB] POST /api/v1/game/action 212ms
[10:33:09.211 +02:14:14.867] [WEB] POST /api/v1/game/action 229ms
[10:33:09.451 +02:14:15.106] [WEB] POST /api/v1/game/action 236ms
[10:33:09.664 +02:14:15.320] [WEB] POST /api/v1/game/action 208ms
[10:33:09.898 +02:14:15.553] [WEB] POST /api/v1/game/action 224ms
[10:33:10.114 +02:14:15.770] [WEB] POST /api/v1/game/action 213ms
[10:33:10.330 +02:14:15.986] [WEB] POST /api/v1/game/action 209ms
[10:33:10.547 +02:14:16.202] [WEB] POST /api/v1/game/action 210ms
[10:33:10.763 +02:14:16.419] [WEB] POST /api/v1/game/action 210ms
[10:33:10.824 +02:14:16.480] [WEB] POST /api/v1/script 54ms
[10:33:11.053 +02:14:16.709] [WEB] POST /api/v1/game/action 223ms
[10:33:11.285 +02:14:16.941] [WEB] POST /api/v1/game/action 224ms
[10:33:11.340 +02:14:16.996] [WEB] POST /api/v1/script 51ms
[10:33:11.559 +02:14:17.215] [WEB] POST /api/v1/script 213ms
[10:33:11.622 +02:14:17.278] [WEB] POST /api/v1/script 22ms
[10:33:11.695 +02:14:17.351] [WEB] POST /api/v1/script 66ms
[10:33:11.771 +02:14:17.427] [WEB] POST /api/v1/script 68ms
[10:33:11.998 +02:14:17.654] [WEB] POST /api/v1/game/action 219ms
[10:33:12.055 +02:14:17.710] [WEB] POST /api/v1/script 51ms
[10:33:12.110 +02:14:17.766] [WEB] POST /api/v1/script 49ms
[10:33:12.192 +02:14:17.848] [WEB] POST /api/v1/script 75ms
[10:33:12.262 +02:14:17.918] [WEB] POST /api/v1/script 62ms
[10:33:12.334 +02:14:17.989] [WEB] POST /api/v1/script 66ms
[10:33:13.628 +02:14:19.284] [WEB] POST /api/v1/script 1290ms
[10:33:13.864 +02:14:19.520] [WEB] POST /api/v1/game/action 230ms
[10:33:14.469 +02:14:20.125] [WEB] POST /api/v1/script 598ms
[10:33:16.423 +02:14:22.079] [WEB] POST /api/v1/script 1938ms
[10:33:16.653 +02:14:22.309] [WEB] POST /api/v1/game/action 218ms
[10:33:16.884 +02:14:22.540] [WEB] POST /api/v1/game/action 224ms
[10:33:18.231 +02:14:23.887] [WEB] POST /api/v1/script 1343ms
[10:33:18.480 +02:14:24.136] [WEB] POST /api/v1/game/action 243ms
[10:33:18.510 +02:14:24.166] [WEB] POST /api/v1/script 23ms
[10:33:18.574 +02:14:24.230] [WEB] POST /api/v1/script 58ms
[10:33:18.649 +02:14:24.304] [WEB] POST /api/v1/script 70ms
[10:33:20.010 +02:14:25.666] [WEB] POST /api/v1/script 1347ms
[10:33:20.236 +02:14:25.891] [WEB] POST /api/v1/game/action 216ms
[10:33:20.267 +02:14:25.923] [WEB] POST /api/v1/script 29ms
[10:33:20.499 +02:14:26.155] [WEB] POST /api/v1/script 228ms
[10:33:20.715 +02:14:26.371] [WEB] POST /api/v1/script 208ms
[10:33:20.751 +02:14:26.407] [WEB] POST /api/v1/script 27ms
[10:33:20.987 +02:14:26.642] [WEB] POST /api/v1/game/action 230ms
[10:33:21.047 +02:14:26.703] [WEB] POST /api/v1/script 51ms
[10:33:21.113 +02:14:26.769] [WEB] POST /api/v1/script 63ms
[10:33:21.170 +02:14:26.825] [WEB] POST /api/v1/script 48ms
[10:33:21.255 +02:14:26.910] [WEB] POST /api/v1/script 68ms
[10:33:21.338 +02:14:26.993] [WEB] POST /api/v1/script 72ms
[10:33:22.648 +02:14:28.304] [WEB] POST /api/v1/script 1306ms
[10:33:22.897 +02:14:28.553] [WEB] POST /api/v1/game/action 243ms
[10:33:22.962 +02:14:28.618] [WEB] POST /api/v1/script 60ms
[10:33:23.216 +02:14:28.872] [WEB] POST /api/v1/script 249ms
[10:33:23.380 +02:14:29.035] [WEB] POST /api/v1/script 160ms
[10:33:24.778 +02:14:30.434] [WEB] POST /api/v1/script 1390ms
[10:33:25.018 +02:14:30.674] [WEB] POST /api/v1/game/action 226ms
[10:33:25.041 +02:14:30.696] [WEB] POST /api/v1/script 19ms
[10:33:25.121 +02:14:30.777] [WEB] POST /api/v1/script 74ms
[10:33:25.193 +02:14:30.849] [WEB] POST /api/v1/script 67ms
[10:33:25.583 +02:14:31.239] [WEB] POST /api/v1/script 384ms
[10:33:25.826 +02:14:31.482] [WEB] POST /api/v1/game/action 234ms
[10:33:25.888 +02:14:31.544] [WEB] POST /api/v1/script 56ms
[10:33:26.342 +02:14:31.998] [WEB] POST /api/v1/script 450ms
[10:33:26.370 +02:14:32.026] [WEB] POST /api/v1/script 23ms
[10:33:27.669 +02:14:33.325] [WEB] POST /api/v1/script 1289ms
[10:33:27.912 +02:14:33.568] [WEB] POST /api/v1/game/action 237ms
[10:33:27.968 +02:14:33.623] [WEB] POST /api/v1/script 50ms
[10:33:28.211 +02:14:33.867] [WEB] POST /api/v1/script 236ms
[10:33:28.366 +02:14:34.022] [WEB] POST /api/v1/script 148ms
[10:33:28.610 +02:14:34.266] [WEB] POST /api/v1/game/action 238ms
[10:33:30.004 +02:14:35.660] [WEB] POST /api/v1/script 1388ms
[10:33:30.259 +02:14:35.914] [WEB] POST /api/v1/game/action 239ms
[10:33:30.326 +02:14:35.981] [WEB] POST /api/v1/script 62ms
[10:33:30.382 +02:14:36.037] [WEB] POST /api/v1/script 51ms
[10:33:30.409 +02:14:36.065] [WEB] POST /api/v1/script 23ms
[10:33:30.482 +02:14:36.138] [WEB] POST /api/v1/script 69ms
[10:33:30.939 +02:14:36.594] [WEB] POST /api/v1/script 449ms
[10:33:32.297 +02:14:37.953] [WEB] POST /api/v1/script 1349ms
[10:33:32.550 +02:14:38.206] [WEB] POST /api/v1/game/action 244ms
[10:33:32.607 +02:14:38.262] [WEB] POST /api/v1/script 52ms
[10:33:34.014 +02:14:39.670] [WEB] POST /api/v1/script 1404ms
[10:33:34.268 +02:14:39.924] [WEB] POST /api/v1/game/action 248ms
[10:33:34.329 +02:14:39.985] [WEB] POST /api/v1/script 55ms
[10:33:34.588 +02:14:40.243] [WEB] POST /api/v1/game/action 255ms
[10:33:34.645 +02:14:40.300] [WEB] POST /api/v1/script 54ms
[10:33:34.713 +02:14:40.369] [WEB] POST /api/v1/script 59ms
[10:33:34.778 +02:14:40.434] [WEB] POST /api/v1/script 60ms
[10:33:34.858 +02:14:40.513] [WEB] POST /api/v1/script 75ms
[10:33:34.931 +02:14:40.586] [WEB] POST /api/v1/script 69ms
[10:33:34.984 +02:14:40.640] [WEB] POST /api/v1/script 47ms
[10:33:35.055 +02:14:40.711] [WEB] POST /api/v1/script 66ms
[10:33:35.090 +02:14:40.746] [WEB] POST /api/v1/script 26ms
[10:33:35.156 +02:14:40.812] [WEB] POST /api/v1/script 62ms
[10:33:35.241 +02:14:40.897] [WEB] POST /api/v1/script 80ms
[10:33:35.316 +02:14:40.971] [WEB] POST /api/v1/script 70ms
[10:33:35.344 +02:14:41.000] [WEB] POST /api/v1/script 24ms
[10:33:35.367 +02:14:41.023] [WEB] POST /api/v1/script 18ms
[10:33:35.402 +02:14:41.058] [WEB] POST /api/v1/script 31ms
[10:33:35.431 +02:14:41.087] [WEB] POST /api/v1/script 24ms
[10:33:35.915 +02:14:41.570] [WEB] POST /api/v1/script 479ms
[10:33:36.104 +02:14:41.759] [WEB] POST /api/v1/game/action 185ms
[10:33:40.645 +02:14:46.301] [WEB] POST /api/v1/script 4538ms
[10:33:40.836 +02:14:46.491] [WEB] POST /api/v1/game/action 185ms
[10:33:41.024 +02:14:46.680] [WEB] POST /api/v1/game/action 185ms
[10:33:41.215 +02:14:46.871] [WEB] POST /api/v1/game/action 186ms
[10:33:41.718 +02:14:47.374] [WEB] POST /api/v1/script 500ms
[10:33:41.751 +02:14:47.407] [WEB] POST /api/v1/script 26ms
[10:33:41.935 +02:14:47.591] [WEB] POST /api/v1/game/action 176ms
[10:33:44.658 +02:14:50.314] [WEB] POST /api/v1/script 2717ms
[10:33:44.844 +02:14:50.499] [WEB] POST /api/v1/game/action 179ms
[10:33:45.298 +02:14:50.954] [WEB] POST /api/v1/script 448ms
[10:33:45.497 +02:14:51.153] [WEB] POST /api/v1/game/action 190ms
[10:33:45.986 +02:14:51.641] [WEB] POST /api/v1/script 485ms
[10:33:48.437 +02:14:54.093] [WEB] POST /api/v1/script 2442ms
[10:33:48.668 +02:14:54.324] [WEB] POST /api/v1/game/action 221ms
[10:33:48.878 +02:14:54.534] [WEB] POST /api/v1/game/action 206ms
[10:33:49.523 +02:14:55.178] [WEB] POST /api/v1/script 640ms
[10:33:49.760 +02:14:55.416] [WEB] POST /api/v1/game/action 231ms
[10:33:50.410 +02:14:56.066] [WEB] POST /api/v1/script 644ms
[10:33:52.986 +02:14:58.642] [WEB] POST /api/v1/script 2566ms
[10:33:53.162 +02:14:58.818] [WEB] POST /api/v1/game/action 169ms
[10:33:53.381 +02:14:59.036] [WEB] POST /api/v1/game/action 211ms
[10:33:53.964 +02:14:59.620] [WEB] POST /api/v1/script 581ms
[10:33:54.214 +02:14:59.870] [WEB] POST /api/v1/game/action 243ms
[10:33:54.770 +02:15:00.426] [WEB] POST /api/v1/script 550ms
[10:33:57.773 +02:15:03.429] [WEB] POST /api/v1/script 2996ms
[10:33:57.980 +02:15:03.636] [WEB] POST /api/v1/game/action 200ms
[10:33:58.184 +02:15:03.840] [WEB] POST /api/v1/game/action 200ms
[10:33:58.697 +02:15:04.353] [WEB] POST /api/v1/script 506ms
[10:33:58.906 +02:15:04.561] [WEB] POST /api/v1/game/action 201ms
[10:33:59.467 +02:15:05.123] [WEB] POST /api/v1/script 556ms
[10:34:02.550 +02:15:08.206] [WEB] POST /api/v1/script 3077ms
[10:34:02.771 +02:15:08.427] [WEB] POST /api/v1/game/action 212ms
[10:34:02.978 +02:15:08.634] [WEB] POST /api/v1/game/action 200ms
[10:34:03.499 +02:15:09.155] [WEB] POST /api/v1/script 518ms
[10:34:03.707 +02:15:09.363] [WEB] POST /api/v1/game/action 201ms
[10:34:04.272 +02:15:09.927] [WEB] POST /api/v1/script 561ms
[10:34:04.478 +02:15:10.133] [WEB] POST /api/v1/game/action 194ms
[10:34:07.303 +02:15:12.958] [WEB] POST /api/v1/script 2822ms
[10:34:07.537 +02:15:13.193] [WEB] POST /api/v1/game/action 227ms
[10:34:07.746 +02:15:13.402] [WEB] POST /api/v1/game/action 203ms
[10:34:08.387 +02:15:14.043] [WEB] POST /api/v1/script 635ms
[10:34:08.919 +02:15:14.575] [WEB] POST /api/v1/script 529ms
[10:34:09.129 +02:15:14.785] [WEB] POST /api/v1/game/action 202ms
[10:34:11.816 +02:15:17.472] [WEB] POST /api/v1/script 2683ms
[10:34:12.003 +02:15:17.659] [WEB] POST /api/v1/game/action 179ms
[10:34:12.175 +02:15:17.831] [WEB] POST /api/v1/game/action 168ms
[10:34:12.652 +02:15:18.308] [WEB] POST /api/v1/script 474ms
[10:34:13.145 +02:15:18.800] [WEB] POST /api/v1/script 487ms
[10:34:16.180 +02:15:21.836] [WEB] POST /api/v1/script 3029ms
[10:34:16.395 +02:15:22.051] [WEB] POST /api/v1/game/action 205ms
[10:34:16.600 +02:15:22.256] [WEB] POST /api/v1/game/action 201ms
[10:34:17.113 +02:15:22.769] [WEB] POST /api/v1/script 510ms
[10:34:17.326 +02:15:22.982] [WEB] POST /api/v1/game/action 207ms
[10:34:17.879 +02:15:23.535] [WEB] POST /api/v1/script 546ms
[10:34:18.088 +02:15:23.744] [WEB] POST /api/v1/game/action 202ms
[10:34:21.200 +02:15:26.856] [WEB] POST /api/v1/script 3109ms
[10:34:21.390 +02:15:27.046] [WEB] POST /api/v1/game/action 182ms
[10:34:21.561 +02:15:27.217] [WEB] POST /api/v1/game/action 168ms
[10:34:22.050 +02:15:27.705] [WEB] POST /api/v1/script 483ms
[10:34:22.571 +02:15:28.227] [WEB] POST /api/v1/script 515ms
[10:34:22.771 +02:15:28.427] [WEB] POST /api/v1/game/action 193ms
[10:34:25.618 +02:15:31.274] [WEB] POST /api/v1/script 2843ms
[10:34:25.819 +02:15:31.475] [WEB] POST /api/v1/game/action 191ms
[10:34:25.982 +02:15:31.638] [WEB] POST /api/v1/game/action 158ms
[10:34:26.520 +02:15:32.176] [WEB] POST /api/v1/script 535ms
[10:34:27.131 +02:15:32.786] [WEB] POST /api/v1/script 502ms
[10:34:27.314 +02:15:32.970] [WEB] POST /api/v1/game/action 171ms
[10:34:29.914 +02:15:35.570] [WEB] POST /api/v1/script 2596ms
[10:34:30.165 +02:15:35.820] [WEB] POST /api/v1/game/action 242ms
[10:34:30.355 +02:15:36.011] [WEB] POST /api/v1/game/action 185ms
[10:34:31.013 +02:15:36.669] [WEB] POST /api/v1/script 654ms
[10:34:31.719 +02:15:37.375] [WEB] POST /api/v1/script 700ms
[10:34:31.945 +02:15:37.601] [WEB] POST /api/v1/game/action 215ms
[10:34:34.500 +02:15:40.156] [WEB] POST /api/v1/script 2550ms
[10:34:34.768 +02:15:40.423] [WEB] POST /api/v1/game/action 255ms
[10:34:34.996 +02:15:40.651] [WEB] POST /api/v1/game/action 221ms
[10:34:35.646 +02:15:41.301] [WEB] POST /api/v1/script 642ms
[10:34:36.286 +02:15:41.941] [WEB] POST /api/v1/script 632ms
[10:34:36.521 +02:15:42.177] [WEB] POST /api/v1/game/action 227ms
[10:34:39.096 +02:15:44.751] [WEB] POST /api/v1/script 2568ms
[10:34:39.358 +02:15:45.013] [WEB] POST /api/v1/game/action 253ms
[10:34:39.585 +02:15:45.241] [WEB] POST /api/v1/game/action 219ms
[10:34:40.225 +02:15:45.881] [WEB] POST /api/v1/script 635ms
[10:34:40.899 +02:15:46.555] [WEB] POST /api/v1/script 665ms
[10:34:41.166 +02:15:46.821] [WEB] POST /api/v1/game/action 250ms
[10:34:43.645 +02:15:49.300] [WEB] POST /api/v1/script 2474ms
[10:34:43.869 +02:15:49.525] [WEB] POST /api/v1/game/action 217ms
[10:34:44.086 +02:15:49.742] [WEB] POST /api/v1/game/action 199ms
[10:34:44.703 +02:15:50.358] [WEB] POST /api/v1/script 613ms
[10:34:45.246 +02:15:50.902] [WEB] POST /api/v1/script 535ms
[10:34:45.472 +02:15:51.128] [WEB] POST /api/v1/game/action 217ms
[10:34:47.946 +02:15:53.602] [WEB] POST /api/v1/script 2469ms
[10:34:48.199 +02:15:53.855] [WEB] POST /api/v1/game/action 245ms
[10:34:48.439 +02:15:54.094] [WEB] POST /api/v1/game/action 236ms
[10:34:49.071 +02:15:54.727] [WEB] POST /api/v1/script 627ms
[10:34:49.728 +02:15:55.384] [WEB] POST /api/v1/script 648ms
[10:34:49.980 +02:15:55.636] [WEB] POST /api/v1/game/action 245ms
[10:34:52.581 +02:15:58.237] [WEB] POST /api/v1/script 2596ms
[10:34:52.830 +02:15:58.485] [WEB] POST /api/v1/game/action 240ms
[10:34:53.034 +02:15:58.689] [WEB] POST /api/v1/game/action 198ms
[10:34:53.630 +02:15:59.286] [WEB] POST /api/v1/script 592ms
[10:34:54.266 +02:15:59.922] [WEB] POST /api/v1/script 633ms
[10:34:54.528 +02:16:00.184] [WEB] POST /api/v1/game/action 252ms
[10:34:57.061 +02:16:02.716] [WEB] POST /api/v1/script 2525ms
[10:34:57.307 +02:16:02.962] [WEB] POST /api/v1/game/action 237ms
[10:34:57.519 +02:16:03.175] [WEB] POST /api/v1/game/action 205ms
[10:34:58.135 +02:16:03.790] [WEB] POST /api/v1/script 607ms
[10:34:58.722 +02:16:04.378] [WEB] POST /api/v1/script 578ms
[10:34:58.987 +02:16:04.643] [WEB] POST /api/v1/game/action 252ms
[10:35:01.536 +02:16:07.191] [WEB] POST /api/v1/script 2543ms
[10:35:01.796 +02:16:07.452] [WEB] POST /api/v1/game/action 249ms
[10:35:02.066 +02:16:07.722] [WEB] POST /api/v1/game/action 265ms
[10:35:02.748 +02:16:08.404] [WEB] POST /api/v1/script 676ms
[10:35:02.994 +02:16:08.650] [WEB] POST /api/v1/game/action 233ms
[10:35:03.682 +02:16:09.338] [WEB] POST /api/v1/script 680ms
[10:35:06.319 +02:16:11.975] [WEB] POST /api/v1/script 2621ms
[10:35:06.556 +02:16:12.212] [WEB] POST /api/v1/game/action 221ms
[10:35:06.726 +02:16:12.382] [WEB] POST /api/v1/game/action 165ms
[10:35:07.319 +02:16:12.975] [WEB] POST /api/v1/script 588ms
[10:35:07.510 +02:16:13.165] [WEB] POST /api/v1/game/action 182ms
[10:35:08.025 +02:16:13.681] [WEB] POST /api/v1/script 512ms
[10:35:10.865 +02:16:16.520] [WEB] POST /api/v1/script 2828ms
[10:35:11.074 +02:16:16.729] [WEB] POST /api/v1/game/action 198ms
[10:35:11.265 +02:16:16.921] [WEB] POST /api/v1/game/action 188ms
[10:35:11.776 +02:16:17.432] [WEB] POST /api/v1/script 508ms
[10:35:11.967 +02:16:17.622] [WEB] POST /api/v1/game/action 185ms
[10:35:12.492 +02:16:18.147] [WEB] POST /api/v1/script 521ms
[10:35:15.673 +02:16:21.328] [WEB] POST /api/v1/script 3164ms
[10:35:15.880 +02:16:21.536] [WEB] POST /api/v1/game/action 197ms
[10:35:16.056 +02:16:21.711] [WEB] POST /api/v1/game/action 172ms
[10:35:16.562 +02:16:22.217] [WEB] POST /api/v1/script 503ms
[10:35:16.763 +02:16:22.419] [WEB] POST /api/v1/game/action 197ms
[10:35:17.303 +02:16:22.958] [WEB] POST /api/v1/script 536ms
[10:35:20.379 +02:16:26.035] [WEB] POST /api/v1/script 3068ms
[10:35:20.574 +02:16:26.230] [WEB] POST /api/v1/game/action 180ms
[10:35:20.749 +02:16:26.405] [WEB] POST /api/v1/game/action 171ms
[10:35:21.230 +02:16:26.886] [WEB] POST /api/v1/script 478ms
[10:35:21.426 +02:16:27.082] [WEB] POST /api/v1/game/action 187ms
[10:35:21.949 +02:16:27.605] [WEB] POST /api/v1/script 519ms
[10:35:24.829 +02:16:30.484] [WEB] POST /api/v1/script 2871ms
[10:35:25.030 +02:16:30.686] [WEB] POST /api/v1/game/action 198ms
[10:35:25.211 +02:16:30.866] [WEB] POST /api/v1/game/action 176ms
[10:35:25.723 +02:16:31.378] [WEB] POST /api/v1/script 508ms
[10:35:25.927 +02:16:31.583] [WEB] POST /api/v1/game/action 199ms
[10:35:26.477 +02:16:32.133] [WEB] POST /api/v1/script 546ms
[10:35:29.581 +02:16:35.236] [WEB] POST /api/v1/script 3094ms
[10:35:29.793 +02:16:35.448] [WEB] POST /api/v1/game/action 205ms
[10:35:30.001 +02:16:35.656] [WEB] POST /api/v1/game/action 200ms
[10:35:30.524 +02:16:36.180] [WEB] POST /api/v1/script 517ms
[10:35:30.732 +02:16:36.388] [WEB] POST /api/v1/game/action 204ms
[10:35:31.293 +02:16:36.949] [WEB] POST /api/v1/script 557ms
[10:35:31.501 +02:16:37.156] [WEB] POST /api/v1/game/action 201ms
[10:35:34.613 +02:16:40.269] [WEB] POST /api/v1/script 3109ms
[10:35:34.822 +02:16:40.478] [WEB] POST /api/v1/game/action 200ms
[10:35:35.022 +02:16:40.677] [WEB] POST /api/v1/game/action 194ms
[10:35:35.527 +02:16:41.183] [WEB] POST /api/v1/script 501ms
[10:35:36.066 +02:16:41.722] [WEB] POST /api/v1/script 533ms
[10:35:36.269 +02:16:41.925] [WEB] POST /api/v1/game/action 194ms
[10:35:39.307 +02:16:44.962] [WEB] POST /api/v1/script 3033ms
[10:35:39.495 +02:16:45.151] [WEB] POST /api/v1/game/action 184ms
[10:35:39.688 +02:16:45.344] [WEB] POST /api/v1/game/action 189ms
[10:35:40.168 +02:16:45.824] [WEB] POST /api/v1/script 475ms
[10:35:40.681 +02:16:46.337] [WEB] POST /api/v1/script 507ms
[10:35:40.875 +02:16:46.530] [WEB] POST /api/v1/game/action 185ms
[10:35:43.671 +02:16:49.327] [WEB] POST /api/v1/script 2793ms
[10:35:43.859 +02:16:49.515] [WEB] POST /api/v1/game/action 174ms
[10:35:44.041 +02:16:49.697] [WEB] POST /api/v1/game/action 179ms
[10:35:44.532 +02:16:50.188] [WEB] POST /api/v1/script 487ms
[10:35:45.057 +02:16:50.713] [WEB] POST /api/v1/script 518ms
[10:35:45.240 +02:16:50.895] [WEB] POST /api/v1/game/action 171ms
[10:35:48.104 +02:16:53.760] [WEB] POST /api/v1/script 2861ms
[10:35:48.309 +02:16:53.964] [WEB] POST /api/v1/game/action 191ms
[10:35:48.499 +02:16:54.155] [WEB] POST /api/v1/game/action 185ms
[10:35:48.993 +02:16:54.649] [WEB] POST /api/v1/script 490ms
[10:35:49.531 +02:16:55.186] [WEB] POST /api/v1/script 533ms
[10:35:49.725 +02:16:55.380] [WEB] POST /api/v1/game/action 189ms
[10:35:52.600 +02:16:58.256] [WEB] POST /api/v1/script 2871ms
[10:35:52.803 +02:16:58.458] [WEB] POST /api/v1/game/action 196ms
[10:35:52.979 +02:16:58.635] [WEB] POST /api/v1/game/action 173ms
[10:35:53.446 +02:16:59.102] [WEB] POST /api/v1/script 461ms
[10:35:53.979 +02:16:59.635] [WEB] POST /api/v1/script 527ms
[10:35:54.188 +02:16:59.844] [WEB] POST /api/v1/game/action 203ms
[10:35:56.952 +02:17:02.608] [WEB] POST /api/v1/script 2761ms
[10:35:57.129 +02:17:02.784] [WEB] POST /api/v1/game/action 166ms
[10:35:57.296 +02:17:02.952] [WEB] POST /api/v1/game/action 164ms
[10:35:57.785 +02:17:03.440] [WEB] POST /api/v1/script 485ms
[10:35:58.287 +02:17:03.942] [WEB] POST /api/v1/script 497ms
[10:35:58.462 +02:17:04.118] [WEB] POST /api/v1/game/action 168ms
[10:35:58.490 +02:17:04.146] [WEB] POST /api/v1/script 24ms
[10:35:58.521 +02:17:04.177] [WEB] POST /api/v1/script 25ms
[10:35:58.969 +02:17:04.624] [WEB] POST /api/v1/script 443ms
[10:36:06.297 +02:17:11.953] [WEB] POST /api/v1/script 7322ms
[10:36:06.480 +02:17:12.136] [WEB] POST /api/v1/game/action 173ms
[10:36:06.656 +02:17:12.312] [WEB] POST /api/v1/game/action 171ms
[10:36:06.830 +02:17:12.485] [WEB] POST /api/v1/game/action 171ms
[10:36:07.027 +02:17:12.682] [WEB] POST /api/v1/game/action 192ms
[10:36:07.248 +02:17:12.904] [WEB] POST /api/v1/game/action 219ms
[10:36:07.284 +02:17:12.940] [WEB] POST /api/v1/script 32ms
[10:36:07.477 +02:17:13.132] [WEB] POST /api/v1/game/action 168ms
[10:36:07.499 +02:17:13.154] [WEB] POST /api/v1/script 18ms
[10:36:07.529 +02:17:13.185] [WEB] POST /api/v1/script 26ms
[10:36:07.604 +02:17:13.259] [WEB] POST /api/v1/script 69ms
[10:36:07.681 +02:17:13.337] [WEB] POST /api/v1/script 72ms
[10:36:08.033 +02:17:13.689] [WEB] POST /api/v1/script 348ms
[10:36:08.418 +02:17:14.073] [WEB] POST /api/v1/script 378ms
[10:36:08.770 +02:17:14.426] [WEB] POST /api/v1/script 345ms
[10:36:08.962 +02:17:14.618] [WEB] POST /api/v1/game/action 187ms
[10:36:09.043 +02:17:14.699] [WEB] POST /api/v1/script 77ms
[10:36:09.070 +02:17:14.726] [WEB] POST /api/v1/script 21ms
[10:36:09.758 +02:17:15.414] [WEB] POST /api/v1/script 685ms
[10:36:09.957 +02:17:15.613] [WEB] POST /api/v1/script 178ms
[10:36:10.139 +02:17:15.795] [WEB] POST /api/v1/script 177ms
[10:36:11.238 +02:17:16.894] [WEB] POST /api/v1/script 1095ms
[10:36:11.426 +02:17:17.081] [WEB] POST /api/v1/game/action 183ms
[10:36:12.459 +02:17:18.115] [WEB] POST /api/v1/script 1030ms
[10:36:12.655 +02:17:18.311] [WEB] POST /api/v1/game/action 186ms
[10:36:12.997 +02:17:18.653] [WEB] POST /api/v1/script 339ms
[10:36:13.354 +02:17:19.009] [WEB] POST /api/v1/script 348ms
[10:36:13.540 +02:17:19.196] [WEB] POST /api/v1/game/action 179ms
[10:36:15.016 +02:17:20.672] [WEB] POST /api/v1/script 1469ms
[10:36:15.227 +02:17:20.883] [WEB] POST /api/v1/game/action 205ms
[10:36:15.250 +02:17:20.905] [WEB] POST /api/v1/script 19ms
[10:36:15.283 +02:17:20.938] [WEB] POST /api/v1/script 30ms
[10:36:15.345 +02:17:21.001] [WEB] POST /api/v1/script 56ms
[10:36:15.402 +02:17:21.057] [WEB] POST /api/v1/script 49ms
[10:36:15.638 +02:17:21.293] [WEB] POST /api/v1/script 231ms
[10:36:15.877 +02:17:21.533] [WEB] POST /api/v1/script 231ms
[10:36:16.129 +02:17:21.784] [WEB] POST /api/v1/script 240ms
[10:36:16.227 +02:17:21.883] [WEB] POST /api/v1/script 90ms
[10:36:16.378 +02:17:22.034] [WEB] POST /api/v1/script 145ms
[10:36:16.631 +02:17:22.287] [WEB] POST /api/v1/game/action 246ms
[10:36:18.038 +02:17:23.694] [WEB] POST /api/v1/script 1403ms
[10:36:18.278 +02:17:23.934] [WEB] POST /api/v1/game/action 234ms
[10:36:18.303 +02:17:23.959] [WEB] POST /api/v1/script 21ms
[10:36:18.333 +02:17:23.988] [WEB] POST /api/v1/script 21ms
[10:36:18.419 +02:17:24.075] [WEB] POST /api/v1/script 82ms
[10:36:18.480 +02:17:24.136] [WEB] POST /api/v1/script 58ms
[10:36:18.778 +02:17:24.434] [WEB] POST /api/v1/script 293ms
[10:36:19.079 +02:17:24.735] [WEB] POST /api/v1/script 288ms
[10:36:19.386 +02:17:25.042] [WEB] POST /api/v1/script 294ms
[10:36:19.567 +02:17:25.222] [WEB] POST /api/v1/game/action 174ms
[10:36:19.655 +02:17:25.310] [WEB] POST /api/v1/script 82ms
[10:36:21.122 +02:17:26.777] [WEB] POST /api/v1/script 1462ms
[10:36:21.326 +02:17:26.981] [WEB] POST /api/v1/game/action 196ms
[10:36:21.352 +02:17:27.007] [WEB] POST /api/v1/script 21ms
[10:36:21.375 +02:17:27.031] [WEB] POST /api/v1/script 18ms
[10:36:21.446 +02:17:27.102] [WEB] POST /api/v1/script 63ms
[10:36:21.514 +02:17:27.170] [WEB] POST /api/v1/script 65ms
[10:36:21.619 +02:17:27.275] [WEB] POST /api/v1/script 97ms
[10:36:21.746 +02:17:27.401] [WEB] POST /api/v1/script 118ms
[10:36:21.854 +02:17:27.510] [WEB] POST /api/v1/script 100ms
[10:36:21.938 +02:17:27.593] [WEB] POST /api/v1/script 75ms
[10:36:23.291 +02:17:28.946] [WEB] POST /api/v1/script 1333ms
[10:36:23.535 +02:17:29.191] [WEB] POST /api/v1/game/action 239ms
[10:36:23.563 +02:17:29.219] [WEB] POST /api/v1/script 24ms
[10:36:23.594 +02:17:29.249] [WEB] POST /api/v1/script 25ms
[10:36:23.669 +02:17:29.325] [WEB] POST /api/v1/script 68ms
[10:36:25.180 +02:17:30.835] [WEB] POST /api/v1/script 1505ms
[10:36:25.371 +02:17:31.027] [WEB] POST /api/v1/game/action 186ms
[10:36:25.398 +02:17:31.054] [WEB] POST /api/v1/script 23ms
[10:36:25.594 +02:17:31.250] [WEB] POST /api/v1/game/action 191ms
[10:36:25.627 +02:17:31.283] [WEB] POST /api/v1/script 30ms
[10:36:25.701 +02:17:31.357] [WEB] POST /api/v1/script 69ms
[10:36:27.161 +02:17:32.817] [WEB] POST /api/v1/script 1454ms
[10:36:27.370 +02:17:33.026] [WEB] POST /api/v1/game/action 204ms
[10:36:27.395 +02:17:33.051] [WEB] POST /api/v1/script 22ms
[10:36:27.433 +02:17:33.089] [WEB] POST /api/v1/script 33ms
[10:36:27.462 +02:17:33.118] [WEB] POST /api/v1/script 24ms
[10:36:27.547 +02:17:33.202] [WEB] POST /api/v1/script 80ms
[10:36:27.605 +02:17:33.261] [WEB] POST /api/v1/script 52ms
[10:36:27.673 +02:17:33.329] [WEB] POST /api/v1/script 60ms
[10:36:27.713 +02:17:33.369] [WEB] POST /api/v1/script 36ms
[10:36:27.786 +02:17:33.442] [WEB] POST /api/v1/script 69ms
[10:36:27.862 +02:17:33.517] [WEB] POST /api/v1/script 68ms
[10:36:27.942 +02:17:33.598] [WEB] POST /api/v1/script 75ms
[10:36:28.017 +02:17:33.673] [WEB] POST /api/v1/script 66ms
[10:36:28.103 +02:17:33.758] [WEB] POST /api/v1/script 81ms
[10:36:28.167 +02:17:33.823] [WEB] POST /api/v1/script 59ms
[10:36:28.200 +02:17:33.856] [WEB] POST /api/v1/script 27ms
[10:36:29.513 +02:17:35.169] [WEB] POST /api/v1/script 1299ms
[10:36:29.742 +02:17:35.398] [WEB] POST /api/v1/game/action 222ms
[10:36:29.808 +02:17:35.464] [WEB] POST /api/v1/script 58ms
[10:36:30.062 +02:17:35.717] [WEB] POST /api/v1/game/action 240ms
[10:36:30.123 +02:17:35.779] [WEB] POST /api/v1/script 54ms
[10:36:30.219 +02:17:35.874] [WEB] POST /api/v1/script 87ms
[10:36:30.295 +02:17:35.951] [WEB] POST /api/v1/script 64ms
[10:36:30.349 +02:17:36.004] [WEB] POST /api/v1/script 50ms
[10:36:30.544 +02:17:36.199] [WEB] POST /api/v1/script 184ms
[10:36:30.717 +02:17:36.373] [WEB] POST /api/v1/script 169ms
[10:36:30.899 +02:17:36.555] [WEB] POST /api/v1/script 176ms
[10:36:31.076 +02:17:36.732] [WEB] POST /api/v1/script 172ms
[10:36:31.258 +02:17:36.913] [WEB] POST /api/v1/script 175ms
[10:36:31.514 +02:17:37.170] [WEB] POST /api/v1/game/action 251ms
[10:36:31.702 +02:17:37.357] [WEB] POST /api/v1/script 180ms
[10:36:31.893 +02:17:37.549] [WEB] POST /api/v1/script 184ms
[10:36:32.068 +02:17:37.724] [WEB] POST /api/v1/script 168ms
[10:36:33.488 +02:17:39.143] [WEB] POST /api/v1/script 1415ms
[10:36:33.729 +02:17:39.384] [WEB] POST /api/v1/game/action 233ms
[10:36:33.755 +02:17:39.411] [WEB] POST /api/v1/script 21ms
[10:36:33.833 +02:17:39.489] [WEB] POST /api/v1/script 71ms
[10:36:34.580 +02:17:40.235] [WEB] POST /api/v1/script 743ms
[10:36:34.793 +02:17:40.448] [WEB] POST /api/v1/game/action 207ms
[10:36:35.923 +02:17:41.579] [WEB] POST /api/v1/script 1122ms
[10:36:36.146 +02:17:41.802] [WEB] POST /api/v1/game/action 219ms
[10:36:36.217 +02:17:41.872] [WEB] POST /api/v1/script 63ms
[10:36:36.290 +02:17:41.946] [WEB] POST /api/v1/script 70ms
[10:36:36.355 +02:17:42.011] [WEB] POST /api/v1/script 61ms
[10:36:36.414 +02:17:42.070] [WEB] POST /api/v1/script 55ms
[10:36:36.486 +02:17:42.142] [WEB] POST /api/v1/script 62ms
[10:36:36.664 +02:17:42.320] [WEB] POST /api/v1/script 170ms
[10:36:36.837 +02:17:42.493] [WEB] POST /api/v1/script 162ms
[10:36:37.004 +02:17:42.660] [WEB] POST /api/v1/script 161ms
[10:36:37.187 +02:17:42.843] [WEB] POST /api/v1/script 175ms
[10:36:37.369 +02:17:43.025] [WEB] POST /api/v1/script 173ms
[10:36:37.576 +02:17:43.231] [WEB] POST /api/v1/game/action 200ms
[10:36:37.749 +02:17:43.404] [WEB] POST /api/v1/script 165ms
[10:36:37.938 +02:17:43.594] [WEB] POST /api/v1/script 184ms
[10:36:38.119 +02:17:43.774] [WEB] POST /api/v1/script 176ms
[10:36:39.538 +02:17:45.194] [WEB] POST /api/v1/script 1408ms
[10:36:39.745 +02:17:45.401] [WEB] POST /api/v1/game/action 202ms
[10:36:39.769 +02:17:45.425] [WEB] POST /api/v1/script 18ms
[10:36:39.834 +02:17:45.490] [WEB] POST /api/v1/script 60ms
[10:36:48.944 +02:17:54.600] [WEB] POST /api/v1/script 9100ms
[10:36:49.214 +02:17:54.870] [WEB] POST /api/v1/game/action 261ms
[10:36:49.457 +02:17:55.113] [WEB] POST /api/v1/game/action 238ms
[10:36:49.730 +02:17:55.385] [WEB] POST /api/v1/game/action 268ms
[10:36:49.995 +02:17:55.650] [WEB] POST /api/v1/game/action 258ms
[10:36:50.270 +02:17:55.926] [WEB] POST /api/v1/game/action 270ms
[10:36:50.545 +02:17:56.201] [WEB] POST /api/v1/game/action 261ms
[10:36:52.001 +02:17:57.656] [WEB] POST /api/v1/script 1449ms
[10:36:52.282 +02:17:57.938] [WEB] POST /api/v1/game/action 263ms
[10:36:52.564 +02:17:58.220] [WEB] POST /api/v1/game/action 272ms
[10:36:52.630 +02:17:58.286] [WEB] POST /api/v1/script 62ms
[10:36:52.914 +02:17:58.570] [WEB] POST /api/v1/game/action 277ms
[10:36:52.983 +02:17:58.639] [WEB] POST /api/v1/script 65ms
[10:36:53.072 +02:17:58.728] [WEB] POST /api/v1/script 83ms
[10:36:53.154 +02:17:58.809] [WEB] POST /api/v1/script 71ms
[10:36:53.250 +02:17:58.906] [WEB] POST /api/v1/script 88ms
[10:36:53.440 +02:17:59.096] [WEB] POST /api/v1/script 180ms
[10:36:53.643 +02:17:59.299] [WEB] POST /api/v1/script 198ms
[10:36:53.831 +02:17:59.487] [WEB] POST /api/v1/script 178ms
[10:36:54.078 +02:17:59.734] [WEB] POST /api/v1/game/action 242ms
[10:36:54.246 +02:17:59.902] [WEB] POST /api/v1/script 162ms
[10:36:55.664 +02:18:01.320] [WEB] POST /api/v1/script 1412ms
[10:36:55.892 +02:18:01.548] [WEB] POST /api/v1/game/action 220ms
[10:36:55.954 +02:18:01.610] [WEB] POST /api/v1/script 54ms
[10:36:56.032 +02:18:01.688] [WEB] POST /api/v1/script 68ms
[10:36:56.119 +02:18:01.775] [WEB] POST /api/v1/script 83ms
[10:36:56.213 +02:18:01.868] [WEB] POST /api/v1/script 84ms
[10:36:56.248 +02:18:01.904] [WEB] POST /api/v1/script 30ms
[10:36:56.737 +02:18:02.392] [WEB] POST /api/v1/script 482ms
[10:36:56.993 +02:18:02.649] [WEB] POST /api/v1/game/action 246ms
[10:36:57.020 +02:18:02.675] [WEB] POST /api/v1/script 20ms
[10:36:57.186 +02:18:02.842] [WEB] POST /api/v1/script 160ms
[10:36:57.216 +02:18:02.872] [WEB] POST /api/v1/script 20ms
[10:36:57.254 +02:18:02.909] [WEB] POST /api/v1/script 30ms
[10:36:57.319 +02:18:02.975] [WEB] POST /api/v1/script 55ms
[10:36:57.390 +02:18:03.046] [WEB] POST /api/v1/script 62ms
[10:36:57.451 +02:18:03.107] [WEB] POST /api/v1/script 54ms
[10:36:57.485 +02:18:03.140] [WEB] POST /api/v1/script 26ms
[10:36:57.560 +02:18:03.216] [WEB] POST /api/v1/script 67ms
[10:36:57.620 +02:18:03.275] [WEB] POST /api/v1/script 55ms
[10:36:57.693 +02:18:03.349] [WEB] POST /api/v1/script 60ms
[10:36:57.757 +02:18:03.413] [WEB] POST /api/v1/script 57ms
[10:36:57.794 +02:18:03.450] [WEB] POST /api/v1/script 31ms
[10:36:57.861 +02:18:03.517] [WEB] POST /api/v1/script 63ms
[10:36:57.895 +02:18:03.551] [WEB] POST /api/v1/script 29ms
[10:36:57.967 +02:18:03.622] [WEB] POST /api/v1/script 68ms
[10:36:58.042 +02:18:03.697] [WEB] POST /api/v1/script 65ms
[10:36:58.078 +02:18:03.734] [WEB] POST /api/v1/script 22ms
[10:37:19.059 +02:18:24.715] [WEB] POST /api/v1/script 20975ms
[10:37:19.329 +02:18:24.984] [WEB] POST /api/v1/game/action 257ms
[10:37:19.582 +02:18:25.238] [WEB] POST /api/v1/game/action 244ms
[10:37:19.818 +02:18:25.474] [WEB] POST /api/v1/game/action 228ms
[10:37:20.034 +02:18:25.689] [WEB] POST /api/v1/game/action 210ms
[10:37:20.265 +02:18:25.920] [WEB] POST /api/v1/game/action 228ms
[10:37:20.503 +02:18:26.158] [WEB] POST /api/v1/game/action 229ms
[10:37:20.709 +02:18:26.364] [WEB] POST /api/v1/game/action 200ms
[10:37:20.927 +02:18:26.583] [WEB] POST /api/v1/game/action 216ms
[10:37:21.148 +02:18:26.803] [WEB] POST /api/v1/game/action 215ms
[10:37:21.363 +02:18:27.019] [WEB] POST /api/v1/game/action 211ms
[10:37:21.607 +02:18:27.263] [WEB] POST /api/v1/game/action 236ms
[10:37:21.796 +02:18:27.451] [WEB] POST /api/v1/game/action 184ms
[10:37:22.018 +02:18:27.674] [WEB] POST /api/v1/game/action 219ms
[10:37:22.232 +02:18:27.888] [WEB] POST /api/v1/game/action 209ms
[10:37:23.582 +02:18:29.238] [WEB] GET /api/v1/script/runs 1346ms
[10:37:23.785 +02:18:29.441] [WEB] POST /api/v1/game/action 196ms
[10:37:24.000 +02:18:29.656] [WEB] POST /api/v1/game/action 212ms
[10:37:24.221 +02:18:29.876] [WEB] POST /api/v1/game/action 216ms
[10:37:24.229 +02:18:29.885] [WEB] GET /api/v1/script/runs 3ms
[10:37:24.478 +02:18:30.134] [WEB] POST /api/v1/game/action 238ms
[10:37:24.730 +02:18:30.386] [WEB] GET /api/v1/evidence 4ms
[10:37:25.487 +02:18:31.143] [WEB] POST /api/v1/game/action 232ms
[10:37:26.937 +02:18:32.593] [WEB] POST /api/v1/game/action 204ms
[10:37:28.487 +02:18:34.143] [WEB] POST /api/v1/game/action 226ms
[10:37:29.963 +02:18:35.619] [WEB] POST /api/v1/game/action 229ms
[10:37:31.491 +02:18:37.146] [WEB] POST /api/v1/game/action 230ms
[10:37:32.965 +02:18:38.620] [WEB] POST /api/v1/game/action 229ms
[10:37:34.474 +02:18:40.130] [WEB] POST /api/v1/game/action 228ms
[10:37:35.950 +02:18:41.605] [WEB] POST /api/v1/game/action 216ms
[10:37:37.474 +02:18:43.130] [WEB] POST /api/v1/game/action 228ms
[10:37:38.986 +02:18:44.642] [WEB] POST /api/v1/game/action 241ms
[10:37:40.494 +02:18:46.150] [WEB] POST /api/v1/game/action 234ms
[10:37:41.973 +02:18:47.628] [WEB] POST /api/v1/game/action 237ms
[10:37:43.463 +02:18:49.119] [WEB] POST /api/v1/game/action 199ms
[10:37:44.927 +02:18:50.583] [WEB] POST /api/v1/game/action 192ms
[10:37:46.493 +02:18:52.149] [WEB] POST /api/v1/game/action 230ms
[10:37:47.954 +02:18:53.610] [WEB] POST /api/v1/game/action 219ms
[10:37:49.467 +02:18:55.123] [WEB] POST /api/v1/game/action 210ms
[10:37:50.947 +02:18:56.602] [WEB] POST /api/v1/game/action 212ms
[10:37:52.474 +02:18:58.130] [WEB] POST /api/v1/game/action 217ms
[10:37:53.961 +02:18:59.617] [WEB] POST /api/v1/game/action 227ms
[10:37:55.434 +02:19:01.090] [WEB] POST /api/v1/game/action 193ms
[10:37:56.957 +02:19:02.613] [WEB] POST /api/v1/game/action 219ms
[10:37:58.466 +02:19:04.122] [WEB] POST /api/v1/game/action 214ms
[10:37:59.970 +02:19:05.626] [WEB] POST /api/v1/game/action 234ms
[10:38:01.497 +02:19:07.153] [WEB] POST /api/v1/game/action 231ms
[10:38:02.975 +02:19:08.631] [WEB] POST /api/v1/game/action 231ms
[10:38:04.458 +02:19:10.113] [WEB] POST /api/v1/game/action 204ms
[10:38:05.968 +02:19:11.623] [WEB] POST /api/v1/game/action 234ms
[10:38:07.457 +02:19:13.113] [WEB] POST /api/v1/game/action 211ms
[10:38:08.968 +02:19:14.624] [WEB] POST /api/v1/game/action 230ms
[10:38:10.478 +02:19:16.133] [WEB] POST /api/v1/game/action 214ms
[10:38:11.967 +02:19:17.622] [WEB] POST /api/v1/game/action 230ms
[10:38:13.495 +02:19:19.151] [WEB] POST /api/v1/game/action 232ms
[10:38:14.946 +02:19:20.602] [WEB] POST /api/v1/game/action 207ms
[10:38:16.464 +02:19:22.120] [WEB] POST /api/v1/game/action 215ms
[10:38:17.971 +02:19:23.627] [WEB] POST /api/v1/game/action 236ms
[10:38:19.443 +02:19:25.098] [WEB] POST /api/v1/game/action 199ms
[10:38:20.902 +02:19:26.558] [WEB] POST /api/v1/game/action 167ms
[10:38:22.490 +02:19:28.146] [WEB] POST /api/v1/game/action 234ms
[10:38:23.972 +02:19:29.628] [WEB] POST /api/v1/game/action 226ms
[10:38:25.451 +02:19:31.107] [WEB] POST /api/v1/game/action 205ms
[10:38:26.950 +02:19:32.605] [WEB] POST /api/v1/game/action 203ms
[10:38:28.474 +02:19:34.129] [WEB] POST /api/v1/game/action 228ms
[10:38:29.975 +02:19:35.630] [WEB] POST /api/v1/game/action 241ms
[10:38:31.412 +02:19:37.068] [WEB] POST /api/v1/game/action 179ms
[10:38:32.959 +02:19:38.615] [WEB] POST /api/v1/game/action 222ms
[10:38:34.501 +02:19:40.156] [WEB] POST /api/v1/game/action 232ms
[10:38:35.965 +02:19:41.620] [WEB] POST /api/v1/game/action 231ms
[10:38:37.456 +02:19:43.111] [WEB] POST /api/v1/game/action 214ms
[10:38:38.952 +02:19:44.608] [WEB] POST /api/v1/game/action 208ms
[10:38:40.419 +02:19:46.074] [WEB] POST /api/v1/game/action 179ms
[10:38:41.953 +02:19:47.608] [WEB] POST /api/v1/game/action 216ms
[10:38:43.500 +02:19:49.156] [WEB] POST /api/v1/game/action 230ms
[10:38:44.973 +02:19:50.629] [WEB] POST /api/v1/game/action 226ms
[10:38:46.486 +02:19:52.142] [WEB] POST /api/v1/game/action 230ms
[10:38:47.944 +02:19:53.600] [WEB] POST /api/v1/game/action 209ms
[10:38:49.488 +02:19:55.144] [WEB] POST /api/v1/game/action 229ms
[10:38:50.963 +02:19:56.618] [WEB] POST /api/v1/game/action 229ms
[10:38:52.472 +02:19:58.128] [WEB] POST /api/v1/game/action 213ms
[10:38:53.924 +02:19:59.579] [WEB] POST /api/v1/game/action 185ms
[10:38:55.478 +02:20:01.134] [WEB] POST /api/v1/game/action 226ms
[10:38:56.968 +02:20:02.624] [WEB] POST /api/v1/game/action 228ms
[10:38:58.488 +02:20:04.143] [WEB] POST /api/v1/game/action 234ms
[10:38:59.963 +02:20:05.618] [WEB] POST /api/v1/game/action 217ms
[10:39:01.465 +02:20:07.120] [WEB] POST /api/v1/game/action 217ms
[10:39:02.930 +02:20:08.585] [WEB] POST /api/v1/game/action 196ms
[10:39:04.478 +02:20:10.134] [WEB] POST /api/v1/game/action 230ms
[10:39:06.000 +02:20:11.656] [WEB] POST /api/v1/game/action 267ms
[10:39:07.444 +02:20:13.100] [WEB] POST /api/v1/game/action 197ms
[10:39:08.965 +02:20:14.621] [WEB] POST /api/v1/game/action 232ms
[10:39:10.507 +02:20:16.162] [WEB] POST /api/v1/game/action 229ms
[10:39:11.965 +02:20:17.621] [WEB] POST /api/v1/game/action 230ms
[10:39:13.473 +02:20:19.129] [WEB] POST /api/v1/game/action 231ms
[10:39:14.964 +02:20:20.620] [WEB] POST /api/v1/game/action 222ms
[10:39:16.483 +02:20:22.139] [WEB] POST /api/v1/game/action 232ms
[10:39:17.986 +02:20:23.642] [WEB] POST /api/v1/game/action 241ms
[10:39:19.500 +02:20:25.156] [WEB] POST /api/v1/game/action 232ms
[10:39:20.974 +02:20:26.630] [WEB] POST /api/v1/game/action 227ms
[10:39:22.468 +02:20:28.124] [WEB] POST /api/v1/game/action 226ms
[10:39:23.962 +02:20:29.618] [WEB] POST /api/v1/game/action 224ms
[10:39:25.477 +02:20:31.133] [WEB] POST /api/v1/game/action 232ms
[10:39:26.971 +02:20:32.626] [WEB] POST /api/v1/game/action 236ms
[10:39:28.476 +02:20:34.131] [WEB] POST /api/v1/game/action 227ms
[10:39:29.978 +02:20:35.634] [WEB] POST /api/v1/game/action 240ms
[10:39:31.503 +02:20:37.159] [WEB] POST /api/v1/game/action 230ms
[10:39:32.955 +02:20:38.611] [WEB] POST /api/v1/game/action 216ms
[10:39:34.458 +02:20:40.113] [WEB] POST /api/v1/game/action 213ms
[10:39:35.937 +02:20:41.592] [WEB] POST /api/v1/game/action 199ms
[10:39:37.488 +02:20:43.144] [WEB] POST /api/v1/game/action 216ms
[10:39:38.962 +02:20:44.617] [WEB] POST /api/v1/game/action 218ms
[10:39:40.486 +02:20:46.142] [WEB] POST /api/v1/game/action 225ms
[10:39:41.980 +02:20:47.636] [WEB] POST /api/v1/game/action 235ms
[10:39:43.472 +02:20:49.128] [WEB] POST /api/v1/game/action 212ms
[10:39:44.964 +02:20:50.620] [WEB] POST /api/v1/game/action 229ms
[10:39:46.490 +02:20:52.146] [WEB] POST /api/v1/game/action 226ms
[10:39:47.955 +02:20:53.610] [WEB] POST /api/v1/game/action 220ms
[10:39:49.487 +02:20:55.142] [WEB] POST /api/v1/game/action 234ms
[10:39:50.963 +02:20:56.619] [WEB] POST /api/v1/game/action 225ms
[10:39:52.481 +02:20:58.137] [WEB] POST /api/v1/game/action 220ms
[10:39:53.952 +02:20:59.607] [WEB] POST /api/v1/game/action 217ms
[10:39:55.459 +02:21:01.114] [WEB] POST /api/v1/game/action 213ms
[10:39:56.962 +02:21:02.618] [WEB] POST /api/v1/game/action 213ms
[10:39:58.467 +02:21:04.122] [WEB] POST /api/v1/game/action 231ms
[10:39:59.946 +02:21:05.601] [WEB] POST /api/v1/game/action 210ms
[10:40:01.505 +02:21:07.161] [WEB] POST /api/v1/game/action 232ms
[10:40:02.947 +02:21:08.602] [WEB] POST /api/v1/game/action 213ms
[10:40:04.470 +02:21:10.125] [WEB] POST /api/v1/game/action 218ms
[10:40:05.946 +02:21:11.602] [WEB] POST /api/v1/game/action 212ms
[10:40:07.475 +02:21:13.131] [WEB] POST /api/v1/game/action 228ms
[10:40:08.993 +02:21:14.649] [WEB] POST /api/v1/game/action 252ms
[10:40:10.478 +02:21:16.133] [WEB] POST /api/v1/game/action 234ms
[10:40:11.950 +02:21:17.606] [WEB] POST /api/v1/game/action 209ms
[10:40:13.460 +02:21:19.116] [WEB] POST /api/v1/game/action 210ms
[10:40:14.979 +02:21:20.635] [WEB] POST /api/v1/game/action 239ms
[10:40:16.536 +02:21:22.192] [WEB] POST /api/v1/game/action 267ms
[10:40:17.976 +02:21:23.632] [WEB] POST /api/v1/game/action 239ms
[10:40:19.490 +02:21:25.146] [WEB] POST /api/v1/game/action 235ms
[10:40:20.924 +02:21:26.580] [WEB] POST /api/v1/game/action 190ms
[10:40:22.456 +02:21:28.112] [WEB] POST /api/v1/game/action 212ms
[10:40:24.249 +02:21:29.905] [WEB] POST /api/v1/game/action 512ms
[10:40:25.678 +02:21:31.333] [WEB] POST /api/v1/game/action 391ms
[10:40:27.016 +02:21:32.672] [WEB] POST /api/v1/game/action 273ms
[10:40:28.533 +02:21:34.189] [WEB] POST /api/v1/game/action 268ms
[10:40:29.984 +02:21:35.639] [WEB] POST /api/v1/game/action 249ms
[10:40:31.488 +02:21:37.143] [WEB] POST /api/v1/game/action 238ms
[10:40:33.002 +02:21:38.657] [WEB] POST /api/v1/game/action 267ms
[10:40:34.485 +02:21:40.141] [WEB] POST /api/v1/game/action 239ms
[10:40:35.986 +02:21:41.642] [WEB] POST /api/v1/game/action 249ms
[10:40:37.566 +02:21:43.221] [WEB] POST /api/v1/game/action 310ms
[10:40:38.971 +02:21:44.626] [WEB] POST /api/v1/game/action 236ms
[10:40:40.453 +02:21:46.109] [WEB] POST /api/v1/game/action 206ms
[10:40:42.047 +02:21:47.703] [WEB] POST /api/v1/game/action 312ms
[10:40:43.470 +02:21:49.125] [WEB] POST /api/v1/game/action 226ms
[10:40:44.970 +02:21:50.626] [WEB] POST /api/v1/game/action 236ms
[10:40:46.478 +02:21:52.133] [WEB] POST /api/v1/game/action 221ms
[10:40:47.970 +02:21:53.625] [WEB] POST /api/v1/game/action 236ms
[10:40:49.632 +02:21:55.287] [WEB] POST /api/v1/game/action 337ms
[10:40:50.971 +02:21:56.626] [WEB] POST /api/v1/game/action 237ms
[10:40:52.494 +02:21:58.149] [WEB] POST /api/v1/game/action 233ms
[10:40:54.054 +02:21:59.709] [WEB] POST /api/v1/game/action 317ms
[10:40:55.496 +02:22:01.152] [WEB] POST /api/v1/game/action 199ms
[10:40:56.963 +02:22:02.619] [WEB] POST /api/v1/game/action 226ms
[10:40:58.450 +02:22:04.106] [WEB] POST /api/v1/game/action 194ms
[10:40:59.962 +02:22:05.618] [WEB] POST /api/v1/game/action 229ms
[10:41:01.565 +02:22:07.221] [WEB] POST /api/v1/game/action 301ms
[10:41:02.959 +02:22:08.614] [WEB] POST /api/v1/game/action 221ms
[10:41:04.513 +02:22:10.169] [WEB] POST /api/v1/game/action 246ms
[10:41:06.135 +02:22:11.791] [WEB] POST /api/v1/game/action 387ms
[10:41:07.496 +02:22:13.152] [WEB] POST /api/v1/game/action 235ms
[10:41:08.968 +02:22:14.624] [WEB] POST /api/v1/game/action 236ms
[10:41:10.496 +02:22:16.152] [WEB] POST /api/v1/game/action 215ms
[10:41:11.959 +02:22:17.615] [WEB] POST /api/v1/game/action 223ms
[10:41:13.599 +02:22:19.254] [WEB] POST /api/v1/game/action 328ms
[10:41:14.977 +02:22:20.633] [WEB] POST /api/v1/game/action 230ms
[10:41:16.487 +02:22:22.143] [WEB] POST /api/v1/game/action 234ms
[10:41:18.123 +02:22:23.779] [WEB] POST /api/v1/game/action 383ms
[10:41:19.487 +02:22:25.142] [WEB] POST /api/v1/game/action 232ms
[10:41:20.969 +02:22:26.625] [WEB] POST /api/v1/game/action 236ms
[10:41:22.497 +02:22:28.152] [WEB] POST /api/v1/game/action 231ms
[10:41:23.982 +02:22:29.637] [WEB] POST /api/v1/game/action 248ms
[10:41:25.584 +02:22:31.240] [WEB] POST /api/v1/game/action 331ms
[10:41:26.961 +02:22:32.616] [WEB] POST /api/v1/game/action 228ms
[10:41:28.518 +02:22:34.174] [WEB] POST /api/v1/game/action 244ms
[10:41:30.166 +02:22:35.822] [WEB] POST /api/v1/game/action 414ms
[10:41:31.455 +02:22:37.111] [WEB] POST /api/v1/game/action 215ms
[10:41:32.964 +02:22:38.620] [WEB] POST /api/v1/game/action 230ms
[10:41:34.547 +02:22:40.203] [WEB] POST /api/v1/game/action 225ms
[10:41:35.973 +02:22:41.628] [WEB] POST /api/v1/game/action 224ms
[10:41:37.538 +02:22:43.194] [WEB] POST /api/v1/game/action 266ms
[10:41:38.937 +02:22:44.592] [WEB] POST /api/v1/game/action 201ms
[10:41:40.476 +02:22:46.132] [WEB] POST /api/v1/game/action 228ms
[10:41:42.167 +02:22:47.823] [WEB] POST /api/v1/game/action 424ms
[10:41:43.483 +02:22:49.139] [WEB] POST /api/v1/game/action 221ms
[10:41:44.943 +02:22:50.599] [WEB] POST /api/v1/game/action 209ms
[10:41:46.526 +02:22:52.182] [WEB] POST /api/v1/game/action 255ms
[10:41:47.983 +02:22:53.639] [WEB] POST /api/v1/game/action 242ms
[10:41:49.532 +02:22:55.188] [WEB] POST /api/v1/game/action 276ms
[10:41:50.987 +02:22:56.642] [WEB] POST /api/v1/game/action 246ms
[10:41:52.626 +02:22:58.282] [WEB] POST /api/v1/game/action 359ms
[10:41:54.127 +02:22:59.783] [WEB] POST /api/v1/game/action 383ms
[10:41:55.518 +02:23:01.174] [WEB] POST /api/v1/game/action 250ms
[10:41:56.997 +02:23:02.653] [WEB] POST /api/v1/game/action 264ms
[10:41:58.570 +02:23:04.226] [WEB] POST /api/v1/game/action 270ms
[10:41:59.999 +02:23:05.655] [WEB] POST /api/v1/game/action 266ms
[10:42:01.518 +02:23:07.174] [WEB] POST /api/v1/game/action 283ms
[10:42:02.999 +02:23:08.654] [WEB] POST /api/v1/game/action 259ms
[10:42:04.522 +02:23:10.178] [WEB] POST /api/v1/game/action 275ms
[10:42:06.286 +02:23:11.941] [WEB] POST /api/v1/game/action 536ms
[10:42:07.516 +02:23:13.172] [WEB] POST /api/v1/game/action 266ms
[10:42:08.991 +02:23:14.647] [WEB] POST /api/v1/game/action 243ms
[10:42:10.613 +02:23:16.269] [WEB] POST /api/v1/game/action 295ms
[10:42:12.017 +02:23:17.672] [WEB] POST /api/v1/game/action 268ms
[10:42:13.518 +02:23:19.174] [WEB] POST /api/v1/game/action 252ms
[10:42:14.966 +02:23:20.622] [WEB] POST /api/v1/game/action 231ms
[10:42:16.581 +02:23:22.236] [WEB] POST /api/v1/game/action 317ms
[10:42:18.243 +02:23:23.899] [WEB] POST /api/v1/game/action 502ms
[10:42:19.680 +02:23:25.335] [WEB] POST /api/v1/game/action 318ms
[10:42:20.998 +02:23:26.654] [WEB] POST /api/v1/game/action 258ms
[10:42:22.679 +02:23:28.334] [WEB] POST /api/v1/game/action 339ms
[10:42:24.026 +02:23:29.681] [WEB] POST /api/v1/game/action 276ms
[10:42:25.484 +02:23:31.140] [WEB] POST /api/v1/game/action 248ms
[10:42:26.999 +02:23:32.654] [WEB] POST /api/v1/game/action 260ms
[10:42:28.500 +02:23:34.155] [WEB] POST /api/v1/game/action 266ms
[10:42:30.148 +02:23:35.804] [WEB] POST /api/v1/game/action 404ms
[10:42:31.493 +02:23:37.149] [WEB] POST /api/v1/game/action 256ms
[10:42:32.985 +02:23:38.640] [WEB] POST /api/v1/game/action 240ms
[10:42:34.652 +02:23:40.308] [WEB] POST /api/v1/game/action 304ms
[10:42:35.982 +02:23:41.637] [WEB] POST /api/v1/game/action 248ms
[10:42:37.489 +02:23:43.144] [WEB] POST /api/v1/game/action 254ms
[10:42:38.978 +02:23:44.633] [WEB] POST /api/v1/game/action 239ms
[10:42:40.514 +02:23:46.169] [WEB] POST /api/v1/game/action 277ms
[10:42:42.202 +02:23:47.857] [WEB] POST /api/v1/game/action 452ms
[10:42:43.650 +02:23:49.306] [WEB] POST /api/v1/game/action 371ms
[10:42:45.202 +02:23:50.858] [WEB] POST /api/v1/game/action 457ms
[10:42:46.538 +02:23:52.194] [WEB] POST /api/v1/game/action 286ms
[10:42:47.997 +02:23:53.653] [WEB] POST /api/v1/game/action 257ms
[10:42:49.480 +02:23:55.136] [WEB] POST /api/v1/game/action 229ms
[10:42:50.951 +02:23:56.606] [WEB] POST /api/v1/game/action 217ms
[10:42:52.482 +02:23:58.138] [WEB] POST /api/v1/game/action 217ms
[10:42:54.079 +02:23:59.735] [WEB] POST /api/v1/game/action 334ms
[10:42:55.485 +02:24:01.141] [WEB] POST /api/v1/game/action 238ms
[10:42:57.054 +02:24:02.710] [WEB] POST /api/v1/game/action 314ms
[10:42:58.651 +02:24:04.307] [WEB] POST /api/v1/game/action 318ms
[10:42:59.950 +02:24:05.606] [WEB] POST /api/v1/game/action 217ms
[10:43:01.533 +02:24:07.188] [WEB] POST /api/v1/game/action 285ms
[10:43:02.962 +02:24:08.618] [WEB] POST /api/v1/game/action 224ms
[10:43:04.524 +02:24:10.180] [WEB] POST /api/v1/game/action 269ms
[10:43:06.066 +02:24:11.721] [WEB] POST /api/v1/game/action 327ms
[10:43:07.488 +02:24:13.144] [WEB] POST /api/v1/game/action 222ms
[10:43:08.968 +02:24:14.624] [WEB] POST /api/v1/game/action 226ms
[10:43:10.731 +02:24:16.387] [WEB] POST /api/v1/game/action 317ms
[10:43:11.966 +02:24:17.622] [WEB] POST /api/v1/game/action 231ms
[10:43:13.494 +02:24:19.150] [WEB] POST /api/v1/game/action 231ms
[10:43:14.980 +02:24:20.636] [WEB] POST /api/v1/game/action 241ms
[10:43:16.487 +02:24:22.142] [WEB] POST /api/v1/game/action 231ms
[10:43:18.070 +02:24:23.725] [WEB] POST /api/v1/game/action 325ms
[10:43:19.478 +02:24:25.134] [WEB] POST /api/v1/game/action 211ms
[10:43:21.083 +02:24:26.738] [WEB] POST /api/v1/game/action 336ms
[10:43:22.623 +02:24:28.279] [WEB] POST /api/v1/game/action 349ms
[10:43:23.983 +02:24:29.639] [WEB] POST /api/v1/game/action 249ms
[10:43:25.549 +02:24:31.204] [WEB] POST /api/v1/game/action 279ms
[10:43:26.998 +02:24:32.654] [WEB] POST /api/v1/game/action 247ms
[10:43:28.482 +02:24:34.138] [WEB] POST /api/v1/game/action 230ms
[10:43:30.047 +02:24:35.703] [WEB] POST /api/v1/game/action 313ms
[10:43:31.503 +02:24:37.159] [WEB] POST /api/v1/game/action 229ms
[10:43:32.963 +02:24:38.618] [WEB] POST /api/v1/game/action 226ms
[10:43:34.633 +02:24:40.289] [WEB] POST /api/v1/game/action 337ms
[10:43:35.984 +02:24:41.640] [WEB] POST /api/v1/game/action 245ms
[10:43:37.495 +02:24:43.151] [WEB] POST /api/v1/game/action 233ms
[10:43:38.952 +02:24:44.608] [WEB] POST /api/v1/game/action 204ms
[10:43:40.486 +02:24:46.142] [WEB] POST /api/v1/game/action 241ms
[10:43:42.051 +02:24:47.707] [WEB] POST /api/v1/game/action 305ms
[10:43:43.474 +02:24:49.130] [WEB] POST /api/v1/game/action 220ms
[10:43:44.962 +02:24:50.618] [WEB] POST /api/v1/game/action 226ms
[10:43:46.597 +02:24:52.252] [WEB] POST /api/v1/game/action 322ms
[10:43:47.965 +02:24:53.621] [WEB] POST /api/v1/game/action 230ms
[10:43:49.463 +02:24:55.118] [WEB] POST /api/v1/game/action 210ms
[10:43:50.964 +02:24:56.620] [WEB] POST /api/v1/game/action 229ms
[10:43:52.477 +02:24:58.133] [WEB] POST /api/v1/game/action 232ms
[10:43:54.049 +02:24:59.705] [WEB] POST /api/v1/game/action 310ms
[10:43:55.469 +02:25:01.125] [WEB] POST /api/v1/game/action 217ms
[10:43:56.951 +02:25:02.606] [WEB] POST /api/v1/game/action 209ms
[10:43:58.780 +02:25:04.436] [WEB] POST /api/v1/game/action 469ms
[10:44:00.039 +02:25:05.695] [WEB] POST /api/v1/game/action 289ms
[10:44:01.566 +02:25:07.222] [WEB] POST /api/v1/game/action 268ms
[10:44:03.017 +02:25:08.673] [WEB] POST /api/v1/game/action 268ms
[10:44:04.534 +02:25:10.190] [WEB] POST /api/v1/game/action 267ms
[10:44:06.049 +02:25:11.705] [WEB] POST /api/v1/game/action 303ms
[10:44:07.553 +02:25:13.209] [WEB] POST /api/v1/game/action 261ms
[10:44:08.996 +02:25:14.652] [WEB] POST /api/v1/game/action 262ms
[10:44:10.679 +02:25:16.335] [WEB] POST /api/v1/game/action 343ms
[10:44:12.005 +02:25:17.661] [WEB] POST /api/v1/game/action 261ms
[10:44:13.503 +02:25:19.158] [WEB] POST /api/v1/game/action 237ms
[10:44:15.016 +02:25:20.672] [WEB] POST /api/v1/game/action 282ms
[10:44:16.518 +02:25:22.174] [WEB] POST /api/v1/game/action 275ms
[10:44:18.070 +02:25:23.726] [WEB] POST /api/v1/game/action 334ms
[10:44:19.563 +02:25:25.218] [WEB] POST /api/v1/game/action 275ms
[10:44:21.004 +02:25:26.660] [WEB] POST /api/v1/game/action 256ms
[10:44:22.661 +02:25:28.316] [WEB] POST /api/v1/game/action 345ms
[10:44:23.997 +02:25:29.653] [WEB] POST /api/v1/game/action 262ms
[10:44:25.496 +02:25:31.152] [WEB] POST /api/v1/game/action 259ms
[10:44:26.997 +02:25:32.652] [WEB] POST /api/v1/game/action 260ms
[10:44:28.486 +02:25:34.141] [WEB] POST /api/v1/game/action 249ms
[10:44:30.046 +02:25:35.702] [WEB] POST /api/v1/game/action 309ms
[10:44:31.513 +02:25:37.169] [WEB] POST /api/v1/game/action 256ms
[10:44:33.017 +02:25:38.672] [WEB] POST /api/v1/game/action 274ms
[10:44:34.697 +02:25:40.352] [WEB] POST /api/v1/game/action 389ms
[10:44:36.028 +02:25:41.683] [WEB] POST /api/v1/game/action 285ms
[10:44:37.519 +02:25:43.175] [WEB] POST /api/v1/game/action 283ms
[10:44:39.003 +02:25:44.658] [WEB] POST /api/v1/game/action 268ms
[10:44:40.531 +02:25:46.186] [WEB] POST /api/v1/game/action 264ms
[10:44:42.043 +02:25:47.698] [WEB] POST /api/v1/game/action 303ms
[10:44:43.526 +02:25:49.182] [WEB] POST /api/v1/game/action 256ms
[10:44:45.003 +02:25:50.659] [WEB] POST /api/v1/game/action 259ms
[10:44:46.681 +02:25:52.337] [WEB] POST /api/v1/game/action 328ms
[10:44:47.998 +02:25:53.654] [WEB] POST /api/v1/game/action 263ms
[10:44:49.516 +02:25:55.172] [WEB] POST /api/v1/game/action 253ms
[10:44:51.013 +02:25:56.669] [WEB] POST /api/v1/game/action 277ms
[10:44:52.532 +02:25:58.187] [WEB] POST /api/v1/game/action 265ms
[10:44:54.085 +02:25:59.741] [WEB] POST /api/v1/game/action 351ms
[10:44:55.519 +02:26:01.175] [WEB] POST /api/v1/game/action 270ms
[10:44:57.029 +02:26:02.685] [WEB] POST /api/v1/game/action 280ms
[10:44:58.637 +02:26:04.292] [WEB] POST /api/v1/game/action 351ms
[10:44:59.999 +02:26:05.655] [WEB] POST /api/v1/game/action 265ms
[10:45:01.498 +02:26:07.153] [WEB] POST /api/v1/game/action 262ms
[10:45:03.013 +02:26:08.668] [WEB] POST /api/v1/game/action 259ms
[10:45:04.496 +02:26:10.152] [WEB] POST /api/v1/game/action 260ms
[10:45:06.015 +02:26:11.671] [WEB] POST /api/v1/game/action 281ms
[10:45:07.529 +02:26:13.184] [WEB] POST /api/v1/game/action 275ms
[10:45:08.990 +02:26:14.646] [WEB] POST /api/v1/game/action 249ms
[10:45:10.683 +02:26:16.339] [WEB] POST /api/v1/game/action 372ms
[10:45:12.014 +02:26:17.670] [WEB] POST /api/v1/game/action 269ms
[10:45:13.518 +02:26:19.174] [WEB] POST /api/v1/game/action 269ms
[10:45:15.035 +02:26:20.691] [WEB] POST /api/v1/game/action 284ms
[10:45:16.501 +02:26:22.157] [WEB] POST /api/v1/game/action 240ms
[10:45:18.002 +02:26:23.658] [WEB] POST /api/v1/game/action 256ms
[10:45:19.557 +02:26:25.213] [WEB] POST /api/v1/game/action 289ms
[10:45:20.998 +02:26:26.654] [WEB] POST /api/v1/game/action 250ms
[10:45:22.670 +02:26:28.326] [WEB] POST /api/v1/game/action 378ms
[10:45:23.995 +02:26:29.650] [WEB] POST /api/v1/game/action 259ms
[10:45:25.563 +02:26:31.219] [WEB] POST /api/v1/game/action 262ms
[10:45:27.057 +02:26:32.713] [WEB] POST /api/v1/game/action 307ms
[10:45:28.497 +02:26:34.153] [WEB] POST /api/v1/game/action 260ms
[10:45:30.012 +02:26:35.668] [WEB] POST /api/v1/game/action 275ms
[10:45:31.501 +02:26:37.157] [WEB] POST /api/v1/game/action 252ms
[10:45:33.018 +02:26:38.674] [WEB] POST /api/v1/game/action 283ms
[10:45:34.651 +02:26:40.307] [WEB] POST /api/v1/game/action 353ms
[10:45:36.002 +02:26:41.658] [WEB] POST /api/v1/game/action 254ms
[10:45:37.495 +02:26:43.151] [WEB] POST /api/v1/game/action 243ms
[10:45:39.082 +02:26:44.738] [WEB] POST /api/v1/game/action 328ms
[10:45:40.498 +02:26:46.154] [WEB] POST /api/v1/game/action 261ms
[10:45:42.063 +02:26:47.719] [WEB] POST /api/v1/game/action 328ms
[10:45:43.521 +02:26:49.177] [WEB] POST /api/v1/game/action 238ms
[10:45:44.999 +02:26:50.654] [WEB] POST /api/v1/game/action 262ms
[10:45:46.766 +02:26:52.421] [WEB] POST /api/v1/game/action 415ms
[10:45:48.018 +02:26:53.673] [WEB] POST /api/v1/game/action 274ms
[10:45:49.532 +02:26:55.187] [WEB] POST /api/v1/game/action 286ms
[10:45:51.068 +02:26:56.724] [WEB] POST /api/v1/game/action 330ms
[10:45:52.568 +02:26:58.224] [WEB] POST /api/v1/game/action 281ms
[10:45:54.002 +02:26:59.657] [WEB] POST /api/v1/game/action 253ms
[10:45:55.501 +02:27:01.157] [WEB] POST /api/v1/game/action 265ms
[10:45:57.015 +02:27:02.670] [WEB] POST /api/v1/game/action 260ms
[10:45:58.652 +02:27:04.308] [WEB] POST /api/v1/game/action 332ms
[10:46:00.017 +02:27:05.673] [WEB] POST /api/v1/game/action 272ms
[10:46:01.528 +02:27:07.183] [WEB] POST /api/v1/game/action 245ms
[10:46:03.031 +02:27:08.687] [WEB] POST /api/v1/game/action 295ms
[10:46:04.500 +02:27:10.155] [WEB] POST /api/v1/game/action 255ms
[10:46:06.001 +02:27:11.657] [WEB] POST /api/v1/game/action 266ms
[10:46:07.517 +02:27:13.172] [WEB] POST /api/v1/game/action 271ms
[10:46:09.036 +02:27:14.692] [WEB] POST /api/v1/game/action 293ms
[10:46:10.587 +02:27:16.243] [WEB] POST /api/v1/game/action 335ms
[10:46:12.014 +02:27:17.670] [WEB] POST /api/v1/game/action 270ms
[10:46:13.534 +02:27:19.190] [WEB] POST /api/v1/game/action 264ms
[10:46:15.063 +02:27:20.719] [WEB] POST /api/v1/game/action 319ms
[10:46:16.535 +02:27:22.191] [WEB] POST /api/v1/game/action 265ms
[10:46:17.999 +02:27:23.655] [WEB] POST /api/v1/game/action 249ms
[10:46:19.500 +02:27:25.156] [WEB] POST /api/v1/game/action 266ms
[10:46:20.996 +02:27:26.652] [WEB] POST /api/v1/game/action 262ms
[10:46:22.672 +02:27:28.327] [WEB] POST /api/v1/game/action 367ms
[10:46:24.005 +02:27:29.661] [WEB] POST /api/v1/game/action 267ms
[10:46:25.519 +02:27:31.175] [WEB] POST /api/v1/game/action 255ms
[10:46:27.099 +02:27:32.755] [WEB] POST /api/v1/game/action 363ms
[10:46:28.504 +02:27:34.160] [WEB] POST /api/v1/game/action 253ms
[10:46:30.026 +02:27:35.682] [WEB] POST /api/v1/game/action 274ms
[10:46:31.502 +02:27:37.158] [WEB] POST /api/v1/game/action 265ms
[10:46:33.002 +02:27:38.657] [WEB] POST /api/v1/game/action 255ms
[10:46:34.600 +02:27:40.255] [WEB] POST /api/v1/game/action 312ms
[10:46:35.977 +02:27:41.633] [WEB] POST /api/v1/game/action 243ms
[10:46:37.532 +02:27:43.188] [WEB] POST /api/v1/game/action 268ms
[10:46:39.079 +02:27:44.735] [WEB] POST /api/v1/game/action 331ms
[10:46:40.513 +02:27:46.169] [WEB] POST /api/v1/game/action 258ms
[10:46:41.984 +02:27:47.640] [WEB] POST /api/v1/game/action 248ms
[10:46:43.517 +02:27:49.173] [WEB] POST /api/v1/game/action 249ms
[10:46:44.995 +02:27:50.651] [WEB] POST /api/v1/game/action 255ms
[10:46:46.517 +02:27:52.173] [WEB] POST /api/v1/game/action 262ms
[10:46:47.992 +02:27:53.647] [WEB] POST /api/v1/game/action 250ms
[10:46:49.519 +02:27:55.175] [WEB] POST /api/v1/game/action 281ms
[10:46:51.013 +02:27:56.669] [WEB] POST /api/v1/game/action 263ms
[10:46:52.537 +02:27:58.193] [WEB] POST /api/v1/game/action 248ms
[10:46:54.052 +02:27:59.708] [WEB] POST /api/v1/game/action 315ms
[10:46:55.449 +02:28:01.105] [WEB] POST /api/v1/game/action 212ms
[10:46:56.979 +02:28:02.635] [WEB] POST /api/v1/game/action 228ms
[10:46:58.454 +02:28:04.110] [WEB] POST /api/v1/game/action 208ms
[10:46:59.990 +02:28:05.646] [WEB] POST /api/v1/game/action 255ms
[10:47:01.496 +02:28:07.151] [WEB] POST /api/v1/game/action 252ms
[10:47:02.961 +02:28:08.616] [WEB] POST /api/v1/game/action 223ms
[10:47:05.002 +02:28:10.657] [WEB] POST /api/v1/game/action 570ms
[10:47:06.166 +02:28:11.821] [WEB] POST /api/v1/game/action 430ms
[10:47:07.779 +02:28:13.435] [WEB] POST /api/v1/game/action 334ms
[10:47:08.989 +02:28:14.644] [WEB] POST /api/v1/game/action 244ms
[10:47:10.511 +02:28:16.167] [WEB] POST /api/v1/game/action 245ms
[10:47:11.957 +02:28:17.613] [WEB] POST /api/v1/game/action 222ms
[10:47:13.498 +02:28:19.154] [WEB] POST /api/v1/game/action 234ms
[10:47:14.993 +02:28:20.649] [WEB] POST /api/v1/game/action 251ms
[10:47:16.613 +02:28:22.268] [WEB] POST /api/v1/game/action 341ms
[10:47:17.974 +02:28:23.629] [WEB] POST /api/v1/game/action 237ms
[10:47:19.515 +02:28:25.171] [WEB] POST /api/v1/game/action 249ms
[10:47:20.983 +02:28:26.639] [WEB] POST /api/v1/game/action 243ms
[10:47:22.480 +02:28:28.136] [WEB] POST /api/v1/game/action 225ms
[10:47:23.990 +02:28:29.645] [WEB] POST /api/v1/game/action 249ms
[10:47:25.511 +02:28:31.166] [WEB] POST /api/v1/game/action 250ms
[10:47:27.028 +02:28:32.684] [WEB] POST /api/v1/game/action 276ms
[10:47:28.464 +02:28:34.120] [WEB] POST /api/v1/game/action 215ms
[10:47:29.963 +02:28:35.619] [WEB] POST /api/v1/game/action 229ms
[10:47:31.704 +02:28:37.360] [WEB] POST /api/v1/game/action 404ms
[10:47:33.018 +02:28:38.674] [WEB] POST /api/v1/game/action 268ms
[10:47:34.517 +02:28:40.172] [WEB] POST /api/v1/game/action 248ms
[10:47:35.980 +02:28:41.636] [WEB] POST /api/v1/game/action 246ms
[10:47:37.468 +02:28:43.124] [WEB] POST /api/v1/game/action 215ms
[10:47:38.961 +02:28:44.617] [WEB] POST /api/v1/game/action 225ms
[10:47:40.504 +02:28:46.160] [WEB] POST /api/v1/game/action 236ms
[10:47:42.274 +02:28:47.930] [WEB] POST /api/v1/game/action 521ms
[10:47:43.563 +02:28:49.218] [WEB] POST /api/v1/game/action 226ms
[10:47:44.971 +02:28:50.627] [WEB] POST /api/v1/game/action 227ms
[10:47:46.516 +02:28:52.171] [WEB] POST /api/v1/game/action 255ms
[10:47:47.940 +02:28:53.596] [WEB] POST /api/v1/game/action 201ms
[10:47:49.493 +02:28:55.149] [WEB] POST /api/v1/game/action 256ms
[10:47:50.997 +02:28:56.653] [WEB] POST /api/v1/game/action 247ms
[10:47:52.564 +02:28:58.219] [WEB] POST /api/v1/game/action 296ms
[10:47:53.961 +02:28:59.617] [WEB] POST /api/v1/game/action 217ms
[10:47:55.525 +02:29:01.181] [WEB] POST /api/v1/game/action 250ms
[10:47:57.114 +02:29:02.769] [WEB] POST /api/v1/game/action 377ms
[10:47:58.539 +02:29:04.195] [WEB] POST /api/v1/game/action 279ms
[10:48:00.025 +02:29:05.681] [WEB] POST /api/v1/game/action 286ms
[10:48:01.492 +02:29:07.147] [WEB] POST /api/v1/game/action 219ms
[10:48:03.231 +02:29:08.886] [WEB] POST /api/v1/game/action 496ms
[10:48:04.472 +02:29:10.128] [WEB] POST /api/v1/game/action 222ms
[10:48:05.769 +02:29:11.425] [WEB] POST /api/v1/script 51ms
[10:48:06.014 +02:29:11.670] [WEB] POST /api/v1/game/action 236ms
[10:48:06.074 +02:29:11.730] [WEB] POST /api/v1/script 54ms
[10:48:06.159 +02:29:11.815] [WEB] POST /api/v1/script 71ms
[10:48:06.226 +02:29:11.882] [WEB] POST /api/v1/script 61ms
[10:48:06.284 +02:29:11.939] [WEB] POST /api/v1/script 54ms
[10:48:06.346 +02:29:12.002] [WEB] POST /api/v1/script 57ms
[10:48:06.409 +02:29:12.064] [WEB] POST /api/v1/script 55ms
[10:48:06.436 +02:29:12.092] [WEB] POST /api/v1/script 23ms
[10:48:06.517 +02:29:12.173] [WEB] POST /api/v1/script 70ms
[10:48:06.573 +02:29:12.228] [WEB] POST /api/v1/script 49ms
[10:48:06.642 +02:29:12.297] [WEB] POST /api/v1/script 60ms
[10:48:06.702 +02:29:12.358] [WEB] POST /api/v1/script 53ms
[10:48:06.731 +02:29:12.387] [WEB] POST /api/v1/script 18ms
[10:48:06.811 +02:29:12.466] [WEB] POST /api/v1/script 72ms
[10:48:06.869 +02:29:12.525] [WEB] POST /api/v1/script 54ms
[10:48:08.366 +02:29:14.021] [WEB] POST /api/v1/script 1492ms
[10:48:08.554 +02:29:14.210] [WEB] POST /api/v1/game/action 180ms
[10:48:08.571 +02:29:14.226] [WEB] POST /api/v1/script 13ms
[10:48:14.458 +02:29:20.114] [WEB] POST /api/v1/script 5874ms
[10:48:14.639 +02:29:20.295] [WEB] POST /api/v1/game/action 172ms
[10:48:14.801 +02:29:20.457] [WEB] POST /api/v1/game/action 158ms
[10:48:15.010 +02:29:20.666] [WEB] POST /api/v1/game/action 206ms
[10:48:15.175 +02:29:20.831] [WEB] POST /api/v1/game/action 159ms
[10:48:15.227 +02:29:20.883] [WEB] POST /api/v1/script 49ms
[10:48:15.380 +02:29:21.035] [WEB] POST /api/v1/game/action 148ms
[10:48:15.429 +02:29:21.084] [WEB] POST /api/v1/script 45ms
[10:48:15.505 +02:29:21.161] [WEB] POST /api/v1/script 71ms
[10:48:15.565 +02:29:21.220] [WEB] POST /api/v1/script 56ms
[10:48:16.643 +02:29:22.298] [WEB] POST /api/v1/script 1073ms
[10:48:16.802 +02:29:22.458] [WEB] POST /api/v1/game/action 155ms
[10:48:17.300 +02:29:22.956] [WEB] POST /api/v1/script 494ms
[10:48:17.601 +02:29:23.257] [WEB] POST /api/v1/script 292ms
[10:48:19.026 +02:29:24.682] [WEB] POST /api/v1/script 1400ms
[10:48:19.212 +02:29:24.868] [WEB] POST /api/v1/game/action 181ms
[10:48:19.234 +02:29:24.890] [WEB] POST /api/v1/script 17ms
[10:48:19.442 +02:29:25.098] [WEB] POST /api/v1/game/action 196ms
[10:48:19.639 +02:29:25.295] [WEB] POST /api/v1/script 194ms
[10:48:19.708 +02:29:25.363] [WEB] POST /api/v1/script 60ms
[10:48:19.774 +02:29:25.430] [WEB] POST /api/v1/script 63ms
[10:48:19.844 +02:29:25.500] [WEB] POST /api/v1/script 66ms
[10:48:19.906 +02:29:25.561] [WEB] POST /api/v1/script 56ms
[10:48:21.010 +02:29:26.665] [WEB] POST /api/v1/script 1096ms
[10:48:21.182 +02:29:26.838] [WEB] POST /api/v1/game/action 166ms
[10:48:21.740 +02:29:27.396] [WEB] POST /api/v1/script 553ms
[10:48:22.040 +02:29:27.696] [WEB] POST /api/v1/script 292ms
[10:48:23.459 +02:29:29.115] [WEB] POST /api/v1/script 1412ms
[10:48:23.640 +02:29:29.295] [WEB] POST /api/v1/game/action 174ms
[10:48:23.867 +02:29:29.523] [WEB] POST /api/v1/script 223ms
[10:48:24.033 +02:29:29.688] [WEB] POST /api/v1/game/action 162ms
[10:48:24.263 +02:29:29.919] [WEB] POST /api/v1/script 226ms
[10:48:24.294 +02:29:29.950] [WEB] POST /api/v1/script 23ms
[10:48:24.931 +02:29:30.586] [WEB] POST /api/v1/script 633ms
[10:48:25.016 +02:29:30.672] [WEB] POST /api/v1/script 78ms
[10:48:25.082 +02:29:30.738] [WEB] POST /api/v1/script 59ms
[10:48:25.144 +02:29:30.800] [WEB] POST /api/v1/script 55ms
[10:48:26.138 +02:29:31.794] [WEB] POST /api/v1/script 989ms
[10:48:26.332 +02:29:31.988] [WEB] POST /api/v1/game/action 185ms
[10:48:26.809 +02:29:32.465] [WEB] POST /api/v1/script 474ms
[10:48:27.012 +02:29:32.668] [WEB] POST /api/v1/game/action 195ms
[10:48:27.268 +02:29:32.924] [WEB] POST /api/v1/script 252ms
[10:48:28.673 +02:29:34.329] [WEB] POST /api/v1/script 1398ms
[10:48:28.864 +02:29:34.520] [WEB] POST /api/v1/game/action 186ms
[10:48:29.047 +02:29:34.703] [WEB] POST /api/v1/script 180ms
[10:48:29.111 +02:29:34.767] [WEB] POST /api/v1/script 59ms
[10:48:29.181 +02:29:34.837] [WEB] POST /api/v1/script 65ms
[10:48:29.264 +02:29:34.919] [WEB] POST /api/v1/script 75ms
[10:48:30.294 +02:29:35.950] [WEB] POST /api/v1/script 1025ms
[10:48:30.482 +02:29:36.138] [WEB] POST /api/v1/game/action 179ms
[10:48:30.929 +02:29:36.584] [WEB] POST /api/v1/script 441ms
[10:48:31.186 +02:29:36.841] [WEB] POST /api/v1/script 250ms
[10:48:32.579 +02:29:38.234] [WEB] POST /api/v1/script 1382ms
[10:48:32.823 +02:29:38.478] [WEB] POST /api/v1/game/action 234ms
[10:48:32.843 +02:29:38.499] [WEB] POST /api/v1/script 17ms
[10:48:33.443 +02:29:39.098] [WEB] POST /api/v1/game/action 595ms
[10:48:38.155 +02:29:43.811] [WEB] POST /api/v1/script 4706ms
[10:48:38.367 +02:29:44.023] [WEB] POST /api/v1/game/action 204ms
[10:48:38.559 +02:29:44.215] [WEB] POST /api/v1/game/action 188ms
[10:48:38.814 +02:29:44.470] [WEB] POST /api/v1/game/action 249ms
[10:48:38.898 +02:29:44.554] [WEB] POST /api/v1/script 80ms
[10:48:39.270 +02:29:44.925] [WEB] POST /api/v1/game/action 366ms
[10:48:39.345 +02:29:45.001] [WEB] POST /api/v1/script 68ms
[10:48:40.499 +02:29:46.155] [WEB] POST /api/v1/script 1149ms
[10:48:40.682 +02:29:46.338] [WEB] POST /api/v1/game/action 176ms
[10:48:41.118 +02:29:46.773] [WEB] POST /api/v1/script 432ms
[10:48:41.334 +02:29:46.990] [WEB] POST /api/v1/script 208ms
[10:48:42.792 +02:29:48.447] [WEB] POST /api/v1/script 1447ms
[10:48:42.997 +02:29:48.652] [WEB] POST /api/v1/game/action 195ms
[10:48:43.180 +02:29:48.836] [WEB] POST /api/v1/script 180ms
[10:48:43.255 +02:29:48.911] [WEB] POST /api/v1/script 69ms
[10:48:43.486 +02:29:49.142] [WEB] POST /api/v1/game/action 226ms
[10:48:43.538 +02:29:49.193] [WEB] POST /api/v1/script 47ms
[10:48:45.180 +02:29:50.836] [WEB] POST /api/v1/script 1639ms
[10:48:45.390 +02:29:51.046] [WEB] POST /api/v1/game/action 206ms
[10:48:45.891 +02:29:51.546] [WEB] POST /api/v1/script 494ms
[10:48:46.147 +02:29:51.803] [WEB] POST /api/v1/script 251ms
[10:48:47.626 +02:29:53.282] [WEB] POST /api/v1/script 1469ms
[10:48:47.829 +02:29:53.484] [WEB] POST /api/v1/game/action 196ms
[10:48:48.050 +02:29:53.706] [WEB] POST /api/v1/script 217ms
[10:48:48.251 +02:29:53.907] [WEB] POST /api/v1/game/action 197ms
[10:48:48.483 +02:29:54.139] [WEB] POST /api/v1/script 228ms
[10:48:48.517 +02:29:54.173] [WEB] POST /api/v1/script 26ms
[10:48:52.955 +02:29:58.611] [WEB] POST /api/v1/script 4435ms
[10:48:53.221 +02:29:58.877] [WEB] POST /api/v1/game/action 259ms
[10:48:53.428 +02:29:59.084] [WEB] POST /api/v1/game/action 199ms
[10:48:53.747 +02:29:59.403] [WEB] POST /api/v1/game/action 316ms
[10:48:53.829 +02:29:59.485] [WEB] POST /api/v1/script 77ms
[10:48:54.080 +02:29:59.736] [WEB] POST /api/v1/game/action 246ms
[10:48:54.132 +02:29:59.787] [WEB] POST /api/v1/script 45ms
[10:48:54.225 +02:29:59.881] [WEB] POST /api/v1/script 89ms
[10:48:55.434 +03:30:01.090] [WEB] POST /api/v1/script 1204ms
[10:48:55.631 +03:30:01.287] [WEB] POST /api/v1/game/action 189ms
[10:48:56.102 +03:30:01.757] [WEB] POST /api/v1/script 467ms
[10:48:56.384 +03:30:02.040] [WEB] POST /api/v1/script 274ms
[10:48:57.885 +03:30:03.540] [WEB] POST /api/v1/script 1472ms
[10:48:58.060 +03:30:03.716] [WEB] POST /api/v1/game/action 171ms
[10:48:58.232 +03:30:03.888] [WEB] POST /api/v1/script 166ms
[10:48:58.305 +03:30:03.960] [WEB] POST /api/v1/script 69ms
[10:48:58.487 +03:30:04.143] [WEB] POST /api/v1/game/action 179ms
[10:48:58.542 +03:30:04.198] [WEB] POST /api/v1/script 46ms
[10:48:58.614 +03:30:04.270] [WEB] POST /api/v1/script 69ms
[10:48:59.594 +03:30:05.249] [WEB] POST /api/v1/script 975ms
[10:49:00.089 +03:30:05.745] [WEB] POST /api/v1/script 489ms
[10:49:00.287 +03:30:05.943] [WEB] POST /api/v1/game/action 189ms
[10:49:00.502 +03:30:06.158] [WEB] POST /api/v1/script 211ms
[10:49:01.973 +03:30:07.629] [WEB] POST /api/v1/script 1449ms
[10:49:02.144 +03:30:07.799] [WEB] POST /api/v1/game/action 163ms
[10:49:02.364 +03:30:08.019] [WEB] POST /api/v1/script 216ms
[10:49:02.581 +03:30:08.237] [WEB] POST /api/v1/script 214ms
[10:49:02.611 +03:30:08.267] [WEB] POST /api/v1/script 22ms
[10:49:02.797 +03:30:08.452] [WEB] POST /api/v1/script 182ms
[10:49:02.965 +03:30:08.620] [WEB] POST /api/v1/game/action 163ms
[10:49:03.026 +03:30:08.681] [WEB] POST /api/v1/script 58ms
[10:49:03.105 +03:30:08.761] [WEB] POST /api/v1/script 75ms
[10:49:03.168 +03:30:08.823] [WEB] POST /api/v1/script 58ms
[10:49:04.176 +03:30:09.832] [WEB] POST /api/v1/script 1005ms
[10:49:04.657 +03:30:10.313] [WEB] POST /api/v1/script 471ms
[10:49:04.849 +03:30:10.505] [WEB] POST /api/v1/game/action 186ms
[10:49:05.071 +03:30:10.726] [WEB] POST /api/v1/script 217ms
[10:49:06.493 +03:30:12.149] [WEB] POST /api/v1/script 1415ms
[10:49:06.660 +03:30:12.316] [WEB] POST /api/v1/game/action 160ms
[10:49:06.876 +03:30:12.532] [WEB] POST /api/v1/script 210ms
[10:49:07.106 +03:30:12.762] [WEB] POST /api/v1/script 222ms
[10:49:07.134 +03:30:12.789] [WEB] POST /api/v1/script 24ms
[10:49:10.152 +03:30:15.808] [WEB] POST /api/v1/script 3014ms
[10:49:10.384 +03:30:16.040] [WEB] POST /api/v1/game/action 222ms
[10:49:10.598 +03:30:16.253] [WEB] POST /api/v1/game/action 210ms
[10:49:10.654 +03:30:16.310] [WEB] POST /api/v1/script 50ms
[10:49:10.894 +03:30:16.550] [WEB] POST /api/v1/game/action 235ms
[10:49:12.227 +03:30:17.883] [WEB] POST /api/v1/script 1323ms
[10:49:12.487 +03:30:18.143] [WEB] POST /api/v1/game/action 251ms
[10:49:13.364 +03:30:19.020] [WEB] POST /api/v1/script 870ms
[10:49:13.636 +03:30:19.291] [WEB] POST /api/v1/game/action 266ms
[10:49:13.745 +03:30:19.401] [WEB] POST /api/v1/script 103ms
[10:49:15.426 +03:30:21.081] [WEB] POST /api/v1/script 1672ms
[10:49:15.653 +03:30:21.309] [WEB] POST /api/v1/game/action 222ms
[10:49:15.679 +03:30:21.335] [WEB] POST /api/v1/script 21ms
[10:49:16.134 +03:30:21.790] [WEB] POST /api/v1/script 446ms
[10:49:16.301 +03:30:21.957] [WEB] POST /api/v1/script 162ms
[10:49:16.550 +03:30:22.206] [WEB] POST /api/v1/game/action 243ms
[10:49:16.615 +03:30:22.270] [WEB] POST /api/v1/script 60ms
[10:49:16.688 +03:30:22.344] [WEB] POST /api/v1/script 70ms
[10:49:16.765 +03:30:22.420] [WEB] POST /api/v1/script 69ms
[10:49:16.835 +03:30:22.491] [WEB] POST /api/v1/script 68ms
[10:49:16.911 +03:30:22.567] [WEB] POST /api/v1/script 60ms
[10:49:16.998 +03:30:22.653] [WEB] POST /api/v1/script 80ms
[10:49:17.099 +03:30:22.755] [WEB] POST /api/v1/script 90ms
[10:49:17.135 +03:30:22.791] [WEB] POST /api/v1/script 32ms
[10:49:31.349 +03:30:37.005] [WEB] POST /api/v1/script 14200ms
[10:49:31.584 +03:30:37.240] [WEB] POST /api/v1/game/action 224ms
[10:49:31.800 +03:30:37.455] [WEB] POST /api/v1/game/action 212ms
[10:49:32.020 +03:30:37.675] [WEB] POST /api/v1/game/action 214ms
[10:49:32.238 +03:30:37.894] [WEB] POST /api/v1/game/action 213ms
[10:49:32.476 +03:30:38.131] [WEB] POST /api/v1/game/action 228ms
[10:49:32.712 +03:30:38.367] [WEB] POST /api/v1/game/action 229ms
[10:49:32.940 +03:30:38.596] [WEB] POST /api/v1/game/action 223ms
[10:49:33.149 +03:30:38.805] [WEB] POST /api/v1/game/action 206ms
[10:49:33.375 +03:30:39.031] [WEB] POST /api/v1/game/action 220ms
[10:49:33.592 +03:30:39.248] [WEB] POST /api/v1/game/action 209ms
[10:49:35.010 +03:30:40.665] [WEB] GET /api/v1/script/runs 1409ms
[10:49:35.231 +03:30:40.887] [WEB] POST /api/v1/game/action 213ms
[10:49:35.472 +03:30:41.128] [WEB] POST /api/v1/game/action 236ms
[10:49:35.490 +03:30:41.145] [WEB] GET /api/v1/script/runs 11ms
[10:49:35.744 +03:30:41.399] [WEB] GET /api/v1/evidence 5ms
[10:49:35.978 +03:30:41.634] [WEB] POST /api/v1/game/action 226ms
[10:49:37.536 +03:30:43.192] [WEB] POST /api/v1/game/action 275ms
[10:49:39.140 +03:30:44.796] [WEB] POST /api/v1/game/action 399ms
[10:49:39.404 +03:30:45.059] [WEB] GET /api/v1/frame.png 250ms
[10:49:40.520 +03:30:46.175] [WEB] POST /api/v1/game/action 263ms
[10:49:42.002 +03:30:47.658] [WEB] POST /api/v1/game/action 261ms
[10:49:43.518 +03:30:49.174] [WEB] POST /api/v1/game/action 264ms
[10:49:45.138 +03:30:50.793] [WEB] POST /api/v1/game/action 389ms
[10:49:46.455 +03:30:52.110] [WEB] POST /api/v1/game/action 214ms
[10:49:48.063 +03:30:53.719] [WEB] POST /api/v1/game/action 305ms
[10:49:49.497 +03:30:55.153] [WEB] POST /api/v1/game/action 232ms
[10:49:51.066 +03:30:56.721] [WEB] POST /api/v1/game/action 329ms
[10:49:52.465 +03:30:58.120] [WEB] POST /api/v1/game/action 231ms
[10:49:53.967 +03:30:59.622] [WEB] POST /api/v1/game/action 226ms
[10:49:55.466 +03:31:01.122] [WEB] POST /api/v1/game/action 215ms
[10:49:56.977 +03:31:02.632] [WEB] POST /api/v1/game/action 232ms
[10:49:58.530 +03:31:04.186] [WEB] POST /api/v1/game/action 229ms
[10:49:59.967 +03:31:05.623] [WEB] POST /api/v1/game/action 232ms
[10:50:01.518 +03:31:07.174] [WEB] POST /api/v1/game/action 252ms
[10:50:02.986 +03:31:08.642] [WEB] POST /api/v1/game/action 245ms
[10:50:04.478 +03:31:10.134] [WEB] POST /api/v1/game/action 227ms
[10:50:06.034 +03:31:11.690] [WEB] POST /api/v1/game/action 287ms
[10:50:07.502 +03:31:13.157] [WEB] POST /api/v1/game/action 229ms
[10:50:08.970 +03:31:14.625] [WEB] POST /api/v1/game/action 233ms
[10:50:10.504 +03:31:16.160] [WEB] POST /api/v1/game/action 233ms
[10:50:11.952 +03:31:17.607] [WEB] POST /api/v1/game/action 217ms
[10:50:13.482 +03:31:19.138] [WEB] POST /api/v1/game/action 215ms
[10:50:14.982 +03:31:20.638] [WEB] POST /api/v1/game/action 236ms
[10:50:16.487 +03:31:22.142] [WEB] POST /api/v1/game/action 219ms
[10:50:17.983 +03:31:23.639] [WEB] POST /api/v1/game/action 237ms
[10:50:19.466 +03:31:25.122] [WEB] POST /api/v1/game/action 232ms
[10:50:20.959 +03:31:26.615] [WEB] POST /api/v1/game/action 224ms
[10:50:22.499 +03:31:28.155] [WEB] POST /api/v1/game/action 258ms
[10:50:23.983 +03:31:29.638] [WEB] POST /api/v1/game/action 234ms
[10:50:25.466 +03:31:31.122] [WEB] POST /api/v1/game/action 205ms
[10:50:26.944 +03:31:32.599] [WEB] POST /api/v1/game/action 207ms
[10:50:28.451 +03:31:34.107] [WEB] POST /api/v1/game/action 206ms
[10:50:29.964 +03:31:35.620] [WEB] POST /api/v1/game/action 229ms
[10:50:31.488 +03:31:37.144] [WEB] POST /api/v1/game/action 224ms
[10:50:32.963 +03:31:38.618] [WEB] POST /api/v1/game/action 222ms
[10:50:34.495 +03:31:40.151] [WEB] POST /api/v1/game/action 228ms
[10:50:35.995 +03:31:41.651] [WEB] POST /api/v1/game/action 248ms
[10:50:37.479 +03:31:43.135] [WEB] POST /api/v1/game/action 214ms
[10:50:38.970 +03:31:44.626] [WEB] POST /api/v1/game/action 235ms
[10:50:40.465 +03:31:46.120] [WEB] POST /api/v1/game/action 223ms
[10:50:41.997 +03:31:47.653] [WEB] POST /api/v1/game/action 256ms
[10:50:43.483 +03:31:49.139] [WEB] POST /api/v1/game/action 232ms
[10:50:44.971 +03:31:50.627] [WEB] POST /api/v1/game/action 236ms
[10:50:46.488 +03:31:52.144] [WEB] POST /api/v1/game/action 217ms
[10:50:47.949 +03:31:53.605] [WEB] POST /api/v1/game/action 214ms
[10:50:49.505 +03:31:55.161] [WEB] POST /api/v1/game/action 233ms
[10:50:50.977 +03:31:56.633] [WEB] POST /api/v1/game/action 242ms
[10:50:52.479 +03:31:58.135] [WEB] POST /api/v1/game/action 216ms
[10:50:53.965 +03:31:59.620] [WEB] POST /api/v1/game/action 218ms
[10:50:55.463 +03:32:01.119] [WEB] POST /api/v1/game/action 226ms
[10:50:56.985 +03:32:02.641] [WEB] POST /api/v1/game/action 246ms
[10:50:58.462 +03:32:04.118] [WEB] POST /api/v1/game/action 215ms
[10:50:59.972 +03:32:05.628] [WEB] POST /api/v1/game/action 236ms
[10:51:01.499 +03:32:07.155] [WEB] POST /api/v1/game/action 231ms
[10:51:02.984 +03:32:08.639] [WEB] POST /api/v1/game/action 236ms
[10:51:04.478 +03:32:10.134] [WEB] POST /api/v1/game/action 213ms
[10:51:05.950 +03:32:11.606] [WEB] POST /api/v1/game/action 215ms
[10:51:07.461 +03:32:13.117] [WEB] POST /api/v1/game/action 212ms
[10:51:08.995 +03:32:14.650] [WEB] POST /api/v1/game/action 254ms
[10:51:10.468 +03:32:16.124] [WEB] POST /api/v1/game/action 234ms
[10:51:11.969 +03:32:17.624] [WEB] POST /api/v1/game/action 232ms
[10:51:13.487 +03:32:19.143] [WEB] POST /api/v1/game/action 215ms
[10:51:14.995 +03:32:20.651] [WEB] POST /api/v1/game/action 248ms
[10:51:16.462 +03:32:22.117] [WEB] POST /api/v1/game/action 206ms
[10:51:17.968 +03:32:23.624] [WEB] POST /api/v1/game/action 220ms
[10:51:19.487 +03:32:25.142] [WEB] POST /api/v1/game/action 221ms
[10:51:20.969 +03:32:26.624] [WEB] POST /api/v1/game/action 217ms
[10:51:22.498 +03:32:28.154] [WEB] POST /api/v1/game/action 246ms
[10:51:23.968 +03:32:29.624] [WEB] POST /api/v1/game/action 230ms
[10:51:25.471 +03:32:31.127] [WEB] POST /api/v1/game/action 210ms
[10:51:26.952 +03:32:32.608] [WEB] POST /api/v1/game/action 218ms
[10:51:28.468 +03:32:34.124] [WEB] POST /api/v1/game/action 215ms
[10:51:29.963 +03:32:35.619] [WEB] POST /api/v1/game/action 221ms
[10:51:31.474 +03:32:37.130] [WEB] POST /api/v1/game/action 214ms
[10:51:32.961 +03:32:38.616] [WEB] POST /api/v1/game/action 225ms
[10:51:34.466 +03:32:40.122] [WEB] POST /api/v1/game/action 230ms
[10:51:35.998 +03:32:41.654] [WEB] POST /api/v1/game/action 262ms
[10:51:37.464 +03:32:43.119] [WEB] POST /api/v1/game/action 212ms
[10:51:38.961 +03:32:44.616] [WEB] POST /api/v1/game/action 226ms
[10:51:40.592 +03:32:46.248] [WEB] POST /api/v1/game/action 288ms
[10:51:41.964 +03:32:47.620] [WEB] POST /api/v1/game/action 229ms
[10:51:43.469 +03:32:49.125] [WEB] POST /api/v1/game/action 208ms
[10:51:45.000 +03:32:50.656] [WEB] POST /api/v1/game/action 266ms
[10:51:46.468 +03:32:52.123] [WEB] POST /api/v1/game/action 208ms
[10:51:47.978 +03:32:53.634] [WEB] POST /api/v1/game/action 239ms
[10:51:49.603 +03:32:55.259] [WEB] POST /api/v1/game/action 293ms
[10:51:51.003 +03:32:56.659] [WEB] POST /api/v1/game/action 266ms
[10:51:52.486 +03:32:58.142] [WEB] POST /api/v1/game/action 246ms
[10:51:54.003 +03:32:59.658] [WEB] POST /api/v1/game/action 267ms
[10:51:55.467 +03:33:01.123] [WEB] POST /api/v1/game/action 233ms
[10:51:56.984 +03:33:02.640] [WEB] POST /api/v1/game/action 238ms
[10:51:58.503 +03:33:04.158] [WEB] POST /api/v1/game/action 247ms
[10:51:59.958 +03:33:05.614] [WEB] POST /api/v1/game/action 223ms
[10:52:01.570 +03:33:07.226] [WEB] POST /api/v1/game/action 290ms
[10:52:02.966 +03:33:08.622] [WEB] POST /api/v1/game/action 230ms
[10:52:04.575 +03:33:10.231] [WEB] POST /api/v1/game/action 238ms
[10:52:06.136 +03:33:11.792] [WEB] POST /api/v1/game/action 389ms
[10:52:07.483 +03:33:13.139] [WEB] POST /api/v1/game/action 231ms
[10:52:09.002 +03:33:14.658] [WEB] POST /api/v1/game/action 256ms
[10:52:10.481 +03:33:16.137] [WEB] POST /api/v1/game/action 243ms
[10:52:12.018 +03:33:17.673] [WEB] POST /api/v1/game/action 281ms
[10:52:13.620 +03:33:19.276] [WEB] POST /api/v1/game/action 341ms
[10:52:14.984 +03:33:20.640] [WEB] POST /api/v1/game/action 244ms
[10:52:16.565 +03:33:22.221] [WEB] POST /api/v1/game/action 247ms
[10:52:18.069 +03:33:23.724] [WEB] POST /api/v1/game/action 322ms
[10:52:19.465 +03:33:25.121] [WEB] POST /api/v1/game/action 229ms
[10:52:20.981 +03:33:26.637] [WEB] POST /api/v1/game/action 246ms
[10:52:22.536 +03:33:28.191] [WEB] POST /api/v1/game/action 260ms
[10:52:23.966 +03:33:29.621] [WEB] POST /api/v1/game/action 227ms
[10:52:25.635 +03:33:31.291] [WEB] POST /api/v1/game/action 321ms
[10:52:26.981 +03:33:32.637] [WEB] POST /api/v1/game/action 242ms
[10:52:28.483 +03:33:34.138] [WEB] POST /api/v1/game/action 230ms
[10:52:30.020 +03:33:35.675] [WEB] POST /api/v1/game/action 279ms
[10:52:31.518 +03:33:37.173] [WEB] POST /api/v1/game/action 250ms
[10:52:33.003 +03:33:38.658] [WEB] POST /api/v1/game/action 254ms
[10:52:34.640 +03:33:40.295] [WEB] POST /api/v1/game/action 339ms
[10:52:35.984 +03:33:41.639] [WEB] POST /api/v1/game/action 238ms
[10:52:37.550 +03:33:43.205] [WEB] POST /api/v1/game/action 243ms
[10:52:39.029 +03:33:44.685] [WEB] POST /api/v1/game/action 294ms
[10:52:40.468 +03:33:46.124] [WEB] POST /api/v1/game/action 231ms
[10:52:41.967 +03:33:47.623] [WEB] POST /api/v1/game/action 228ms
[10:52:43.518 +03:33:49.173] [WEB] POST /api/v1/game/action 217ms
[10:52:44.992 +03:33:50.647] [WEB] POST /api/v1/game/action 244ms
[10:52:46.595 +03:33:52.251] [WEB] POST /api/v1/game/action 338ms
[10:52:48.148 +03:33:53.803] [WEB] POST /api/v1/game/action 411ms
[10:52:49.499 +03:33:55.155] [WEB] POST /api/v1/game/action 244ms
[10:52:51.025 +03:33:56.681] [WEB] POST /api/v1/game/action 280ms
[10:52:52.517 +03:33:58.173] [WEB] POST /api/v1/game/action 255ms
[10:52:53.961 +03:33:59.617] [WEB] POST /api/v1/game/action 225ms
[10:52:55.501 +03:34:01.156] [WEB] POST /api/v1/game/action 245ms
[10:52:56.978 +03:34:02.634] [WEB] POST /api/v1/game/action 243ms
[10:52:58.616 +03:34:04.271] [WEB] POST /api/v1/game/action 365ms
[10:53:00.166 +03:34:05.821] [WEB] POST /api/v1/game/action 423ms
[10:53:01.521 +03:34:07.177] [WEB] POST /api/v1/game/action 230ms
[10:53:03.081 +03:34:08.737] [WEB] POST /api/v1/game/action 333ms
[10:53:04.547 +03:34:10.202] [WEB] POST /api/v1/game/action 281ms
[10:53:06.017 +03:34:11.673] [WEB] POST /api/v1/game/action 266ms
[10:53:07.560 +03:34:13.216] [WEB] POST /api/v1/game/action 221ms
[10:53:08.985 +03:34:14.641] [WEB] POST /api/v1/game/action 237ms
[10:53:10.669 +03:34:16.325] [WEB] POST /api/v1/game/action 367ms
[10:53:11.970 +03:34:17.625] [WEB] POST /api/v1/game/action 221ms
[10:53:13.487 +03:34:19.142] [WEB] POST /api/v1/game/action 226ms
[10:53:15.053 +03:34:20.708] [WEB] POST /api/v1/game/action 301ms
[10:53:16.500 +03:34:22.156] [WEB] POST /api/v1/game/action 243ms
[10:53:17.964 +03:34:23.620] [WEB] POST /api/v1/game/action 227ms
[10:53:19.471 +03:34:25.127] [WEB] POST /api/v1/game/action 220ms
[10:53:20.985 +03:34:26.641] [WEB] POST /api/v1/game/action 250ms
[10:53:22.585 +03:34:28.241] [WEB] POST /api/v1/game/action 349ms
[10:53:23.969 +03:34:29.625] [WEB] POST /api/v1/game/action 235ms
[10:53:25.493 +03:34:31.149] [WEB] POST /api/v1/game/action 231ms
[10:53:27.084 +03:34:32.739] [WEB] POST /api/v1/game/action 347ms
[10:53:28.502 +03:34:34.157] [WEB] POST /api/v1/game/action 238ms
[10:53:29.998 +03:34:35.654] [WEB] POST /api/v1/game/action 261ms
[10:53:31.480 +03:34:37.135] [WEB] POST /api/v1/game/action 242ms
[10:53:33.183 +03:34:38.839] [WEB] POST /api/v1/game/action 430ms
[10:53:34.497 +03:34:40.153] [WEB] POST /api/v1/game/action 230ms
[10:53:35.997 +03:34:41.653] [WEB] POST /api/v1/game/action 262ms
[10:53:37.589 +03:34:43.245] [WEB] POST /api/v1/game/action 330ms
[10:53:38.962 +03:34:44.617] [WEB] POST /api/v1/game/action 223ms
[10:53:40.633 +03:34:46.289] [WEB] POST /api/v1/game/action 306ms
[10:53:41.993 +03:34:47.649] [WEB] POST /api/v1/game/action 246ms
[10:53:43.496 +03:34:49.152] [WEB] POST /api/v1/game/action 229ms
[10:53:45.023 +03:34:50.678] [WEB] POST /api/v1/game/action 271ms
[10:53:46.541 +03:34:52.196] [WEB] POST /api/v1/game/action 290ms
[10:53:48.183 +03:34:53.839] [WEB] POST /api/v1/game/action 431ms
[10:53:49.499 +03:34:55.154] [WEB] POST /api/v1/game/action 247ms
[10:53:51.393 +03:34:57.049] [WEB] POST /api/v1/game/action 657ms
[10:53:52.677 +03:34:58.333] [WEB] POST /api/v1/game/action 389ms
[10:53:53.962 +03:34:59.617] [WEB] POST /api/v1/game/action 226ms
[10:53:55.528 +03:35:01.184] [WEB] POST /api/v1/game/action 248ms
[10:53:56.966 +03:35:02.621] [WEB] POST /api/v1/game/action 228ms
[10:53:58.469 +03:35:04.125] [WEB] POST /api/v1/game/action 231ms
[10:54:00.013 +03:35:05.669] [WEB] POST /api/v1/game/action 268ms
[10:54:01.480 +03:35:07.136] [WEB] POST /api/v1/game/action 217ms
[10:54:02.965 +03:35:08.621] [WEB] POST /api/v1/game/action 225ms
[10:54:04.534 +03:35:10.189] [WEB] POST /api/v1/game/action 281ms
[10:54:05.979 +03:35:11.635] [WEB] POST /api/v1/game/action 232ms
[10:54:07.472 +03:35:13.127] [WEB] POST /api/v1/game/action 216ms
[10:54:08.986 +03:35:14.642] [WEB] POST /api/v1/game/action 234ms
[10:54:10.465 +03:35:16.121] [WEB] POST /api/v1/game/action 214ms
[10:54:11.973 +03:35:17.629] [WEB] POST /api/v1/game/action 237ms
[10:54:13.480 +03:35:19.136] [WEB] POST /api/v1/game/action 216ms
[10:54:14.953 +03:35:20.609] [WEB] POST /api/v1/game/action 215ms
[10:54:16.550 +03:35:22.206] [WEB] POST /api/v1/game/action 298ms
[10:54:17.964 +03:35:23.620] [WEB] POST /api/v1/game/action 228ms
[10:54:19.499 +03:35:25.155] [WEB] POST /api/v1/game/action 228ms
[10:54:21.001 +03:35:26.657] [WEB] POST /api/v1/game/action 251ms
[10:54:22.453 +03:35:28.109] [WEB] POST /api/v1/game/action 219ms
[10:54:23.982 +03:35:29.638] [WEB] POST /api/v1/game/action 229ms
[10:54:25.492 +03:35:31.147] [WEB] POST /api/v1/game/action 228ms
[10:54:26.964 +03:35:32.619] [WEB] POST /api/v1/game/action 223ms
[10:54:28.586 +03:35:34.242] [WEB] POST /api/v1/game/action 321ms
[10:54:29.967 +03:35:35.623] [WEB] POST /api/v1/game/action 220ms
[10:54:31.470 +03:35:37.126] [WEB] POST /api/v1/game/action 234ms
[10:54:32.982 +03:35:38.637] [WEB] POST /api/v1/game/action 244ms
[10:54:34.451 +03:35:40.106] [WEB] POST /api/v1/game/action 205ms
[10:54:35.945 +03:35:41.601] [WEB] POST /api/v1/game/action 208ms
[10:54:37.496 +03:35:43.152] [WEB] POST /api/v1/game/action 232ms
[10:54:38.952 +03:35:44.608] [WEB] POST /api/v1/game/action 217ms
[10:54:40.572 +03:35:46.228] [WEB] POST /api/v1/game/action 304ms
[10:54:41.963 +03:35:47.619] [WEB] POST /api/v1/game/action 228ms
[10:54:43.468 +03:35:49.124] [WEB] POST /api/v1/game/action 208ms
[10:54:44.986 +03:35:50.642] [WEB] POST /api/v1/game/action 235ms
[10:54:46.483 +03:35:52.138] [WEB] POST /api/v1/game/action 241ms
[10:54:47.957 +03:35:53.612] [WEB] POST /api/v1/game/action 221ms
[10:54:49.477 +03:35:55.133] [WEB] POST /api/v1/game/action 234ms
[10:54:50.974 +03:35:56.630] [WEB] POST /api/v1/game/action 238ms
[10:54:52.588 +03:35:58.243] [WEB] POST /api/v1/game/action 291ms
[10:54:53.947 +03:35:59.603] [WEB] POST /api/v1/game/action 211ms
[10:54:55.490 +03:36:01.145] [WEB] POST /api/v1/game/action 222ms
[10:54:56.983 +03:36:02.639] [WEB] POST /api/v1/game/action 238ms
[10:54:58.534 +03:36:04.190] [WEB] POST /api/v1/game/action 298ms
[10:54:59.977 +03:36:05.633] [WEB] POST /api/v1/game/action 232ms
[10:55:01.504 +03:36:07.160] [WEB] POST /api/v1/game/action 235ms
[10:55:02.963 +03:36:08.619] [WEB] POST /api/v1/game/action 225ms
[10:55:04.464 +03:36:10.119] [WEB] POST /api/v1/game/action 216ms
[10:55:05.952 +03:36:11.608] [WEB] POST /api/v1/game/action 212ms
[10:55:07.469 +03:36:13.124] [WEB] POST /api/v1/game/action 207ms
[10:55:08.976 +03:36:14.631] [WEB] POST /api/v1/game/action 239ms
[10:55:10.518 +03:36:16.174] [WEB] POST /api/v1/game/action 263ms
[10:55:11.972 +03:36:17.628] [WEB] POST /api/v1/game/action 233ms
[10:55:13.481 +03:36:19.137] [WEB] POST /api/v1/game/action 216ms
[10:55:14.993 +03:36:20.648] [WEB] POST /api/v1/game/action 255ms
[10:55:16.518 +03:36:22.173] [WEB] POST /api/v1/game/action 229ms
[10:55:17.981 +03:36:23.637] [WEB] POST /api/v1/game/action 243ms
[10:55:19.479 +03:36:25.134] [WEB] POST /api/v1/game/action 217ms
[10:55:20.998 +03:36:26.653] [WEB] POST /api/v1/game/action 251ms
[10:55:22.488 +03:36:28.144] [WEB] POST /api/v1/game/action 216ms
[10:55:24.018 +03:36:29.674] [WEB] POST /api/v1/game/action 271ms
[10:55:25.499 +03:36:31.155] [WEB] POST /api/v1/game/action 243ms
[10:55:26.994 +03:36:32.650] [WEB] POST /api/v1/game/action 255ms
[10:55:28.564 +03:36:34.219] [WEB] POST /api/v1/game/action 315ms
[10:55:30.027 +03:36:35.682] [WEB] POST /api/v1/game/action 286ms
[10:55:31.546 +03:36:37.202] [WEB] POST /api/v1/game/action 273ms
[10:55:33.021 +03:36:38.677] [WEB] POST /api/v1/game/action 271ms
[10:55:34.528 +03:36:40.184] [WEB] POST /api/v1/game/action 281ms
[10:55:36.099 +03:36:41.755] [WEB] POST /api/v1/game/action 364ms
[10:55:37.764 +03:36:43.420] [WEB] POST /api/v1/game/action 482ms
[10:55:39.020 +03:36:44.675] [WEB] POST /api/v1/game/action 271ms
[10:55:40.703 +03:36:46.358] [WEB] POST /api/v1/game/action 407ms
[10:55:42.030 +03:36:47.686] [WEB] POST /api/v1/game/action 292ms
[10:55:42.387 +03:36:48.043] [WEB] GET /api/v1/frame.png 260ms
[10:55:43.732 +03:36:49.388] [WEB] POST /api/v1/game/action 362ms
[10:55:44.966 +03:36:50.622] [WEB] POST /api/v1/game/action 231ms
[10:55:46.884 +03:36:52.540] [WEB] POST /api/v1/game/action 455ms
[10:55:48.216 +03:36:53.872] [WEB] POST /api/v1/game/action 474ms
[10:55:49.768 +03:36:55.423] [WEB] POST /api/v1/game/action 382ms
[10:55:51.185 +03:36:56.840] [WEB] POST /api/v1/game/action 433ms
[10:55:52.869 +03:36:58.525] [WEB] POST /api/v1/game/action 569ms
[10:55:54.169 +03:36:59.825] [WEB] POST /api/v1/game/action 417ms
[10:55:55.383 +03:37:01.039] [WEB] GET /api/v1/frame.png 276ms
[10:55:55.885 +03:37:01.541] [WEB] POST /api/v1/game/action 365ms
[10:55:57.206 +03:37:02.861] [WEB] POST /api/v1/game/action 466ms
[10:55:58.575 +03:37:04.231] [WEB] POST /api/v1/game/action 282ms
[10:56:00.347 +03:37:06.003] [WEB] POST /api/v1/game/action 588ms
[10:56:01.754 +03:37:07.410] [WEB] POST /api/v1/game/action 411ms
[10:56:03.044 +03:37:08.699] [WEB] POST /api/v1/game/action 303ms
[10:56:04.648 +03:37:10.304] [WEB] POST /api/v1/game/action 330ms
[10:56:06.118 +03:37:11.774] [WEB] POST /api/v1/game/action 382ms
[10:56:07.710 +03:37:13.366] [WEB] POST /api/v1/game/action 421ms
[10:56:08.950 +03:37:14.606] [WEB] POST /api/v1/game/action 215ms
[10:56:10.498 +03:37:16.154] [WEB] POST /api/v1/game/action 237ms
[10:56:11.999 +03:37:17.655] [WEB] POST /api/v1/game/action 256ms
[10:56:13.486 +03:37:19.142] [WEB] POST /api/v1/game/action 215ms
[10:56:14.957 +03:37:20.612] [WEB] POST /api/v1/game/action 214ms
[10:56:16.445 +03:37:22.100] [WEB] POST /api/v1/game/action 210ms
[10:56:17.982 +03:37:23.638] [WEB] POST /api/v1/game/action 240ms
[10:56:19.498 +03:37:25.153] [WEB] POST /api/v1/game/action 225ms
[10:56:20.970 +03:37:26.625] [WEB] POST /api/v1/game/action 225ms
[10:56:22.484 +03:37:28.140] [WEB] POST /api/v1/game/action 247ms
[10:56:23.971 +03:37:29.627] [WEB] POST /api/v1/game/action 235ms
[10:56:25.474 +03:37:31.129] [WEB] POST /api/v1/game/action 221ms
[10:56:26.951 +03:37:32.606] [WEB] POST /api/v1/game/action 212ms
[10:56:28.469 +03:37:34.125] [WEB] POST /api/v1/game/action 231ms
[10:56:29.965 +03:37:35.620] [WEB] POST /api/v1/game/action 230ms
[10:56:31.461 +03:37:37.117] [WEB] POST /api/v1/game/action 224ms
[10:56:32.946 +03:37:38.601] [WEB] POST /api/v1/game/action 209ms
[10:56:34.452 +03:37:40.108] [WEB] POST /api/v1/game/action 205ms
[10:56:35.956 +03:37:41.611] [WEB] POST /api/v1/game/action 220ms
[10:56:37.481 +03:37:43.137] [WEB] POST /api/v1/game/action 212ms
[10:56:39.019 +03:37:44.674] [WEB] POST /api/v1/game/action 263ms
[10:56:40.714 +03:37:46.370] [WEB] POST /api/v1/game/action 277ms
[10:56:41.993 +03:37:47.649] [WEB] POST /api/v1/game/action 244ms
[10:56:43.502 +03:37:49.158] [WEB] POST /api/v1/game/action 249ms
[10:56:45.357 +03:37:51.013] [WEB] POST /api/v1/game/action 607ms
[10:56:46.734 +03:37:52.390] [WEB] POST /api/v1/game/action 474ms
[10:56:47.980 +03:37:53.635] [WEB] POST /api/v1/game/action 236ms
[10:56:49.567 +03:37:55.222] [WEB] POST /api/v1/game/action 286ms
[10:56:50.961 +03:37:56.616] [WEB] POST /api/v1/game/action 218ms
[10:56:52.516 +03:37:58.172] [WEB] POST /api/v1/game/action 265ms
[10:56:53.681 +03:37:59.337] [WEB] GET /api/status 313ms
[10:56:55.900 +03:38:01.556] [WEB] POST /api/v1/game/action 2089ms
[10:56:56.485 +03:38:02.140] [WEB] POST /api/v1/game/action 219ms
[10:56:57.067 +03:38:02.723] [WEB] POST /api/v1/game/action 316ms
[10:56:58.485 +03:38:04.141] [WEB] POST /api/v1/game/action 228ms
[10:56:59.986 +03:38:05.642] [WEB] POST /api/v1/game/action 236ms
[10:57:01.486 +03:38:07.142] [WEB] POST /api/v1/game/action 227ms
[10:57:02.975 +03:38:08.631] [WEB] POST /api/v1/game/action 234ms
[10:57:04.468 +03:38:10.124] [WEB] POST /api/v1/game/action 231ms
[10:57:05.979 +03:38:11.635] [WEB] POST /api/v1/game/action 242ms
[10:57:07.683 +03:38:13.339] [WEB] POST /api/v1/game/action 417ms
[10:57:09.234 +03:38:14.889] [WEB] POST /api/v1/game/action 495ms
[10:57:10.740 +03:38:16.396] [WEB] POST /api/v1/game/action 483ms
[10:57:11.385 +03:38:17.041] [WEB] GET /api/v1/frame.png 296ms
[10:57:11.990 +03:38:17.645] [WEB] POST /api/v1/game/action 238ms
[10:57:13.476 +03:38:19.132] [WEB] POST /api/v1/game/action 209ms
[10:57:14.962 +03:38:20.618] [WEB] POST /api/v1/game/action 227ms
[10:57:16.508 +03:38:22.163] [WEB] POST /api/v1/game/action 256ms
[10:57:17.969 +03:38:23.625] [WEB] POST /api/v1/game/action 232ms
[10:57:19.504 +03:38:25.159] [WEB] GET /api/v1/frame.png 414ms
[10:57:19.840 +03:38:25.496] [WEB] POST /api/v1/game/action 225ms
[10:57:21.155 +03:38:26.811] [WEB] POST /api/v1/game/action 402ms
[10:57:22.532 +03:38:28.187] [WEB] POST /api/v1/game/action 258ms
[10:57:23.959 +03:38:29.615] [WEB] POST /api/v1/game/action 223ms
[10:57:25.507 +03:38:31.163] [WEB] POST /api/v1/game/action 220ms
[10:57:26.956 +03:38:32.611] [WEB] POST /api/v1/game/action 215ms
[10:57:28.566 +03:38:34.222] [WEB] POST /api/v1/game/action 304ms
[10:57:29.953 +03:38:35.609] [WEB] POST /api/v1/game/action 217ms
[10:57:31.550 +03:38:37.206] [WEB] POST /api/v1/game/action 256ms
[10:57:32.962 +03:38:38.618] [WEB] POST /api/v1/game/action 217ms
[10:57:34.501 +03:38:40.157] [WEB] POST /api/v1/game/action 227ms
[10:57:35.988 +03:38:41.644] [WEB] POST /api/v1/game/action 243ms
[10:57:37.491 +03:38:43.146] [WEB] POST /api/v1/game/action 253ms
[10:57:39.002 +03:38:44.657] [WEB] POST /api/v1/game/action 255ms
[10:57:40.635 +03:38:46.291] [WEB] POST /api/v1/game/action 214ms
[10:57:41.959 +03:38:47.614] [WEB] POST /api/v1/game/action 224ms
[10:57:43.498 +03:38:49.153] [WEB] POST /api/v1/game/action 252ms
[10:57:44.975 +03:38:50.630] [WEB] POST /api/v1/game/action 240ms
[10:57:46.483 +03:38:52.138] [WEB] POST /api/v1/game/action 214ms
[10:57:48.037 +03:38:53.692] [WEB] POST /api/v1/game/action 299ms
[10:57:49.583 +03:38:55.239] [WEB] POST /api/v1/game/action 341ms
[10:57:50.968 +03:38:56.624] [WEB] POST /api/v1/game/action 221ms
[10:57:52.488 +03:38:58.144] [WEB] POST /api/v1/game/action 219ms
[10:57:53.988 +03:38:59.644] [WEB] POST /api/v1/game/action 242ms
[10:57:55.567 +03:39:01.223] [WEB] POST /api/v1/game/action 330ms
[10:57:56.977 +03:39:02.633] [WEB] POST /api/v1/game/action 241ms
[10:57:58.486 +03:39:04.142] [WEB] POST /api/v1/game/action 230ms
[10:57:59.950 +03:39:05.606] [WEB] POST /api/v1/game/action 216ms
[10:58:01.461 +03:39:07.117] [WEB] POST /api/v1/game/action 218ms
[10:58:03.015 +03:39:08.671] [WEB] POST /api/v1/game/action 274ms
[10:58:04.515 +03:39:10.170] [WEB] POST /api/v1/game/action 236ms
[10:58:05.950 +03:39:11.606] [WEB] POST /api/v1/game/action 210ms
[10:58:07.473 +03:39:13.128] [WEB] POST /api/v1/game/action 216ms
[10:58:09.045 +03:39:14.701] [WEB] POST /api/v1/game/action 290ms
[10:58:10.485 +03:39:16.141] [WEB] POST /api/v1/game/action 243ms
[10:58:11.966 +03:39:17.621] [WEB] POST /api/v1/game/action 228ms
[10:58:13.491 +03:39:19.147] [WEB] POST /api/v1/game/action 214ms
[10:58:15.024 +03:39:20.680] [WEB] POST /api/v1/game/action 286ms
[10:58:16.456 +03:39:22.112] [WEB] POST /api/v1/game/action 213ms
[10:58:17.958 +03:39:23.613] [WEB] POST /api/v1/game/action 220ms
[10:58:19.478 +03:39:25.133] [WEB] POST /api/v1/game/action 227ms
[10:58:20.965 +03:39:26.621] [WEB] POST /api/v1/game/action 227ms
[10:58:22.468 +03:39:28.123] [WEB] POST /api/v1/game/action 215ms
[10:58:23.982 +03:39:29.638] [WEB] POST /api/v1/game/action 240ms
[10:58:25.453 +03:39:31.109] [WEB] POST /api/v1/game/action 209ms
[10:58:26.970 +03:39:32.626] [WEB] POST /api/v1/game/action 225ms
[10:58:28.548 +03:39:34.204] [WEB] POST /api/v1/game/action 235ms
[10:58:30.033 +03:39:35.688] [WEB] POST /api/v1/game/action 280ms
[10:58:31.623 +03:39:37.278] [WEB] POST /api/v1/game/action 315ms
[10:58:33.170 +03:39:38.825] [WEB] POST /api/v1/game/action 419ms
[10:58:34.842 +03:39:40.497] [WEB] POST /api/v1/game/action 502ms
[10:58:35.951 +03:39:41.607] [WEB] POST /api/v1/game/action 214ms
[10:58:37.530 +03:39:43.186] [WEB] POST /api/v1/game/action 260ms
[10:58:38.951 +03:39:44.607] [WEB] POST /api/v1/game/action 215ms
[10:58:40.486 +03:39:46.142] [WEB] POST /api/v1/game/action 237ms
[10:58:42.252 +03:39:47.908] [WEB] POST /api/v1/game/action 454ms
[10:58:44.115 +03:39:49.771] [WEB] GET /api/v1/frame.png 916ms
[10:58:45.429 +03:39:51.085] [WEB] POST /api/v1/game/action 1140ms
[10:58:45.930 +03:39:51.586] [WEB] GET /api/v1/frame.png 345ms
[10:58:46.210 +03:39:51.865] [WEB] POST /api/v1/game/action 270ms
[10:58:46.719 +03:39:52.374] [WEB] POST /api/v1/game/action 301ms
[10:58:47.968 +03:39:53.623] [WEB] POST /api/v1/game/action 225ms
[10:58:49.467 +03:39:55.123] [WEB] POST /api/v1/game/action 214ms
[10:58:51.069 +03:39:56.725] [WEB] POST /api/v1/game/action 308ms
[10:58:52.597 +03:39:58.253] [WEB] POST /api/v1/game/action 329ms
[10:58:54.035 +03:39:59.691] [WEB] POST /api/v1/game/action 298ms
[10:58:55.477 +03:40:01.132] [WEB] POST /api/v1/game/action 209ms
[10:58:56.433 +03:40:02.089] [WEB] GET /api/status 265ms
[10:58:57.646 +03:40:03.302] [WEB] POST /api/v1/game/action 899ms
[10:58:58.324 +03:40:03.980] [WEB] GET /api/status 501ms
[10:58:58.727 +03:40:04.382] [WEB] GET /api/v1/frame.png 309ms
[10:58:59.313 +03:40:04.968] [WEB] POST /api/v1/game/action 547ms
[10:58:59.998 +03:40:05.654] [WEB] POST /api/v1/game/action 259ms
[10:59:01.455 +03:40:07.110] [WEB] POST /api/v1/game/action 206ms
[10:59:03.070 +03:40:08.725] [WEB] POST /api/v1/game/action 335ms
[10:59:04.469 +03:40:10.125] [WEB] POST /api/v1/game/action 232ms
[10:59:05.965 +03:40:11.621] [WEB] POST /api/v1/game/action 229ms
[10:59:07.525 +03:40:13.181] [WEB] POST /api/v1/game/action 263ms
[10:59:08.963 +03:40:14.619] [WEB] POST /api/v1/game/action 228ms
[10:59:10.484 +03:40:16.139] [WEB] POST /api/v1/game/action 215ms
[10:59:12.270 +03:40:17.926] [WEB] GET /api/v1/gameplay/registry 1256ms
[10:59:12.588 +03:40:18.244] [WEB] POST /api/v1/game/action 213ms
[10:59:12.673 +03:40:18.328] [WEB] GET /api/v1/track/record 10ms
[10:59:13.474 +03:40:19.129] [WEB] POST /api/v1/game/action 213ms
[10:59:14.957 +03:40:20.613] [WEB] POST /api/v1/game/action 221ms
[10:59:15.666 +03:40:21.322] [WEB] GET /api/v1/frame/snapshots 291ms
[10:59:18.983 +03:40:24.639] [WEB] POST /api/v1/game/action 231ms
[10:59:18.993 +03:40:24.649] [WEB] GET /api/v1/docs/handbook 5ms
[10:59:19.004 +03:40:24.659] [WEB] GET /api/v1/schema/actions 3ms
[10:59:19.013 +03:40:24.669] [WEB] GET /api/v1/schema/script 1ms
[10:59:19.044 +03:40:24.700] [WEB] GET /api/v1/docs/index 26ms
[10:59:19.297 +03:40:24.953] [WEB] POST /api/v1/game/action 205ms
[10:59:19.731 +03:40:25.386] [WEB] POST /api/v1/game/action 210ms
[10:59:20.947 +03:40:26.603] [WEB] POST /api/v1/game/action 212ms
[10:59:22.497 +03:40:28.153] [WEB] POST /api/v1/game/action 242ms
[10:59:23.972 +03:40:29.628] [WEB] POST /api/v1/game/action 234ms
[10:59:25.447 +03:40:31.102] [WEB] POST /api/v1/game/action 211ms
[10:59:27.001 +03:40:32.656] [WEB] POST /api/v1/game/action 265ms
[10:59:28.487 +03:40:34.143] [WEB] POST /api/v1/game/action 234ms
[10:59:29.949 +03:40:35.604] [WEB] POST /api/v1/game/action 209ms
[10:59:31.451 +03:40:37.107] [WEB] GET /api/v1/frame.png 321ms
[10:59:31.737 +03:40:37.393] [WEB] POST /api/v1/game/action 232ms
[10:59:32.964 +03:40:38.619] [WEB] POST /api/v1/game/action 216ms
[10:59:34.501 +03:40:40.156] [WEB] POST /api/v1/game/action 245ms
[10:59:35.965 +03:40:41.621] [WEB] POST /api/v1/game/action 228ms
[10:59:37.726 +03:40:43.382] [WEB] POST /api/v1/game/action 472ms
[10:59:38.980 +03:40:44.635] [WEB] POST /api/v1/game/action 244ms
[10:59:40.523 +03:40:46.178] [WEB] POST /api/v1/game/action 251ms
[10:59:41.958 +03:40:47.614] [WEB] POST /api/v1/game/action 222ms
[10:59:43.467 +03:40:49.123] [WEB] POST /api/v1/game/action 226ms
[10:59:44.962 +03:40:50.617] [WEB] POST /api/v1/game/action 226ms
[10:59:46.469 +03:40:52.125] [WEB] POST /api/v1/game/action 216ms
[10:59:47.944 +03:40:53.600] [WEB] POST /api/v1/game/action 203ms
[10:59:49.500 +03:40:55.156] [WEB] POST /api/v1/game/action 247ms
[10:59:50.956 +03:40:56.612] [WEB] POST /api/v1/game/action 221ms
[10:59:52.479 +03:40:58.135] [WEB] POST /api/v1/game/action 221ms
[10:59:53.965 +03:40:59.620] [WEB] POST /api/v1/game/action 229ms
[10:59:55.499 +03:41:01.155] [WEB] POST /api/v1/game/action 229ms
[10:59:56.959 +03:41:02.615] [WEB] POST /api/v1/game/action 218ms
[10:59:58.518 +03:41:04.174] [WEB] POST /api/v1/game/action 271ms
[10:59:59.982 +03:41:05.638] [WEB] POST /api/v1/game/action 235ms
[11:00:01.483 +03:41:07.138] [WEB] POST /api/v1/game/action 242ms
[11:00:02.964 +03:41:08.619] [WEB] POST /api/v1/game/action 218ms
[11:00:04.480 +03:41:10.135] [WEB] POST /api/v1/game/action 212ms
[11:00:05.965 +03:41:11.621] [WEB] POST /api/v1/game/action 219ms
[11:00:07.522 +03:41:13.177] [WEB] POST /api/v1/game/action 253ms
[11:00:08.968 +03:41:14.624] [WEB] POST /api/v1/game/action 232ms
[11:00:10.556 +03:41:16.211] [WEB] POST /api/v1/game/action 230ms
[11:00:11.947 +03:41:17.603] [WEB] POST /api/v1/game/action 212ms
[11:00:13.771 +03:41:19.427] [WEB] POST /api/v1/game/action 526ms
[11:00:15.005 +03:41:20.660] [WEB] POST /api/v1/game/action 266ms
[11:00:16.511 +03:41:22.166] [WEB] POST /api/v1/game/action 225ms
[11:00:17.964 +03:41:23.620] [WEB] POST /api/v1/game/action 227ms
[11:00:19.486 +03:41:25.142] [WEB] POST /api/v1/game/action 237ms
[11:00:20.967 +03:41:26.623] [WEB] POST /api/v1/game/action 222ms
[11:00:22.480 +03:41:28.136] [WEB] POST /api/v1/game/action 211ms
[11:00:24.004 +03:41:29.660] [WEB] POST /api/v1/game/action 268ms
[11:00:25.796 +03:41:31.452] [WEB] POST /api/v1/game/action 525ms
[11:00:26.970 +03:41:32.626] [WEB] POST /api/v1/game/action 227ms
[11:00:28.486 +03:41:34.141] [WEB] POST /api/v1/game/action 227ms
[11:00:30.009 +03:41:35.664] [WEB] POST /api/v1/game/action 258ms
[11:00:31.506 +03:41:37.162] [WEB] POST /api/v1/game/action 235ms
[11:00:32.964 +03:41:38.620] [WEB] POST /api/v1/game/action 227ms
[11:00:34.482 +03:41:40.137] [WEB] POST /api/v1/game/action 215ms
[11:00:35.964 +03:41:41.620] [WEB] POST /api/v1/game/action 224ms
[11:00:37.483 +03:41:43.139] [WEB] POST /api/v1/game/action 222ms
[11:00:38.944 +03:41:44.600] [WEB] POST /api/v1/game/action 209ms
[11:00:40.467 +03:41:46.122] [WEB] POST /api/v1/game/action 221ms
[11:00:41.959 +03:41:47.615] [WEB] POST /api/v1/game/action 214ms
[11:00:43.492 +03:41:49.148] [WEB] POST /api/v1/game/action 239ms
[11:00:44.955 +03:41:50.611] [WEB] POST /api/v1/game/action 220ms
[11:00:46.463 +03:41:52.119] [WEB] POST /api/v1/game/action 210ms
[11:00:47.955 +03:41:53.611] [WEB] POST /api/v1/game/action 219ms
[11:00:49.487 +03:41:55.143] [WEB] POST /api/v1/game/action 249ms
[11:00:50.972 +03:41:56.628] [WEB] POST /api/v1/game/action 230ms
[11:00:52.474 +03:41:58.129] [WEB] POST /api/v1/game/action 224ms
[11:00:53.966 +03:41:59.621] [WEB] POST /api/v1/game/action 227ms
[11:00:55.474 +03:42:01.130] [WEB] POST /api/v1/game/action 224ms
[11:00:57.087 +03:42:02.743] [WEB] POST /api/v1/game/action 352ms
[11:00:58.583 +03:42:04.238] [WEB] POST /api/v1/game/action 305ms
[11:00:59.957 +03:42:05.612] [WEB] POST /api/v1/game/action 215ms
[11:01:01.502 +03:42:07.158] [WEB] POST /api/v1/game/action 248ms
[11:01:02.960 +03:42:08.616] [WEB] POST /api/v1/game/action 224ms
[11:01:04.498 +03:42:10.154] [WEB] POST /api/v1/game/action 225ms
[11:01:05.956 +03:42:11.612] [WEB] POST /api/v1/game/action 220ms
[11:01:07.484 +03:42:13.140] [WEB] POST /api/v1/game/action 216ms
[11:01:08.950 +03:42:14.606] [WEB] POST /api/v1/game/action 214ms
[11:01:10.501 +03:42:16.156] [WEB] POST /api/v1/game/action 254ms
[11:01:11.967 +03:42:17.623] [WEB] POST /api/v1/game/action 232ms
[11:01:13.462 +03:42:19.118] [WEB] POST /api/v1/game/action 210ms
[11:01:14.952 +03:42:20.608] [WEB] POST /api/v1/game/action 215ms
[11:01:16.487 +03:42:22.143] [WEB] POST /api/v1/game/action 236ms
[11:01:18.132 +03:42:23.787] [WEB] POST /api/v1/game/action 393ms
[11:01:19.489 +03:42:25.145] [WEB] POST /api/v1/game/action 216ms
[11:01:20.967 +03:42:26.623] [WEB] POST /api/v1/game/action 230ms
[11:01:22.469 +03:42:28.125] [WEB] POST /api/v1/game/action 221ms
[11:01:23.995 +03:42:29.650] [WEB] POST /api/v1/game/action 249ms
[11:01:25.480 +03:42:31.136] [WEB] POST /api/v1/game/action 241ms
[11:01:26.951 +03:42:32.606] [WEB] POST /api/v1/game/action 215ms
[11:01:28.489 +03:42:34.145] [WEB] POST /api/v1/game/action 220ms
[11:01:29.956 +03:42:35.611] [WEB] POST /api/v1/game/action 218ms
[11:01:31.499 +03:42:37.154] [WEB] POST /api/v1/game/action 236ms
[11:01:33.003 +03:42:38.659] [WEB] POST /api/v1/game/action 261ms
[11:01:34.491 +03:42:40.147] [WEB] POST /api/v1/game/action 236ms
[11:01:35.972 +03:42:41.627] [WEB] POST /api/v1/game/action 233ms
[11:01:37.486 +03:42:43.142] [WEB] POST /api/v1/game/action 232ms
[11:01:38.975 +03:42:44.631] [WEB] POST /api/v1/game/action 229ms
[11:01:40.472 +03:42:46.128] [WEB] POST /api/v1/game/action 213ms
[11:01:41.968 +03:42:47.624] [WEB] POST /api/v1/game/action 232ms
[11:01:43.448 +03:42:49.104] [WEB] POST /api/v1/game/action 211ms
[11:01:44.956 +03:42:50.611] [WEB] POST /api/v1/game/action 218ms
[11:01:46.451 +03:42:52.107] [WEB] POST /api/v1/game/action 209ms
[11:01:48.131 +03:42:53.786] [WEB] POST /api/v1/game/action 391ms
[11:01:49.487 +03:42:55.143] [WEB] POST /api/v1/game/action 239ms
[11:01:50.039 +03:42:55.694] [WEB] GET /api/v1/docs/handbook 54ms
[11:01:50.150 +03:42:55.806] [WEB] GET /api/v1/docs/index 78ms
[11:01:50.158 +03:42:55.814] [WEB] GET /api/v1/schema/actions 4ms
[11:01:50.166 +03:42:55.822] [WEB] GET /api/v1/schema/script 1ms
[11:01:50.981 +03:42:56.636] [WEB] POST /api/v1/game/action 239ms
[11:01:52.515 +03:42:58.171] [WEB] POST /api/v1/game/action 246ms
[11:01:53.963 +03:42:59.619] [WEB] POST /api/v1/game/action 223ms
[11:01:55.488 +03:43:01.144] [WEB] POST /api/v1/game/action 222ms
[11:01:56.974 +03:43:02.630] [WEB] POST /api/v1/game/action 228ms
[11:01:58.486 +03:43:04.141] [WEB] POST /api/v1/game/action 220ms
[11:01:59.985 +03:43:05.641] [WEB] POST /api/v1/game/action 248ms
[11:02:01.502 +03:43:07.158] [WEB] POST /api/v1/game/action 232ms
[11:02:02.974 +03:43:08.629] [WEB] POST /api/v1/game/action 236ms
[11:02:04.506 +03:43:10.162] [WEB] POST /api/v1/game/action 245ms
[11:02:05.971 +03:43:11.626] [WEB] POST /api/v1/game/action 232ms
[11:02:07.497 +03:43:13.153] [WEB] POST /api/v1/game/action 225ms
[11:02:08.968 +03:43:14.624] [WEB] POST /api/v1/game/action 227ms
[11:02:10.552 +03:43:16.208] [WEB] POST /api/v1/game/action 282ms
[11:02:12.031 +03:43:17.687] [WEB] POST /api/v1/game/action 296ms
[11:02:13.534 +03:43:19.190] [WEB] POST /api/v1/game/action 283ms
[11:02:14.975 +03:43:20.630] [WEB] POST /api/v1/game/action 236ms
[11:02:16.479 +03:43:22.135] [WEB] POST /api/v1/game/action 223ms
[11:02:17.956 +03:43:23.612] [WEB] POST /api/v1/game/action 217ms
[11:02:19.576 +03:43:25.232] [WEB] POST /api/v1/game/action 287ms
[11:02:21.035 +03:43:26.690] [WEB] POST /api/v1/game/action 294ms
[11:02:22.479 +03:43:28.135] [WEB] POST /api/v1/game/action 226ms
[11:02:23.960 +03:43:29.616] [WEB] POST /api/v1/game/action 225ms
[11:02:25.489 +03:43:31.144] [WEB] POST /api/v1/game/action 230ms
[11:02:26.949 +03:43:32.604] [WEB] POST /api/v1/game/action 213ms
[11:02:28.502 +03:43:34.158] [WEB] POST /api/v1/game/action 234ms
[11:02:29.950 +03:43:35.606] [WEB] POST /api/v1/game/action 215ms
[11:02:30.079 +03:43:35.735] [WEB] POST /api/cmd 38ms
[11:02:30.380 +03:43:36.036] [WEB] POST /api/cmd 43ms
[11:02:31.266 +03:43:36.922] [WEB] POST /api/cmd 33ms
[11:02:31.498 +03:43:37.153] [WEB] POST /api/v1/game/action 227ms
[11:02:31.600 +03:43:37.256] [WEB] POST /api/cmd 43ms
[11:02:32.956 +03:43:38.612] [WEB] POST /api/v1/game/action 219ms
[11:02:34.496 +03:43:40.152] [WEB] POST /api/v1/game/action 244ms
[11:02:35.973 +03:43:41.629] [WEB] POST /api/v1/game/action 229ms
[11:02:36.043 +03:43:41.698] [WEB] POST /api/cmd 60ms
[11:02:36.414 +03:43:42.069] [WEB] POST /api/cmd 35ms
[11:02:37.507 +03:43:43.163] [WEB] POST /api/v1/game/action 272ms
[11:02:38.348 +03:43:44.003] [WEB] POST /api/cmd 114ms
[11:02:38.552 +03:43:44.208] [WEB] POST /api/cmd 100ms
[11:02:38.960 +03:43:44.616] [WEB] POST /api/v1/game/action 211ms
[11:02:40.457 +03:43:46.112] [WEB] POST /api/v1/game/action 208ms
[11:02:41.956 +03:43:47.611] [WEB] POST /api/v1/game/action 220ms
[11:02:43.483 +03:43:49.138] [WEB] POST /api/v1/game/action 243ms
[11:02:44.949 +03:43:50.604] [WEB] POST /api/v1/game/action 213ms
[11:02:46.488 +03:43:52.144] [WEB] POST /api/v1/game/action 223ms
[11:02:47.963 +03:43:53.619] [WEB] POST /api/v1/game/action 223ms
[11:02:49.497 +03:43:55.152] [WEB] POST /api/v1/game/action 222ms
[11:02:50.963 +03:43:56.618] [WEB] POST /api/v1/game/action 219ms
[11:02:52.462 +03:43:58.118] [WEB] POST /api/v1/game/action 214ms
[11:02:53.962 +03:43:59.618] [WEB] POST /api/v1/game/action 220ms
[11:02:55.501 +03:44:01.156] [WEB] POST /api/v1/game/action 214ms
[11:02:56.969 +03:44:02.625] [WEB] POST /api/v1/game/action 223ms
[11:02:58.479 +03:44:04.135] [WEB] POST /api/v1/game/action 219ms
[11:02:59.965 +03:44:05.621] [WEB] POST /api/v1/game/action 225ms
[11:03:01.467 +03:44:07.123] [WEB] POST /api/v1/game/action 211ms
[11:03:02.954 +03:44:08.610] [WEB] POST /api/v1/game/action 216ms
[11:03:04.475 +03:44:10.130] [WEB] POST /api/v1/game/action 218ms
[11:03:05.955 +03:44:11.611] [WEB] POST /api/v1/game/action 214ms
[11:03:07.452 +03:44:13.107] [WEB] POST /api/v1/game/action 216ms
[11:03:08.968 +03:44:14.624] [WEB] POST /api/v1/game/action 224ms
[11:03:10.467 +03:44:16.123] [WEB] POST /api/v1/game/action 229ms
[11:03:11.958 +03:44:17.613] [WEB] POST /api/v1/game/action 218ms
[11:03:13.469 +03:44:19.124] [WEB] POST /api/v1/game/action 212ms
[11:03:14.963 +03:44:20.619] [WEB] POST /api/v1/game/action 216ms
[11:03:16.495 +03:44:22.150] [WEB] POST /api/v1/game/action 227ms
[11:03:17.976 +03:44:23.632] [WEB] POST /api/v1/game/action 224ms
[11:03:19.499 +03:44:25.155] [WEB] POST /api/v1/game/action 241ms
[11:03:20.973 +03:44:26.628] [WEB] POST /api/v1/game/action 236ms
[11:03:21.630 +03:44:27.286] [WEB] GET /api/v1/track/record 13ms
[11:03:22.503 +03:44:28.159] [WEB] POST /api/v1/game/action 233ms
[11:03:23.971 +03:44:29.627] [WEB] POST /api/v1/game/action 231ms
[11:03:25.459 +03:44:31.115] [WEB] POST /api/v1/game/action 211ms
[11:03:27.020 +03:44:32.676] [WEB] POST /api/v1/game/action 284ms
[11:03:29.470 +03:44:35.125] [WEB] GET /api/v1/gameplay/registry 1258ms
[11:03:29.755 +03:44:35.411] [WEB] POST /api/v1/game/action 240ms
[11:03:29.768 +03:44:35.424] [WEB] GET /api/v1/track/record 8ms
[11:03:30.195 +03:44:35.851] [WEB] GET /api/v1/frame/snapshots 302ms
[11:03:30.504 +03:44:36.159] [WEB] POST /api/v1/game/action 250ms
[11:03:30.552 +03:44:36.208] [WEB] GET /api/v1/docs/index 39ms
[11:03:30.579 +03:44:36.235] [WEB] GET /api/v1/docs/handbook 12ms
[11:03:30.586 +03:44:36.242] [WEB] GET /api/v1/schema/actions 2ms
[11:03:30.598 +03:44:36.254] [WEB] GET /api/v1/schema/script 3ms
[11:03:31.563 +03:44:37.219] [WEB] POST /api/v1/game/action 290ms
[11:03:33.271 +03:44:38.927] [WEB] POST /api/v1/game/action 535ms
[11:03:34.477 +03:44:40.133] [WEB] POST /api/v1/game/action 211ms
[11:03:35.990 +03:44:41.646] [WEB] POST /api/v1/game/action 254ms
[11:03:37.481 +03:44:43.137] [WEB] POST /api/v1/game/action 230ms
[11:03:38.965 +03:44:44.621] [WEB] POST /api/v1/game/action 230ms
[11:03:40.486 +03:44:46.142] [WEB] POST /api/v1/game/action 222ms
[11:03:41.954 +03:44:47.609] [WEB] POST /api/v1/game/action 215ms
[11:03:43.459 +03:44:49.114] [WEB] POST /api/v1/game/action 222ms
[11:03:44.960 +03:44:50.615] [WEB] POST /api/v1/game/action 223ms
[11:03:46.472 +03:44:52.128] [WEB] POST /api/v1/game/action 226ms
[11:03:47.987 +03:44:53.643] [WEB] POST /api/v1/game/action 244ms
[11:03:49.471 +03:44:55.127] [WEB] POST /api/v1/game/action 226ms
[11:03:50.466 +03:44:56.121] [WEB] GET /api/v1/frame.png 309ms
[11:03:51.234 +03:44:56.889] [WEB] POST /api/v1/game/action 396ms
[11:03:52.491 +03:44:58.147] [WEB] POST /api/v1/game/action 234ms
[11:03:54.002 +03:44:59.658] [WEB] POST /api/v1/game/action 261ms
[11:03:55.472 +03:45:01.127] [WEB] POST /api/v1/game/action 220ms
[11:03:56.957 +03:45:02.613] [WEB] POST /api/v1/game/action 219ms
[11:03:58.479 +03:45:04.135] [WEB] POST /api/v1/game/action 225ms
[11:03:59.966 +03:45:05.622] [WEB] POST /api/v1/game/action 229ms
[11:04:01.504 +03:45:07.160] [WEB] POST /api/v1/game/action 233ms
[11:04:02.956 +03:45:08.612] [WEB] POST /api/v1/game/action 215ms
[11:04:04.504 +03:45:10.160] [WEB] POST /api/v1/game/action 256ms
[11:04:05.998 +03:45:11.654] [WEB] POST /api/v1/game/action 252ms
[11:04:07.500 +03:45:13.156] [WEB] POST /api/v1/game/action 248ms
[11:04:08.999 +03:45:14.654] [WEB] POST /api/v1/game/action 245ms
[11:04:10.510 +03:45:16.165] [WEB] POST /api/v1/game/action 241ms
[11:04:11.982 +03:45:17.637] [WEB] POST /api/v1/game/action 231ms
[11:04:13.484 +03:45:19.140] [WEB] POST /api/v1/game/action 218ms
[11:04:14.974 +03:45:20.629] [WEB] POST /api/v1/game/action 226ms
[11:04:16.480 +03:45:22.135] [WEB] POST /api/v1/game/action 216ms
[11:04:17.966 +03:45:23.622] [WEB] POST /api/v1/game/action 230ms
[11:04:19.508 +03:45:25.163] [WEB] POST /api/v1/game/action 242ms
[11:04:20.957 +03:45:26.613] [WEB] POST /api/v1/game/action 217ms
[11:04:22.819 +03:45:28.475] [WEB] POST /api/v1/game/action 532ms
[11:04:24.034 +03:45:29.690] [WEB] POST /api/v1/game/action 286ms
[11:04:25.472 +03:45:31.127] [WEB] POST /api/v1/game/action 234ms
[11:04:27.096 +03:45:32.752] [WEB] POST /api/v1/game/action 359ms
[11:04:28.465 +03:45:34.121] [WEB] POST /api/v1/game/action 216ms
[11:04:29.962 +03:45:35.618] [WEB] POST /api/v1/game/action 221ms
[11:04:31.511 +03:45:37.166] [WEB] POST /api/v1/game/action 235ms
[11:04:32.962 +03:45:38.618] [WEB] POST /api/v1/game/action 218ms
[11:04:33.097 +03:45:38.753] [WEB] POST /api/v1/checkpoints/load 85ms
[11:04:34.552 +03:45:40.208] [WEB] POST /api/v1/game/action 267ms
[11:04:35.998 +03:45:41.654] [WEB] POST /api/v1/game/action 255ms
[11:04:37.486 +03:45:43.142] [WEB] POST /api/v1/game/action 229ms
[11:04:38.938 +03:45:44.594] [WEB] POST /api/v1/game/action 203ms
[11:04:40.498 +03:45:46.154] [WEB] POST /api/v1/game/action 227ms
[11:04:41.984 +03:45:47.639] [WEB] POST /api/v1/game/action 243ms
[11:04:43.420 +03:45:49.076] [WEB] GET /api/v1/frame.png 283ms
[11:04:43.790 +03:45:49.445] [WEB] POST /api/v1/game/action 253ms
[11:04:45.082 +03:45:50.738] [WEB] POST /api/v1/game/action 343ms
[11:04:46.469 +03:45:52.124] [WEB] POST /api/v1/game/action 205ms
[11:04:47.956 +03:45:53.612] [WEB] POST /api/v1/game/action 210ms
[11:04:49.465 +03:45:55.121] [WEB] POST /api/v1/game/action 230ms
[11:04:50.951 +03:45:56.607] [WEB] POST /api/v1/game/action 211ms
[11:04:52.477 +03:45:58.133] [WEB] POST /api/v1/game/action 222ms
[11:04:53.953 +03:45:59.609] [WEB] POST /api/v1/game/action 217ms
[11:04:55.487 +03:46:01.143] [WEB] POST /api/v1/game/action 225ms
[11:04:56.966 +03:46:02.621] [WEB] POST /api/v1/game/action 228ms
[11:04:58.457 +03:46:04.113] [WEB] POST /api/v1/game/action 203ms
[11:04:59.969 +03:46:05.625] [WEB] POST /api/v1/game/action 228ms
[11:05:01.497 +03:46:07.153] [WEB] POST /api/v1/game/action 221ms
[11:05:02.964 +03:46:08.619] [WEB] POST /api/v1/game/action 221ms
[11:05:04.500 +03:46:10.156] [WEB] POST /api/v1/game/action 229ms
[11:05:05.984 +03:46:11.640] [WEB] POST /api/v1/game/action 249ms
[11:05:07.489 +03:46:13.145] [WEB] POST /api/v1/game/action 237ms
[11:05:08.951 +03:46:14.607] [WEB] POST /api/v1/game/action 206ms
[11:05:10.478 +03:46:16.133] [WEB] POST /api/v1/game/action 223ms
[11:05:11.972 +03:46:17.628] [WEB] POST /api/v1/game/action 235ms
[11:05:13.485 +03:46:19.140] [WEB] POST /api/v1/game/action 248ms
[11:05:14.978 +03:46:20.634] [WEB] POST /api/v1/game/action 239ms
[11:05:16.502 +03:46:22.157] [WEB] POST /api/v1/game/action 248ms
[11:05:17.965 +03:46:23.620] [WEB] POST /api/v1/game/action 228ms
[11:05:19.605 +03:46:25.261] [WEB] POST /api/v1/game/action 357ms
[11:05:20.985 +03:46:26.641] [WEB] POST /api/v1/game/action 242ms
[11:05:22.481 +03:46:28.137] [WEB] POST /api/v1/game/action 229ms
[11:05:23.935 +03:46:29.591] [WEB] POST /api/v1/game/action 190ms
[11:05:25.442 +03:46:31.097] [WEB] POST /api/v1/game/action 186ms
[11:05:26.996 +03:46:32.652] [WEB] POST /api/v1/game/action 248ms
[11:05:28.504 +03:46:34.159] [WEB] POST /api/v1/game/action 237ms
[11:05:29.966 +03:46:35.621] [WEB] POST /api/v1/game/action 222ms
[11:05:31.598 +03:46:37.254] [WEB] POST /api/v1/game/action 324ms
[11:05:32.963 +03:46:38.619] [WEB] POST /api/v1/game/action 227ms
[11:05:34.496 +03:46:40.152] [WEB] POST /api/v1/game/action 210ms
[11:05:35.951 +03:46:41.607] [WEB] POST /api/v1/game/action 213ms
[11:05:37.488 +03:46:43.143] [WEB] POST /api/v1/game/action 213ms
[11:05:39.013 +03:46:44.669] [WEB] POST /api/v1/game/action 269ms
[11:05:40.498 +03:46:46.154] [WEB] POST /api/v1/game/action 236ms
[11:05:41.970 +03:46:47.625] [WEB] POST /api/v1/game/action 234ms
[11:05:43.457 +03:46:49.113] [WEB] POST /api/v1/game/action 206ms
[11:05:44.966 +03:46:50.622] [WEB] POST /api/v1/game/action 231ms
[11:05:46.457 +03:46:52.112] [WEB] POST /api/v1/game/action 210ms
[11:05:47.972 +03:46:53.628] [WEB] POST /api/v1/game/action 231ms
[11:05:49.441 +03:46:55.097] [WEB] POST /api/v1/game/action 191ms
[11:05:50.926 +03:46:56.582] [WEB] POST /api/v1/game/action 190ms
[11:05:52.495 +03:46:58.150] [WEB] POST /api/v1/game/action 242ms
[11:05:53.981 +03:46:59.637] [WEB] POST /api/v1/game/action 243ms
[11:05:55.464 +03:47:01.119] [WEB] POST /api/v1/game/action 211ms
[11:05:56.969 +03:47:02.625] [WEB] POST /api/v1/game/action 233ms
[11:05:58.482 +03:47:04.138] [WEB] POST /api/v1/game/action 210ms
[11:05:59.964 +03:47:05.619] [WEB] POST /api/v1/game/action 224ms
[11:06:01.434 +03:47:07.089] [WEB] POST /api/v1/game/action 194ms
[11:06:02.555 +03:47:08.211] [WEB] GET /api/status 270ms
[11:06:02.968 +03:47:08.624] [WEB] POST /api/v1/game/action 233ms
[11:06:04.478 +03:47:10.134] [WEB] POST /api/v1/game/action 240ms
[11:06:06.042 +03:47:11.698] [WEB] POST /api/v1/game/action 291ms
[11:06:07.505 +03:47:13.161] [WEB] POST /api/v1/game/action 229ms
[11:06:09.002 +03:47:14.658] [WEB] POST /api/v1/game/action 253ms
[11:06:10.486 +03:47:16.142] [WEB] POST /api/v1/game/action 230ms
[11:06:11.963 +03:47:17.618] [WEB] POST /api/v1/game/action 225ms
[11:06:13.493 +03:47:19.149] [WEB] POST /api/v1/game/action 250ms
[11:06:15.011 +03:47:20.667] [WEB] POST /api/v1/game/action 269ms
[11:06:16.494 +03:47:22.150] [WEB] POST /api/v1/game/action 246ms
[11:06:18.087 +03:47:23.743] [WEB] POST /api/v1/game/action 339ms
[11:06:19.544 +03:47:25.199] [WEB] POST /api/v1/game/action 274ms
[11:06:21.272 +03:47:26.928] [WEB] POST /api/v1/game/action 484ms
[11:06:21.580 +03:47:27.236] [WEB] GET /api/v1/frame/snapshots 267ms
[11:06:22.533 +03:47:28.189] [WEB] POST /api/v1/game/action 279ms
[11:06:24.010 +03:47:29.665] [WEB] POST /api/v1/game/action 274ms
[11:06:25.487 +03:47:31.143] [WEB] POST /api/v1/game/action 236ms
[11:06:26.975 +03:47:32.631] [WEB] POST /api/v1/game/action 225ms
[11:06:28.001 +03:47:33.657] [WEB] GET /api/v1/frame/snapshot/rc27-scene-no-sprites/asset/layers/04_sprites.png 16ms
[11:06:28.478 +03:47:34.133] [WEB] POST /api/v1/game/action 223ms
[11:06:29.360 +03:47:35.016] [WEB] GET /api/v1/frame/snapshot/rc27-scene-no-sprites/asset/layers/04_sprites.png 9ms
[11:06:29.403 +03:47:35.059] [WEB] GET /api/v1/frame/snapshot/rc27-scene-no-sprites/asset/layers/05_text-hud.png 14ms
[11:06:29.972 +03:47:35.627] [WEB] POST /api/v1/game/action 236ms
[11:06:30.884 +03:47:36.540] [WEB] GET /api/v1/frame/snapshot/rc27-scene-no-sprites/asset/layers/05_text-hud.png 3ms
[11:06:31.467 +03:47:37.122] [WEB] POST /api/v1/game/action 207ms
[11:06:31.699 +03:47:37.354] [WEB] GET /api/v1/frame/snapshot/rc27-scene-no-sprites/asset/layers/04_sprites.png 3ms
[11:06:31.748 +03:47:37.403] [WEB] GET /api/v1/frame/snapshot/rc27-scene-no-sprites/asset/layers/05_text-hud.png 25ms
[11:06:32.984 +03:47:38.639] [WEB] POST /api/v1/game/action 249ms
[11:06:33.684 +03:47:39.339] [WEB] GET /api/v1/frame/snapshot/rc27-scene-no-sprites/asset/layers/00_base.png 11ms
[11:06:33.698 +03:47:39.354] [WEB] GET /api/v1/frame/snapshot/rc27-scene-no-sprites/asset/layers/04_sprites.png 2ms
[11:06:33.716 +03:47:39.372] [WEB] GET /api/v1/frame/snapshot/rc27-scene-no-sprites/asset/layers/05_text-hud.png 9ms
[11:06:34.458 +03:47:40.114] [WEB] POST /api/v1/game/action 194ms
[11:06:34.753 +03:47:40.409] [WEB] GET /api/v1/frame/snapshot/rc27-scene-no-sprites/asset/layers/04_sprites.png 12ms
[11:06:34.767 +03:47:40.422] [WEB] GET /api/v1/frame/snapshot/rc27-scene-no-sprites/asset/layers/05_text-hud.png 2ms
[11:06:36.002 +03:47:41.657] [WEB] POST /api/v1/game/action 267ms
[11:06:37.255 +03:47:42.911] [WEB] GET /api/v1/frame/snapshot/rc27-scene-no-sprites/asset/layers/01_bg-bottom.png 33ms
[11:06:37.555 +03:47:43.211] [WEB] POST /api/v1/game/action 234ms
[11:06:37.580 +03:47:43.235] [WEB] GET /api/v1/frame/snapshot/rc27-scene-no-sprites/asset/layers/04_sprites.png 19ms
[11:06:37.638 +03:47:43.294] [WEB] GET /api/v1/frame/snapshot/rc27-scene-no-sprites/asset/layers/05_text-hud.png 5ms
[11:06:38.926 +03:47:44.582] [WEB] POST /api/v1/game/action 187ms
[11:06:40.464 +03:47:46.119] [WEB] POST /api/v1/game/action 196ms
[11:06:41.499 +03:47:47.154] [WEB] GET /api/v1/frame/snapshot/rc27-scene-no-sprites/asset/layers/01_bg-bottom.png 5ms
[11:06:41.525 +03:47:47.181] [WEB] GET /api/v1/frame/snapshot/rc27-scene-no-sprites/asset/layers/05_text-hud.png 9ms
[11:06:41.964 +03:47:47.620] [WEB] POST /api/v1/game/action 224ms
[11:06:42.775 +03:47:48.431] [WEB] GET /api/v1/frame/snapshot/rc27-scene-no-sprites/asset/layers/01_bg-bottom.png 5ms
[11:06:42.788 +03:47:48.444] [WEB] GET /api/v1/frame/snapshot/rc27-scene-no-sprites/asset/layers/04_sprites.png 2ms
[11:06:42.812 +03:47:48.468] [WEB] GET /api/v1/frame/snapshot/rc27-scene-no-sprites/asset/layers/05_text-hud.png 5ms
[11:06:43.519 +03:47:49.175] [WEB] POST /api/v1/game/action 242ms
[11:06:44.479 +03:47:50.135] [WEB] GET /api/v1/frame/snapshot/rc27-scene-no-sprites/asset/layers/01_bg-bottom.png 4ms
[11:06:44.519 +03:47:50.175] [WEB] GET /api/v1/frame/snapshot/rc27-scene-no-sprites/asset/layers/04_sprites.png 11ms
[11:06:44.951 +03:47:50.606] [WEB] POST /api/v1/game/action 213ms
[11:06:45.264 +03:47:50.920] [WEB] GET /api/v1/frame/snapshot/rc27-scene-no-sprites/asset/layers/01_bg-bottom.png 4ms
[11:06:45.316 +03:47:50.972] [WEB] GET /api/v1/frame/snapshot/rc27-scene-no-sprites/asset/layers/04_sprites.png 6ms
[11:06:45.403 +03:47:51.059] [WEB] GET /api/v1/frame/snapshot/rc27-scene-no-sprites/asset/layers/05_text-hud.png 24ms
[11:06:46.536 +03:47:52.192] [WEB] POST /api/v1/game/action 249ms
[11:06:48.060 +03:47:53.716] [WEB] POST /api/v1/game/action 323ms
[11:06:49.537 +03:47:55.193] [WEB] POST /api/v1/game/action 291ms
[11:06:50.989 +03:47:56.644] [WEB] POST /api/v1/game/action 252ms
[11:06:52.466 +03:47:58.122] [WEB] POST /api/v1/game/action 201ms
[11:06:53.978 +03:47:59.633] [WEB] POST /api/v1/game/action 236ms
[11:06:55.473 +03:48:01.129] [WEB] POST /api/v1/game/action 237ms
[11:06:56.989 +03:48:02.644] [WEB] POST /api/v1/game/action 248ms
[11:06:58.505 +03:48:04.161] [WEB] POST /api/v1/game/action 239ms
[11:06:59.996 +03:48:05.652] [WEB] POST /api/v1/game/action 256ms
[11:07:01.491 +03:48:07.146] [WEB] POST /api/v1/game/action 224ms
[11:07:02.951 +03:48:08.606] [WEB] POST /api/v1/game/action 215ms
[11:07:04.506 +03:48:10.162] [WEB] POST /api/v1/game/action 231ms
[11:07:05.981 +03:48:11.637] [WEB] POST /api/v1/game/action 243ms
[11:07:07.468 +03:48:13.123] [WEB] POST /api/v1/game/action 230ms
[11:07:08.970 +03:48:14.626] [WEB] POST /api/v1/game/action 232ms
[11:07:10.506 +03:48:16.162] [WEB] POST /api/v1/game/action 238ms
[11:07:11.966 +03:48:17.621] [WEB] POST /api/v1/game/action 229ms
[11:07:13.519 +03:48:19.174] [WEB] POST /api/v1/game/action 267ms
[11:07:14.985 +03:48:20.641] [WEB] POST /api/v1/game/action 248ms
[11:07:16.497 +03:48:22.153] [WEB] POST /api/v1/game/action 243ms
[11:07:17.967 +03:48:23.622] [WEB] POST /api/v1/game/action 231ms
[11:07:19.525 +03:48:25.181] [WEB] POST /api/v1/game/action 268ms
[11:07:20.970 +03:48:26.626] [WEB] POST /api/v1/game/action 230ms
[11:07:22.503 +03:48:28.158] [WEB] POST /api/v1/game/action 236ms
[11:07:23.966 +03:48:29.622] [WEB] POST /api/v1/game/action 228ms
[11:07:25.499 +03:48:31.155] [WEB] POST /api/v1/game/action 225ms
[11:07:27.014 +03:48:32.670] [WEB] POST /api/v1/game/action 278ms
[11:07:28.505 +03:48:34.161] [WEB] POST /api/v1/game/action 232ms
[11:07:29.972 +03:48:35.628] [WEB] POST /api/v1/game/action 232ms
[11:07:31.503 +03:48:37.158] [WEB] POST /api/v1/game/action 236ms
[11:07:32.784 +03:48:38.440] [WEB] GET /api/v1/frame/snapshot/rc27-scene-no-sprites/asset/layers/04_sprites.png 28ms
[11:07:33.116 +03:48:38.771] [WEB] POST /api/v1/game/action 326ms
[11:07:33.122 +03:48:38.778] [WEB] GET /api/v1/frame/snapshot/rc27-scene-no-sprites/asset/layers/05_text-hud.png 2ms
[11:07:34.487 +03:48:40.142] [WEB] POST /api/v1/game/action 209ms
[11:07:35.979 +03:48:41.634] [WEB] POST /api/v1/game/action 235ms
[11:07:36.925 +03:48:42.581] [WEB] GET /api/v1/frame/snapshot/rc27-scene-no-sprites/asset/layers/05_text-hud.png 7ms
[11:07:37.483 +03:48:43.139] [WEB] POST /api/v1/game/action 226ms
[11:07:37.635 +03:48:43.290] [WEB] GET /api/v1/frame/snapshot/rc27-scene-no-sprites/asset/layers/04_sprites.png 3ms
[11:07:37.651 +03:48:43.307] [WEB] GET /api/v1/frame/snapshot/rc27-scene-no-sprites/asset/layers/05_text-hud.png 2ms
[11:07:38.963 +03:48:44.618] [WEB] POST /api/v1/game/action 226ms
[11:07:40.252 +03:48:45.908] [WEB] GET /api/v1/frame/snapshot/rc27-scene-no-sprites/asset/layers/04_sprites.png 3ms
[11:07:40.515 +03:48:46.171] [WEB] POST /api/v1/game/action 256ms
[11:07:40.933 +03:48:46.589] [WEB] GET /api/v1/frame/snapshot/rc27-scene-no-sprites/asset/layers/04_sprites.png 30ms
[11:07:40.955 +03:48:46.611] [WEB] GET /api/v1/frame/snapshot/rc27-scene-no-sprites/asset/layers/05_text-hud.png 2ms
[11:07:41.964 +03:48:47.620] [WEB] POST /api/v1/game/action 227ms
[11:07:43.459 +03:48:49.115] [WEB] POST /api/v1/game/action 222ms
[11:07:44.966 +03:48:50.621] [WEB] POST /api/v1/game/action 229ms
[11:07:46.500 +03:48:52.156] [WEB] POST /api/v1/game/action 227ms
[11:07:47.383 +03:48:53.039] [WEB] GET /api/v1/frame/snapshot/rc27-scene-no-sprites/asset/layers/04_sprites.png 4ms
[11:07:47.946 +03:48:53.602] [WEB] POST /api/v1/game/action 211ms
[11:07:48.401 +03:48:54.057] [WEB] GET /api/v1/frame/snapshot/rc27-scene-no-sprites/asset/layers/04_sprites.png 10ms
[11:07:48.430 +03:48:54.086] [WEB] GET /api/v1/frame/snapshot/rc27-scene-no-sprites/asset/layers/05_text-hud.png 19ms
[11:07:49.484 +03:48:55.140] [WEB] POST /api/v1/game/action 226ms
[11:07:49.782 +03:48:55.438] [WEB] GET /api/v1/frame/snapshot/rc27-scene-no-sprites/asset/layers/04_sprites.png 2ms
[11:07:50.402 +03:48:56.058] [WEB] GET /api/v1/frame/snapshot/rc27-scene-no-sprites/asset/layers/04_sprites.png 3ms
[11:07:50.434 +03:48:56.089] [WEB] GET /api/v1/frame/snapshot/rc27-scene-no-sprites/asset/layers/05_text-hud.png 2ms
[11:07:50.954 +03:48:56.609] [WEB] POST /api/v1/game/action 213ms
[11:07:52.085 +03:48:57.741] [WEB] GET /api/v1/frame/snapshot/rc27-scene-no-sprites/asset/layers/04_sprites.png 2ms
[11:07:52.492 +03:48:58.148] [WEB] POST /api/v1/game/action 231ms
[11:07:52.749 +03:48:58.405] [WEB] GET /api/v1/frame/snapshot/rc27-scene-no-sprites/asset/layers/04_sprites.png 9ms
[11:07:52.771 +03:48:58.426] [WEB] GET /api/v1/frame/snapshot/rc27-scene-no-sprites/asset/layers/05_text-hud.png 6ms
[11:07:53.669 +03:48:59.325] [WEB] GET /api/v1/frame/snapshot/rc27-scene-no-sprites/asset/layers/04_sprites.png 8ms
[11:07:53.946 +03:48:59.601] [WEB] POST /api/v1/game/action 209ms
[11:07:54.250 +03:48:59.905] [WEB] GET /api/v1/frame/snapshot/rc27-scene-no-sprites/asset/layers/04_sprites.png 25ms
[11:07:54.374 +03:49:00.030] [WEB] GET /api/v1/frame/snapshot/rc27-scene-no-sprites/asset/layers/05_text-hud.png 23ms
[11:07:55.496 +03:49:01.151] [WEB] POST /api/v1/game/action 225ms
[11:07:55.934 +03:49:01.589] [WEB] GET /api/v1/frame/snapshot/rc27-scene-no-sprites/asset/layers/04_sprites.png 5ms
[11:07:56.574 +03:49:02.229] [WEB] GET /api/v1/frame/snapshot/rc27-scene-no-sprites/asset/layers/04_sprites.png 3ms
[11:07:56.599 +03:49:02.255] [WEB] GET /api/v1/frame/snapshot/rc27-scene-no-sprites/asset/layers/05_text-hud.png 8ms
[11:07:56.937 +03:49:02.593] [WEB] POST /api/v1/game/action 201ms
[11:07:58.579 +03:49:04.234] [WEB] POST /api/v1/game/action 290ms
[11:07:59.968 +03:49:05.624] [WEB] POST /api/v1/game/action 223ms
[11:08:01.489 +03:49:07.144] [WEB] POST /api/v1/game/action 236ms
[11:08:02.969 +03:49:08.625] [WEB] POST /api/v1/game/action 233ms
[11:08:04.498 +03:49:10.154] [WEB] POST /api/v1/game/action 226ms
[11:08:05.951 +03:49:11.606] [WEB] POST /api/v1/game/action 215ms
[11:08:07.459 +03:49:13.115] [WEB] POST /api/v1/game/action 207ms
[11:08:08.967 +03:49:14.623] [WEB] POST /api/v1/game/action 230ms
[11:08:10.451 +03:49:16.107] [WEB] POST /api/v1/game/action 210ms
[11:08:11.983 +03:49:17.638] [WEB] POST /api/v1/game/action 245ms
[11:08:13.461 +03:49:19.117] [WEB] POST /api/v1/game/action 221ms
[11:08:14.951 +03:49:20.606] [WEB] POST /api/v1/game/action 211ms
[11:08:16.457 +03:49:22.113] [WEB] POST /api/v1/game/action 221ms
[11:08:17.966 +03:49:23.622] [WEB] POST /api/v1/game/action 226ms
[11:08:19.487 +03:49:25.143] [WEB] POST /api/v1/game/action 227ms
[11:08:20.979 +03:49:26.635] [WEB] POST /api/v1/game/action 232ms
[11:08:22.466 +03:49:28.122] [WEB] POST /api/v1/game/action 227ms
[11:08:24.028 +03:49:29.684] [WEB] POST /api/v1/game/action 292ms
[11:08:25.578 +03:49:31.233] [WEB] POST /api/v1/game/action 276ms
[11:08:27.040 +03:49:32.696] [WEB] POST /api/v1/game/action 295ms
[11:08:28.520 +03:49:34.176] [WEB] POST /api/v1/game/action 258ms
[11:08:30.000 +03:49:35.656] [WEB] POST /api/v1/game/action 251ms
[11:08:31.478 +03:49:37.134] [WEB] POST /api/v1/game/action 243ms
[11:08:32.978 +03:49:38.634] [WEB] POST /api/v1/game/action 238ms
[11:08:34.466 +03:49:40.121] [WEB] POST /api/v1/game/action 229ms
[11:08:35.976 +03:49:41.632] [WEB] POST /api/v1/game/action 238ms
[11:08:37.488 +03:49:43.143] [WEB] POST /api/v1/game/action 213ms
[11:08:38.763 +03:49:44.419] [WEB] GET /api/v1/frame/snapshot/rc27-scene-no-sprites/asset/layers/04_sprites.png 28ms
[11:08:38.987 +03:49:44.643] [WEB] POST /api/v1/game/action 218ms
[11:08:39.520 +03:49:45.176] [WEB] GET /api/v1/frame/snapshot/rc27-scene-no-sprites/asset/layers/04_sprites.png 2ms
[11:08:39.554 +03:49:45.209] [WEB] GET /api/v1/frame/snapshot/rc27-scene-no-sprites/asset/layers/05_text-hud.png 16ms
[11:08:40.487 +03:49:46.143] [WEB] POST /api/v1/game/action 231ms
[11:08:40.537 +03:49:46.193] [WEB] GET /api/v1/frame/snapshot/rc27-scene-no-sprites/asset/layers/04_sprites.png 6ms
[11:08:41.948 +03:49:47.604] [WEB] POST /api/v1/game/action 213ms
[11:08:42.692 +03:49:48.348] [WEB] GET /api/v1/frame/snapshot/rc27-scene-no-sprites/asset/layers/04_sprites.png 9ms
[11:08:42.718 +03:49:48.374] [WEB] GET /api/v1/frame/snapshot/rc27-scene-no-sprites/asset/layers/05_text-hud.png 18ms
[11:08:43.482 +03:49:49.137] [WEB] POST /api/v1/game/action 208ms
[11:08:43.971 +03:49:49.626] [WEB] GET /api/v1/frame/snapshot/rc27-scene-no-sprites/asset/layers/04_sprites.png 6ms
[11:08:44.942 +03:49:50.598] [WEB] POST /api/v1/game/action 206ms
[11:08:46.466 +03:49:52.121] [WEB] POST /api/v1/game/action 228ms
[11:08:47.971 +03:49:53.626] [WEB] POST /api/v1/game/action 234ms
[11:08:49.035 +03:49:54.691] [WEB] GET /api/v1/frame/snapshot/rc27-scene-no-sprites/asset/sources/text-hud.png 23ms
[11:08:49.444 +03:49:55.099] [WEB] POST /api/v1/game/action 200ms
[11:08:50.978 +03:49:56.633] [WEB] POST /api/v1/game/action 241ms
[11:08:52.548 +03:49:58.203] [WEB] POST /api/v1/game/action 266ms
[11:08:54.169 +03:49:59.824] [WEB] POST /api/v1/game/action 399ms
[11:08:55.552 +03:50:01.207] [WEB] POST /api/v1/game/action 279ms
[11:08:56.986 +03:50:02.641] [WEB] POST /api/v1/game/action 250ms
[11:08:58.479 +03:50:04.135] [WEB] POST /api/v1/game/action 239ms
[11:08:59.961 +03:50:05.616] [WEB] POST /api/v1/game/action 225ms
[11:09:01.499 +03:50:07.154] [WEB] POST /api/v1/game/action 227ms
[11:09:02.966 +03:50:08.621] [WEB] POST /api/v1/game/action 227ms
[11:09:04.515 +03:50:10.170] [WEB] POST /api/v1/game/action 243ms
[11:09:06.007 +03:50:11.662] [WEB] POST /api/v1/game/action 258ms
[11:09:07.513 +03:50:13.169] [WEB] POST /api/v1/game/action 233ms
[11:09:08.983 +03:50:14.638] [WEB] POST /api/v1/game/action 237ms
[11:09:10.516 +03:50:16.172] [WEB] POST /api/v1/game/action 248ms
[11:09:11.973 +03:50:17.628] [WEB] POST /api/v1/game/action 235ms
[11:09:13.460 +03:50:19.116] [WEB] POST /api/v1/game/action 222ms
[11:09:14.965 +03:50:20.621] [WEB] POST /api/v1/game/action 228ms
[11:09:16.513 +03:50:22.169] [WEB] POST /api/v1/game/action 243ms
[11:09:18.031 +03:50:23.686] [WEB] POST /api/v1/game/action 283ms
[11:09:19.553 +03:50:25.209] [WEB] POST /api/v1/game/action 267ms
[11:09:20.969 +03:50:26.625] [WEB] POST /api/v1/game/action 230ms
[11:09:22.496 +03:50:28.152] [WEB] POST /api/v1/game/action 240ms
[11:09:23.973 +03:50:29.629] [WEB] POST /api/v1/game/action 235ms
[11:09:25.566 +03:50:31.222] [WEB] POST /api/v1/game/action 286ms
[11:09:26.968 +03:50:32.624] [WEB] POST /api/v1/game/action 232ms
[11:09:28.496 +03:50:34.152] [WEB] POST /api/v1/game/action 234ms
[11:09:30.036 +03:50:35.692] [WEB] POST /api/v1/game/action 298ms
[11:09:31.484 +03:50:37.140] [WEB] POST /api/v1/game/action 230ms
[11:09:32.971 +03:50:38.626] [WEB] POST /api/v1/game/action 232ms
[11:09:34.513 +03:50:40.169] [WEB] POST /api/v1/game/action 240ms
[11:09:35.969 +03:50:41.624] [WEB] POST /api/v1/game/action 230ms
[11:09:37.471 +03:50:43.126] [WEB] POST /api/v1/game/action 224ms
[11:09:38.963 +03:50:44.619] [WEB] POST /api/v1/game/action 227ms
[11:09:40.487 +03:50:46.142] [WEB] POST /api/v1/game/action 231ms
[11:09:41.961 +03:50:47.617] [WEB] POST /api/v1/game/action 221ms
[11:09:43.492 +03:50:49.148] [WEB] POST /api/v1/game/action 235ms
[11:09:44.977 +03:50:50.633] [WEB] POST /api/v1/game/action 234ms
[11:09:46.494 +03:50:52.149] [WEB] POST /api/v1/game/action 237ms
[11:09:47.966 +03:50:53.622] [WEB] POST /api/v1/game/action 227ms
[11:09:49.479 +03:50:55.135] [WEB] POST /api/v1/game/action 226ms
[11:09:51.000 +03:50:56.656] [WEB] POST /api/v1/game/action 258ms
[11:09:52.504 +03:50:58.160] [WEB] POST /api/v1/game/action 243ms
[11:09:53.973 +03:50:59.629] [WEB] POST /api/v1/game/action 232ms
[11:09:55.527 +03:51:01.183] [WEB] POST /api/v1/game/action 264ms
[11:09:57.015 +03:51:02.671] [WEB] POST /api/v1/game/action 278ms
[11:09:58.501 +03:51:04.157] [WEB] POST /api/v1/game/action 244ms
[11:09:59.949 +03:51:05.604] [WEB] POST /api/v1/game/action 210ms
[11:10:01.530 +03:51:07.186] [WEB] POST /api/v1/game/action 263ms
[11:10:03.019 +03:51:08.674] [WEB] POST /api/v1/game/action 281ms
[11:10:04.485 +03:51:10.141] [WEB] POST /api/v1/game/action 246ms
[11:10:05.984 +03:51:11.639] [WEB] POST /api/v1/game/action 238ms
[11:10:07.507 +03:51:13.162] [WEB] POST /api/v1/game/action 244ms
[11:10:09.034 +03:51:14.690] [WEB] POST /api/v1/game/action 290ms
[11:10:10.515 +03:51:16.171] [WEB] POST /api/v1/game/action 247ms
[11:10:11.965 +03:51:17.620] [WEB] POST /api/v1/game/action 224ms
[11:10:13.512 +03:51:19.167] [WEB] POST /api/v1/game/action 238ms
[11:10:15.001 +03:51:20.657] [WEB] POST /api/v1/game/action 265ms
[11:10:16.587 +03:51:22.242] [WEB] POST /api/v1/game/action 307ms
[11:10:17.957 +03:51:23.613] [WEB] POST /api/v1/game/action 219ms
[11:10:19.551 +03:51:25.207] [WEB] POST /api/v1/game/action 293ms
[11:10:21.204 +03:51:26.860] [WEB] POST /api/v1/game/action 463ms
[11:10:22.478 +03:51:28.134] [WEB] POST /api/v1/game/action 223ms
[11:10:23.955 +03:51:29.611] [WEB] POST /api/v1/game/action 220ms
[11:10:25.492 +03:51:31.147] [WEB] POST /api/v1/game/action 237ms
[11:10:26.965 +03:51:32.621] [WEB] POST /api/v1/game/action 225ms
[11:10:28.468 +03:51:34.123] [WEB] POST /api/v1/game/action 227ms
[11:10:30.002 +03:51:35.657] [WEB] POST /api/v1/game/action 255ms
[11:10:31.498 +03:51:37.154] [WEB] POST /api/v1/game/action 229ms
[11:10:33.030 +03:51:38.686] [WEB] POST /api/v1/game/action 291ms
[11:10:34.493 +03:51:40.149] [WEB] POST /api/v1/game/action 238ms
[11:10:35.972 +03:51:41.628] [WEB] POST /api/v1/game/action 236ms
[11:10:37.503 +03:51:43.159] [WEB] POST /api/v1/game/action 251ms
[11:10:38.967 +03:51:44.622] [WEB] POST /api/v1/game/action 225ms
[11:10:40.487 +03:51:46.142] [WEB] POST /api/v1/game/action 233ms
[11:10:41.971 +03:51:47.627] [WEB] POST /api/v1/game/action 235ms
[11:10:43.466 +03:51:49.122] [WEB] POST /api/v1/game/action 213ms
[11:10:45.069 +03:51:50.725] [WEB] POST /api/v1/game/action 318ms
[11:10:46.483 +03:51:52.138] [WEB] POST /api/v1/game/action 233ms
[11:10:48.024 +03:51:53.680] [WEB] POST /api/v1/game/action 272ms
[11:10:49.537 +03:51:55.193] [WEB] POST /api/v1/game/action 287ms
[11:10:50.977 +03:51:56.633] [WEB] POST /api/v1/game/action 229ms
[11:10:52.487 +03:51:58.143] [WEB] POST /api/v1/game/action 215ms
[11:10:53.961 +03:51:59.617] [WEB] POST /api/v1/game/action 225ms
[11:10:55.480 +03:52:01.135] [WEB] POST /api/v1/game/action 227ms
[11:10:56.994 +03:52:02.650] [WEB] POST /api/v1/game/action 253ms
[11:10:58.494 +03:52:04.149] [WEB] POST /api/v1/game/action 225ms
[11:10:59.986 +03:52:05.641] [WEB] POST /api/v1/game/action 242ms
[11:11:01.520 +03:52:07.176] [WEB] POST /api/v1/game/action 265ms
[11:11:03.020 +03:52:08.676] [WEB] POST /api/v1/game/action 283ms
[11:11:04.554 +03:52:10.209] [WEB] POST /api/v1/game/action 264ms
[11:11:06.031 +03:52:11.686] [WEB] POST /api/v1/game/action 280ms
[11:11:07.494 +03:52:13.150] [WEB] POST /api/v1/game/action 256ms
[11:11:09.021 +03:52:14.676] [WEB] POST /api/v1/game/action 271ms
[11:11:10.522 +03:52:16.178] [WEB] POST /api/v1/game/action 252ms
[11:11:11.982 +03:52:17.638] [WEB] POST /api/v1/game/action 246ms
[11:11:13.507 +03:52:19.163] [WEB] POST /api/v1/game/action 250ms
[11:11:15.001 +03:52:20.656] [WEB] POST /api/v1/game/action 262ms
[11:11:16.480 +03:52:22.136] [WEB] POST /api/v1/game/action 231ms
[11:11:17.987 +03:52:23.643] [WEB] POST /api/v1/game/action 243ms
[11:11:19.487 +03:52:25.143] [WEB] POST /api/v1/game/action 219ms
[11:11:20.985 +03:52:26.640] [WEB] POST /api/v1/game/action 249ms
[11:11:22.500 +03:52:28.156] [WEB] POST /api/v1/game/action 221ms
[11:11:23.975 +03:52:29.631] [WEB] POST /api/v1/game/action 226ms
[11:11:25.499 +03:52:31.154] [WEB] POST /api/v1/game/action 239ms
[11:11:26.976 +03:52:32.631] [WEB] POST /api/v1/game/action 239ms
[11:11:28.496 +03:52:34.152] [WEB] POST /api/v1/game/action 232ms
[11:11:29.948 +03:52:35.604] [WEB] POST /api/v1/game/action 211ms
[11:11:31.470 +03:52:37.126] [WEB] POST /api/v1/game/action 231ms
[11:11:32.983 +03:52:38.639] [WEB] POST /api/v1/game/action 244ms
[11:11:34.465 +03:52:40.121] [WEB] POST /api/v1/game/action 229ms
[11:11:35.980 +03:52:41.636] [WEB] POST /api/v1/game/action 239ms
[11:11:37.498 +03:52:43.154] [WEB] POST /api/v1/game/action 243ms
[11:11:38.983 +03:52:44.639] [WEB] POST /api/v1/game/action 245ms
[11:11:40.501 +03:52:46.156] [WEB] POST /api/v1/game/action 249ms
[11:11:41.987 +03:52:47.643] [WEB] POST /api/v1/game/action 241ms
[11:11:43.515 +03:52:49.171] [WEB] POST /api/v1/game/action 239ms
[11:11:44.974 +03:52:50.630] [WEB] POST /api/v1/game/action 228ms
[11:11:46.487 +03:52:52.143] [WEB] POST /api/v1/game/action 238ms
[11:11:47.968 +03:52:53.624] [WEB] POST /api/v1/game/action 232ms
[11:11:49.478 +03:52:55.134] [WEB] POST /api/v1/game/action 218ms
[11:11:50.989 +03:52:56.644] [WEB] POST /api/v1/game/action 251ms
[11:11:52.479 +03:52:58.135] [WEB] POST /api/v1/game/action 231ms
[11:11:53.983 +03:52:59.639] [WEB] POST /api/v1/game/action 242ms
[11:11:55.502 +03:53:01.158] [WEB] POST /api/v1/game/action 233ms
[11:11:57.001 +03:53:02.657] [WEB] POST /api/v1/game/action 256ms
[11:11:58.482 +03:53:04.138] [WEB] POST /api/v1/game/action 230ms
[11:11:59.966 +03:53:05.621] [WEB] POST /api/v1/game/action 217ms
[11:12:01.485 +03:53:07.141] [WEB] POST /api/v1/game/action 247ms
[11:12:02.987 +03:53:08.643] [WEB] POST /api/v1/game/action 251ms
[11:12:04.581 +03:53:10.237] [WEB] POST /api/v1/game/action 312ms
[11:12:05.987 +03:53:11.642] [WEB] POST /api/v1/game/action 239ms
[11:12:07.495 +03:53:13.151] [WEB] POST /api/v1/game/action 229ms
[11:12:08.971 +03:53:14.627] [WEB] POST /api/v1/game/action 235ms
[11:12:10.498 +03:53:16.153] [WEB] POST /api/v1/game/action 232ms
[11:12:11.985 +03:53:17.640] [WEB] POST /api/v1/game/action 247ms
[11:12:13.467 +03:53:19.123] [WEB] POST /api/v1/game/action 232ms
[11:12:14.985 +03:53:20.641] [WEB] POST /api/v1/game/action 243ms
[11:12:16.483 +03:53:22.139] [WEB] POST /api/v1/game/action 206ms
[11:12:17.969 +03:53:23.625] [WEB] POST /api/v1/game/action 221ms
[11:12:19.464 +03:53:25.119] [WEB] POST /api/v1/game/action 227ms
[11:12:20.969 +03:53:26.624] [WEB] POST /api/v1/game/action 233ms
[11:12:22.502 +03:53:28.158] [WEB] POST /api/v1/game/action 234ms
[11:12:23.983 +03:53:29.639] [WEB] POST /api/v1/game/action 247ms
[11:12:25.488 +03:53:31.143] [WEB] POST /api/v1/game/action 239ms
[11:12:27.170 +03:53:32.825] [WEB] POST /api/v1/game/action 428ms
[11:12:28.643 +03:53:34.299] [WEB] POST /api/v1/game/action 359ms
[11:12:30.082 +03:53:35.738] [WEB] POST /api/v1/game/action 342ms
[11:12:31.615 +03:53:37.271] [WEB] POST /api/v1/game/action 339ms
[11:12:33.098 +03:53:38.753] [WEB] POST /api/v1/game/action 355ms
[11:12:34.630 +03:53:40.286] [WEB] POST /api/v1/game/action 359ms
[11:12:36.066 +03:53:41.722] [WEB] POST /api/v1/game/action 327ms
[11:12:37.601 +03:53:43.256] [WEB] POST /api/v1/game/action 345ms
[11:12:39.071 +03:53:44.727] [WEB] POST /api/v1/game/action 334ms
[11:12:40.616 +03:53:46.272] [WEB] POST /api/v1/game/action 334ms
[11:12:42.188 +03:53:47.844] [WEB] POST /api/v1/game/action 437ms
[11:12:43.544 +03:53:49.199] [WEB] POST /api/v1/game/action 269ms
[11:12:45.021 +03:53:50.676] [WEB] POST /api/v1/game/action 270ms
[11:12:46.553 +03:53:52.208] [WEB] POST /api/v1/game/action 267ms
[11:12:48.267 +03:53:53.922] [WEB] POST /api/v1/game/action 529ms
[11:12:49.620 +03:53:55.275] [WEB] POST /api/v1/game/action 290ms
[11:12:51.009 +03:53:56.664] [WEB] POST /api/v1/game/action 269ms
[11:12:52.518 +03:53:58.174] [WEB] POST /api/v1/game/action 262ms
[11:12:54.190 +03:53:59.845] [WEB] POST /api/v1/game/action 453ms
[11:12:55.739 +03:54:01.394] [WEB] POST /api/v1/game/action 399ms
[11:12:57.215 +03:54:02.870] [WEB] POST /api/v1/game/action 473ms
[11:12:58.492 +03:54:04.147] [WEB] POST /api/v1/game/action 235ms
[11:13:00.003 +03:54:05.659] [WEB] POST /api/v1/game/action 258ms
[11:13:01.683 +03:54:07.339] [WEB] POST /api/v1/game/action 346ms
[11:13:03.001 +03:54:08.656] [WEB] POST /api/v1/game/action 263ms
[11:13:04.582 +03:54:10.238] [WEB] POST /api/v1/game/action 286ms
[11:13:06.005 +03:54:11.660] [WEB] POST /api/v1/game/action 266ms
[11:13:07.487 +03:54:13.142] [WEB] POST /api/v1/game/action 239ms
[11:13:08.983 +03:54:14.639] [WEB] POST /api/v1/game/action 246ms
[11:13:09.027 +03:54:14.683] [WEB] POST /api/v1/script 29ms
[11:13:09.116 +03:54:14.772] [WEB] POST /api/v1/script 81ms
[11:13:09.194 +03:54:14.850] [WEB] POST /api/v1/script 74ms
[11:13:09.265 +03:54:14.921] [WEB] POST /api/v1/script 65ms
[11:13:09.342 +03:54:14.998] [WEB] POST /api/v1/script 68ms
[11:13:09.418 +03:54:15.074] [WEB] POST /api/v1/script 71ms
[11:13:09.452 +03:54:15.108] [WEB] POST /api/v1/script 27ms
[11:13:09.560 +03:54:15.215] [WEB] POST /api/v1/script 100ms
[11:13:09.835 +03:54:15.490] [WEB] POST /api/v1/script 212ms
[11:13:09.966 +03:54:15.622] [WEB] POST /api/v1/script 112ms
[11:13:11.542 +03:54:17.197] [WEB] POST /api/v1/script 1571ms
[11:13:11.795 +03:54:17.451] [WEB] POST /api/v1/game/action 249ms
[11:13:12.086 +03:54:17.742] [WEB] POST /api/v1/script 278ms
[11:13:12.468 +03:54:18.124] [WEB] POST /api/v1/game/action 370ms
[11:13:12.566 +03:54:18.222] [WEB] POST /api/v1/script 90ms
[11:13:32.888 +03:54:38.544] [WEB] POST /api/v1/script 20315ms
[11:13:33.089 +03:54:38.745] [WEB] POST /api/v1/game/action 197ms
[11:13:33.311 +03:54:38.966] [WEB] POST /api/v1/game/action 218ms
[11:13:33.516 +03:54:39.172] [WEB] POST /api/v1/game/action 201ms
[11:13:33.737 +03:54:39.393] [WEB] POST /api/v1/game/action 215ms
[11:13:33.985 +03:54:39.641] [WEB] POST /api/v1/game/action 238ms
[11:13:34.204 +03:54:39.859] [WEB] POST /api/v1/game/action 213ms
[11:13:34.413 +03:54:40.069] [WEB] POST /api/v1/game/action 204ms
[11:13:34.616 +03:54:40.271] [WEB] POST /api/v1/game/action 199ms
[11:13:34.805 +03:54:40.461] [WEB] POST /api/v1/game/action 182ms
[11:13:35.013 +03:54:40.669] [WEB] POST /api/v1/game/action 201ms
[11:13:35.220 +03:54:40.876] [WEB] POST /api/v1/game/action 204ms
[11:13:35.412 +03:54:41.068] [WEB] POST /api/v1/game/action 188ms
[11:13:35.636 +03:54:41.292] [WEB] POST /api/v1/game/action 221ms
[11:13:35.857 +03:54:41.512] [WEB] POST /api/v1/game/action 215ms
[11:13:35.921 +03:54:41.576] [WEB] POST /api/v1/script 57ms
[11:13:36.170 +03:54:41.825] [WEB] POST /api/v1/game/action 245ms
[11:13:36.378 +03:54:42.034] [WEB] POST /api/v1/game/action 203ms
[11:13:37.778 +03:54:43.434] [WEB] POST /api/v1/script 1396ms
[11:13:38.016 +03:54:43.672] [WEB] POST /api/v1/game/action 228ms
[11:13:38.044 +03:54:43.700] [WEB] POST /api/v1/script 21ms
[11:13:38.067 +03:54:43.722] [WEB] POST /api/v1/script 17ms
[11:13:38.137 +03:54:43.792] [WEB] POST /api/v1/script 65ms
[11:13:38.204 +03:54:43.860] [WEB] POST /api/v1/script 55ms
[11:13:39.575 +03:54:45.231] [WEB] POST /api/v1/script 1365ms
[11:13:39.804 +03:54:45.459] [WEB] POST /api/v1/game/action 220ms
[11:13:39.862 +03:54:45.517] [WEB] POST /api/v1/script 54ms
[11:13:39.900 +03:54:45.556] [WEB] POST /api/v1/script 26ms
[11:13:39.958 +03:54:45.614] [WEB] POST /api/v1/script 53ms
[11:13:40.018 +03:54:45.674] [WEB] POST /api/v1/script 55ms
[11:13:41.391 +03:54:47.046] [WEB] POST /api/v1/script 1369ms
[11:13:41.625 +03:54:47.281] [WEB] POST /api/v1/game/action 224ms
[11:13:41.683 +03:54:47.338] [WEB] POST /api/v1/script 51ms
[11:13:41.711 +03:54:47.366] [WEB] POST /api/v1/script 20ms
[11:13:41.780 +03:54:47.436] [WEB] POST /api/v1/script 65ms
[11:13:41.997 +03:54:47.653] [WEB] POST /api/v1/game/action 212ms
[11:13:42.055 +03:54:47.710] [WEB] POST /api/v1/script 51ms
[11:13:43.469 +03:54:49.125] [WEB] POST /api/v1/script 1405ms
[11:13:43.708 +03:54:49.364] [WEB] POST /api/v1/game/action 231ms
[11:13:43.773 +03:54:49.428] [WEB] POST /api/v1/script 55ms
[11:13:43.798 +03:54:49.454] [WEB] POST /api/v1/script 21ms
[11:13:43.865 +03:54:49.521] [WEB] POST /api/v1/script 63ms
[11:13:43.921 +03:54:49.576] [WEB] POST /api/v1/script 52ms
[11:13:45.326 +03:54:50.982] [WEB] POST /api/v1/script 1399ms
[11:13:45.536 +03:54:51.192] [WEB] POST /api/v1/game/action 205ms
[11:13:45.609 +03:54:51.264] [WEB] POST /api/v1/script 68ms
[11:13:45.640 +03:54:51.295] [WEB] POST /api/v1/script 25ms
[11:13:45.699 +03:54:51.355] [WEB] POST /api/v1/script 53ms
[11:13:45.754 +03:54:51.410] [WEB] POST /api/v1/script 48ms
[11:13:46.680 +03:54:52.336] [WEB] POST /api/v1/script 918ms
[11:13:46.862 +03:54:52.517] [WEB] POST /api/v1/game/action 178ms
[11:13:47.199 +03:54:52.855] [WEB] POST /api/v1/script 334ms
[11:13:47.298 +03:54:52.954] [WEB] POST /api/v1/script 88ms
[11:14:05.395 +03:55:11.051] [WEB] POST /api/v1/script 18082ms
[11:14:05.576 +03:55:11.231] [WEB] POST /api/v1/game/action 177ms
[11:14:05.753 +03:55:11.409] [WEB] POST /api/v1/game/action 172ms
[11:14:05.930 +03:55:11.586] [WEB] POST /api/v1/game/action 173ms
[11:14:06.108 +03:55:11.764] [WEB] POST /api/v1/game/action 174ms
[11:14:06.282 +03:55:11.937] [WEB] POST /api/v1/game/action 171ms
[11:14:06.459 +03:55:12.115] [WEB] POST /api/v1/game/action 174ms
[11:14:06.636 +03:55:12.291] [WEB] POST /api/v1/game/action 172ms
[11:14:06.814 +03:55:12.469] [WEB] POST /api/v1/game/action 175ms
[11:14:06.993 +03:55:12.649] [WEB] POST /api/v1/game/action 174ms
[11:14:07.172 +03:55:12.828] [WEB] POST /api/v1/game/action 176ms
[11:14:07.357 +03:55:13.013] [WEB] POST /api/v1/game/action 181ms
[11:14:07.537 +03:55:13.193] [WEB] POST /api/v1/game/action 177ms
[11:14:07.592 +03:55:13.247] [WEB] POST /api/v1/script 50ms
[11:14:07.767 +03:55:13.423] [WEB] POST /api/v1/game/action 171ms
[11:14:07.948 +03:55:13.604] [WEB] POST /api/v1/game/action 175ms
[11:14:09.392 +03:55:15.048] [WEB] POST /api/v1/script 1440ms
[11:14:09.583 +03:55:15.238] [WEB] POST /api/v1/game/action 177ms
[11:14:09.606 +03:55:15.261] [WEB] POST /api/v1/script 19ms
[11:14:09.630 +03:55:15.286] [WEB] POST /api/v1/script 20ms
[11:14:10.021 +03:55:15.677] [WEB] POST /api/v1/script 387ms
[11:14:10.171 +03:55:15.827] [WEB] POST /api/v1/script 143ms
[11:14:10.228 +03:55:15.884] [WEB] POST /api/v1/script 47ms
[11:14:10.313 +03:55:15.969] [WEB] POST /api/v1/script 80ms
[11:14:10.487 +03:55:16.143] [WEB] POST /api/v1/game/action 168ms
[11:14:10.543 +03:55:16.199] [WEB] POST /api/v1/script 50ms
[11:14:10.597 +03:55:16.253] [WEB] POST /api/v1/script 49ms
[11:14:10.647 +03:55:16.303] [WEB] POST /api/v1/script 46ms
[11:14:10.700 +03:55:16.355] [WEB] POST /api/v1/script 49ms
[11:14:10.784 +03:55:16.440] [WEB] POST /api/v1/script 80ms
[11:14:10.820 +03:55:16.475] [WEB] POST /api/v1/script 31ms
[11:14:19.720 +03:55:25.376] [WEB] POST /api/v1/script 8896ms
[11:14:19.903 +03:55:25.558] [WEB] POST /api/v1/game/action 177ms
[11:14:20.060 +03:55:25.716] [WEB] POST /api/v1/game/action 154ms
[11:14:20.225 +03:55:25.881] [WEB] POST /api/v1/game/action 162ms
[11:14:20.423 +03:55:26.079] [WEB] POST /api/v1/game/action 194ms
[11:14:20.611 +03:55:26.266] [WEB] POST /api/v1/game/action 184ms
[11:14:20.797 +03:55:26.452] [WEB] POST /api/v1/game/action 182ms
[11:14:21.980 +03:55:27.635] [WEB] GET /api/v1/script/runs 1180ms
[11:14:22.146 +03:55:27.802] [WEB] POST /api/v1/game/action 162ms
[11:14:22.154 +03:55:27.810] [WEB] GET /api/v1/script/runs 4ms
[11:14:22.411 +03:55:28.067] [WEB] POST /api/v1/game/action 150ms
[11:14:22.558 +03:55:28.213] [WEB] GET /api/v1/evidence 7ms
[11:14:23.899 +03:55:29.554] [WEB] POST /api/v1/game/action 161ms
[11:14:25.393 +03:55:31.048] [WEB] POST /api/v1/game/action 147ms
[11:14:27.038 +03:55:32.693] [WEB] POST /api/v1/game/action 294ms
[11:14:28.727 +03:55:34.383] [WEB] POST /api/v1/game/action 218ms
[11:14:29.943 +03:55:35.599] [WEB] POST /api/v1/game/action 206ms
[11:14:31.414 +03:55:37.070] [WEB] POST /api/v1/game/action 159ms
[11:14:32.917 +03:55:38.573] [WEB] POST /api/v1/game/action 171ms
[11:14:34.560 +03:55:40.216] [WEB] POST /api/v1/game/action 284ms
[11:14:35.908 +03:55:41.564] [WEB] POST /api/v1/game/action 170ms
[11:14:37.478 +03:55:43.133] [WEB] POST /api/v1/game/action 196ms
[11:14:38.920 +03:55:44.576] [WEB] POST /api/v1/game/action 176ms
[11:14:40.398 +03:55:46.054] [WEB] POST /api/v1/game/action 156ms
[11:14:41.926 +03:55:47.582] [WEB] POST /api/v1/game/action 189ms
[11:14:43.450 +03:55:49.106] [WEB] POST /api/v1/game/action 214ms
[11:14:44.890 +03:55:50.546] [WEB] POST /api/v1/game/action 150ms
[11:14:46.420 +03:55:52.076] [WEB] POST /api/v1/game/action 183ms
[11:14:47.911 +03:55:53.567] [WEB] POST /api/v1/game/action 168ms
[11:14:49.396 +03:55:55.052] [WEB] POST /api/v1/game/action 156ms
[11:14:50.907 +03:55:56.563] [WEB] POST /api/v1/game/action 162ms
[11:14:52.461 +03:55:58.116] [WEB] POST /api/v1/game/action 194ms
[11:14:53.951 +03:55:59.606] [WEB] POST /api/v1/game/action 205ms
[11:14:55.408 +03:56:01.064] [WEB] POST /api/v1/game/action 153ms
[11:14:56.912 +03:56:02.568] [WEB] POST /api/v1/game/action 171ms
[11:14:58.415 +03:56:04.071] [WEB] POST /api/v1/game/action 152ms
[11:14:59.898 +03:56:05.554] [WEB] POST /api/v1/game/action 162ms
[11:15:01.414 +03:56:07.070] [WEB] POST /api/v1/game/action 154ms
[11:15:02.896 +03:56:08.551] [WEB] POST /api/v1/game/action 156ms
[11:15:04.391 +03:56:10.047] [WEB] POST /api/v1/game/action 153ms
[11:15:05.963 +03:56:11.618] [WEB] POST /api/v1/game/action 219ms
[11:15:07.409 +03:56:13.065] [WEB] POST /api/v1/game/action 155ms
[11:15:08.910 +03:56:14.565] [WEB] POST /api/v1/game/action 173ms
[11:15:10.587 +03:56:16.243] [WEB] POST /api/v1/game/action 341ms
[11:15:11.913 +03:56:17.569] [WEB] POST /api/v1/game/action 168ms
[11:15:13.491 +03:56:19.146] [WEB] POST /api/v1/game/action 254ms
[11:15:14.918 +03:56:20.573] [WEB] POST /api/v1/game/action 168ms
[11:15:16.423 +03:56:22.079] [WEB] POST /api/v1/game/action 160ms
[11:15:17.993 +03:56:23.649] [WEB] POST /api/v1/game/action 256ms
[11:15:19.411 +03:56:25.067] [WEB] POST /api/v1/game/action 150ms
[11:15:20.897 +03:56:26.552] [WEB] POST /api/v1/game/action 158ms
[11:15:22.465 +03:56:28.121] [WEB] POST /api/v1/game/action 186ms
[11:15:23.910 +03:56:29.565] [WEB] POST /api/v1/game/action 168ms
[11:15:25.410 +03:56:31.066] [WEB] POST /api/v1/game/action 155ms
[11:15:26.907 +03:56:32.563] [WEB] POST /api/v1/game/action 168ms
[11:15:28.403 +03:56:34.059] [WEB] POST /api/v1/game/action 151ms
[11:15:29.997 +03:56:35.652] [WEB] POST /api/v1/game/action 253ms
[11:15:31.414 +03:56:37.070] [WEB] POST /api/v1/game/action 151ms
[11:15:32.907 +03:56:38.563] [WEB] POST /api/v1/game/action 170ms
[11:15:34.463 +03:56:40.119] [WEB] POST /api/v1/game/action 182ms
[11:15:35.912 +03:56:41.568] [WEB] POST /api/v1/game/action 160ms
[11:15:37.415 +03:56:43.070] [WEB] POST /api/v1/game/action 153ms
[11:15:38.904 +03:56:44.560] [WEB] POST /api/v1/game/action 167ms
[11:15:40.394 +03:56:46.050] [WEB] POST /api/v1/game/action 155ms
[11:15:42.003 +03:56:47.658] [WEB] POST /api/v1/game/action 258ms
[11:15:43.399 +03:56:49.054] [WEB] POST /api/v1/game/action 155ms
[11:15:44.918 +03:56:50.574] [WEB] POST /api/v1/game/action 177ms
[11:15:46.453 +03:56:52.109] [WEB] POST /api/v1/game/action 200ms
[11:15:47.900 +03:56:53.555] [WEB] POST /api/v1/game/action 163ms
[11:15:49.403 +03:56:55.059] [WEB] POST /api/v1/game/action 151ms
[11:15:50.906 +03:56:56.562] [WEB] POST /api/v1/game/action 159ms
[11:15:52.462 +03:56:58.117] [WEB] POST /api/v1/game/action 207ms
[11:15:53.979 +03:56:59.635] [WEB] POST /api/v1/game/action 230ms
[11:15:55.410 +03:57:01.066] [WEB] POST /api/v1/game/action 150ms
[11:15:56.900 +03:57:02.555] [WEB] POST /api/v1/game/action 163ms
[11:15:58.450 +03:57:04.106] [WEB] POST /api/v1/game/action 181ms
[11:15:59.903 +03:57:05.559] [WEB] POST /api/v1/game/action 165ms
[11:16:01.403 +03:57:07.059] [WEB] POST /api/v1/game/action 152ms
[11:16:02.958 +03:57:08.613] [WEB] POST /api/v1/game/action 221ms
[11:16:04.399 +03:57:10.055] [WEB] POST /api/v1/game/action 160ms
[11:16:05.904 +03:57:11.560] [WEB] POST /api/v1/game/action 160ms
[11:16:07.438 +03:57:13.094] [WEB] POST /api/v1/game/action 189ms
[11:16:08.921 +03:57:14.576] [WEB] POST /api/v1/game/action 175ms
[11:16:10.396 +03:57:16.052] [WEB] POST /api/v1/game/action 158ms
[11:16:11.963 +03:57:17.619] [WEB] POST /api/v1/game/action 215ms
[11:16:13.418 +03:57:19.074] [WEB] POST /api/v1/game/action 156ms
[11:16:14.919 +03:57:20.575] [WEB] POST /api/v1/game/action 182ms
[11:16:16.460 +03:57:22.116] [WEB] POST /api/v1/game/action 190ms
[11:16:17.918 +03:57:23.574] [WEB] POST /api/v1/game/action 177ms
[11:16:19.522 +03:57:25.177] [WEB] POST /api/v1/game/action 238ms
[11:16:20.911 +03:57:26.567] [WEB] POST /api/v1/game/action 169ms
[11:16:22.412 +03:57:28.068] [WEB] POST /api/v1/game/action 157ms
[11:16:23.984 +03:57:29.640] [WEB] POST /api/v1/game/action 232ms
[11:16:25.415 +03:57:31.071] [WEB] POST /api/v1/game/action 157ms
[11:16:27.002 +03:57:32.657] [WEB] POST /api/v1/game/action 252ms
[11:16:28.399 +03:57:34.055] [WEB] POST /api/v1/game/action 157ms
[11:16:29.908 +03:57:35.563] [WEB] POST /api/v1/game/action 157ms
[11:16:31.537 +03:57:37.192] [WEB] POST /api/v1/game/action 244ms
[11:16:32.929 +03:57:38.584] [WEB] POST /api/v1/game/action 177ms
[11:16:34.429 +03:57:40.084] [WEB] POST /api/v1/game/action 179ms
[11:16:35.999 +03:57:41.655] [WEB] POST /api/v1/game/action 261ms
[11:16:37.421 +03:57:43.077] [WEB] POST /api/v1/game/action 160ms
[11:16:38.935 +03:57:44.591] [WEB] POST /api/v1/game/action 191ms
[11:16:40.441 +03:57:46.096] [WEB] POST /api/v1/game/action 162ms
[11:16:42.133 +03:57:47.788] [WEB] POST /api/v1/game/action 381ms
[11:16:43.411 +03:57:49.066] [WEB] POST /api/v1/game/action 157ms
[11:16:45.054 +03:57:50.710] [WEB] POST /api/v1/game/action 312ms
[11:16:46.390 +03:57:52.046] [WEB] POST /api/v1/game/action 151ms
[11:16:47.901 +03:57:53.557] [WEB] POST /api/v1/game/action 164ms
[11:16:49.425 +03:57:55.081] [WEB] POST /api/v1/game/action 163ms
[11:16:50.889 +03:57:56.544] [WEB] POST /api/v1/game/action 151ms
[11:16:52.388 +03:57:58.044] [WEB] POST /api/v1/game/action 151ms
[11:16:53.896 +03:57:59.552] [WEB] POST /api/v1/game/action 159ms
[11:16:55.406 +03:58:01.062] [WEB] POST /api/v1/game/action 151ms
[11:16:56.914 +03:58:02.570] [WEB] POST /api/v1/game/action 178ms
[11:16:58.444 +03:58:04.100] [WEB] POST /api/v1/game/action 190ms
[11:16:59.911 +03:58:05.567] [WEB] POST /api/v1/game/action 175ms
[11:17:01.415 +03:58:07.070] [WEB] POST /api/v1/game/action 154ms
[11:17:02.895 +03:58:08.550] [WEB] POST /api/v1/game/action 157ms
[11:17:04.401 +03:58:10.056] [WEB] POST /api/v1/game/action 157ms
[11:17:05.960 +03:58:11.616] [WEB] POST /api/v1/game/action 215ms
[11:17:07.428 +03:58:13.084] [WEB] POST /api/v1/game/action 172ms
[11:17:08.908 +03:58:14.564] [WEB] POST /api/v1/game/action 167ms
[11:17:10.398 +03:58:16.054] [WEB] POST /api/v1/game/action 147ms
[11:17:11.898 +03:58:17.554] [WEB] POST /api/v1/game/action 162ms
[11:17:13.402 +03:58:19.058] [WEB] POST /api/v1/game/action 160ms
[11:17:14.897 +03:58:20.552] [WEB] POST /api/v1/game/action 158ms
[11:17:16.431 +03:58:22.087] [WEB] POST /api/v1/game/action 179ms
[11:17:17.915 +03:58:23.571] [WEB] POST /api/v1/game/action 174ms
[11:17:19.393 +03:58:25.049] [WEB] POST /api/v1/game/action 156ms
[11:17:20.917 +03:58:26.572] [WEB] POST /api/v1/game/action 171ms
[11:17:22.406 +03:58:28.062] [WEB] POST /api/v1/game/action 151ms
[11:17:23.904 +03:58:29.560] [WEB] POST /api/v1/game/action 157ms
[11:17:25.436 +03:58:31.092] [WEB] POST /api/v1/game/action 178ms
[11:17:26.936 +03:58:32.591] [WEB] POST /api/v1/game/action 186ms
[11:17:28.457 +03:58:34.112] [WEB] POST /api/v1/game/action 152ms
[11:17:29.893 +03:58:35.549] [WEB] POST /api/v1/game/action 157ms
[11:17:31.415 +03:58:37.071] [WEB] POST /api/v1/game/action 154ms
[11:17:32.909 +03:58:38.565] [WEB] POST /api/v1/game/action 171ms
[11:17:34.455 +03:58:40.111] [WEB] POST /api/v1/game/action 203ms
[11:17:35.971 +03:58:41.627] [WEB] POST /api/v1/game/action 227ms
[11:17:37.394 +03:58:43.049] [WEB] POST /api/v1/game/action 155ms
[11:17:38.919 +03:58:44.575] [WEB] POST /api/v1/game/action 174ms
[11:17:40.390 +03:58:46.046] [WEB] POST /api/v1/game/action 154ms
[11:17:41.916 +03:58:47.571] [WEB] POST /api/v1/game/action 170ms
[11:17:43.417 +03:58:49.073] [WEB] POST /api/v1/game/action 158ms
[11:17:44.923 +03:58:50.578] [WEB] POST /api/v1/game/action 172ms
[11:17:46.465 +03:58:52.120] [WEB] POST /api/v1/game/action 195ms
[11:17:47.967 +03:58:53.622] [WEB] POST /api/v1/game/action 215ms
[11:17:49.397 +03:58:55.053] [WEB] POST /api/v1/game/action 160ms
[11:17:50.930 +03:58:56.585] [WEB] POST /api/v1/game/action 192ms
[11:17:52.410 +03:58:58.066] [WEB] POST /api/v1/game/action 160ms
[11:17:53.909 +03:58:59.565] [WEB] POST /api/v1/game/action 168ms
[11:17:55.467 +03:59:01.123] [WEB] POST /api/v1/game/action 197ms
[11:17:56.585 +03:59:02.241] [WEB] GET /api/sprites 257ms
[11:17:56.987 +03:59:02.643] [WEB] POST /api/v1/game/action 241ms
[11:17:58.496 +03:59:04.152] [WEB] GET /api/v1/frame.png 362ms
[11:17:58.755 +03:59:04.410] [WEB] POST /api/v1/game/action 251ms
[11:17:59.907 +03:59:05.563] [WEB] POST /api/v1/game/action 162ms
[11:18:00.517 +03:59:06.173] [WEB] GET /api/v1/frame.png 317ms
[11:18:01.435 +03:59:07.090] [WEB] POST /api/v1/game/action 189ms
[11:18:03.200 +03:59:08.856] [WEB] POST /api/v1/game/action 449ms
[11:18:04.727 +03:59:10.383] [WEB] POST /api/v1/game/action 475ms
[11:18:05.908 +03:59:11.564] [WEB] POST /api/v1/game/action 156ms
[11:18:07.580 +03:59:13.235] [WEB] POST /api/v1/game/action 264ms
[11:18:08.900 +03:59:14.555] [WEB] POST /api/v1/game/action 163ms
[11:18:10.479 +03:59:16.134] [WEB] POST /api/v1/game/action 214ms
[11:18:11.921 +03:59:17.577] [WEB] POST /api/v1/game/action 184ms
[11:18:13.427 +03:59:19.082] [WEB] POST /api/v1/game/action 165ms
[11:18:14.918 +03:59:20.574] [WEB] POST /api/v1/game/action 174ms
[11:18:16.421 +03:59:22.077] [WEB] POST /api/v1/game/action 160ms
[11:18:17.916 +03:59:23.571] [WEB] POST /api/v1/game/action 172ms
[11:18:19.606 +03:59:25.261] [WEB] POST /api/v1/game/action 220ms
[11:18:20.924 +03:59:26.579] [WEB] POST /api/v1/game/action 175ms
[11:18:22.537 +03:59:28.193] [WEB] POST /api/v1/game/action 208ms
[11:18:23.895 +03:59:29.551] [WEB] POST /api/v1/game/action 159ms
[11:18:25.414 +03:59:31.069] [WEB] POST /api/v1/game/action 151ms
[11:18:26.931 +03:59:32.587] [WEB] POST /api/v1/game/action 195ms
[11:18:28.432 +03:59:34.087] [WEB] POST /api/v1/game/action 175ms
[11:18:29.902 +03:59:35.558] [WEB] POST /api/v1/game/action 163ms
[11:18:31.404 +03:59:37.060] [WEB] POST /api/v1/game/action 160ms
[11:18:32.893 +03:59:38.549] [WEB] POST /api/v1/game/action 156ms
[11:18:34.404 +03:59:40.060] [WEB] POST /api/v1/game/action 154ms
[11:18:35.902 +03:59:41.557] [WEB] POST /api/v1/game/action 166ms
[11:18:37.430 +03:59:43.085] [WEB] POST /api/v1/game/action 176ms
[11:18:38.917 +03:59:44.573] [WEB] POST /api/v1/game/action 180ms
[11:18:40.446 +03:59:46.101] [WEB] POST /api/v1/game/action 181ms
[11:18:41.918 +03:59:47.573] [WEB] POST /api/v1/game/action 166ms
[11:18:43.406 +03:59:49.062] [WEB] POST /api/v1/game/action 152ms
[11:18:43.812 +03:59:49.467] [WEB] GET /api/v1/artifact 20ms
[11:18:45.015 +03:59:50.671] [WEB] POST /api/v1/game/action 266ms
[11:18:45.032 +03:59:50.688] [WEB] GET /api/v1/artifact 3ms
[11:18:46.420 +03:59:52.076] [WEB] POST /api/v1/game/action 162ms
[11:18:47.900 +03:59:53.556] [WEB] POST /api/v1/game/action 162ms
[11:18:49.424 +03:59:55.080] [WEB] POST /api/v1/game/action 163ms
[11:18:50.386 +03:59:56.042] [WEB] GET /api/v1/frame.png 291ms
[11:18:50.926 +03:59:56.582] [WEB] POST /api/v1/game/action 190ms
[11:18:51.929 +03:59:57.585] [WEB] GET /api/v1/frame/snapshots 196ms
[11:18:52.434 +03:59:58.089] [WEB] POST /api/v1/game/action 156ms
[11:18:53.911 +03:59:59.566] [WEB] POST /api/v1/game/action 174ms
[11:18:55.448 +03:00:01.104] [WEB] POST /api/v1/game/action 190ms
[11:18:56.931 +03:00:02.587] [WEB] POST /api/v1/game/action 194ms
[11:18:58.458 +03:00:04.114] [WEB] POST /api/v1/game/action 197ms
[11:18:59.921 +03:00:05.576] [WEB] POST /api/v1/game/action 184ms
[11:19:01.431 +03:00:07.086] [WEB] POST /api/v1/game/action 169ms
[11:19:02.932 +03:00:08.588] [WEB] POST /api/v1/game/action 183ms
[11:19:04.413 +03:00:10.069] [WEB] POST /api/v1/game/action 154ms
[11:19:05.917 +03:00:11.573] [WEB] POST /api/v1/game/action 181ms
[11:19:07.433 +03:00:13.088] [WEB] POST /api/v1/game/action 184ms
[11:19:08.950 +03:00:14.606] [WEB] POST /api/v1/game/action 208ms
[11:19:10.394 +03:00:16.049] [WEB] POST /api/v1/game/action 156ms
[11:19:11.955 +03:00:17.610] [WEB] POST /api/v1/game/action 213ms
[11:19:13.399 +03:00:19.054] [WEB] POST /api/v1/game/action 158ms
[11:19:14.930 +03:00:20.585] [WEB] POST /api/v1/game/action 193ms
[11:19:16.409 +03:00:22.065] [WEB] POST /api/v1/game/action 172ms
[11:19:17.929 +03:00:23.585] [WEB] POST /api/v1/game/action 190ms
[11:19:19.406 +03:00:25.062] [WEB] POST /api/v1/game/action 159ms
[11:19:20.906 +03:00:26.562] [WEB] POST /api/v1/game/action 157ms
[11:19:22.405 +03:00:28.060] [WEB] POST /api/v1/game/action 148ms
[11:19:23.903 +03:00:29.559] [WEB] POST /api/v1/game/action 167ms
[11:19:25.764 +03:00:31.420] [WEB] POST /api/v1/game/action 431ms
[11:19:26.895 +03:00:32.551] [WEB] POST /api/v1/game/action 155ms
[11:19:28.430 +03:00:34.085] [WEB] POST /api/v1/game/action 178ms
[11:19:29.936 +03:00:35.592] [WEB] POST /api/v1/game/action 199ms
[11:19:31.404 +03:00:37.059] [WEB] POST /api/v1/game/action 155ms
[11:19:32.928 +03:00:38.584] [WEB] POST /api/v1/game/action 186ms
[11:19:34.401 +03:00:40.057] [WEB] POST /api/v1/game/action 156ms
[11:19:35.925 +03:00:41.581] [WEB] POST /api/v1/game/action 177ms
[11:19:37.460 +03:00:43.115] [WEB] POST /api/v1/game/action 204ms
[11:19:38.960 +03:00:44.616] [WEB] POST /api/v1/game/action 207ms
[11:19:40.411 +03:00:46.066] [WEB] POST /api/v1/game/action 165ms
[11:19:41.953 +03:00:47.609] [WEB] POST /api/v1/game/action 200ms
[11:19:43.442 +03:00:49.098] [WEB] POST /api/v1/game/action 177ms
[11:19:44.938 +03:00:50.594] [WEB] POST /api/v1/game/action 195ms
[11:19:46.415 +03:00:52.071] [WEB] POST /api/v1/game/action 161ms
[11:19:48.245 +03:00:53.901] [WEB] POST /api/v1/game/action 504ms
[11:19:49.413 +03:00:55.069] [WEB] POST /api/v1/game/action 163ms
[11:19:50.910 +03:00:56.566] [WEB] POST /api/v1/game/action 165ms
[11:19:52.409 +03:00:58.065] [WEB] POST /api/v1/game/action 151ms
[11:19:53.918 +03:00:59.573] [WEB] POST /api/v1/game/action 169ms
[11:19:55.435 +03:01:01.090] [WEB] POST /api/v1/game/action 191ms
[11:19:56.915 +03:01:02.571] [WEB] POST /api/v1/game/action 165ms
[11:19:58.416 +03:01:04.072] [WEB] POST /api/v1/game/action 162ms
[11:19:59.909 +03:01:05.565] [WEB] POST /api/v1/game/action 157ms
[11:20:01.445 +03:01:07.100] [WEB] POST /api/v1/game/action 181ms
[11:20:02.901 +03:01:08.556] [WEB] POST /api/v1/game/action 163ms
[11:20:04.432 +03:01:10.087] [WEB] POST /api/v1/game/action 165ms
[11:20:05.932 +03:01:11.588] [WEB] POST /api/v1/game/action 189ms
[11:20:07.434 +03:01:13.090] [WEB] POST /api/v1/game/action 176ms
[11:20:08.917 +03:01:14.573] [WEB] POST /api/v1/game/action 174ms
[11:20:10.398 +03:01:16.053] [WEB] POST /api/v1/game/action 152ms
[11:20:12.056 +03:01:17.712] [WEB] POST /api/v1/game/action 306ms
[11:20:13.456 +03:01:19.112] [WEB] POST /api/v1/game/action 189ms
[11:20:14.922 +03:01:20.578] [WEB] POST /api/v1/game/action 175ms
[11:20:16.562 +03:01:22.218] [WEB] POST /api/v1/game/action 183ms
[11:20:17.919 +03:01:23.575] [WEB] POST /api/v1/game/action 167ms
[11:20:19.497 +03:01:25.152] [WEB] POST /api/v1/game/action 245ms
[11:20:20.889 +03:01:26.545] [WEB] POST /api/v1/game/action 153ms
[11:20:22.451 +03:01:28.107] [WEB] POST /api/v1/game/action 183ms
[11:20:24.898 +03:01:30.554] [WEB] POST /api/v1/game/action 345ms
[11:20:25.753 +03:01:31.409] [WEB] POST /api/v1/game/action 205ms
[11:20:27.743 +03:01:33.398] [WEB] POST /api/v1/game/action 189ms
[11:20:28.804 +03:01:34.459] [WEB] POST /api/v1/game/action 170ms
[11:20:31.030 +03:01:36.685] [WEB] POST /api/v1/game/action 473ms
[11:20:32.041 +03:01:37.696] [WEB] POST /api/v1/game/action 278ms
[11:20:33.717 +03:01:39.372] [WEB] POST /api/v1/game/action 166ms
[11:20:34.737 +03:01:40.393] [WEB] POST /api/v1/game/action 192ms
[11:20:36.715 +03:01:42.371] [WEB] POST /api/v1/game/action 164ms
[11:20:38.299 +03:01:43.955] [WEB] POST /api/v1/game/action 718ms
[11:20:39.720 +03:01:45.375] [WEB] POST /api/v1/game/action 168ms
[11:20:40.734 +03:01:46.389] [WEB] POST /api/v1/game/action 183ms
[11:20:42.783 +03:01:48.439] [WEB] POST /api/v1/game/action 236ms
[11:20:44.032 +03:01:49.687] [WEB] POST /api/v1/game/action 473ms
[11:20:45.766 +03:01:51.422] [WEB] POST /api/v1/game/action 223ms
[11:20:47.187 +03:01:52.843] [WEB] POST /api/v1/game/action 421ms
[11:20:48.841 +03:01:54.497] [WEB] POST /api/v1/game/action 287ms
[11:20:49.756 +03:01:55.412] [WEB] POST /api/v1/game/action 199ms
[11:20:51.702 +03:01:57.358] [WEB] POST /api/v1/game/action 154ms
[11:20:52.771 +03:01:58.427] [WEB] POST /api/v1/game/action 221ms
[11:20:55.171 +03:02:00.826] [WEB] POST /api/v1/game/action 641ms
[11:20:55.546 +03:02:01.202] [WEB] POST /api/v1/game/action 182ms
[11:20:56.911 +03:02:02.567] [WEB] POST /api/v1/game/action 160ms
[11:20:58.432 +03:02:04.088] [WEB] POST /api/v1/game/action 183ms
[11:20:59.912 +03:02:05.567] [WEB] POST /api/v1/game/action 174ms
[11:21:01.420 +03:02:07.075] [WEB] POST /api/v1/game/action 174ms
[11:21:02.900 +03:02:08.556] [WEB] POST /api/v1/game/action 164ms
[11:21:04.419 +03:02:10.075] [WEB] POST /api/v1/game/action 158ms
[11:21:05.908 +03:02:11.564] [WEB] POST /api/v1/game/action 168ms
[11:21:07.413 +03:02:13.068] [WEB] POST /api/v1/game/action 153ms
[11:21:08.916 +03:02:14.572] [WEB] POST /api/v1/game/action 168ms
[11:21:10.414 +03:02:16.070] [WEB] POST /api/v1/game/action 156ms
[11:21:11.971 +03:02:17.626] [WEB] POST /api/v1/game/action 222ms
[11:21:13.392 +03:02:19.047] [WEB] POST /api/v1/game/action 154ms
[11:21:14.924 +03:02:20.580] [WEB] POST /api/v1/game/action 175ms
[11:21:16.421 +03:02:22.076] [WEB] POST /api/v1/game/action 158ms
[11:21:17.932 +03:02:23.587] [WEB] POST /api/v1/game/action 193ms
[11:21:19.409 +03:02:25.065] [WEB] POST /api/v1/game/action 152ms
[11:21:20.902 +03:02:26.558] [WEB] POST /api/v1/game/action 163ms
[11:21:22.441 +03:02:28.096] [WEB] POST /api/v1/game/action 186ms
[11:21:23.896 +03:02:29.551] [WEB] POST /api/v1/game/action 154ms
[11:21:25.415 +03:02:31.071] [WEB] POST /api/v1/game/action 154ms
[11:21:26.907 +03:02:32.562] [WEB] POST /api/v1/game/action 164ms
[11:21:28.413 +03:02:34.069] [WEB] POST /api/v1/game/action 155ms
[11:21:29.913 +03:02:35.569] [WEB] POST /api/v1/game/action 166ms
[11:21:31.405 +03:02:37.061] [WEB] POST /api/v1/game/action 153ms
[11:21:32.947 +03:02:38.602] [WEB] POST /api/v1/game/action 197ms
[11:21:34.406 +03:02:40.062] [WEB] POST /api/v1/game/action 152ms
[11:21:35.891 +03:02:41.547] [WEB] POST /api/v1/game/action 155ms
[11:21:37.410 +03:02:43.065] [WEB] POST /api/v1/game/action 153ms
[11:21:39.023 +03:02:44.678] [WEB] POST /api/v1/game/action 286ms
[11:21:40.409 +03:02:46.065] [WEB] POST /api/v1/game/action 156ms
[11:21:41.896 +03:02:47.552] [WEB] POST /api/v1/game/action 154ms
[11:21:43.397 +03:02:49.052] [WEB] POST /api/v1/game/action 152ms
[11:21:44.899 +03:02:50.555] [WEB] POST /api/v1/game/action 158ms
[11:21:46.402 +03:02:52.058] [WEB] POST /api/v1/game/action 152ms
[11:21:47.899 +03:02:53.555] [WEB] POST /api/v1/game/action 152ms
[11:21:49.405 +03:02:55.061] [WEB] POST /api/v1/game/action 154ms
[11:21:50.917 +03:02:56.573] [WEB] POST /api/v1/game/action 168ms
[11:21:52.395 +03:02:58.051] [WEB] POST /api/v1/game/action 157ms
[11:21:53.934 +03:02:59.590] [WEB] POST /api/v1/game/action 182ms
[11:21:55.395 +03:03:01.050] [WEB] POST /api/v1/game/action 149ms
[11:21:56.900 +03:03:02.555] [WEB] POST /api/v1/game/action 161ms
[11:21:58.395 +03:03:04.051] [WEB] POST /api/v1/game/action 156ms
[11:21:59.911 +03:03:05.566] [WEB] POST /api/v1/game/action 168ms
[11:22:01.404 +03:03:07.060] [WEB] POST /api/v1/game/action 157ms
[11:22:02.914 +03:03:08.569] [WEB] POST /api/v1/game/action 169ms
[11:22:04.423 +03:03:10.079] [WEB] POST /api/v1/game/action 177ms
[11:22:05.899 +03:03:11.555] [WEB] POST /api/v1/game/action 153ms
[11:22:07.488 +03:03:13.144] [WEB] POST /api/v1/game/action 206ms
[11:22:08.945 +03:03:14.601] [WEB] POST /api/v1/game/action 197ms
[11:22:10.419 +03:03:16.075] [WEB] POST /api/v1/game/action 164ms
[11:22:11.927 +03:03:17.582] [WEB] POST /api/v1/game/action 177ms
[11:22:13.432 +03:03:19.088] [WEB] POST /api/v1/game/action 170ms
[11:22:14.907 +03:03:20.562] [WEB] POST /api/v1/game/action 169ms
[11:22:16.567 +03:03:22.223] [WEB] POST /api/v1/game/action 286ms
[11:22:17.917 +03:03:23.573] [WEB] POST /api/v1/game/action 173ms
[11:22:19.537 +03:03:25.193] [WEB] POST /api/v1/game/action 272ms
[11:22:20.926 +03:03:26.581] [WEB] POST /api/v1/game/action 181ms
[11:22:22.454 +03:03:28.110] [WEB] POST /api/v1/game/action 188ms
[11:22:23.918 +03:03:29.574] [WEB] POST /api/v1/game/action 177ms
[11:22:25.427 +03:03:31.083] [WEB] POST /api/v1/game/action 188ms
[11:22:26.910 +03:03:32.566] [WEB] POST /api/v1/game/action 162ms
[11:22:28.426 +03:03:34.082] [WEB] POST /api/v1/game/action 165ms
[11:22:29.925 +03:03:35.581] [WEB] POST /api/v1/game/action 172ms
[11:22:31.437 +03:03:37.092] [WEB] POST /api/v1/game/action 163ms
[11:22:32.951 +03:03:38.607] [WEB] POST /api/v1/game/action 209ms
[11:22:34.448 +03:03:40.104] [WEB] POST /api/v1/game/action 209ms
[11:22:36.000 +03:03:41.655] [WEB] POST /api/v1/game/action 262ms
[11:22:37.480 +03:03:43.136] [WEB] POST /api/v1/game/action 226ms
[11:22:38.985 +03:03:44.641] [WEB] POST /api/v1/game/action 236ms
[11:22:40.503 +03:03:46.158] [WEB] POST /api/v1/game/action 214ms
[11:22:41.954 +03:03:47.610] [WEB] POST /api/v1/game/action 212ms
[11:22:43.467 +03:03:49.123] [WEB] POST /api/v1/game/action 194ms
[11:22:44.938 +03:03:50.594] [WEB] POST /api/v1/game/action 194ms
[11:22:46.482 +03:03:52.138] [WEB] POST /api/v1/game/action 217ms
[11:22:48.002 +03:03:53.658] [WEB] POST /api/v1/game/action 255ms
[11:22:49.437 +03:03:55.093] [WEB] POST /api/v1/game/action 189ms
[11:22:50.912 +03:03:56.568] [WEB] POST /api/v1/game/action 174ms
[11:22:52.411 +03:03:58.067] [WEB] POST /api/v1/game/action 152ms
[11:22:53.888 +03:03:59.544] [WEB] POST /api/v1/game/action 151ms
[11:22:55.437 +03:04:01.093] [WEB] POST /api/v1/game/action 174ms
[11:22:56.898 +03:04:02.554] [WEB] POST /api/v1/game/action 158ms
[11:22:58.386 +03:04:04.042] [WEB] POST /api/v1/game/action 147ms
[11:22:59.918 +03:04:05.574] [WEB] POST /api/v1/game/action 178ms
[11:23:01.395 +03:04:07.051] [WEB] POST /api/v1/game/action 150ms
[11:23:02.906 +03:04:08.562] [WEB] POST /api/v1/game/action 163ms
[11:23:04.400 +03:04:10.056] [WEB] POST /api/v1/game/action 148ms
[11:23:05.909 +03:04:11.565] [WEB] POST /api/v1/game/action 168ms
[11:23:07.403 +03:04:13.059] [WEB] POST /api/v1/game/action 149ms
[11:23:08.908 +03:04:14.564] [WEB] POST /api/v1/game/action 160ms
[11:23:10.396 +03:04:16.052] [WEB] POST /api/v1/game/action 148ms
[11:23:11.896 +03:04:17.552] [WEB] POST /api/v1/game/action 159ms
[11:23:13.391 +03:04:19.047] [WEB] POST /api/v1/game/action 148ms
[11:23:14.901 +03:04:20.556] [WEB] POST /api/v1/game/action 162ms
[11:23:16.389 +03:04:22.045] [WEB] POST /api/v1/game/action 147ms
[11:23:17.904 +03:04:23.560] [WEB] POST /api/v1/game/action 165ms
[11:23:19.399 +03:04:25.055] [WEB] POST /api/v1/game/action 150ms
[11:23:20.901 +03:04:26.556] [WEB] POST /api/v1/game/action 164ms
[11:23:22.393 +03:04:28.049] [WEB] POST /api/v1/game/action 149ms
[11:23:23.908 +03:04:29.564] [WEB] POST /api/v1/game/action 161ms
[11:23:25.395 +03:04:31.051] [WEB] POST /api/v1/game/action 145ms
[11:23:26.907 +03:04:32.563] [WEB] POST /api/v1/game/action 158ms
[11:23:28.411 +03:04:34.067] [WEB] POST /api/v1/game/action 161ms
[11:23:29.895 +03:04:35.551] [WEB] POST /api/v1/game/action 158ms
[11:23:31.394 +03:04:37.050] [WEB] POST /api/v1/game/action 150ms
[11:23:32.894 +03:04:38.549] [WEB] POST /api/v1/game/action 154ms
[11:23:34.394 +03:04:40.050] [WEB] POST /api/v1/game/action 151ms
[11:23:35.888 +03:04:41.544] [WEB] POST /api/v1/game/action 146ms
[11:23:37.400 +03:04:43.056] [WEB] POST /api/v1/game/action 148ms
[11:23:38.912 +03:04:44.568] [WEB] POST /api/v1/game/action 168ms
[11:23:40.382 +03:04:46.038] [WEB] POST /api/v1/game/action 146ms
[11:23:41.898 +03:04:47.554] [WEB] POST /api/v1/game/action 151ms
[11:23:43.398 +03:04:49.054] [WEB] POST /api/v1/game/action 148ms
[11:23:44.896 +03:04:50.551] [WEB] POST /api/v1/game/action 147ms
[11:23:46.392 +03:04:52.047] [WEB] POST /api/v1/game/action 149ms
[11:23:47.902 +03:04:53.558] [WEB] POST /api/v1/game/action 167ms
[11:23:49.397 +03:04:55.053] [WEB] POST /api/v1/game/action 150ms
[11:23:50.908 +03:04:56.564] [WEB] POST /api/v1/game/action 170ms
[11:23:52.414 +03:04:58.070] [WEB] POST /api/v1/game/action 148ms
[11:23:53.905 +03:04:59.560] [WEB] POST /api/v1/game/action 166ms
[11:23:55.400 +03:05:01.056] [WEB] POST /api/v1/game/action 149ms
[11:23:56.895 +03:05:02.550] [WEB] POST /api/v1/game/action 152ms
[11:23:58.408 +03:05:04.063] [WEB] POST /api/v1/game/action 148ms
[11:23:59.895 +03:05:05.551] [WEB] POST /api/v1/game/action 150ms
[11:24:01.400 +03:05:07.055] [WEB] POST /api/v1/game/action 149ms
[11:24:02.905 +03:05:08.560] [WEB] POST /api/v1/game/action 156ms
[11:24:04.393 +03:05:10.049] [WEB] POST /api/v1/game/action 149ms
[11:24:05.904 +03:05:11.559] [WEB] POST /api/v1/game/action 153ms
[11:24:07.393 +03:05:13.048] [WEB] POST /api/v1/game/action 153ms
[11:24:08.888 +03:05:14.543] [WEB] POST /api/v1/game/action 150ms
[11:24:10.386 +03:05:16.042] [WEB] POST /api/v1/game/action 146ms
[11:24:11.895 +03:05:17.551] [WEB] POST /api/v1/game/action 156ms
[11:24:13.394 +03:05:19.049] [WEB] POST /api/v1/game/action 147ms
[11:24:14.894 +03:05:20.549] [WEB] POST /api/v1/game/action 152ms
[11:24:16.387 +03:05:22.043] [WEB] POST /api/v1/game/action 152ms
[11:24:17.899 +03:05:23.555] [WEB] POST /api/v1/game/action 154ms
[11:24:19.407 +03:05:25.063] [WEB] POST /api/v1/game/action 155ms
[11:24:20.906 +03:05:26.562] [WEB] POST /api/v1/game/action 159ms
[11:24:22.400 +03:05:28.055] [WEB] POST /api/v1/game/action 147ms
[11:24:23.909 +03:05:29.565] [WEB] POST /api/v1/game/action 158ms
[11:24:25.412 +03:05:31.068] [WEB] POST /api/v1/game/action 146ms
[11:24:26.892 +03:05:32.548] [WEB] POST /api/v1/game/action 155ms
[11:24:28.403 +03:05:34.059] [WEB] POST /api/v1/game/action 148ms
[11:24:29.893 +03:05:35.549] [WEB] POST /api/v1/game/action 154ms
[11:24:31.392 +03:05:37.047] [WEB] POST /api/v1/game/action 147ms
[11:24:32.905 +03:05:38.561] [WEB] POST /api/v1/game/action 162ms
[11:24:34.401 +03:05:40.056] [WEB] POST /api/v1/game/action 149ms
[11:24:35.891 +03:05:41.546] [WEB] POST /api/v1/game/action 148ms
[11:24:37.401 +03:05:43.057] [WEB] POST /api/v1/game/action 151ms
[11:24:38.896 +03:05:44.552] [WEB] POST /api/v1/game/action 157ms
[11:24:40.407 +03:05:46.062] [WEB] POST /api/v1/game/action 149ms
[11:24:41.912 +03:05:47.568] [WEB] POST /api/v1/game/action 164ms
[11:24:43.385 +03:05:49.040] [WEB] POST /api/v1/game/action 147ms
[11:24:44.904 +03:05:50.559] [WEB] POST /api/v1/game/action 167ms
[11:24:46.393 +03:05:52.048] [WEB] POST /api/v1/game/action 151ms
[11:24:47.893 +03:05:53.549] [WEB] POST /api/v1/game/action 155ms
[11:24:49.387 +03:05:55.042] [WEB] POST /api/v1/game/action 149ms
[11:24:50.894 +03:05:56.550] [WEB] POST /api/v1/game/action 157ms
[11:24:52.389 +03:05:58.045] [WEB] POST /api/v1/game/action 145ms
[11:24:53.897 +03:05:59.553] [WEB] POST /api/v1/game/action 155ms
[11:24:55.391 +03:06:01.047] [WEB] POST /api/v1/game/action 149ms
[11:24:56.897 +03:06:02.552] [WEB] POST /api/v1/game/action 151ms
[11:24:58.398 +03:06:04.054] [WEB] POST /api/v1/game/action 146ms
[11:24:59.919 +03:06:05.575] [WEB] POST /api/v1/game/action 170ms
[11:25:01.400 +03:06:07.055] [WEB] POST /api/v1/game/action 161ms
[11:25:02.893 +03:06:08.549] [WEB] POST /api/v1/game/action 156ms
[11:25:04.409 +03:06:10.064] [WEB] POST /api/v1/game/action 146ms
[11:25:05.899 +03:06:11.555] [WEB] POST /api/v1/game/action 162ms
[11:25:07.395 +03:06:13.051] [WEB] POST /api/v1/game/action 150ms
[11:25:08.899 +03:06:14.555] [WEB] POST /api/v1/game/action 163ms
[11:25:10.387 +03:06:16.043] [WEB] POST /api/v1/game/action 148ms
[11:25:11.900 +03:06:17.556] [WEB] POST /api/v1/game/action 157ms
[11:25:13.441 +03:06:19.096] [WEB] POST /api/v1/game/action 159ms
[11:25:14.912 +03:06:20.567] [WEB] POST /api/v1/game/action 166ms
[11:25:16.407 +03:06:22.063] [WEB] POST /api/v1/game/action 148ms
[11:25:17.911 +03:06:23.567] [WEB] POST /api/v1/game/action 163ms
[11:25:19.406 +03:06:25.062] [WEB] POST /api/v1/game/action 147ms
[11:25:20.898 +03:06:26.554] [WEB] POST /api/v1/game/action 147ms
[11:25:22.404 +03:06:28.059] [WEB] POST /api/v1/game/action 146ms
[11:25:23.893 +03:06:29.549] [WEB] POST /api/v1/game/action 156ms
[11:25:25.405 +03:06:31.061] [WEB] POST /api/v1/game/action 148ms
[11:25:26.893 +03:06:32.549] [WEB] POST /api/v1/game/action 156ms
[11:25:28.438 +03:06:34.094] [WEB] POST /api/v1/game/action 171ms
[11:25:29.892 +03:06:35.548] [WEB] POST /api/v1/game/action 151ms
[11:25:31.412 +03:06:37.068] [WEB] POST /api/v1/game/action 158ms
[11:25:32.916 +03:06:38.571] [WEB] POST /api/v1/game/action 170ms
[11:25:34.401 +03:06:40.057] [WEB] POST /api/v1/game/action 145ms
[11:25:35.883 +03:06:41.539] [WEB] POST /api/v1/game/action 147ms
[11:25:37.389 +03:06:43.045] [WEB] POST /api/v1/game/action 145ms
[11:25:38.901 +03:06:44.556] [WEB] POST /api/v1/game/action 151ms
[11:25:40.397 +03:06:46.053] [WEB] POST /api/v1/game/action 147ms
[11:25:41.901 +03:06:47.556] [WEB] POST /api/v1/game/action 164ms
[11:25:43.396 +03:06:49.051] [WEB] POST /api/v1/game/action 147ms
[11:25:44.905 +03:06:50.560] [WEB] POST /api/v1/game/action 166ms
[11:25:46.398 +03:06:52.054] [WEB] POST /api/v1/game/action 148ms
[11:25:47.884 +03:06:53.540] [WEB] POST /api/v1/game/action 148ms
[11:25:49.399 +03:06:55.055] [WEB] POST /api/v1/game/action 147ms
[11:25:50.905 +03:06:56.561] [WEB] POST /api/v1/game/action 162ms
[11:25:52.393 +03:06:58.049] [WEB] POST /api/v1/game/action 149ms
[11:25:53.901 +03:06:59.557] [WEB] POST /api/v1/game/action 153ms
[11:25:55.396 +03:07:01.052] [WEB] POST /api/v1/game/action 150ms
[11:25:56.901 +03:07:02.556] [WEB] POST /api/v1/game/action 151ms
[11:25:58.402 +03:07:04.058] [WEB] POST /api/v1/game/action 149ms
[11:25:59.892 +03:07:05.548] [WEB] POST /api/v1/game/action 156ms
[11:26:01.410 +03:07:07.066] [WEB] POST /api/v1/game/action 149ms
[11:26:02.899 +03:07:08.554] [WEB] POST /api/v1/game/action 161ms
[11:26:04.411 +03:07:10.066] [WEB] POST /api/v1/game/action 149ms
[11:26:05.901 +03:07:11.557] [WEB] POST /api/v1/game/action 161ms
[11:26:07.389 +03:07:13.045] [WEB] POST /api/v1/game/action 149ms
[11:26:08.905 +03:07:14.560] [WEB] POST /api/v1/game/action 160ms
[11:26:10.400 +03:07:16.056] [WEB] POST /api/v1/game/action 146ms
[11:26:11.908 +03:07:17.564] [WEB] POST /api/v1/game/action 162ms
[11:26:13.397 +03:07:19.053] [WEB] POST /api/v1/game/action 147ms
[11:26:14.907 +03:07:20.562] [WEB] POST /api/v1/game/action 157ms
[11:26:16.392 +03:07:22.048] [WEB] POST /api/v1/game/action 151ms
[11:26:17.902 +03:07:23.558] [WEB] POST /api/v1/game/action 151ms
[11:26:19.398 +03:07:25.054] [WEB] POST /api/v1/game/action 148ms
[11:26:20.898 +03:07:26.553] [WEB] POST /api/v1/game/action 160ms
[11:26:22.386 +03:07:28.042] [WEB] POST /api/v1/game/action 145ms
[11:26:23.893 +03:07:29.549] [WEB] POST /api/v1/game/action 152ms
[11:26:25.387 +03:07:31.043] [WEB] POST /api/v1/game/action 151ms
[11:26:26.902 +03:07:32.558] [WEB] POST /api/v1/game/action 161ms
[11:26:28.388 +03:07:34.044] [WEB] POST /api/v1/game/action 147ms
[11:26:29.900 +03:07:35.556] [WEB] POST /api/v1/game/action 153ms
[11:26:31.385 +03:07:37.041] [WEB] POST /api/v1/game/action 148ms
[11:26:32.899 +03:07:38.555] [WEB] POST /api/v1/game/action 152ms
[11:26:34.405 +03:07:40.061] [WEB] POST /api/v1/game/action 148ms
[11:26:35.901 +03:07:41.556] [WEB] POST /api/v1/game/action 150ms
[11:26:37.394 +03:07:43.050] [WEB] POST /api/v1/game/action 148ms
[11:26:38.890 +03:07:44.545] [WEB] POST /api/v1/game/action 153ms
[11:26:40.405 +03:07:46.060] [WEB] POST /api/v1/game/action 147ms
[11:26:41.894 +03:07:47.550] [WEB] POST /api/v1/game/action 157ms
[11:26:43.391 +03:07:49.046] [WEB] POST /api/v1/game/action 148ms
[11:26:44.897 +03:07:50.553] [WEB] POST /api/v1/game/action 160ms
[11:26:46.393 +03:07:52.049] [WEB] POST /api/v1/game/action 147ms
[11:26:47.901 +03:07:53.557] [WEB] POST /api/v1/game/action 164ms
[11:26:49.394 +03:07:55.050] [WEB] POST /api/v1/game/action 149ms
[11:26:50.908 +03:07:56.564] [WEB] POST /api/v1/game/action 162ms
[11:26:52.408 +03:07:58.064] [WEB] POST /api/v1/game/action 149ms
[11:26:53.892 +03:07:59.548] [WEB] POST /api/v1/game/action 156ms
[11:26:55.406 +03:08:01.062] [WEB] POST /api/v1/game/action 150ms
[11:26:56.899 +03:08:02.555] [WEB] POST /api/v1/game/action 163ms
[11:26:58.391 +03:08:04.047] [WEB] POST /api/v1/game/action 150ms
[11:26:59.884 +03:08:05.539] [WEB] POST /api/v1/game/action 147ms
[11:27:01.411 +03:08:07.066] [WEB] POST /api/v1/game/action 146ms
[11:27:02.892 +03:08:08.548] [WEB] POST /api/v1/game/action 150ms
[11:27:04.393 +03:08:10.048] [WEB] POST /api/v1/game/action 147ms
[11:27:05.887 +03:08:11.543] [WEB] POST /api/v1/game/action 150ms
[11:27:07.402 +03:08:13.057] [WEB] POST /api/v1/game/action 146ms
[11:27:08.892 +03:08:14.548] [WEB] POST /api/v1/game/action 147ms
[11:27:10.397 +03:08:16.052] [WEB] POST /api/v1/game/action 146ms
[11:27:11.896 +03:08:17.552] [WEB] POST /api/v1/game/action 148ms
[11:27:13.391 +03:08:19.047] [WEB] POST /api/v1/game/action 147ms
[11:27:14.902 +03:08:20.557] [WEB] POST /api/v1/game/action 151ms
[11:27:16.395 +03:08:22.050] [WEB] POST /api/v1/game/action 149ms
[11:27:17.905 +03:08:23.561] [WEB] POST /api/v1/game/action 167ms
[11:27:19.399 +03:08:25.054] [WEB] POST /api/v1/game/action 147ms
[11:27:20.890 +03:08:26.545] [WEB] POST /api/v1/game/action 149ms
[11:27:22.385 +03:08:28.040] [WEB] POST /api/v1/game/action 146ms
[11:27:23.897 +03:08:29.552] [WEB] POST /api/v1/game/action 153ms
[11:27:25.392 +03:08:31.047] [WEB] POST /api/v1/game/action 146ms
[11:27:26.899 +03:08:32.555] [WEB] POST /api/v1/game/action 154ms
[11:27:28.388 +03:08:34.044] [WEB] POST /api/v1/game/action 147ms
[11:27:29.901 +03:08:35.557] [WEB] POST /api/v1/game/action 152ms
[11:27:31.421 +03:08:37.076] [WEB] POST /api/v1/game/action 164ms
[11:27:32.909 +03:08:38.565] [WEB] POST /api/v1/game/action 159ms
[11:27:34.405 +03:08:40.061] [WEB] POST /api/v1/game/action 149ms
[11:27:35.896 +03:08:41.552] [WEB] POST /api/v1/game/action 158ms
[11:27:37.397 +03:08:43.053] [WEB] POST /api/v1/game/action 150ms
[11:27:38.891 +03:08:44.546] [WEB] POST /api/v1/game/action 151ms
[11:27:40.408 +03:08:46.063] [WEB] POST /api/v1/game/action 148ms
[11:27:41.896 +03:08:47.552] [WEB] POST /api/v1/game/action 157ms
[11:27:43.411 +03:08:49.067] [WEB] POST /api/v1/game/action 147ms
[11:27:44.902 +03:08:50.557] [WEB] POST /api/v1/game/action 157ms
[11:27:46.392 +03:08:52.048] [WEB] POST /api/v1/game/action 151ms
[11:27:47.906 +03:08:53.562] [WEB] POST /api/v1/game/action 160ms
[11:27:49.399 +03:08:55.055] [WEB] POST /api/v1/game/action 146ms
[11:27:50.884 +03:08:56.539] [WEB] POST /api/v1/game/action 148ms
[11:27:52.402 +03:08:58.057] [WEB] POST /api/v1/game/action 148ms
[11:27:53.897 +03:08:59.553] [WEB] POST /api/v1/game/action 158ms
[11:27:55.407 +03:09:01.062] [WEB] POST /api/v1/game/action 149ms
[11:27:56.901 +03:09:02.557] [WEB] POST /api/v1/game/action 159ms
[11:27:58.393 +03:09:04.048] [WEB] POST /api/v1/game/action 148ms
[11:27:59.901 +03:09:05.557] [WEB] POST /api/v1/game/action 162ms
[11:28:01.401 +03:09:07.057] [WEB] POST /api/v1/game/action 146ms
[11:28:02.887 +03:09:08.543] [WEB] POST /api/v1/game/action 150ms
[11:28:04.385 +03:09:10.040] [WEB] POST /api/v1/game/action 147ms
[11:28:05.893 +03:09:11.549] [WEB] POST /api/v1/game/action 155ms
[11:28:07.415 +03:09:13.071] [WEB] POST /api/v1/game/action 149ms
[11:28:08.903 +03:09:14.558] [WEB] POST /api/v1/game/action 153ms
[11:28:10.386 +03:09:16.042] [WEB] POST /api/v1/game/action 149ms
[11:28:11.908 +03:09:17.564] [WEB] POST /api/v1/game/action 156ms
[11:28:13.398 +03:09:19.053] [WEB] POST /api/v1/game/action 148ms
[11:28:14.903 +03:09:20.558] [WEB] POST /api/v1/game/action 164ms
[11:28:16.431 +03:09:22.087] [WEB] POST /api/v1/game/action 166ms
[11:28:17.909 +03:09:23.564] [WEB] POST /api/v1/game/action 167ms
[11:28:19.434 +03:09:25.090] [WEB] POST /api/v1/game/action 169ms
[11:28:20.907 +03:09:26.563] [WEB] POST /api/v1/game/action 164ms
[11:28:22.404 +03:09:28.060] [WEB] POST /api/v1/game/action 150ms
[11:28:23.911 +03:09:29.567] [WEB] POST /api/v1/game/action 165ms
[11:28:25.411 +03:09:31.067] [WEB] POST /api/v1/game/action 150ms
[11:28:26.897 +03:09:32.553] [WEB] POST /api/v1/game/action 149ms
[11:28:28.393 +03:09:34.049] [WEB] POST /api/v1/game/action 150ms
[11:28:29.900 +03:09:35.556] [WEB] POST /api/v1/game/action 149ms
[11:28:31.391 +03:09:37.046] [WEB] POST /api/v1/game/action 145ms
[11:28:32.890 +03:09:38.546] [WEB] POST /api/v1/game/action 152ms
[11:28:34.409 +03:09:40.065] [WEB] POST /api/v1/game/action 151ms
[11:28:35.897 +03:09:41.553] [WEB] POST /api/v1/game/action 156ms
[11:28:37.386 +03:09:43.042] [WEB] POST /api/v1/game/action 149ms
[11:28:38.900 +03:09:44.556] [WEB] POST /api/v1/game/action 158ms
[11:28:40.388 +03:09:46.043] [WEB] POST /api/v1/game/action 151ms
[11:28:41.903 +03:09:47.558] [WEB] POST /api/v1/game/action 158ms
[11:28:43.395 +03:09:49.051] [WEB] POST /api/v1/game/action 147ms
[11:28:44.912 +03:09:50.567] [WEB] POST /api/v1/game/action 165ms
[11:28:46.398 +03:09:52.054] [WEB] POST /api/v1/game/action 147ms
[11:28:47.910 +03:09:53.566] [WEB] POST /api/v1/game/action 161ms
[11:28:49.408 +03:09:55.064] [WEB] POST /api/v1/game/action 147ms
[11:28:50.893 +03:09:56.548] [WEB] POST /api/v1/game/action 156ms
[11:28:52.388 +03:09:58.044] [WEB] POST /api/v1/game/action 149ms
[11:28:53.902 +03:09:59.557] [WEB] POST /api/v1/game/action 163ms
[11:28:55.402 +03:10:01.057] [WEB] POST /api/v1/game/action 148ms
[11:28:56.910 +03:10:02.565] [WEB] POST /api/v1/game/action 167ms
[11:28:58.398 +03:10:04.053] [WEB] POST /api/v1/game/action 146ms
[11:28:59.904 +03:10:05.560] [WEB] POST /api/v1/game/action 168ms
[11:29:01.401 +03:10:07.056] [WEB] POST /api/v1/game/action 150ms
[11:29:02.893 +03:10:08.549] [WEB] POST /api/v1/game/action 148ms
[11:29:04.388 +03:10:10.044] [WEB] POST /api/v1/game/action 150ms
[11:29:05.897 +03:10:11.553] [WEB] POST /api/v1/game/action 147ms
[11:29:07.390 +03:10:13.046] [WEB] POST /api/v1/game/action 149ms
[11:29:08.905 +03:10:14.561] [WEB] POST /api/v1/game/action 167ms
[11:29:10.400 +03:10:16.056] [WEB] POST /api/v1/game/action 147ms
[11:29:11.890 +03:10:17.546] [WEB] POST /api/v1/game/action 152ms
[11:29:13.384 +03:10:19.040] [WEB] POST /api/v1/game/action 147ms
[11:29:14.895 +03:10:20.551] [WEB] POST /api/v1/game/action 157ms
[11:29:16.409 +03:10:22.065] [WEB] POST /api/v1/game/action 147ms
[11:29:17.899 +03:10:23.554] [WEB] POST /api/v1/game/action 162ms
[11:29:19.386 +03:10:25.042] [WEB] POST /api/v1/game/action 147ms
[11:29:20.903 +03:10:26.559] [WEB] POST /api/v1/game/action 157ms
[11:29:22.398 +03:10:28.053] [WEB] POST /api/v1/game/action 148ms
[11:29:23.882 +03:10:29.538] [WEB] POST /api/v1/game/action 145ms
[11:29:25.428 +03:10:31.084] [WEB] POST /api/v1/game/action 148ms
[11:29:26.908 +03:10:32.563] [WEB] POST /api/v1/game/action 156ms
[11:29:28.395 +03:10:34.051] [WEB] POST /api/v1/game/action 148ms
[11:29:29.905 +03:10:35.561] [WEB] POST /api/v1/game/action 167ms
[11:29:31.413 +03:10:37.069] [WEB] POST /api/v1/game/action 160ms
[11:29:32.898 +03:10:38.554] [WEB] POST /api/v1/game/action 157ms
[11:29:34.393 +03:10:40.048] [WEB] POST /api/v1/game/action 147ms
[11:29:35.907 +03:10:41.563] [WEB] POST /api/v1/game/action 163ms
[11:29:37.399 +03:10:43.055] [WEB] POST /api/v1/game/action 145ms
[11:29:38.909 +03:10:44.564] [WEB] POST /api/v1/game/action 163ms
[11:29:40.401 +03:10:46.056] [WEB] POST /api/v1/game/action 148ms
[11:29:41.894 +03:10:47.550] [WEB] POST /api/v1/game/action 147ms
[11:29:43.404 +03:10:49.060] [WEB] POST /api/v1/game/action 147ms
[11:29:44.918 +03:10:50.573] [WEB] POST /api/v1/game/action 167ms
[11:29:46.386 +03:10:52.041] [WEB] POST /api/v1/game/action 148ms
[11:29:47.897 +03:10:53.552] [WEB] POST /api/v1/game/action 159ms
[11:29:49.392 +03:10:55.048] [WEB] POST /api/v1/game/action 149ms
[11:29:50.885 +03:10:56.541] [WEB] POST /api/v1/game/action 148ms
[11:29:52.391 +03:10:58.047] [WEB] POST /api/v1/game/action 148ms
[11:29:53.905 +03:10:59.561] [WEB] POST /api/v1/game/action 163ms
[11:29:55.399 +03:11:01.055] [WEB] POST /api/v1/game/action 149ms
[11:29:56.889 +03:11:02.545] [WEB] POST /api/v1/game/action 145ms
[11:29:58.411 +03:11:04.067] [WEB] POST /api/v1/game/action 150ms
[11:29:59.886 +03:11:05.541] [WEB] POST /api/v1/game/action 149ms
[11:30:01.385 +03:11:07.040] [WEB] POST /api/v1/game/action 146ms
[11:30:02.917 +03:11:08.573] [WEB] POST /api/v1/game/action 168ms
[11:30:04.384 +03:11:10.039] [WEB] POST /api/v1/game/action 146ms
[11:30:05.897 +03:11:11.552] [WEB] POST /api/v1/game/action 159ms
[11:30:07.385 +03:11:13.041] [WEB] POST /api/v1/game/action 146ms
[11:30:08.896 +03:11:14.551] [WEB] POST /api/v1/game/action 159ms
[11:30:10.383 +03:11:16.039] [WEB] POST /api/v1/game/action 146ms
[11:30:11.893 +03:11:17.549] [WEB] POST /api/v1/game/action 152ms
[11:30:13.407 +03:11:19.062] [WEB] POST /api/v1/game/action 145ms
[11:30:14.898 +03:11:20.554] [WEB] POST /api/v1/game/action 153ms
[11:30:16.394 +03:11:22.050] [WEB] POST /api/v1/game/action 146ms
[11:30:17.901 +03:11:23.557] [WEB] POST /api/v1/game/action 154ms
[11:30:19.397 +03:11:25.053] [WEB] POST /api/v1/game/action 148ms
[11:30:20.903 +03:11:26.559] [WEB] POST /api/v1/game/action 152ms
[11:30:22.397 +03:11:28.053] [WEB] POST /api/v1/game/action 151ms
[11:30:23.907 +03:11:29.563] [WEB] POST /api/v1/game/action 156ms
[11:30:25.396 +03:11:31.052] [WEB] POST /api/v1/game/action 148ms
[11:30:26.892 +03:11:32.547] [WEB] POST /api/v1/game/action 152ms
[11:30:28.407 +03:11:34.062] [WEB] POST /api/v1/game/action 148ms
[11:30:29.889 +03:11:35.545] [WEB] POST /api/v1/game/action 148ms
[11:30:31.404 +03:11:37.060] [WEB] POST /api/v1/game/action 148ms
[11:30:32.909 +03:11:38.565] [WEB] POST /api/v1/game/action 165ms
[11:30:34.385 +03:11:40.041] [WEB] POST /api/v1/game/action 150ms
[11:30:35.897 +03:11:41.553] [WEB] POST /api/v1/game/action 151ms
[11:30:37.388 +03:11:43.043] [WEB] POST /api/v1/game/action 146ms
[11:30:38.918 +03:11:44.574] [WEB] POST /api/v1/game/action 169ms
[11:30:40.407 +03:11:46.063] [WEB] POST /api/v1/game/action 147ms
[11:30:41.914 +03:11:47.570] [WEB] POST /api/v1/game/action 164ms
[11:30:43.434 +03:11:49.090] [WEB] POST /api/v1/game/action 170ms
[11:30:44.896 +03:11:50.552] [WEB] POST /api/v1/game/action 159ms
[11:30:46.386 +03:11:52.041] [WEB] POST /api/v1/game/action 149ms
[11:30:47.896 +03:11:53.552] [WEB] POST /api/v1/game/action 159ms
[11:30:49.387 +03:11:55.043] [WEB] POST /api/v1/game/action 147ms
[11:30:50.899 +03:11:56.555] [WEB] POST /api/v1/game/action 158ms
[11:30:52.398 +03:11:58.054] [WEB] POST /api/v1/game/action 149ms
[11:30:53.912 +03:11:59.568] [WEB] POST /api/v1/game/action 167ms
[11:30:55.414 +03:12:01.070] [WEB] POST /api/v1/game/action 154ms
[11:30:56.899 +03:12:02.554] [WEB] POST /api/v1/game/action 162ms
[11:30:58.392 +03:12:04.047] [WEB] POST /api/v1/game/action 147ms
[11:30:59.904 +03:12:05.560] [WEB] POST /api/v1/game/action 154ms
[11:31:01.405 +03:12:07.061] [WEB] POST /api/v1/game/action 146ms
[11:31:02.885 +03:12:08.541] [WEB] POST /api/v1/game/action 147ms
[11:31:04.403 +03:12:10.059] [WEB] POST /api/v1/game/action 151ms
[11:31:05.893 +03:12:11.549] [WEB] POST /api/v1/game/action 156ms
[11:31:07.411 +03:12:13.066] [WEB] POST /api/v1/game/action 148ms
[11:31:08.899 +03:12:14.555] [WEB] POST /api/v1/game/action 157ms
[11:31:10.393 +03:12:16.049] [WEB] POST /api/v1/game/action 147ms
[11:31:11.898 +03:12:17.554] [WEB] POST /api/v1/game/action 155ms
[11:31:13.393 +03:12:19.048] [WEB] POST /api/v1/game/action 150ms
[11:31:14.885 +03:12:20.541] [WEB] POST /api/v1/game/action 148ms
[11:31:16.404 +03:12:22.060] [WEB] POST /api/v1/game/action 146ms
[11:31:17.910 +03:12:23.565] [WEB] POST /api/v1/game/action 160ms
[11:31:19.404 +03:12:25.060] [WEB] POST /api/v1/game/action 146ms
[11:31:20.897 +03:12:26.552] [WEB] POST /api/v1/game/action 159ms
[11:31:22.408 +03:12:28.064] [WEB] POST /api/v1/game/action 146ms
[11:31:23.894 +03:12:29.550] [WEB] POST /api/v1/game/action 157ms
[11:31:25.392 +03:12:31.048] [WEB] POST /api/v1/game/action 146ms
[11:31:26.891 +03:12:32.547] [WEB] POST /api/v1/game/action 149ms
[11:31:28.431 +03:12:34.086] [WEB] POST /api/v1/game/action 166ms
[11:31:29.911 +03:12:35.567] [WEB] POST /api/v1/game/action 168ms
[11:31:31.406 +03:12:37.062] [WEB] POST /api/v1/game/action 148ms
[11:31:32.911 +03:12:38.566] [WEB] POST /api/v1/game/action 164ms
[11:31:34.401 +03:12:40.057] [WEB] POST /api/v1/game/action 148ms
[11:31:35.909 +03:12:41.565] [WEB] POST /api/v1/game/action 161ms
[11:31:37.402 +03:12:43.057] [WEB] POST /api/v1/game/action 148ms
[11:31:38.914 +03:12:44.569] [WEB] POST /api/v1/game/action 163ms
[11:31:40.400 +03:12:46.056] [WEB] POST /api/v1/game/action 145ms
[11:31:41.895 +03:12:47.551] [WEB] POST /api/v1/game/action 158ms
[11:31:43.405 +03:12:49.060] [WEB] POST /api/v1/game/action 145ms
[11:31:44.896 +03:12:50.551] [WEB] POST /api/v1/game/action 159ms
[11:31:46.392 +03:12:52.047] [WEB] POST /api/v1/game/action 149ms
[11:31:47.895 +03:12:53.551] [WEB] POST /api/v1/game/action 152ms
[11:31:49.382 +03:12:55.038] [WEB] POST /api/v1/game/action 146ms
[11:31:50.911 +03:12:56.567] [WEB] POST /api/v1/game/action 166ms
[11:31:52.385 +03:12:58.041] [WEB] POST /api/v1/game/action 147ms
[11:31:53.896 +03:12:59.551] [WEB] POST /api/v1/game/action 146ms
[11:31:55.409 +03:13:01.065] [WEB] POST /api/v1/game/action 150ms
[11:31:56.900 +03:13:02.556] [WEB] POST /api/v1/game/action 148ms
[11:31:58.390 +03:13:04.045] [WEB] POST /api/v1/game/action 146ms
[11:31:59.899 +03:13:05.555] [WEB] POST /api/v1/game/action 162ms
[11:32:01.393 +03:13:07.048] [WEB] POST /api/v1/game/action 147ms
[11:32:02.906 +03:13:08.562] [WEB] POST /api/v1/game/action 166ms
[11:32:04.391 +03:13:10.046] [WEB] POST /api/v1/game/action 149ms
[11:32:05.899 +03:13:11.554] [WEB] POST /api/v1/game/action 158ms
[11:32:07.416 +03:13:13.071] [WEB] POST /api/v1/game/action 149ms
[11:32:08.895 +03:13:14.550] [WEB] POST /api/v1/game/action 150ms
[11:32:10.393 +03:13:16.049] [WEB] POST /api/v1/game/action 147ms
[11:32:11.903 +03:13:17.558] [WEB] POST /api/v1/game/action 157ms
[11:32:13.394 +03:13:19.049] [WEB] POST /api/v1/game/action 148ms
[11:32:14.904 +03:13:20.559] [WEB] POST /api/v1/game/action 153ms
[11:32:16.396 +03:13:22.052] [WEB] POST /api/v1/game/action 148ms
[11:32:17.907 +03:13:23.562] [WEB] POST /api/v1/game/action 165ms
[11:32:19.401 +03:13:25.057] [WEB] POST /api/v1/game/action 149ms
[11:32:20.902 +03:13:26.557] [WEB] POST /api/v1/game/action 163ms
[11:32:22.395 +03:13:28.051] [WEB] POST /api/v1/game/action 150ms
[11:32:23.908 +03:13:29.564] [WEB] POST /api/v1/game/action 166ms
[11:32:25.405 +03:13:31.061] [WEB] POST /api/v1/game/action 146ms
[11:32:26.911 +03:13:32.566] [WEB] POST /api/v1/game/action 167ms
[11:32:28.387 +03:13:34.042] [WEB] POST /api/v1/game/action 149ms
[11:32:29.894 +03:13:35.550] [WEB] POST /api/v1/game/action 158ms
[11:32:31.386 +03:13:37.042] [WEB] POST /api/v1/game/action 146ms
[11:32:32.914 +03:13:38.570] [WEB] POST /api/v1/game/action 165ms
[11:32:34.409 +03:13:40.065] [WEB] POST /api/v1/game/action 147ms
[11:32:35.917 +03:13:41.573] [WEB] POST /api/v1/game/action 165ms
[11:32:37.392 +03:13:43.048] [WEB] POST /api/v1/game/action 147ms
[11:32:38.895 +03:13:44.551] [WEB] POST /api/v1/game/action 157ms
[11:32:40.389 +03:13:46.045] [WEB] POST /api/v1/game/action 147ms
[11:32:41.898 +03:13:47.554] [WEB] POST /api/v1/game/action 158ms
[11:32:43.393 +03:13:49.049] [WEB] POST /api/v1/game/action 147ms
[11:32:44.907 +03:13:50.563] [WEB] POST /api/v1/game/action 164ms
[11:32:46.401 +03:13:52.057] [WEB] POST /api/v1/game/action 147ms
[11:32:47.893 +03:13:53.549] [WEB] POST /api/v1/game/action 147ms
[11:32:49.409 +03:13:55.065] [WEB] POST /api/v1/game/action 149ms
[11:32:50.897 +03:13:56.553] [WEB] POST /api/v1/game/action 148ms
[11:32:52.393 +03:13:58.048] [WEB] POST /api/v1/game/action 149ms
[11:32:53.899 +03:13:59.555] [WEB] POST /api/v1/game/action 148ms
[11:32:55.396 +03:14:01.052] [WEB] POST /api/v1/game/action 146ms
[11:32:56.883 +03:14:02.538] [WEB] POST /api/v1/game/action 145ms
[11:32:58.399 +03:14:04.054] [WEB] POST /api/v1/game/action 146ms
[11:32:59.896 +03:14:05.551] [WEB] POST /api/v1/game/action 157ms
[11:33:01.395 +03:14:07.051] [WEB] POST /api/v1/game/action 145ms
[11:33:02.886 +03:14:08.542] [WEB] POST /api/v1/game/action 149ms
[11:33:04.401 +03:14:10.056] [WEB] POST /api/v1/game/action 150ms
[11:33:05.910 +03:14:11.566] [WEB] POST /api/v1/game/action 164ms
[11:33:07.434 +03:14:13.090] [WEB] POST /api/v1/game/action 171ms
[11:33:08.895 +03:14:14.550] [WEB] POST /api/v1/game/action 147ms
[11:33:10.404 +03:14:16.060] [WEB] POST /api/v1/game/action 149ms
[11:33:11.917 +03:14:17.573] [WEB] POST /api/v1/game/action 167ms
[11:33:13.407 +03:14:19.062] [WEB] POST /api/v1/game/action 151ms
[11:33:14.895 +03:14:20.551] [WEB] POST /api/v1/game/action 153ms
[11:33:16.405 +03:14:22.061] [WEB] POST /api/v1/game/action 147ms
[11:33:17.892 +03:14:23.547] [WEB] POST /api/v1/game/action 153ms
[11:33:19.408 +03:14:25.063] [WEB] POST /api/v1/game/action 147ms
[11:33:20.904 +03:14:26.559] [WEB] POST /api/v1/game/action 165ms
[11:33:22.397 +03:14:28.053] [WEB] POST /api/v1/game/action 148ms
[11:33:23.907 +03:14:29.563] [WEB] POST /api/v1/game/action 164ms
[11:33:25.401 +03:14:31.057] [WEB] POST /api/v1/game/action 147ms
[11:33:26.888 +03:14:32.544] [WEB] POST /api/v1/game/action 151ms
[11:33:28.400 +03:14:34.056] [WEB] POST /api/v1/game/action 147ms
[11:33:29.909 +03:14:35.565] [WEB] POST /api/v1/game/action 159ms
[11:33:31.384 +03:14:37.040] [WEB] POST /api/v1/game/action 147ms
[11:33:32.915 +03:14:38.571] [WEB] POST /api/v1/game/action 161ms
[11:33:34.400 +03:14:40.055] [WEB] POST /api/v1/game/action 144ms
[11:33:35.890 +03:14:41.545] [WEB] POST /api/v1/game/action 152ms
[11:33:37.430 +03:14:43.086] [WEB] POST /api/v1/game/action 186ms
[11:33:38.907 +03:14:44.563] [WEB] POST /api/v1/game/action 166ms
[11:33:40.404 +03:14:46.059] [WEB] POST /api/v1/game/action 151ms
[11:33:41.890 +03:14:47.545] [WEB] POST /api/v1/game/action 153ms
[11:33:43.393 +03:14:49.049] [WEB] POST /api/v1/game/action 150ms
[11:33:44.901 +03:14:50.556] [WEB] POST /api/v1/game/action 156ms
[11:33:46.388 +03:14:52.043] [WEB] POST /api/v1/game/action 146ms
[11:33:47.916 +03:14:53.572] [WEB] POST /api/v1/game/action 164ms
[11:33:49.400 +03:14:55.056] [WEB] POST /api/v1/game/action 147ms
[11:33:50.914 +03:14:56.570] [WEB] POST /api/v1/game/action 162ms
[11:33:52.404 +03:14:58.060] [WEB] POST /api/v1/game/action 148ms
[11:33:53.894 +03:14:59.550] [WEB] POST /api/v1/game/action 156ms
[11:33:55.401 +03:15:01.057] [WEB] POST /api/v1/game/action 151ms
[11:33:56.897 +03:15:02.552] [WEB] POST /api/v1/game/action 157ms
[11:33:58.391 +03:15:04.047] [WEB] POST /api/v1/game/action 145ms
[11:33:59.901 +03:15:05.557] [WEB] POST /api/v1/game/action 159ms
[11:34:01.399 +03:15:07.054] [WEB] POST /api/v1/game/action 145ms
[11:34:02.904 +03:15:08.560] [WEB] POST /api/v1/game/action 166ms
[11:34:04.386 +03:15:10.041] [WEB] POST /api/v1/game/action 146ms
[11:34:05.897 +03:15:11.553] [WEB] POST /api/v1/game/action 148ms
[11:34:07.385 +03:15:13.041] [WEB] POST /api/v1/game/action 147ms
[11:34:08.908 +03:15:14.564] [WEB] POST /api/v1/game/action 157ms
[11:34:10.390 +03:15:16.046] [WEB] POST /api/v1/game/action 147ms
[11:34:11.901 +03:15:17.556] [WEB] POST /api/v1/game/action 163ms
[11:34:13.397 +03:15:19.052] [WEB] POST /api/v1/game/action 148ms
[11:34:14.907 +03:15:20.562] [WEB] POST /api/v1/game/action 167ms
[11:34:16.418 +03:15:22.073] [WEB] POST /api/v1/game/action 167ms
[11:34:17.905 +03:15:23.561] [WEB] POST /api/v1/game/action 164ms
[11:34:19.395 +03:15:25.051] [WEB] POST /api/v1/game/action 149ms
[11:34:20.893 +03:15:26.549] [WEB] POST /api/v1/game/action 157ms
[11:34:22.391 +03:15:28.047] [WEB] POST /api/v1/game/action 150ms
[11:34:23.902 +03:15:29.557] [WEB] POST /api/v1/game/action 156ms
[11:34:25.391 +03:15:31.047] [WEB] POST /api/v1/game/action 147ms
[11:34:26.904 +03:15:32.559] [WEB] POST /api/v1/game/action 156ms
[11:34:28.390 +03:15:34.045] [WEB] POST /api/v1/game/action 144ms
[11:34:29.897 +03:15:35.553] [WEB] POST /api/v1/game/action 161ms
[11:34:31.396 +03:15:37.052] [WEB] POST /api/v1/game/action 147ms
[11:34:32.900 +03:15:38.556] [WEB] POST /api/v1/game/action 163ms
[11:34:34.389 +03:15:40.045] [WEB] POST /api/v1/game/action 144ms
[11:34:35.900 +03:15:41.555] [WEB] POST /api/v1/game/action 159ms
[11:34:37.386 +03:15:43.041] [WEB] POST /api/v1/game/action 147ms
[11:34:38.903 +03:15:44.559] [WEB] POST /api/v1/game/action 157ms
[11:34:40.397 +03:15:46.053] [WEB] POST /api/v1/game/action 146ms
[11:34:41.908 +03:15:47.564] [WEB] POST /api/v1/game/action 163ms
[11:34:43.405 +03:15:49.060] [WEB] POST /api/v1/game/action 151ms
[11:34:44.908 +03:15:50.564] [WEB] POST /api/v1/game/action 160ms
[11:34:46.398 +03:15:52.053] [WEB] POST /api/v1/game/action 144ms
[11:34:47.910 +03:15:53.565] [WEB] POST /api/v1/game/action 154ms
[11:34:49.394 +03:15:55.050] [WEB] POST /api/v1/game/action 148ms
[11:34:50.901 +03:15:56.557] [WEB] POST /api/v1/game/action 164ms
[11:34:52.398 +03:15:58.054] [WEB] POST /api/v1/game/action 147ms
[11:34:53.890 +03:15:59.546] [WEB] POST /api/v1/game/action 150ms
[11:34:55.404 +03:16:01.060] [WEB] POST /api/v1/game/action 147ms
[11:34:56.908 +03:16:02.563] [WEB] POST /api/v1/game/action 164ms
[11:34:58.405 +03:16:04.061] [WEB] POST /api/v1/game/action 150ms
[11:34:59.897 +03:16:05.552] [WEB] POST /api/v1/game/action 160ms
[11:35:01.392 +03:16:07.048] [WEB] POST /api/v1/game/action 149ms
[11:35:02.905 +03:16:08.561] [WEB] POST /api/v1/game/action 156ms
[11:35:04.397 +03:16:10.052] [WEB] POST /api/v1/game/action 150ms
[11:35:05.908 +03:16:11.564] [WEB] POST /api/v1/game/action 157ms
[11:35:07.406 +03:16:13.061] [WEB] POST /api/v1/game/action 145ms
[11:35:08.891 +03:16:14.546] [WEB] POST /api/v1/game/action 151ms
[11:35:10.421 +03:16:16.076] [WEB] POST /api/v1/game/action 161ms
[11:35:11.897 +03:16:17.552] [WEB] POST /api/v1/game/action 156ms
[11:35:13.397 +03:16:19.052] [WEB] POST /api/v1/game/action 147ms
[11:35:14.907 +03:16:20.562] [WEB] POST /api/v1/game/action 166ms
[11:35:16.420 +03:16:22.076] [WEB] POST /api/v1/game/action 167ms
[11:35:17.891 +03:16:23.547] [WEB] POST /api/v1/game/action 146ms
[11:35:19.405 +03:16:25.060] [WEB] POST /api/v1/game/action 148ms
[11:35:20.899 +03:16:26.554] [WEB] POST /api/v1/game/action 151ms
[11:35:22.398 +03:16:28.053] [WEB] POST /api/v1/game/action 148ms
[11:35:23.908 +03:16:29.564] [WEB] POST /api/v1/game/action 158ms
[11:35:25.385 +03:16:31.041] [WEB] POST /api/v1/game/action 146ms
[11:35:26.896 +03:16:32.552] [WEB] POST /api/v1/game/action 159ms
[11:35:28.386 +03:16:34.042] [WEB] POST /api/v1/game/action 147ms
[11:35:29.894 +03:16:35.550] [WEB] POST /api/v1/game/action 155ms
[11:35:31.397 +03:16:37.052] [WEB] POST /api/v1/game/action 147ms
[11:35:32.904 +03:16:38.559] [WEB] POST /api/v1/game/action 163ms
[11:35:34.397 +03:16:40.053] [WEB] POST /api/v1/game/action 145ms
[11:35:35.903 +03:16:41.558] [WEB] POST /api/v1/game/action 161ms
[11:35:37.392 +03:16:43.048] [WEB] POST /api/v1/game/action 148ms
[11:35:38.910 +03:16:44.566] [WEB] POST /api/v1/game/action 164ms
[11:35:40.433 +03:16:46.088] [WEB] POST /api/v1/game/action 166ms
[11:35:41.909 +03:16:47.564] [WEB] POST /api/v1/game/action 160ms
[11:35:43.405 +03:16:49.060] [WEB] POST /api/v1/game/action 151ms
[11:35:44.916 +03:16:50.571] [WEB] POST /api/v1/game/action 165ms
[11:35:46.409 +03:16:52.064] [WEB] POST /api/v1/game/action 144ms
[11:35:47.898 +03:16:53.554] [WEB] POST /api/v1/game/action 160ms
[11:35:49.390 +03:16:55.046] [WEB] POST /api/v1/game/action 149ms
[11:35:50.905 +03:16:56.560] [WEB] POST /api/v1/game/action 164ms
[11:35:52.399 +03:16:58.055] [WEB] POST /api/v1/game/action 146ms
[11:35:53.908 +03:16:59.563] [WEB] POST /api/v1/game/action 165ms
[11:35:55.399 +03:17:01.055] [WEB] POST /api/v1/game/action 149ms
[11:35:56.908 +03:17:02.564] [WEB] POST /api/v1/game/action 165ms
[11:35:58.402 +03:17:04.058] [WEB] POST /api/v1/game/action 147ms
[11:35:59.916 +03:17:05.571] [WEB] POST /api/v1/game/action 166ms
[11:36:01.388 +03:17:07.043] [WEB] POST /api/v1/game/action 145ms
[11:36:02.897 +03:17:08.553] [WEB] POST /api/v1/game/action 147ms
[11:36:04.388 +03:17:10.044] [WEB] POST /api/v1/game/action 145ms
[11:36:05.897 +03:17:11.552] [WEB] POST /api/v1/game/action 159ms
[11:36:07.408 +03:17:13.064] [WEB] POST /api/v1/game/action 146ms
[11:36:08.907 +03:17:14.562] [WEB] POST /api/v1/game/action 167ms
[11:36:10.397 +03:17:16.053] [WEB] POST /api/v1/game/action 149ms
[11:36:11.895 +03:17:17.550] [WEB] POST /api/v1/game/action 152ms
[11:36:13.394 +03:17:19.050] [WEB] POST /api/v1/game/action 147ms
[11:36:14.905 +03:17:20.561] [WEB] POST /api/v1/game/action 160ms
[11:36:16.400 +03:17:22.056] [WEB] POST /api/v1/game/action 148ms
[11:36:17.911 +03:17:23.567] [WEB] POST /api/v1/game/action 165ms
[11:36:19.409 +03:17:25.065] [WEB] POST /api/v1/game/action 145ms
[11:36:20.916 +03:17:26.572] [WEB] POST /api/v1/game/action 165ms
[11:36:22.404 +03:17:28.060] [WEB] POST /api/v1/game/action 149ms
[11:36:23.892 +03:17:29.548] [WEB] POST /api/v1/game/action 155ms
[11:36:25.395 +03:17:31.051] [WEB] POST /api/v1/game/action 151ms
[11:36:26.900 +03:17:32.556] [WEB] POST /api/v1/game/action 162ms
[11:36:28.387 +03:17:34.043] [WEB] POST /api/v1/game/action 146ms
[11:36:29.900 +03:17:35.556] [WEB] POST /api/v1/game/action 157ms
[11:36:31.395 +03:17:37.051] [WEB] POST /api/v1/game/action 146ms
[11:36:32.904 +03:17:38.559] [WEB] POST /api/v1/game/action 159ms
[11:36:34.385 +03:17:40.041] [WEB] POST /api/v1/game/action 146ms
[11:36:35.902 +03:17:41.557] [WEB] POST /api/v1/game/action 154ms
[11:36:37.399 +03:17:43.054] [WEB] POST /api/v1/game/action 147ms
[11:36:38.911 +03:17:44.566] [WEB] POST /api/v1/game/action 161ms
[11:36:40.406 +03:17:46.061] [WEB] POST /api/v1/game/action 146ms
[11:36:41.895 +03:17:47.551] [WEB] POST /api/v1/game/action 157ms
[11:36:43.408 +03:17:49.064] [WEB] POST /api/v1/game/action 148ms
[11:36:44.899 +03:17:50.554] [WEB] POST /api/v1/game/action 160ms
[11:36:46.396 +03:17:52.052] [WEB] POST /api/v1/game/action 148ms
[11:36:47.904 +03:17:53.560] [WEB] POST /api/v1/game/action 164ms
[11:36:49.397 +03:17:55.053] [WEB] POST /api/v1/game/action 148ms
[11:36:50.889 +03:17:56.545] [WEB] POST /api/v1/game/action 151ms
[11:36:52.412 +03:17:58.068] [WEB] POST /api/v1/game/action 158ms
[11:36:53.901 +03:17:59.557] [WEB] POST /api/v1/game/action 156ms
[11:36:55.403 +03:18:01.058] [WEB] POST /api/v1/game/action 147ms
[11:36:56.899 +03:18:02.555] [WEB] POST /api/v1/game/action 148ms
[11:36:58.388 +03:18:04.044] [WEB] POST /api/v1/game/action 148ms
[11:36:59.898 +03:18:05.554] [WEB] POST /api/v1/game/action 147ms
[11:37:01.393 +03:18:07.049] [WEB] POST /api/v1/game/action 147ms
[11:37:02.902 +03:18:08.558] [WEB] POST /api/v1/game/action 163ms
[11:37:04.407 +03:18:10.063] [WEB] POST /api/v1/game/action 149ms
[11:37:05.892 +03:18:11.548] [WEB] POST /api/v1/game/action 151ms
[11:37:07.402 +03:18:13.058] [WEB] POST /api/v1/game/action 144ms
[11:37:08.892 +03:18:14.548] [WEB] POST /api/v1/game/action 151ms
[11:37:10.385 +03:18:16.041] [WEB] POST /api/v1/game/action 146ms
[11:37:11.896 +03:18:17.551] [WEB] POST /api/v1/game/action 152ms
[11:37:13.392 +03:18:19.047] [WEB] POST /api/v1/game/action 148ms
[11:37:14.897 +03:18:20.553] [WEB] POST /api/v1/game/action 151ms
[11:37:16.387 +03:18:22.043] [WEB] POST /api/v1/game/action 147ms
[11:37:17.901 +03:18:23.557] [WEB] POST /api/v1/game/action 152ms
[11:37:19.393 +03:18:25.048] [WEB] POST /api/v1/game/action 148ms
[11:37:20.890 +03:18:26.546] [WEB] POST /api/v1/game/action 151ms
[11:37:22.386 +03:18:28.042] [WEB] POST /api/v1/game/action 146ms
[11:37:23.897 +03:18:29.553] [WEB] POST /api/v1/game/action 159ms
[11:37:25.399 +03:18:31.055] [WEB] POST /api/v1/game/action 149ms
[11:37:26.890 +03:18:32.545] [WEB] POST /api/v1/game/action 148ms
[11:37:28.417 +03:18:34.072] [WEB] POST /api/v1/game/action 150ms
[11:37:29.891 +03:18:35.547] [WEB] POST /api/v1/game/action 154ms
[11:37:31.409 +03:18:37.065] [WEB] POST /api/v1/game/action 148ms
[11:37:32.896 +03:18:38.552] [WEB] POST /api/v1/game/action 158ms
[11:37:34.392 +03:18:40.048] [WEB] POST /api/v1/game/action 149ms
[11:37:35.919 +03:18:41.575] [WEB] POST /api/v1/game/action 167ms
[11:37:37.389 +03:18:43.045] [WEB] POST /api/v1/game/action 146ms
[11:37:38.901 +03:18:44.557] [WEB] POST /api/v1/game/action 164ms
[11:37:40.400 +03:18:46.056] [WEB] POST /api/v1/game/action 148ms
[11:37:41.904 +03:18:47.560] [WEB] POST /api/v1/game/action 168ms
[11:37:43.399 +03:18:49.055] [WEB] POST /api/v1/game/action 148ms
[11:37:44.887 +03:18:50.542] [WEB] POST /api/v1/game/action 149ms
[11:37:46.425 +03:18:52.081] [WEB] POST /api/v1/game/action 170ms
[11:37:47.910 +03:18:53.565] [WEB] POST /api/v1/game/action 166ms
[11:37:49.384 +03:18:55.040] [WEB] POST /api/v1/game/action 147ms
[11:37:50.889 +03:18:56.544] [WEB] POST /api/v1/game/action 152ms
[11:37:52.404 +03:18:58.059] [WEB] POST /api/v1/game/action 146ms
[11:37:53.915 +03:18:59.571] [WEB] POST /api/v1/game/action 166ms
[11:37:55.390 +03:19:01.045] [WEB] POST /api/v1/game/action 147ms
[11:37:56.896 +03:19:02.552] [WEB] POST /api/v1/game/action 145ms
[11:37:58.413 +03:19:04.069] [WEB] POST /api/v1/game/action 149ms
[11:37:59.897 +03:19:05.553] [WEB] POST /api/v1/game/action 159ms
[11:38:01.393 +03:19:07.049] [WEB] POST /api/v1/game/action 148ms
[11:38:02.906 +03:19:08.561] [WEB] POST /api/v1/game/action 168ms
[11:38:04.400 +03:19:10.055] [WEB] POST /api/v1/game/action 147ms
[11:38:05.904 +03:19:11.559] [WEB] POST /api/v1/game/action 160ms
[11:38:07.399 +03:19:13.055] [WEB] POST /api/v1/game/action 149ms
[11:38:08.909 +03:19:14.564] [WEB] POST /api/v1/game/action 162ms
[11:38:10.405 +03:19:16.060] [WEB] POST /api/v1/game/action 149ms
[11:38:11.912 +03:19:17.568] [WEB] POST /api/v1/game/action 163ms
[11:38:13.401 +03:19:19.057] [WEB] POST /api/v1/game/action 150ms
[11:38:14.891 +03:19:20.546] [WEB] POST /api/v1/game/action 154ms
[11:38:16.404 +03:19:22.059] [WEB] POST /api/v1/game/action 149ms
[11:38:17.890 +03:19:23.545] [WEB] POST /api/v1/game/action 151ms
[11:38:19.402 +03:19:25.057] [WEB] POST /api/v1/game/action 150ms
[11:38:20.925 +03:19:26.581] [WEB] POST /api/v1/game/action 183ms
[11:38:22.387 +03:19:28.043] [WEB] POST /api/v1/game/action 148ms
[11:38:23.898 +03:19:29.554] [WEB] POST /api/v1/game/action 156ms
[11:38:25.398 +03:19:31.054] [WEB] POST /api/v1/game/action 151ms
[11:38:26.904 +03:19:32.560] [WEB] POST /api/v1/game/action 160ms
[11:38:28.399 +03:19:34.054] [WEB] POST /api/v1/game/action 149ms
[11:38:29.885 +03:19:35.541] [WEB] POST /api/v1/game/action 149ms
[11:38:31.424 +03:19:37.080] [WEB] POST /api/v1/game/action 166ms
[11:38:32.913 +03:19:38.568] [WEB] POST /api/v1/game/action 162ms
[11:38:34.408 +03:19:40.063] [WEB] POST /api/v1/game/action 145ms
[11:38:35.892 +03:19:41.548] [WEB] POST /api/v1/game/action 155ms
[11:38:37.390 +03:19:43.046] [WEB] POST /api/v1/game/action 149ms
[11:38:38.885 +03:19:44.541] [WEB] POST /api/v1/game/action 147ms
[11:38:40.410 +03:19:46.065] [WEB] POST /api/v1/game/action 146ms
[11:38:41.888 +03:19:47.543] [WEB] POST /api/v1/game/action 147ms
[11:38:43.414 +03:19:49.070] [WEB] POST /api/v1/game/action 149ms
[11:38:44.893 +03:19:50.549] [WEB] POST /api/v1/game/action 150ms
[11:38:46.386 +03:19:52.042] [WEB] POST /api/v1/game/action 147ms
[11:38:47.898 +03:19:53.554] [WEB] POST /api/v1/game/action 151ms
[11:38:49.410 +03:19:55.066] [WEB] POST /api/v1/game/action 146ms
[11:38:50.900 +03:19:56.555] [WEB] POST /api/v1/game/action 151ms
[11:38:52.390 +03:19:58.046] [WEB] POST /api/v1/game/action 147ms
[11:38:53.904 +03:19:59.559] [WEB] POST /api/v1/game/action 151ms
[11:38:55.398 +03:20:01.054] [WEB] POST /api/v1/game/action 150ms
[11:38:56.893 +03:20:02.549] [WEB] POST /api/v1/game/action 156ms
[11:38:58.405 +03:20:04.061] [WEB] POST /api/v1/game/action 147ms
[11:38:59.894 +03:20:05.550] [WEB] POST /api/v1/game/action 157ms
[11:39:01.409 +03:20:07.065] [WEB] POST /api/v1/game/action 147ms
[11:39:02.896 +03:20:08.551] [WEB] POST /api/v1/game/action 154ms
[11:39:04.400 +03:20:10.056] [WEB] POST /api/v1/game/action 147ms
[11:39:05.907 +03:20:11.563] [WEB] POST /api/v1/game/action 162ms
[11:39:07.402 +03:20:13.058] [WEB] POST /api/v1/game/action 150ms
[11:39:08.901 +03:20:14.557] [WEB] POST /api/v1/game/action 153ms
[11:39:10.394 +03:20:16.050] [WEB] POST /api/v1/game/action 146ms
[11:39:11.969 +03:20:17.625] [WEB] POST /api/v1/game/action 219ms
[11:39:13.402 +03:20:19.058] [WEB] POST /api/v1/game/action 150ms
[11:39:14.905 +03:20:20.561] [WEB] POST /api/v1/game/action 164ms
[11:39:16.399 +03:20:22.054] [WEB] POST /api/v1/game/action 146ms
[11:39:17.905 +03:20:23.560] [WEB] POST /api/v1/game/action 166ms
[11:39:19.398 +03:20:25.054] [WEB] POST /api/v1/game/action 147ms
[11:39:20.898 +03:20:26.553] [WEB] POST /api/v1/game/action 161ms
[11:39:22.394 +03:20:28.050] [WEB] POST /api/v1/game/action 148ms
[11:39:23.885 +03:20:29.541] [WEB] POST /api/v1/game/action 147ms
[11:39:25.400 +03:20:31.056] [WEB] POST /api/v1/game/action 145ms
[11:39:26.905 +03:20:32.561] [WEB] POST /api/v1/game/action 157ms
[11:39:28.400 +03:20:34.055] [WEB] POST /api/v1/game/action 150ms
[11:39:29.916 +03:20:35.571] [WEB] POST /api/v1/game/action 165ms
[11:39:31.408 +03:20:37.064] [WEB] POST /api/v1/game/action 148ms
[11:39:32.893 +03:20:38.549] [WEB] POST /api/v1/game/action 155ms
[11:39:34.404 +03:20:40.060] [WEB] POST /api/v1/game/action 147ms
[11:39:35.898 +03:20:41.554] [WEB] POST /api/v1/game/action 159ms
[11:39:37.416 +03:20:43.072] [WEB] POST /api/v1/game/action 153ms
[11:39:38.892 +03:20:44.548] [WEB] POST /api/v1/game/action 151ms
[11:39:40.391 +03:20:46.046] [WEB] POST /api/v1/game/action 152ms
[11:39:41.896 +03:20:47.551] [WEB] POST /api/v1/game/action 151ms
[11:39:43.385 +03:20:49.040] [WEB] POST /api/v1/game/action 149ms
[11:39:44.896 +03:20:50.552] [WEB] POST /api/v1/game/action 151ms
[11:39:46.389 +03:20:52.045] [WEB] POST /api/v1/game/action 146ms
[11:39:47.903 +03:20:53.558] [WEB] POST /api/v1/game/action 152ms
[11:39:49.394 +03:20:55.050] [WEB] POST /api/v1/game/action 147ms
[11:39:50.892 +03:20:56.548] [WEB] POST /api/v1/game/action 156ms
[11:39:52.450 +03:20:58.105] [WEB] POST /api/v1/game/action 192ms
[11:39:53.903 +03:20:59.558] [WEB] POST /api/v1/game/action 163ms
[11:39:55.394 +03:21:01.049] [WEB] POST /api/v1/game/action 149ms
[11:39:56.904 +03:21:02.560] [WEB] POST /api/v1/game/action 166ms
[11:39:58.394 +03:21:04.049] [WEB] POST /api/v1/game/action 148ms
[11:39:59.903 +03:21:05.559] [WEB] POST /api/v1/game/action 160ms
[11:40:01.402 +03:21:07.057] [WEB] POST /api/v1/game/action 147ms
[11:40:02.907 +03:21:08.563] [WEB] POST /api/v1/game/action 161ms
[11:40:04.408 +03:21:10.063] [WEB] POST /api/v1/game/action 148ms
[11:40:05.895 +03:21:11.550] [WEB] POST /api/v1/game/action 148ms
[11:40:07.406 +03:21:13.062] [WEB] POST /api/v1/game/action 147ms
[11:40:08.899 +03:21:14.555] [WEB] POST /api/v1/game/action 148ms
[11:40:10.385 +03:21:16.040] [WEB] POST /api/v1/game/action 146ms
[11:40:11.897 +03:21:17.553] [WEB] POST /api/v1/game/action 159ms
[11:40:13.392 +03:21:19.048] [WEB] POST /api/v1/game/action 150ms
[11:40:14.887 +03:21:20.543] [WEB] POST /api/v1/game/action 146ms
[11:40:16.406 +03:21:22.061] [WEB] POST /api/v1/game/action 149ms
[11:40:17.896 +03:21:23.552] [WEB] POST /api/v1/game/action 151ms
[11:40:19.390 +03:21:25.046] [WEB] POST /api/v1/game/action 150ms
[11:40:20.903 +03:21:26.559] [WEB] POST /api/v1/game/action 157ms
[11:40:22.404 +03:21:28.060] [WEB] POST /api/v1/game/action 150ms
[11:40:23.909 +03:21:29.564] [WEB] POST /api/v1/game/action 160ms
[11:40:25.426 +03:21:31.081] [WEB] POST /api/v1/game/action 168ms
[11:40:26.993 +03:21:32.649] [WEB] POST /api/v1/game/action 242ms
[11:40:28.394 +03:21:34.049] [WEB] POST /api/v1/game/action 156ms
[11:40:29.918 +03:21:35.573] [WEB] POST /api/v1/game/action 180ms
[11:40:31.426 +03:21:37.082] [WEB] POST /api/v1/game/action 160ms
[11:40:32.901 +03:21:38.556] [WEB] POST /api/v1/game/action 161ms
[11:40:33.371 +03:21:39.027] [WEB] GET /api/v1/frame.png 268ms
[11:40:34.416 +03:21:40.071] [WEB] POST /api/v1/game/action 172ms
[11:40:35.908 +03:21:41.564] [WEB] POST /api/v1/game/action 165ms
[11:40:37.404 +03:21:43.060] [WEB] POST /api/v1/game/action 153ms
[11:40:38.892 +03:21:44.547] [WEB] POST /api/v1/game/action 151ms
[11:40:39.259 +03:21:44.915] [WEB] POST /api/v1/script 24ms
[11:40:39.310 +03:21:44.966] [WEB] POST /api/v1/script 15ms
[11:40:39.396 +03:21:45.051] [WEB] POST /api/v1/script 54ms
[11:40:39.502 +03:21:45.158] [WEB] POST /api/v1/script 63ms
[11:40:39.561 +03:21:45.217] [WEB] POST /api/v1/script 52ms
[11:40:39.640 +03:21:45.296] [WEB] POST /api/v1/script 73ms
[11:40:39.699 +03:21:45.355] [WEB] POST /api/v1/script 54ms
[11:40:39.767 +03:21:45.423] [WEB] POST /api/v1/script 58ms
[11:40:39.834 +03:21:45.490] [WEB] POST /api/v1/script 63ms
[11:40:39.932 +03:21:45.588] [WEB] POST /api/v1/script 89ms
[11:40:40.033 +03:21:45.688] [WEB] POST /api/v1/script 93ms
[11:40:40.121 +03:21:45.777] [WEB] POST /api/v1/script 84ms
[11:40:40.205 +03:21:45.861] [WEB] POST /api/v1/script 78ms
[11:40:40.238 +03:21:45.893] [WEB] POST /api/v1/script 26ms
[11:40:40.475 +03:21:46.131] [WEB] POST /api/v1/game/action 216ms
[11:40:40.502 +03:21:46.158] [WEB] POST /api/v1/script 22ms
[11:40:40.543 +03:21:46.199] [WEB] POST /api/v1/script 36ms
[11:40:40.689 +03:21:46.344] [WEB] POST /api/v1/script 126ms
[11:40:40.794 +03:21:46.449] [WEB] POST /api/v1/script 88ms
[11:40:40.869 +03:21:46.525] [WEB] POST /api/v1/script 57ms
[11:40:40.922 +03:21:46.577] [WEB] POST /api/v1/script 49ms
[11:40:40.984 +03:21:46.640] [WEB] POST /api/v1/script 57ms
[11:40:41.060 +03:21:46.716] [WEB] POST /api/v1/script 72ms
[11:40:41.088 +03:21:46.744] [WEB] POST /api/v1/script 22ms
[11:40:42.260 +03:21:47.916] [WEB] POST /api/v1/script 1165ms
[11:40:42.443 +03:21:48.099] [WEB] POST /api/v1/game/action 176ms
[11:40:43.479 +03:21:49.134] [WEB] POST /api/v1/script 1020ms
[11:40:43.803 +03:21:49.459] [WEB] POST /api/v1/game/action 310ms
[11:40:44.091 +03:21:49.747] [WEB] POST /api/v1/script 54ms
[11:40:44.125 +03:21:49.781] [WEB] POST /api/v1/script 21ms
[11:40:44.189 +03:21:49.845] [WEB] POST /api/v1/script 58ms
[11:40:44.451 +03:21:50.107] [WEB] POST /api/v1/script 245ms
[11:40:44.680 +03:21:50.336] [WEB] POST /api/v1/script 186ms
[11:40:44.768 +03:21:50.424] [WEB] POST /api/v1/script 77ms
[11:40:44.993 +03:21:50.649] [WEB] POST /api/v1/game/action 219ms
[11:40:45.014 +03:21:50.670] [WEB] POST /api/v1/script 16ms
[11:40:45.534 +03:21:51.190] [WEB] POST /api/v1/script 515ms
[11:40:46.115 +03:21:51.770] [WEB] POST /api/v1/script 575ms
[11:40:46.214 +03:21:51.870] [WEB] POST /api/v1/script 95ms
[11:40:46.476 +03:21:52.132] [WEB] POST /api/v1/script 243ms
[11:40:46.671 +03:21:52.327] [WEB] POST /api/v1/game/action 188ms
[11:40:48.166 +03:21:53.821] [WEB] POST /api/v1/script 1491ms
[11:40:48.316 +03:21:53.972] [WEB] POST /api/v1/game/action 146ms
[11:40:48.341 +03:21:53.996] [WEB] POST /api/v1/script 21ms
[11:40:48.361 +03:21:54.016] [WEB] POST /api/v1/script 21ms
[11:40:48.412 +03:21:54.068] [WEB] POST /api/v1/script 43ms
[11:40:48.459 +03:21:54.114] [WEB] POST /api/v1/script 49ms
[11:40:48.524 +03:21:54.180] [WEB] POST /api/v1/script 53ms
[11:40:48.547 +03:21:54.202] [WEB] POST /api/v1/script 17ms
[11:40:50.980 +03:21:56.636] [WEB] POST /api/v1/script 2429ms
[11:40:51.134 +03:21:56.790] [WEB] POST /api/v1/game/action 147ms
[11:40:51.403 +03:21:57.059] [WEB] POST /api/v1/game/action 265ms
[11:40:51.468 +03:21:57.123] [WEB] POST /api/v1/script 53ms
[11:40:52.887 +03:21:58.543] [WEB] POST /api/v1/script 1416ms
[11:40:53.092 +03:21:58.747] [WEB] POST /api/v1/game/action 190ms
[11:40:53.666 +03:21:59.321] [WEB] POST /api/v1/script 570ms
[11:40:53.734 +03:21:59.389] [WEB] POST /api/v1/script 59ms
[11:40:53.992 +03:21:59.648] [WEB] POST /api/v1/game/action 245ms
[11:40:54.033 +03:21:59.689] [WEB] POST /api/v1/script 36ms
[11:40:54.136 +03:21:59.792] [WEB] POST /api/v1/script 97ms
[11:40:54.268 +03:21:59.924] [WEB] POST /api/v1/script 123ms
[11:40:54.378 +03:22:00.033] [WEB] POST /api/v1/script 105ms
[11:40:56.003 +03:22:01.659] [WEB] POST /api/v1/script 1615ms
[11:40:56.172 +03:22:01.828] [WEB] POST /api/v1/game/action 165ms
[11:40:56.273 +03:22:01.929] [WEB] POST /api/v1/script 83ms
[11:40:58.906 +03:22:04.561] [WEB] POST /api/v1/script 2600ms
[11:40:59.087 +03:22:04.742] [WEB] POST /api/v1/game/action 173ms
[11:40:59.263 +03:22:04.919] [WEB] POST /api/v1/game/action 172ms
[11:40:59.305 +03:22:04.961] [WEB] POST /api/v1/script 37ms
[11:41:00.728 +03:22:06.384] [WEB] POST /api/v1/script 1418ms
[11:41:00.889 +03:22:06.545] [WEB] POST /api/v1/game/action 153ms
[11:41:01.514 +03:22:07.170] [WEB] POST /api/v1/script 621ms
[11:41:01.727 +03:22:07.383] [WEB] POST /api/v1/game/action 207ms
[11:41:01.773 +03:22:07.429] [WEB] POST /api/v1/script 39ms
[11:41:01.830 +03:22:07.486] [WEB] POST /api/v1/script 52ms
[11:41:01.883 +03:22:07.539] [WEB] POST /api/v1/script 48ms
[11:41:01.946 +03:22:07.602] [WEB] POST /api/v1/script 59ms
[11:41:02.000 +03:22:07.656] [WEB] POST /api/v1/script 47ms
[11:41:03.440 +03:22:09.096] [WEB] POST /api/v1/script 1435ms
[11:41:03.571 +03:22:09.227] [WEB] POST /api/v1/game/action 127ms
[11:41:03.591 +03:22:09.247] [WEB] POST /api/v1/script 16ms
[11:41:05.973 +03:22:11.629] [WEB] POST /api/v1/script 2378ms
[11:41:06.141 +03:22:11.797] [WEB] POST /api/v1/game/action 160ms
[11:41:06.375 +03:22:12.031] [WEB] POST /api/v1/game/action 228ms
[11:41:06.478 +03:22:12.134] [WEB] POST /api/v1/script 96ms
[11:41:07.854 +03:22:13.510] [WEB] POST /api/v1/script 1368ms
[11:41:08.261 +03:22:13.917] [WEB] POST /api/v1/game/action 400ms
[11:41:08.849 +03:22:14.504] [WEB] POST /api/v1/script 579ms
[11:41:09.039 +03:22:14.694] [WEB] POST /api/v1/game/action 180ms
[11:41:09.080 +03:22:14.735] [WEB] POST /api/v1/script 38ms
[11:41:09.174 +03:22:14.829] [WEB] POST /api/v1/script 85ms
[11:41:09.234 +03:22:14.890] [WEB] POST /api/v1/script 55ms
[11:41:09.310 +03:22:14.966] [WEB] POST /api/v1/script 72ms
[11:41:09.391 +03:22:15.047] [WEB] POST /api/v1/script 74ms
[11:41:10.751 +03:22:16.407] [WEB] POST /api/v1/script 1355ms
[11:41:10.946 +03:22:16.602] [WEB] POST /api/v1/game/action 190ms
[11:41:10.969 +03:22:16.624] [WEB] POST /api/v1/script 17ms
[11:41:13.366 +03:22:19.021] [WEB] POST /api/v1/script 2391ms
[11:41:13.558 +03:22:19.213] [WEB] POST /api/v1/game/action 184ms
[11:41:13.856 +03:22:19.512] [WEB] POST /api/v1/game/action 294ms
[11:41:13.957 +03:22:19.613] [WEB] POST /api/v1/script 85ms
[11:41:15.155 +03:22:20.810] [WEB] POST /api/v1/script 1189ms
[11:41:15.368 +03:22:21.023] [WEB] POST /api/v1/game/action 206ms
[11:41:15.811 +03:22:21.467] [WEB] POST /api/v1/script 439ms
[11:41:15.870 +03:22:21.525] [WEB] POST /api/v1/script 47ms
[11:41:15.932 +03:22:21.588] [WEB] POST /api/v1/script 58ms
[11:41:15.991 +03:22:21.647] [WEB] POST /api/v1/script 55ms
[11:41:16.051 +03:22:21.706] [WEB] POST /api/v1/script 47ms
[11:41:16.107 +03:22:21.763] [WEB] POST /api/v1/script 52ms
[11:41:17.507 +03:22:23.162] [WEB] POST /api/v1/script 1394ms
[11:41:17.663 +03:22:23.318] [WEB] POST /api/v1/game/action 151ms
[11:41:17.683 +03:22:23.339] [WEB] POST /api/v1/script 17ms
[11:41:20.152 +03:22:25.808] [WEB] POST /api/v1/script 2466ms
[11:41:20.349 +03:22:26.005] [WEB] POST /api/v1/game/action 189ms
[11:41:20.558 +03:22:26.214] [WEB] POST /api/v1/game/action 206ms
[11:41:20.601 +03:22:26.256] [WEB] POST /api/v1/script 38ms
[11:41:21.734 +03:22:27.389] [WEB] POST /api/v1/script 1128ms
[11:41:21.919 +03:22:27.574] [WEB] POST /api/v1/game/action 179ms
[11:41:22.457 +03:22:28.112] [WEB] POST /api/v1/script 539ms
[11:41:22.670 +03:22:28.325] [WEB] POST /api/v1/game/action 203ms
[11:41:22.719 +03:22:28.374] [WEB] POST /api/v1/script 44ms
[11:41:22.782 +03:22:28.437] [WEB] POST /api/v1/script 58ms
[11:41:22.839 +03:22:28.495] [WEB] POST /api/v1/script 51ms
[11:41:22.900 +03:22:28.555] [WEB] POST /api/v1/script 56ms
[11:41:22.968 +03:22:28.624] [WEB] POST /api/v1/script 60ms
[11:41:24.460 +03:22:30.116] [WEB] POST /api/v1/script 1485ms
[11:41:24.644 +03:22:30.299] [WEB] POST /api/v1/game/action 179ms
[11:41:24.664 +03:22:30.320] [WEB] POST /api/v1/script 16ms
[11:41:27.122 +03:22:32.777] [WEB] POST /api/v1/script 2452ms
[11:41:27.335 +03:22:32.991] [WEB] POST /api/v1/game/action 207ms
[11:41:27.568 +03:22:33.224] [WEB] POST /api/v1/game/action 227ms
[11:41:27.648 +03:22:33.304] [WEB] POST /api/v1/script 67ms
[11:41:28.914 +03:22:34.570] [WEB] POST /api/v1/script 1263ms
[11:41:29.110 +03:22:34.766] [WEB] POST /api/v1/game/action 190ms
[11:41:29.620 +03:22:35.276] [WEB] POST /api/v1/script 505ms
[11:41:29.699 +03:22:35.355] [WEB] POST /api/v1/script 70ms
[11:41:29.816 +03:22:35.472] [WEB] POST /api/v1/script 106ms
[11:41:29.980 +03:22:35.635] [WEB] POST /api/v1/game/action 157ms
[11:41:30.024 +03:22:35.679] [WEB] POST /api/v1/script 40ms
[11:41:30.103 +03:22:35.759] [WEB] POST /api/v1/script 75ms
[11:41:30.213 +03:22:35.869] [WEB] POST /api/v1/script 101ms
[11:41:31.724 +03:22:37.380] [WEB] POST /api/v1/script 1506ms
[11:41:31.897 +03:22:37.553] [WEB] POST /api/v1/game/action 168ms
[11:41:31.973 +03:22:37.629] [WEB] POST /api/v1/script 72ms
[11:41:32.079 +03:22:37.734] [WEB] POST /api/v1/script 90ms
[11:41:32.169 +03:22:37.825] [WEB] POST /api/v1/script 83ms
[11:41:32.206 +03:22:37.861] [WEB] POST /api/v1/script 18ms
[11:41:32.458 +03:22:38.114] [WEB] POST /api/v1/script 245ms
[11:41:32.531 +03:22:38.187] [WEB] POST /api/v1/script 19ms
[11:41:33.094 +03:22:38.749] [WEB] POST /api/v1/script 558ms
[11:41:33.295 +03:22:38.951] [WEB] POST /api/v1/game/action 197ms
[11:41:33.797 +03:22:39.452] [WEB] POST /api/v1/script 497ms
[11:41:33.857 +03:22:39.512] [WEB] POST /api/v1/script 57ms
[11:41:35.341 +03:22:40.997] [WEB] POST /api/v1/script 1479ms
[11:41:35.566 +03:22:41.222] [WEB] POST /api/v1/game/action 220ms
[11:41:35.590 +03:22:41.246] [WEB] POST /api/v1/script 20ms
[11:41:35.614 +03:22:41.269] [WEB] POST /api/v1/script 20ms
[11:41:35.639 +03:22:41.295] [WEB] POST /api/v1/script 21ms
[11:41:35.670 +03:22:41.325] [WEB] POST /api/v1/script 24ms
[11:41:35.773 +03:22:41.428] [WEB] POST /api/v1/script 99ms
[11:41:35.912 +03:22:41.568] [WEB] POST /api/v1/game/action 128ms
[11:41:35.973 +03:22:41.629] [WEB] POST /api/v1/script 58ms
[11:41:36.035 +03:22:41.691] [WEB] POST /api/v1/script 54ms
[11:41:36.089 +03:22:41.744] [WEB] POST /api/v1/script 51ms
[11:41:36.120 +03:22:41.776] [WEB] POST /api/v1/script 27ms
[11:41:37.510 +03:22:43.166] [WEB] POST /api/v1/script 1384ms
[11:41:37.765 +03:22:43.421] [WEB] POST /api/v1/game/action 248ms
[11:41:37.789 +03:22:43.445] [WEB] POST /api/v1/script 20ms
[11:41:37.857 +03:22:43.513] [WEB] POST /api/v1/script 63ms
[11:41:37.955 +03:22:43.611] [WEB] POST /api/v1/script 92ms
[11:41:39.382 +03:22:45.038] [WEB] POST /api/v1/script 1420ms
[11:41:39.596 +03:22:45.251] [WEB] POST /api/v1/game/action 208ms
[11:41:39.780 +03:22:45.436] [WEB] POST /api/v1/script 181ms
[11:41:40.038 +03:22:45.693] [WEB] POST /api/v1/script 252ms
[11:41:40.096 +03:22:45.752] [WEB] POST /api/v1/script 55ms
[11:41:40.170 +03:22:45.826] [WEB] POST /api/v1/script 68ms
[11:41:40.202 +03:22:45.858] [WEB] POST /api/v1/script 26ms
[11:41:40.223 +03:22:45.879] [WEB] POST /api/v1/script 20ms
[11:41:40.258 +03:22:45.913] [WEB] POST /api/v1/script 23ms
[11:41:40.401 +03:22:46.057] [WEB] POST /api/v1/game/action 132ms
[11:41:40.445 +03:22:46.101] [WEB] POST /api/v1/script 40ms
[11:41:40.530 +03:22:46.185] [WEB] POST /api/v1/script 80ms
[11:41:40.629 +03:22:46.285] [WEB] POST /api/v1/script 92ms
[11:41:40.808 +03:22:46.463] [WEB] POST /api/v1/script 169ms
[11:41:40.893 +03:22:46.549] [WEB] POST /api/v1/script 73ms
[11:41:42.362 +03:22:48.018] [WEB] POST /api/v1/script 1458ms
[11:41:42.623 +03:22:48.279] [WEB] POST /api/v1/game/action 254ms
[11:41:42.639 +03:22:48.295] [WEB] POST /api/v1/script 13ms
[11:41:42.686 +03:22:48.341] [WEB] POST /api/v1/script 39ms
[11:41:44.063 +03:22:49.718] [WEB] POST /api/v1/script 1373ms
[11:41:44.290 +03:22:49.945] [WEB] POST /api/v1/game/action 222ms
[11:41:44.376 +03:22:50.031] [WEB] POST /api/v1/script 80ms
[11:41:44.407 +03:22:50.062] [WEB] POST /api/v1/script 25ms
[11:41:44.472 +03:22:50.128] [WEB] POST /api/v1/script 57ms
[11:41:44.527 +03:22:50.183] [WEB] POST /api/v1/script 50ms
[11:41:44.581 +03:22:50.237] [WEB] POST /api/v1/script 50ms
[11:41:44.610 +03:22:50.266] [WEB] POST /api/v1/script 23ms
[11:41:44.638 +03:22:50.293] [WEB] POST /api/v1/script 20ms
[11:41:44.662 +03:22:50.318] [WEB] POST /api/v1/script 21ms
[11:41:44.699 +03:22:50.355] [WEB] POST /api/v1/script 30ms
[11:41:44.753 +03:22:50.409] [WEB] POST /api/v1/script 50ms
[11:41:44.877 +03:22:50.533] [WEB] POST /api/v1/game/action 120ms
[11:41:44.896 +03:22:50.552] [WEB] POST /api/v1/script 15ms
[11:41:45.007 +03:22:50.663] [WEB] POST /api/v1/script 104ms
[11:41:45.041 +03:22:50.697] [WEB] POST /api/v1/script 26ms
[11:41:45.147 +03:22:50.803] [WEB] POST /api/v1/script 101ms
[11:41:45.175 +03:22:50.831] [WEB] POST /api/v1/script 21ms
[11:41:45.192 +03:22:50.848] [WEB] POST /api/v1/script 19ms
[11:41:45.219 +03:22:50.875] [WEB] POST /api/v1/script 16ms
[11:41:45.279 +03:22:50.934] [WEB] POST /api/v1/script 55ms
[11:41:45.330 +03:22:50.985] [WEB] POST /api/v1/script 47ms
[11:41:59.983 +03:23:05.639] [WEB] POST /api/v1/script 14650ms
[11:42:00.170 +03:23:05.825] [WEB] POST /api/v1/game/action 179ms
[11:42:00.302 +03:23:05.958] [WEB] POST /api/v1/game/action 130ms
[11:42:00.457 +03:23:06.112] [WEB] POST /api/v1/game/action 151ms
[11:42:00.609 +03:23:06.265] [WEB] POST /api/v1/game/action 149ms
[11:42:00.762 +03:23:06.418] [WEB] POST /api/v1/game/action 151ms
[11:42:00.917 +03:23:06.572] [WEB] POST /api/v1/game/action 148ms
[11:42:01.070 +03:23:06.725] [WEB] POST /api/v1/game/action 150ms
[11:42:01.223 +03:23:06.879] [WEB] POST /api/v1/game/action 149ms
[11:42:01.376 +03:23:07.032] [WEB] POST /api/v1/game/action 149ms
[11:42:01.530 +03:23:07.186] [WEB] POST /api/v1/game/action 151ms
[11:42:01.576 +03:23:07.232] [WEB] POST /api/v1/script 42ms
[11:42:01.737 +03:23:07.392] [WEB] POST /api/v1/game/action 154ms
[11:42:01.756 +03:23:07.411] [WEB] POST /api/v1/script 15ms
[11:42:01.804 +03:23:07.460] [WEB] POST /api/v1/script 44ms
[11:42:01.849 +03:23:07.505] [WEB] POST /api/v1/script 42ms
[11:42:01.894 +03:23:07.550] [WEB] POST /api/v1/script 39ms
[11:42:01.957 +03:23:07.612] [WEB] POST /api/v1/script 58ms
[11:42:02.045 +03:23:07.701] [WEB] POST /api/v1/script 83ms
[11:42:02.829 +03:23:08.485] [WEB] POST /api/v1/script 781ms
[11:42:02.988 +03:23:08.644] [WEB] POST /api/v1/game/action 149ms
[11:42:03.370 +03:23:09.025] [WEB] POST /api/v1/script 378ms
[11:42:03.559 +03:23:09.214] [WEB] POST /api/v1/script 181ms
[11:42:04.978 +03:23:10.633] [WEB] POST /api/v1/script 1413ms
[11:42:05.135 +03:23:10.790] [WEB] POST /api/v1/game/action 151ms
[11:42:05.151 +03:23:10.806] [WEB] POST /api/v1/script 12ms
[11:42:05.211 +03:23:10.866] [WEB] POST /api/v1/script 52ms
[11:42:05.273 +03:23:10.929] [WEB] POST /api/v1/script 56ms
[11:42:05.663 +03:23:11.319] [WEB] POST /api/v1/script 387ms
[11:42:05.692 +03:23:11.348] [WEB] POST /api/v1/script 21ms
[11:42:05.742 +03:23:11.397] [WEB] POST /api/v1/script 45ms
[11:42:05.983 +03:23:11.638] [WEB] POST /api/v1/game/action 235ms
[11:42:06.078 +03:23:11.734] [WEB] POST /api/v1/script 58ms
[11:42:06.153 +03:23:11.808] [WEB] POST /api/v1/script 69ms
[11:42:07.657 +03:23:13.312] [WEB] POST /api/v1/script 1499ms
[11:42:07.964 +03:23:13.620] [WEB] POST /api/v1/game/action 301ms
[11:42:08.651 +03:23:14.307] [WEB] POST /api/v1/script 683ms
[11:42:10.026 +03:23:15.681] [WEB] POST /api/v1/script 1367ms
[11:42:10.286 +03:23:15.941] [WEB] POST /api/v1/game/action 255ms
[11:42:10.711 +03:23:16.366] [WEB] POST /api/v1/script 419ms
[11:42:10.967 +03:23:16.623] [WEB] POST /api/v1/game/action 250ms
[11:42:10.988 +03:23:16.644] [WEB] POST /api/v1/script 16ms
[11:42:11.057 +03:23:16.712] [WEB] POST /api/v1/script 58ms
[11:42:11.143 +03:23:16.799] [WEB] POST /api/v1/script 81ms
[11:42:11.217 +03:23:16.872] [WEB] POST /api/v1/script 66ms
[11:42:12.867 +03:23:18.523] [WEB] POST /api/v1/script 1644ms
[11:42:13.188 +03:23:18.843] [WEB] POST /api/v1/game/action 314ms
[11:42:13.906 +03:23:19.561] [WEB] POST /api/v1/script 710ms
[11:42:14.257 +03:23:19.913] [WEB] POST /api/v1/game/action 343ms
[11:42:15.601 +03:23:21.257] [WEB] POST /api/v1/script 1336ms
[11:42:15.857 +03:23:21.513] [WEB] POST /api/v1/game/action 252ms
[11:42:16.350 +03:23:22.005] [WEB] POST /api/v1/script 485ms
[11:42:16.624 +03:23:22.279] [WEB] POST /api/v1/game/action 266ms
[11:42:16.642 +03:23:22.298] [WEB] POST /api/v1/script 17ms
[11:42:16.692 +03:23:22.348] [WEB] POST /api/v1/script 43ms
[11:42:16.738 +03:23:22.393] [WEB] POST /api/v1/script 42ms
[11:42:16.793 +03:23:22.448] [WEB] POST /api/v1/script 51ms
[11:42:18.416 +03:23:24.072] [WEB] POST /api/v1/script 1620ms
[11:42:18.671 +03:23:24.327] [WEB] POST /api/v1/game/action 248ms
[11:42:19.484 +03:23:25.140] [WEB] POST /api/v1/script 806ms
[11:42:19.762 +03:23:25.418] [WEB] POST /api/v1/game/action 271ms
[11:42:21.173 +03:23:26.829] [WEB] POST /api/v1/script 1405ms
[11:42:21.470 +03:23:27.125] [WEB] POST /api/v1/game/action 290ms
[11:42:21.917 +03:23:27.572] [WEB] POST /api/v1/script 433ms
[11:42:21.944 +03:23:27.600] [WEB] POST /api/v1/script 23ms
[11:42:22.026 +03:23:27.682] [WEB] POST /api/v1/script 75ms
[11:42:22.083 +03:23:27.739] [WEB] POST /api/v1/script 51ms
[11:42:22.137 +03:23:27.792] [WEB] POST /api/v1/script 46ms
[11:42:23.911 +03:23:29.567] [WEB] POST /api/v1/script 1770ms
[11:42:24.227 +03:23:29.883] [WEB] POST /api/v1/game/action 308ms
[11:42:24.521 +03:23:30.177] [WEB] POST /api/v1/game/action 289ms
[11:42:25.456 +03:23:31.112] [WEB] POST /api/v1/script 922ms
[11:42:25.772 +03:23:31.428] [WEB] POST /api/v1/game/action 307ms
[11:42:27.179 +03:23:32.834] [WEB] POST /api/v1/script 1396ms
[11:42:27.448 +03:23:33.104] [WEB] POST /api/v1/game/action 265ms
[11:42:27.964 +03:23:33.619] [WEB] POST /api/v1/script 509ms
[11:42:27.992 +03:23:33.648] [WEB] POST /api/v1/script 20ms
[11:42:28.091 +03:23:33.747] [WEB] POST /api/v1/script 90ms
[11:42:28.160 +03:23:33.815] [WEB] POST /api/v1/script 58ms
[11:42:28.219 +03:23:33.875] [WEB] POST /api/v1/script 54ms
[11:42:29.839 +03:23:35.494] [WEB] POST /api/v1/script 1615ms
[11:42:30.201 +03:23:35.857] [WEB] POST /api/v1/game/action 349ms
[11:42:30.445 +03:23:36.101] [WEB] POST /api/v1/game/action 234ms
[11:42:31.273 +03:23:36.929] [WEB] POST /api/v1/script 823ms
[11:42:31.616 +03:23:37.272] [WEB] POST /api/v1/game/action 334ms
[11:42:33.045 +03:23:38.700] [WEB] POST /api/v1/script 1423ms
[11:42:33.318 +03:23:38.974] [WEB] POST /api/v1/game/action 269ms
[11:42:33.916 +03:23:39.572] [WEB] POST /api/v1/script 587ms
[11:42:33.946 +03:23:39.602] [WEB] POST /api/v1/script 26ms
[11:42:34.010 +03:23:39.666] [WEB] POST /api/v1/script 56ms
[11:42:34.118 +03:23:39.773] [WEB] POST /api/v1/script 102ms
[11:42:34.185 +03:23:39.840] [WEB] POST /api/v1/script 59ms
[11:42:35.960 +03:23:41.616] [WEB] POST /api/v1/script 1771ms
[11:42:36.236 +03:23:41.891] [WEB] POST /api/v1/game/action 269ms
[11:42:36.570 +03:23:42.225] [WEB] POST /api/v1/game/action 324ms
[11:42:37.421 +03:23:43.077] [WEB] POST /api/v1/script 848ms
[11:42:37.637 +03:23:43.293] [WEB] POST /api/v1/game/action 210ms
[11:42:39.205 +03:23:44.860] [WEB] POST /api/v1/script 1560ms
[11:42:39.473 +03:23:45.128] [WEB] POST /api/v1/game/action 260ms
[11:42:39.970 +03:23:45.626] [WEB] POST /api/v1/script 486ms
[11:42:40.011 +03:23:45.666] [WEB] POST /api/v1/script 29ms
[11:42:40.090 +03:23:45.746] [WEB] POST /api/v1/script 74ms
[11:42:40.160 +03:23:45.816] [WEB] POST /api/v1/script 63ms
[11:42:40.239 +03:23:45.894] [WEB] POST /api/v1/script 70ms
[11:42:40.544 +03:23:46.200] [WEB] POST /api/v1/game/action 298ms
[11:42:42.325 +03:23:47.981] [WEB] POST /api/v1/script 1775ms
[11:42:42.630 +03:23:48.286] [WEB] POST /api/v1/game/action 300ms
[11:42:43.382 +03:23:49.038] [WEB] POST /api/v1/script 744ms
[11:42:43.634 +03:23:49.290] [WEB] POST /api/v1/game/action 247ms
[11:42:45.242 +03:23:50.898] [WEB] POST /api/v1/script 1596ms
[11:42:45.511 +03:23:51.167] [WEB] POST /api/v1/game/action 264ms
[11:42:45.999 +03:23:51.655] [WEB] POST /api/v1/script 482ms
[11:42:46.027 +03:23:51.682] [WEB] POST /api/v1/script 23ms
[11:42:46.103 +03:23:51.758] [WEB] POST /api/v1/script 71ms
[11:42:46.187 +03:23:51.843] [WEB] POST /api/v1/script 76ms
[11:42:46.262 +03:23:51.918] [WEB] POST /api/v1/script 66ms
[11:42:46.568 +03:23:52.223] [WEB] POST /api/v1/game/action 300ms
[11:42:48.315 +03:23:53.971] [WEB] POST /api/v1/script 1741ms
[11:42:48.618 +03:23:54.274] [WEB] POST /api/v1/game/action 296ms
[11:42:49.337 +03:23:54.993] [WEB] POST /api/v1/script 713ms
[11:42:49.669 +03:23:55.325] [WEB] POST /api/v1/game/action 324ms
[11:42:51.047 +03:23:56.703] [WEB] POST /api/v1/script 1370ms
[11:42:51.304 +03:23:56.960] [WEB] POST /api/v1/game/action 252ms
[11:42:51.764 +03:23:57.419] [WEB] POST /api/v1/script 455ms
[11:42:51.790 +03:23:57.446] [WEB] POST /api/v1/script 25ms
[11:42:51.873 +03:23:57.529] [WEB] POST /api/v1/script 74ms
[11:42:51.959 +03:23:57.615] [WEB] POST /api/v1/script 77ms
[11:42:52.041 +03:23:57.697] [WEB] POST /api/v1/script 74ms
[11:42:53.729 +03:23:59.384] [WEB] POST /api/v1/script 1678ms
[11:42:54.058 +03:23:59.714] [WEB] POST /api/v1/game/action 318ms
[11:42:54.788 +03:24:00.444] [WEB] POST /api/v1/script 725ms
[11:42:55.038 +03:24:00.694] [WEB] POST /api/v1/game/action 241ms
[11:42:56.420 +03:24:02.076] [WEB] POST /api/v1/script 1375ms
[11:42:56.653 +03:24:02.309] [WEB] POST /api/v1/game/action 230ms
[11:42:57.161 +03:24:02.817] [WEB] POST /api/v1/script 503ms
[11:42:57.484 +03:24:03.140] [WEB] POST /api/v1/game/action 315ms
[11:42:57.514 +03:24:03.170] [WEB] POST /api/v1/script 23ms
[11:42:57.598 +03:24:03.253] [WEB] POST /api/v1/script 71ms
[11:42:57.690 +03:24:03.346] [WEB] POST /api/v1/script 73ms
[11:42:57.786 +03:24:03.442] [WEB] POST /api/v1/script 88ms
[11:42:59.403 +03:24:05.059] [WEB] POST /api/v1/script 1611ms
[11:42:59.657 +03:24:05.312] [WEB] POST /api/v1/game/action 247ms
[11:43:00.413 +03:24:06.068] [WEB] POST /api/v1/script 752ms
[11:43:00.727 +03:24:06.382] [WEB] POST /api/v1/game/action 294ms
[11:43:02.142 +03:24:07.798] [WEB] POST /api/v1/script 1405ms
[11:43:02.375 +03:24:08.030] [WEB] POST /api/v1/game/action 228ms
[11:43:02.425 +03:24:08.080] [WEB] POST /api/v1/script 47ms
[11:43:02.474 +03:24:08.130] [WEB] POST /api/v1/script 45ms
[11:43:02.494 +03:24:08.150] [WEB] POST /api/v1/script 16ms
[11:43:02.581 +03:24:08.237] [WEB] POST /api/v1/script 79ms
[11:43:02.749 +03:24:08.404] [WEB] POST /api/v1/script 106ms
[11:43:03.082 +03:24:08.738] [WEB] POST /api/v1/game/action 328ms
[11:43:04.687 +03:24:10.343] [WEB] POST /api/v1/script 1600ms
[11:43:04.936 +03:24:10.591] [WEB] POST /api/v1/game/action 243ms
[11:43:04.971 +03:24:10.627] [WEB] POST /api/v1/script 27ms
[11:43:04.997 +03:24:10.653] [WEB] POST /api/v1/script 21ms
[11:43:05.012 +03:24:10.668] [WEB] POST /api/v1/script 19ms
[11:43:05.046 +03:24:10.702] [WEB] POST /api/v1/script 22ms
[11:43:05.201 +03:24:10.857] [WEB] POST /api/v1/script 81ms
[11:43:19.105 +03:24:24.761] [WEB] POST /api/v1/script 13894ms
[11:43:19.363 +03:24:25.019] [WEB] POST /api/v1/game/action 244ms
[11:43:19.582 +03:24:25.237] [WEB] POST /api/v1/game/action 214ms
[11:43:19.821 +03:24:25.477] [WEB] POST /api/v1/game/action 233ms
[11:43:20.079 +03:24:25.734] [WEB] POST /api/v1/game/action 251ms
[11:43:20.322 +03:24:25.977] [WEB] POST /api/v1/game/action 240ms
[11:43:20.541 +03:24:26.197] [WEB] POST /api/v1/game/action 213ms
[11:43:20.740 +03:24:26.396] [WEB] POST /api/v1/game/action 193ms
[11:43:21.001 +03:24:26.657] [WEB] POST /api/v1/game/action 254ms
[11:43:21.221 +03:24:26.876] [WEB] POST /api/v1/game/action 214ms
[11:43:21.266 +03:24:26.922] [WEB] POST /api/v1/script 41ms
[11:43:21.517 +03:24:27.173] [WEB] POST /api/v1/game/action 246ms
[11:43:21.765 +03:24:27.421] [WEB] POST /api/v1/game/action 246ms
[11:43:21.834 +03:24:27.489] [WEB] POST /api/v1/script 61ms
[11:43:21.894 +03:24:27.549] [WEB] POST /api/v1/script 51ms
[11:43:21.955 +03:24:27.611] [WEB] POST /api/v1/script 57ms
[11:43:24.735 +03:24:30.391] [WEB] POST /api/v1/script 2772ms
[11:43:24.969 +03:24:30.625] [WEB] POST /api/v1/game/action 217ms
[11:43:25.189 +03:24:30.844] [WEB] POST /api/v1/game/action 212ms
[11:43:25.250 +03:24:30.905] [WEB] POST /api/v1/script 52ms
[11:43:25.480 +03:24:31.135] [WEB] POST /api/v1/game/action 226ms
[11:43:25.536 +03:24:31.191] [WEB] POST /api/v1/script 51ms
[11:43:25.567 +03:24:31.222] [WEB] POST /api/v1/script 22ms
[11:43:25.694 +03:24:31.350] [WEB] POST /api/v1/script 123ms
[11:43:25.799 +03:24:31.455] [WEB] POST /api/v1/script 51ms
[11:43:25.831 +03:24:31.486] [WEB] POST /api/v1/script 25ms
[11:43:25.870 +03:24:31.525] [WEB] POST /api/v1/script 33ms
[11:43:25.899 +03:24:31.555] [WEB] POST /api/v1/script 24ms
[11:43:25.953 +03:24:31.609] [WEB] POST /api/v1/script 50ms
[11:43:26.005 +03:24:31.661] [WEB] POST /api/v1/script 48ms
[11:43:26.388 +03:24:32.044] [WEB] POST /api/v1/script 377ms
[11:43:26.753 +03:24:32.408] [WEB] POST /api/v1/script 349ms
[11:43:26.940 +03:24:32.596] [WEB] POST /api/v1/game/action 179ms
[11:43:27.017 +03:24:32.672] [WEB] POST /api/v1/script 72ms
[11:43:27.045 +03:24:32.700] [WEB] POST /api/v1/script 23ms
[11:43:27.588 +03:24:33.244] [WEB] POST /api/v1/script 539ms
[11:43:27.629 +03:24:33.285] [WEB] POST /api/v1/script 20ms
[11:43:27.820 +03:24:33.476] [WEB] POST /api/v1/script 186ms
[11:43:28.029 +03:24:33.685] [WEB] POST /api/v1/script 204ms
[11:43:28.394 +03:24:34.049] [WEB] POST /api/v1/script 357ms
[11:43:28.595 +03:24:34.251] [WEB] POST /api/v1/game/action 198ms
[11:43:28.939 +03:24:34.595] [WEB] POST /api/v1/script 340ms
[11:43:28.972 +03:24:34.628] [WEB] POST /api/v1/script 26ms
[11:43:29.988 +03:24:35.644] [WEB] POST /api/v1/script 1008ms
[11:43:30.191 +03:24:35.847] [WEB] POST /api/v1/game/action 197ms
[11:43:31.154 +03:24:36.809] [WEB] POST /api/v1/script 959ms
[11:43:31.188 +03:24:36.844] [WEB] POST /api/v1/script 23ms
[11:43:31.388 +03:24:37.044] [WEB] POST /api/v1/script 194ms
[11:43:31.588 +03:24:37.244] [WEB] POST /api/v1/game/action 195ms
[11:43:31.614 +03:24:37.269] [WEB] POST /api/v1/script 20ms
[11:43:31.782 +03:24:37.438] [WEB] POST /api/v1/script 165ms
[11:43:31.814 +03:24:37.470] [WEB] POST /api/v1/script 26ms
[11:43:31.870 +03:24:37.525] [WEB] POST /api/v1/script 51ms
[11:43:31.935 +03:24:37.591] [WEB] POST /api/v1/script 61ms
[11:43:32.008 +03:24:37.664] [WEB] POST /api/v1/script 68ms
[11:43:32.072 +03:24:37.728] [WEB] POST /api/v1/script 61ms
[11:43:32.145 +03:24:37.801] [WEB] POST /api/v1/script 67ms
[11:43:32.214 +03:24:37.870] [WEB] POST /api/v1/script 64ms
[11:43:32.283 +03:24:37.939] [WEB] POST /api/v1/script 61ms
[11:43:32.351 +03:24:38.006] [WEB] POST /api/v1/script 64ms
[11:43:32.358 +03:24:38.014] [WEB] POST /api/v1/frontend-log 3ms
[11:43:33.127 +03:24:38.782] [WEB] POST /api/v1/diagnostics/bundle 738ms
[11:43:33.323 +03:24:38.979] [WEB] POST /api/v1/game/action 192ms
[11:43:58.426 +03:25:04.081] [WEB] POST /api/v1/script 25099ms
[11:43:58.621 +03:25:04.277] [WEB] POST /api/v1/game/action 186ms
[11:43:58.817 +03:25:04.472] [WEB] POST /api/v1/game/action 193ms
[11:43:59.012 +03:25:04.668] [WEB] POST /api/v1/game/action 187ms
[11:43:59.204 +03:25:04.860] [WEB] POST /api/v1/game/action 188ms
[11:43:59.392 +03:25:05.047] [WEB] POST /api/v1/game/action 185ms
[11:43:59.587 +03:25:05.243] [WEB] POST /api/v1/game/action 192ms
[11:43:59.753 +03:25:05.408] [WEB] POST /api/v1/game/action 162ms
[11:43:59.923 +03:25:05.579] [WEB] POST /api/v1/game/action 167ms
[11:44:00.112 +03:25:05.767] [WEB] POST /api/v1/game/action 183ms
[11:44:00.292 +03:25:05.948] [WEB] POST /api/v1/game/action 177ms
[11:44:00.486 +03:25:06.141] [WEB] POST /api/v1/game/action 191ms
[11:44:00.678 +03:25:06.334] [WEB] POST /api/v1/game/action 190ms
[11:44:00.860 +03:25:06.516] [WEB] POST /api/v1/game/action 172ms
[11:44:01.048 +03:25:06.704] [WEB] POST /api/v1/game/action 185ms
[11:44:01.262 +03:25:06.918] [WEB] POST /api/v1/game/action 210ms
[11:44:01.471 +03:25:07.127] [WEB] POST /api/v1/game/action 205ms
[11:44:01.914 +03:25:07.569] [WEB] POST /api/v1/game/action 432ms
[11:44:03.226 +03:25:08.882] [WEB] GET /api/v1/script/runs 1307ms
[11:44:03.471 +03:25:09.127] [WEB] POST /api/v1/game/action 236ms
[11:44:03.812 +03:25:09.468] [WEB] POST /api/v1/game/action 330ms
[11:44:04.019 +03:25:09.675] [WEB] POST /api/v1/game/action 200ms
[11:44:04.030 +03:25:09.685] [WEB] GET /api/v1/script/runs 7ms
[11:44:04.438 +03:25:10.093] [WEB] POST /api/v1/game/action 189ms
[11:44:05.907 +03:25:11.562] [WEB] POST /api/v1/game/action 168ms
[11:44:07.480 +03:25:13.135] [WEB] POST /api/v1/game/action 159ms
[11:44:08.923 +03:25:14.579] [WEB] POST /api/v1/game/action 182ms
[11:44:10.431 +03:25:16.087] [WEB] POST /api/v1/game/action 173ms
[11:44:11.955 +03:25:17.611] [WEB] POST /api/v1/game/action 207ms
[11:44:13.773 +03:25:19.429] [WEB] POST /api/v1/game/action 416ms
[11:44:14.959 +03:25:20.615] [WEB] POST /api/v1/game/action 214ms
[11:44:16.399 +03:25:22.055] [WEB] POST /api/v1/game/action 155ms
[11:44:17.926 +03:25:23.581] [WEB] POST /api/v1/game/action 181ms
[11:44:19.588 +03:25:25.243] [WEB] POST /api/v1/game/action 303ms
[11:44:20.983 +03:25:26.639] [WEB] POST /api/v1/game/action 238ms
[11:44:22.427 +03:25:28.083] [WEB] POST /api/v1/game/action 182ms
[11:44:23.929 +03:25:29.584] [WEB] POST /api/v1/game/action 180ms
[11:44:25.408 +03:25:31.063] [WEB] POST /api/v1/game/action 147ms
[11:44:26.914 +03:25:32.570] [WEB] POST /api/v1/game/action 168ms
[11:44:28.389 +03:25:34.044] [WEB] POST /api/v1/game/action 147ms
[11:44:29.902 +03:25:35.558] [WEB] POST /api/v1/game/action 160ms
[11:44:31.416 +03:25:37.072] [WEB] POST /api/v1/game/action 153ms
[11:44:32.915 +03:25:38.570] [WEB] POST /api/v1/game/action 170ms
[11:44:34.392 +03:25:40.048] [WEB] POST /api/v1/game/action 147ms
[11:44:35.890 +03:25:41.546] [WEB] POST /api/v1/game/action 152ms
[11:44:37.410 +03:25:43.066] [WEB] POST /api/v1/game/action 149ms
[11:44:38.908 +03:25:44.563] [WEB] POST /api/v1/game/action 167ms
[11:44:40.387 +03:25:46.043] [WEB] POST /api/v1/game/action 150ms
[11:44:41.926 +03:25:47.582] [WEB] POST /api/v1/game/action 188ms
[11:44:43.498 +03:25:49.154] [WEB] POST /api/v1/game/action 187ms
[11:44:44.906 +03:25:50.561] [WEB] POST /api/v1/game/action 159ms
[11:44:46.641 +03:25:52.297] [WEB] POST /api/v1/game/action 398ms
[11:44:47.920 +03:25:53.576] [WEB] POST /api/v1/game/action 172ms
[11:44:49.412 +03:25:55.068] [WEB] POST /api/v1/game/action 147ms
[11:44:50.905 +03:25:56.560] [WEB] POST /api/v1/game/action 153ms
[11:44:52.396 +03:25:58.052] [WEB] POST /api/v1/game/action 154ms
[11:44:53.904 +03:25:59.559] [WEB] POST /api/v1/game/action 167ms
[11:44:55.418 +03:26:01.073] [WEB] POST /api/v1/game/action 156ms
[11:44:56.914 +03:26:02.569] [WEB] POST /api/v1/game/action 172ms
[11:44:58.401 +03:26:04.056] [WEB] POST /api/v1/game/action 156ms
[11:44:59.906 +03:26:05.562] [WEB] POST /api/v1/game/action 161ms
[11:45:01.421 +03:26:07.077] [WEB] POST /api/v1/game/action 158ms
[11:45:02.921 +03:26:08.576] [WEB] POST /api/v1/game/action 176ms
[11:45:04.412 +03:26:10.067] [WEB] POST /api/v1/game/action 157ms
[11:45:06.104 +03:26:11.760] [WEB] POST /api/v1/game/action 354ms
[11:45:07.400 +03:26:13.056] [WEB] GET /api/v1/frame.png 277ms
[11:45:07.659 +03:26:13.315] [WEB] POST /api/v1/game/action 203ms
[11:45:09.103 +03:26:14.759] [WEB] POST /api/v1/game/action 353ms
[11:45:10.569 +03:26:16.225] [WEB] POST /api/v1/game/action 233ms
[11:45:11.987 +03:26:17.643] [WEB] POST /api/v1/game/action 251ms
[11:45:13.403 +03:26:19.059] [WEB] POST /api/v1/game/action 147ms
[11:45:14.890 +03:26:20.546] [WEB] POST /api/v1/game/action 151ms
[11:45:16.416 +03:26:22.071] [WEB] POST /api/v1/game/action 145ms
[11:45:17.902 +03:26:23.558] [WEB] POST /api/v1/game/action 164ms
[11:45:19.480 +03:26:25.136] [WEB] POST /api/v1/game/action 197ms
[11:45:21.074 +03:26:26.730] [WEB] POST /api/v1/game/action 327ms
[11:45:22.423 +03:26:28.079] [WEB] POST /api/v1/game/action 176ms
[11:45:23.888 +03:26:29.543] [WEB] POST /api/v1/game/action 150ms
[11:45:25.388 +03:26:31.044] [WEB] POST /api/v1/game/action 148ms
[11:45:26.900 +03:26:32.556] [WEB] POST /api/v1/game/action 159ms
[11:45:28.497 +03:26:34.153] [WEB] POST /api/v1/game/action 216ms
[11:45:29.917 +03:26:35.573] [WEB] POST /api/v1/game/action 173ms
[11:45:31.446 +03:26:37.101] [WEB] POST /api/v1/game/action 163ms
[11:45:32.900 +03:26:38.555] [WEB] POST /api/v1/game/action 160ms
[11:45:34.436 +03:26:40.092] [WEB] POST /api/v1/game/action 172ms
[11:45:35.921 +03:26:41.576] [WEB] POST /api/v1/game/action 178ms
[11:45:37.409 +03:26:43.065] [WEB] POST /api/v1/game/action 165ms
[11:45:38.925 +03:26:44.580] [WEB] POST /api/v1/game/action 180ms
[11:45:40.483 +03:26:46.139] [WEB] POST /api/v1/game/action 200ms
[11:45:41.918 +03:26:47.573] [WEB] POST /api/v1/game/action 170ms
[11:45:43.511 +03:26:49.167] [WEB] POST /api/v1/game/action 254ms
[11:45:44.928 +03:26:50.584] [WEB] POST /api/v1/game/action 180ms
[11:45:46.412 +03:26:52.067] [WEB] POST /api/v1/game/action 152ms
[11:45:47.919 +03:26:53.574] [WEB] POST /api/v1/game/action 174ms
[11:45:49.413 +03:26:55.069] [WEB] POST /api/v1/game/action 161ms
[11:45:50.905 +03:26:56.561] [WEB] POST /api/v1/game/action 167ms
[11:45:52.394 +03:26:58.050] [WEB] POST /api/v1/game/action 153ms
[11:45:53.898 +03:26:59.554] [WEB] POST /api/v1/game/action 161ms
[11:45:55.414 +03:27:01.070] [WEB] POST /api/v1/game/action 152ms
[11:45:56.949 +03:27:02.605] [WEB] POST /api/v1/game/action 202ms
[11:45:58.411 +03:27:04.067] [WEB] POST /api/v1/game/action 156ms
[11:45:59.907 +03:27:05.563] [WEB] POST /api/v1/game/action 170ms
[11:46:01.414 +03:27:07.070] [WEB] POST /api/v1/game/action 161ms
[11:46:02.911 +03:27:08.567] [WEB] POST /api/v1/game/action 162ms
[11:46:04.406 +03:27:10.061] [WEB] POST /api/v1/game/action 155ms
[11:46:05.901 +03:27:11.556] [WEB] POST /api/v1/game/action 163ms
[11:46:07.421 +03:27:13.076] [WEB] POST /api/v1/game/action 160ms
[11:46:08.911 +03:27:14.567] [WEB] POST /api/v1/game/action 173ms
[11:46:10.398 +03:27:16.054] [WEB] POST /api/v1/game/action 154ms
[11:46:11.910 +03:27:17.565] [WEB] POST /api/v1/game/action 171ms
[11:46:13.453 +03:27:19.108] [WEB] POST /api/v1/game/action 183ms
[11:46:14.903 +03:27:20.559] [WEB] POST /api/v1/game/action 166ms
[11:46:16.413 +03:27:22.069] [WEB] POST /api/v1/game/action 153ms
[11:46:17.899 +03:27:23.554] [WEB] POST /api/v1/game/action 157ms
[11:46:19.400 +03:27:25.056] [WEB] POST /api/v1/game/action 157ms
[11:46:20.905 +03:27:26.560] [WEB] POST /api/v1/game/action 167ms
[11:46:22.418 +03:27:28.073] [WEB] POST /api/v1/game/action 155ms
[11:46:23.904 +03:27:29.560] [WEB] POST /api/v1/game/action 166ms
[11:46:25.418 +03:27:31.074] [WEB] POST /api/v1/game/action 164ms
[11:46:26.908 +03:27:32.564] [WEB] POST /api/v1/game/action 171ms
[11:46:28.416 +03:27:34.072] [WEB] POST /api/v1/game/action 155ms
[11:46:29.897 +03:27:35.552] [WEB] POST /api/v1/game/action 159ms
[11:46:31.403 +03:27:37.059] [WEB] POST /api/v1/game/action 153ms
[11:46:32.928 +03:27:38.584] [WEB] POST /api/v1/game/action 183ms
[11:46:34.401 +03:27:40.056] [WEB] POST /api/v1/game/action 149ms
[11:46:35.900 +03:27:41.556] [WEB] POST /api/v1/game/action 156ms
[11:46:37.452 +03:27:43.107] [WEB] POST /api/v1/game/action 198ms
[11:46:38.907 +03:27:44.563] [WEB] POST /api/v1/game/action 161ms
[11:46:40.406 +03:27:46.062] [WEB] POST /api/v1/game/action 156ms
[11:46:41.900 +03:27:47.556] [WEB] POST /api/v1/game/action 163ms
[11:46:43.405 +03:27:49.061] [WEB] POST /api/v1/game/action 152ms
[11:46:44.951 +03:27:50.606] [WEB] POST /api/v1/game/action 195ms
[11:46:46.409 +03:27:52.065] [WEB] POST /api/v1/game/action 153ms
[11:46:47.895 +03:27:53.551] [WEB] POST /api/v1/game/action 157ms
[11:46:49.427 +03:27:55.083] [WEB] POST /api/v1/game/action 174ms
[11:46:50.907 +03:27:56.562] [WEB] POST /api/v1/game/action 165ms
[11:46:52.401 +03:27:58.057] [WEB] POST /api/v1/game/action 156ms
[11:46:53.898 +03:27:59.554] [WEB] POST /api/v1/game/action 155ms
[11:46:55.393 +03:28:01.049] [WEB] POST /api/v1/game/action 154ms
[11:46:56.953 +03:28:02.609] [WEB] POST /api/v1/game/action 206ms
[11:46:58.405 +03:28:04.061] [WEB] POST /api/v1/game/action 153ms
[11:46:59.898 +03:28:05.554] [WEB] POST /api/v1/game/action 161ms
[11:47:01.427 +03:28:07.082] [WEB] POST /api/v1/game/action 169ms
[11:47:02.902 +03:28:08.558] [WEB] POST /api/v1/game/action 165ms
[11:47:04.396 +03:28:10.051] [WEB] POST /api/v1/game/action 153ms
[11:47:05.891 +03:28:11.547] [WEB] POST /api/v1/game/action 153ms
[11:47:07.408 +03:28:13.064] [WEB] POST /api/v1/game/action 151ms
[11:47:08.944 +03:28:14.600] [WEB] POST /api/v1/game/action 202ms
[11:47:10.407 +03:28:16.062] [WEB] POST /api/v1/game/action 156ms
[11:47:11.908 +03:28:17.564] [WEB] POST /api/v1/game/action 168ms
[11:47:13.432 +03:28:19.088] [WEB] POST /api/v1/game/action 185ms
[11:47:14.912 +03:28:20.567] [WEB] POST /api/v1/game/action 165ms
[11:47:16.409 +03:28:22.064] [WEB] POST /api/v1/game/action 152ms
[11:47:17.921 +03:28:23.577] [WEB] POST /api/v1/game/action 174ms
[11:47:19.409 +03:28:25.065] [WEB] POST /api/v1/game/action 153ms
[11:47:20.916 +03:28:26.571] [WEB] POST /api/v1/game/action 163ms
[11:47:22.399 +03:28:28.054] [WEB] POST /api/v1/game/action 148ms
[11:47:23.889 +03:28:29.544] [WEB] POST /api/v1/game/action 152ms
[11:47:25.410 +03:28:31.066] [WEB] POST /api/v1/game/action 164ms
[11:47:26.894 +03:28:32.549] [WEB] POST /api/v1/game/action 155ms
[11:47:28.408 +03:28:34.064] [WEB] POST /api/v1/game/action 153ms
[11:47:29.895 +03:28:35.551] [WEB] POST /api/v1/game/action 153ms
[11:47:31.410 +03:28:37.065] [WEB] POST /api/v1/game/action 156ms
[11:47:32.933 +03:28:38.589] [WEB] POST /api/v1/game/action 186ms
[11:47:34.410 +03:28:40.066] [WEB] POST /api/v1/game/action 153ms
[11:47:35.896 +03:28:41.552] [WEB] POST /api/v1/game/action 159ms
[11:47:37.419 +03:28:43.075] [WEB] POST /api/v1/game/action 167ms
[11:47:38.927 +03:28:44.582] [WEB] POST /api/v1/game/action 184ms
[11:47:40.429 +03:28:46.084] [WEB] POST /api/v1/game/action 177ms
[11:47:41.907 +03:28:47.563] [WEB] POST /api/v1/game/action 170ms
[11:47:43.408 +03:28:49.064] [WEB] POST /api/v1/game/action 159ms
[11:47:44.896 +03:28:50.552] [WEB] POST /api/v1/game/action 158ms
[11:47:46.405 +03:28:52.061] [WEB] POST /api/v1/game/action 155ms
[11:47:47.938 +03:28:53.593] [WEB] POST /api/v1/game/action 199ms
[11:47:49.399 +03:28:55.054] [WEB] POST /api/v1/game/action 161ms
[11:47:50.903 +03:28:56.558] [WEB] POST /api/v1/game/action 159ms
[11:47:52.430 +03:28:58.086] [WEB] POST /api/v1/game/action 160ms
[11:47:53.922 +03:28:59.578] [WEB] POST /api/v1/game/action 178ms
[11:47:55.455 +03:29:01.111] [WEB] POST /api/v1/game/action 216ms
[11:47:56.919 +03:29:02.574] [WEB] POST /api/v1/game/action 169ms
[11:47:58.419 +03:29:04.074] [WEB] POST /api/v1/game/action 163ms
[11:47:59.955 +03:29:05.611] [WEB] POST /api/v1/game/action 199ms
[11:48:01.404 +03:29:07.059] [WEB] POST /api/v1/game/action 156ms
[11:48:02.897 +03:29:08.553] [WEB] POST /api/v1/game/action 157ms
[11:48:04.417 +03:29:10.072] [WEB] POST /api/v1/game/action 168ms
[11:48:05.911 +03:29:11.567] [WEB] POST /api/v1/game/action 171ms
[11:48:07.437 +03:29:13.093] [WEB] POST /api/v1/game/action 200ms
[11:48:08.914 +03:29:14.569] [WEB] POST /api/v1/game/action 170ms
[11:48:10.415 +03:29:16.070] [WEB] POST /api/v1/game/action 161ms
[11:48:11.936 +03:29:17.592] [WEB] POST /api/v1/game/action 198ms
[11:48:13.436 +03:29:19.091] [WEB] POST /api/v1/game/action 175ms
[11:48:14.989 +03:29:20.645] [WEB] POST /api/v1/game/action 241ms
[11:48:16.426 +03:29:22.082] [WEB] POST /api/v1/game/action 163ms
[11:48:17.917 +03:29:23.573] [WEB] POST /api/v1/game/action 165ms
[11:48:19.481 +03:29:25.137] [WEB] POST /api/v1/game/action 206ms
[11:48:20.893 +03:29:26.549] [WEB] POST /api/v1/game/action 156ms
[11:48:22.412 +03:29:28.067] [WEB] POST /api/v1/game/action 163ms
[11:48:23.939 +03:29:29.595] [WEB] POST /api/v1/game/action 198ms
[11:48:25.429 +03:29:31.084] [WEB] POST /api/v1/game/action 162ms
[11:48:26.916 +03:29:32.572] [WEB] POST /api/v1/game/action 179ms
[11:48:28.418 +03:29:34.073] [WEB] POST /api/v1/game/action 171ms
[11:48:29.912 +03:29:35.568] [WEB] POST /api/v1/game/action 168ms
[11:48:31.572 +03:29:37.228] [WEB] POST /api/v1/game/action 307ms
[11:48:32.911 +03:29:38.567] [WEB] POST /api/v1/game/action 164ms
[11:48:34.425 +03:29:40.080] [WEB] POST /api/v1/game/action 162ms
[11:48:35.961 +03:29:41.616] [WEB] POST /api/v1/game/action 209ms
[11:48:37.402 +03:29:43.058] [WEB] POST /api/v1/game/action 163ms
[11:48:38.989 +03:29:44.645] [WEB] POST /api/v1/game/action 235ms
[11:48:40.409 +03:29:46.065] [WEB] POST /api/v1/game/action 165ms
[11:48:41.916 +03:29:47.571] [WEB] POST /api/v1/game/action 176ms
[11:48:43.418 +03:29:49.074] [WEB] POST /api/v1/game/action 175ms
[11:48:44.915 +03:29:50.571] [WEB] POST /api/v1/game/action 174ms
[11:48:46.432 +03:29:52.088] [WEB] POST /api/v1/game/action 167ms
[11:48:47.955 +03:29:53.611] [WEB] POST /api/v1/game/action 208ms
[11:48:49.418 +03:29:55.074] [WEB] POST /api/v1/game/action 164ms
[11:48:50.908 +03:29:56.564] [WEB] POST /api/v1/game/action 161ms
[11:48:52.420 +03:29:58.075] [WEB] POST /api/v1/game/action 166ms
[11:48:53.913 +03:29:59.568] [WEB] POST /api/v1/game/action 163ms
[11:48:55.457 +04:30:01.113] [WEB] POST /api/v1/game/action 199ms
[11:48:56.914 +04:30:02.569] [WEB] POST /api/v1/game/action 162ms
[11:48:58.409 +04:30:04.065] [WEB] POST /api/v1/game/action 162ms
[11:49:00.028 +04:30:05.683] [WEB] POST /api/v1/game/action 289ms
[11:49:01.427 +04:30:07.083] [WEB] POST /api/v1/game/action 179ms
[11:49:02.901 +04:30:08.557] [WEB] POST /api/v1/game/action 161ms
[11:49:04.429 +04:30:10.085] [WEB] POST /api/v1/game/action 175ms
[11:49:05.918 +04:30:11.574] [WEB] POST /api/v1/game/action 175ms
[11:49:07.438 +04:30:13.094] [WEB] POST /api/v1/game/action 175ms
[11:49:08.970 +04:30:14.626] [WEB] POST /api/v1/game/action 220ms
[11:49:10.418 +04:30:16.074] [WEB] POST /api/v1/game/action 163ms
[11:49:11.932 +04:30:17.587] [WEB] POST /api/v1/game/action 185ms
[11:49:13.427 +04:30:19.083] [WEB] POST /api/v1/game/action 162ms
[11:49:14.926 +04:30:20.582] [WEB] POST /api/v1/game/action 174ms
[11:49:16.431 +04:30:22.087] [WEB] POST /api/v1/game/action 184ms
[11:49:17.899 +04:30:23.554] [WEB] POST /api/v1/game/action 161ms
[11:49:19.449 +04:30:25.104] [WEB] POST /api/v1/game/action 184ms
[11:49:20.911 +04:30:26.566] [WEB] POST /api/v1/game/action 169ms
[11:49:22.448 +04:30:28.104] [WEB] POST /api/v1/game/action 185ms
[11:49:23.954 +04:30:29.610] [WEB] POST /api/v1/game/action 210ms
[11:49:25.652 +04:30:31.308] [WEB] POST /api/v1/game/action 393ms
[11:49:26.929 +04:30:32.584] [WEB] POST /api/v1/game/action 181ms
[11:49:28.405 +04:30:34.061] [WEB] POST /api/v1/game/action 149ms
[11:49:29.915 +04:30:35.571] [WEB] POST /api/v1/game/action 170ms
[11:49:31.410 +04:30:37.066] [WEB] POST /api/v1/game/action 153ms
[11:49:32.918 +04:30:38.574] [WEB] POST /api/v1/game/action 166ms
[11:49:34.410 +04:30:40.066] [WEB] POST /api/v1/game/action 150ms
[11:49:35.892 +04:30:41.548] [WEB] POST /api/v1/game/action 154ms
[11:49:37.428 +04:30:43.084] [WEB] POST /api/v1/game/action 185ms
[11:49:38.905 +04:30:44.561] [WEB] POST /api/v1/game/action 167ms
[11:49:40.403 +04:30:46.058] [WEB] POST /api/v1/game/action 156ms
[11:49:41.898 +04:30:47.554] [WEB] POST /api/v1/game/action 156ms
[11:49:43.394 +04:30:49.049] [WEB] POST /api/v1/game/action 155ms
[11:49:44.918 +04:30:50.574] [WEB] POST /api/v1/game/action 173ms
[11:49:46.405 +04:30:52.061] [WEB] POST /api/v1/game/action 154ms
[11:49:47.901 +04:30:53.556] [WEB] POST /api/v1/game/action 164ms
[11:49:49.453 +04:30:55.109] [WEB] POST /api/v1/game/action 196ms
[11:49:50.894 +04:30:56.550] [WEB] POST /api/v1/game/action 157ms
[11:49:52.406 +04:30:58.062] [WEB] POST /api/v1/game/action 152ms
[11:49:53.915 +04:30:59.571] [WEB] POST /api/v1/game/action 178ms
[11:49:55.408 +04:31:01.064] [WEB] POST /api/v1/game/action 153ms
[11:49:56.910 +04:31:02.566] [WEB] POST /api/v1/game/action 172ms
[11:49:58.403 +04:31:04.058] [WEB] POST /api/v1/game/action 150ms
[11:49:59.909 +04:31:05.565] [WEB] POST /api/v1/game/action 169ms
[11:50:01.452 +04:31:07.108] [WEB] POST /api/v1/game/action 199ms
[11:50:02.901 +04:31:08.557] [WEB] POST /api/v1/game/action 157ms
[11:50:04.396 +04:31:10.051] [WEB] POST /api/v1/game/action 152ms
[11:50:05.912 +04:31:11.568] [WEB] POST /api/v1/game/action 168ms
[11:50:07.402 +04:31:13.058] [WEB] POST /api/v1/game/action 150ms
[11:50:08.934 +04:31:14.590] [WEB] POST /api/v1/game/action 185ms
[11:50:10.425 +04:31:16.080] [WEB] POST /api/v1/game/action 178ms
[11:50:11.908 +04:31:17.564] [WEB] POST /api/v1/game/action 157ms
[11:50:13.426 +04:31:19.081] [WEB] POST /api/v1/game/action 163ms
[11:50:14.900 +04:31:20.556] [WEB] POST /api/v1/game/action 162ms
[11:50:16.393 +04:31:22.049] [WEB] POST /api/v1/game/action 152ms
[11:50:17.895 +04:31:23.551] [WEB] POST /api/v1/game/action 157ms
[11:50:19.434 +04:31:25.089] [WEB] POST /api/v1/game/action 172ms
[11:50:20.938 +04:31:26.594] [WEB] POST /api/v1/game/action 191ms
[11:50:22.403 +04:31:28.059] [WEB] POST /api/v1/game/action 156ms
[11:50:23.912 +04:31:29.567] [WEB] POST /api/v1/game/action 167ms
[11:50:25.437 +04:31:31.093] [WEB] POST /api/v1/game/action 169ms
[11:50:26.905 +04:31:32.561] [WEB] POST /api/v1/game/action 156ms
[11:50:28.409 +04:31:34.065] [WEB] POST /api/v1/game/action 160ms
[11:50:29.900 +04:31:35.556] [WEB] POST /api/v1/game/action 163ms
[11:50:31.408 +04:31:37.064] [WEB] POST /api/v1/game/action 148ms
[11:50:32.923 +04:31:38.578] [WEB] POST /api/v1/game/action 184ms
[11:50:34.407 +04:31:40.063] [WEB] POST /api/v1/game/action 150ms
[11:50:35.891 +04:31:41.547] [WEB] POST /api/v1/game/action 152ms
[11:50:37.414 +04:31:43.070] [WEB] POST /api/v1/game/action 153ms
[11:50:38.900 +04:31:44.556] [WEB] POST /api/v1/game/action 158ms
[11:50:40.411 +04:31:46.067] [WEB] POST /api/v1/game/action 164ms
[11:50:41.933 +04:31:47.589] [WEB] POST /api/v1/game/action 190ms
[11:50:43.398 +04:31:49.054] [WEB] POST /api/v1/game/action 155ms
[11:50:44.894 +04:31:50.549] [WEB] POST /api/v1/game/action 156ms
[11:50:46.596 +04:31:52.252] [WEB] POST /api/v1/game/action 356ms
[11:50:47.940 +04:31:53.596] [WEB] POST /api/v1/game/action 190ms
[11:50:49.437 +04:31:55.093] [WEB] POST /api/v1/game/action 184ms
[11:50:50.909 +04:31:56.565] [WEB] POST /api/v1/game/action 157ms
[11:50:52.431 +04:31:58.087] [WEB] POST /api/v1/game/action 164ms
[11:50:53.985 +04:31:59.641] [WEB] POST /api/v1/game/action 244ms
[11:50:55.414 +04:32:01.069] [WEB] POST /api/v1/game/action 165ms
[11:50:56.898 +04:32:02.554] [WEB] POST /api/v1/game/action 158ms
[11:50:58.444 +04:32:04.099] [WEB] POST /api/v1/game/action 178ms
[11:50:59.395 +04:32:05.051] [WEB] GET /api/v1/frame.png 266ms
[11:50:59.872 +04:32:05.528] [WEB] GET /api/status 467ms
[11:51:01.702 +04:32:07.358] [WEB] POST /api/v1/game/action 1738ms
[11:51:02.064 +04:32:07.719] [WEB] POST /api/v1/game/action 169ms
[11:51:02.967 +04:32:08.623] [WEB] POST /api/v1/game/action 219ms
[11:51:04.423 +04:32:10.079] [WEB] POST /api/v1/game/action 180ms
[11:51:05.915 +04:32:11.571] [WEB] POST /api/v1/game/action 169ms
[11:51:07.389 +04:32:13.044] [WEB] POST /api/v1/game/action 149ms
[11:51:08.910 +04:32:14.566] [WEB] POST /api/v1/game/action 158ms
[11:51:10.827 +04:32:16.483] [WEB] GET /api/v1/frame.png 597ms
[11:51:11.197 +04:32:16.853] [WEB] POST /api/v1/game/action 357ms
[11:51:12.064 +04:32:17.720] [WEB] POST /api/v1/game/action 324ms
[11:51:13.499 +04:32:19.154] [WEB] POST /api/v1/game/action 235ms
[11:51:14.919 +04:32:20.575] [WEB] POST /api/v1/game/action 179ms
[11:51:16.396 +04:32:22.051] [WEB] POST /api/v1/game/action 158ms
[11:51:17.964 +04:32:23.620] [WEB] POST /api/v1/game/action 217ms
[11:51:19.412 +04:32:25.067] [WEB] POST /api/v1/game/action 149ms
[11:51:20.898 +04:32:26.554] [WEB] POST /api/v1/game/action 160ms
[11:51:22.388 +04:32:28.044] [WEB] POST /api/v1/game/action 151ms
[11:51:23.906 +04:32:29.561] [WEB] POST /api/v1/game/action 159ms
[11:51:25.399 +04:32:31.055] [WEB] POST /api/v1/game/action 154ms
[11:51:26.913 +04:32:32.569] [WEB] POST /api/v1/game/action 162ms
[11:51:28.392 +04:32:34.048] [WEB] POST /api/v1/game/action 153ms
[11:51:29.919 +04:32:35.575] [WEB] POST /api/v1/game/action 182ms
[11:51:31.462 +04:32:37.118] [WEB] POST /api/v1/game/action 186ms
[11:51:32.912 +04:32:38.568] [WEB] POST /api/v1/game/action 171ms
[11:51:34.395 +04:32:40.051] [WEB] POST /api/v1/game/action 147ms
[11:51:35.947 +04:32:41.603] [WEB] POST /api/v1/game/action 201ms
[11:51:37.682 +04:32:43.338] [WEB] POST /api/v1/game/action 388ms
[11:51:38.904 +04:32:44.560] [WEB] POST /api/v1/game/action 157ms
[11:51:40.410 +04:32:46.066] [WEB] POST /api/v1/game/action 155ms
[11:51:41.897 +04:32:47.553] [WEB] POST /api/v1/game/action 160ms
[11:51:43.472 +04:32:49.128] [WEB] POST /api/v1/game/action 205ms
[11:51:44.910 +04:32:50.565] [WEB] POST /api/v1/game/action 161ms
[11:51:46.550 +04:32:52.206] [WEB] POST /api/v1/game/action 202ms
[11:51:47.929 +04:32:53.584] [WEB] POST /api/v1/game/action 178ms
[11:51:49.446 +04:32:55.102] [WEB] POST /api/v1/game/action 198ms
[11:51:50.901 +04:32:56.556] [WEB] POST /api/v1/game/action 163ms
[11:51:52.430 +04:32:58.086] [WEB] POST /api/v1/game/action 174ms
[11:51:53.929 +04:32:59.584] [WEB] POST /api/v1/game/action 187ms
[11:51:55.396 +04:33:01.052] [WEB] POST /api/v1/game/action 152ms
[11:51:56.905 +04:33:02.561] [WEB] POST /api/v1/game/action 160ms
[11:51:58.485 +04:33:04.141] [WEB] POST /api/v1/game/action 194ms
[11:51:59.904 +04:33:05.560] [WEB] POST /api/v1/game/action 157ms
[11:52:01.478 +04:33:07.134] [WEB] POST /api/v1/game/action 223ms
[11:52:02.919 +04:33:08.575] [WEB] POST /api/v1/game/action 171ms
[11:52:04.395 +04:33:10.050] [WEB] POST /api/v1/game/action 151ms
[11:52:05.980 +04:33:11.635] [WEB] POST /api/v1/game/action 241ms
[11:52:07.477 +04:33:13.133] [WEB] POST /api/v1/game/action 234ms
[11:52:08.896 +04:33:14.551] [WEB] POST /api/v1/game/action 158ms
[11:52:10.448 +04:33:16.103] [WEB] POST /api/v1/game/action 189ms
[11:52:11.893 +04:33:17.549] [WEB] POST /api/v1/game/action 154ms
[11:52:13.396 +04:33:19.052] [WEB] POST /api/v1/game/action 158ms
[11:52:14.911 +04:33:20.566] [WEB] POST /api/v1/game/action 168ms
[11:52:16.434 +04:33:22.089] [WEB] POST /api/v1/game/action 164ms
[11:52:17.909 +04:33:23.565] [WEB] POST /api/v1/game/action 164ms
[11:52:19.414 +04:33:25.069] [WEB] POST /api/v1/game/action 158ms
[11:52:20.927 +04:33:26.583] [WEB] POST /api/v1/game/action 182ms
[11:52:22.422 +04:33:28.078] [WEB] POST /api/v1/game/action 162ms
[11:52:24.013 +04:33:29.669] [WEB] POST /api/v1/game/action 259ms
[11:52:25.415 +04:33:31.070] [WEB] POST /api/v1/game/action 151ms
[11:52:26.926 +04:33:32.582] [WEB] POST /api/v1/game/action 185ms
[11:52:28.388 +04:33:34.044] [WEB] POST /api/v1/game/action 148ms
[11:52:29.928 +04:33:35.583] [WEB] POST /api/v1/game/action 186ms
[11:52:31.412 +04:33:37.068] [WEB] POST /api/v1/game/action 160ms
[11:52:32.918 +04:33:38.574] [WEB] POST /api/v1/game/action 177ms
[11:52:34.431 +04:33:40.087] [WEB] POST /api/v1/game/action 167ms
[11:52:35.913 +04:33:41.569] [WEB] POST /api/v1/game/action 167ms
[11:52:37.416 +04:33:43.072] [WEB] POST /api/v1/game/action 165ms
[11:52:38.920 +04:33:44.575] [WEB] POST /api/v1/game/action 174ms
[11:52:40.418 +04:33:46.073] [WEB] POST /api/v1/game/action 157ms
[11:52:41.926 +04:33:47.581] [WEB] POST /api/v1/game/action 177ms
[11:52:43.465 +04:33:49.121] [WEB] POST /api/v1/game/action 202ms
[11:52:45.192 +04:33:50.847] [WEB] POST /api/v1/game/action 441ms
[11:52:46.414 +04:33:52.070] [WEB] POST /api/v1/game/action 152ms
[11:52:47.929 +04:33:53.584] [WEB] POST /api/v1/game/action 190ms
[11:52:49.431 +04:33:55.087] [WEB] POST /api/v1/game/action 182ms
[11:52:50.900 +04:33:56.555] [WEB] POST /api/v1/game/action 163ms
[11:52:52.406 +04:33:58.062] [WEB] POST /api/v1/game/action 156ms
[11:52:53.913 +04:33:59.569] [WEB] POST /api/v1/game/action 172ms
[11:52:55.435 +04:34:01.091] [WEB] POST /api/v1/game/action 178ms
[11:52:56.926 +04:34:02.582] [WEB] POST /api/v1/game/action 182ms
[11:52:58.455 +04:34:04.111] [WEB] POST /api/v1/game/action 209ms
[11:52:59.967 +04:34:05.623] [WEB] POST /api/v1/game/action 219ms
[11:53:01.629 +04:34:07.284] [WEB] POST /api/v1/game/action 368ms
[11:53:02.926 +04:34:08.582] [WEB] POST /api/v1/game/action 176ms
[11:53:04.443 +04:34:10.098] [WEB] POST /api/v1/game/action 192ms
[11:53:05.928 +04:34:11.583] [WEB] POST /api/v1/game/action 188ms
[11:53:07.530 +04:34:13.186] [WEB] POST /api/v1/game/action 259ms
[11:53:09.032 +04:34:14.688] [WEB] POST /api/v1/game/action 293ms
[11:53:10.446 +04:34:16.101] [WEB] POST /api/v1/game/action 183ms
[11:53:11.939 +04:34:17.595] [WEB] POST /api/v1/game/action 195ms
[11:53:13.408 +04:34:19.064] [WEB] POST /api/v1/game/action 154ms
[11:53:14.938 +04:34:20.594] [WEB] POST /api/v1/game/action 193ms
[11:53:16.438 +04:34:22.093] [WEB] POST /api/v1/game/action 169ms
[11:53:17.932 +04:34:23.588] [WEB] POST /api/v1/game/action 183ms
[11:53:19.400 +04:34:25.056] [WEB] POST /api/v1/game/action 159ms
[11:53:20.916 +04:34:26.572] [WEB] POST /api/v1/game/action 164ms
[11:53:22.397 +04:34:28.053] [WEB] POST /api/v1/game/action 157ms
[11:53:23.914 +04:34:29.569] [WEB] POST /api/v1/game/action 176ms
[11:53:25.413 +04:34:31.069] [WEB] POST /api/v1/game/action 171ms
[11:53:26.902 +04:34:32.557] [WEB] POST /api/v1/game/action 161ms
[11:53:28.414 +04:34:34.070] [WEB] POST /api/v1/game/action 163ms
[11:53:30.005 +04:34:35.660] [WEB] POST /api/v1/game/action 256ms
[11:53:31.530 +04:34:37.185] [WEB] POST /api/v1/game/action 261ms
[11:53:33.004 +04:34:38.660] [WEB] POST /api/v1/game/action 252ms
[11:53:34.707 +04:34:40.363] [WEB] POST /api/v1/game/action 423ms
[11:53:35.998 +04:34:41.654] [WEB] POST /api/v1/game/action 259ms
[11:53:37.637 +04:34:43.293] [WEB] POST /api/v1/game/action 267ms
[11:53:39.006 +04:34:44.661] [WEB] POST /api/v1/game/action 253ms
[11:53:40.451 +04:34:46.106] [WEB] POST /api/v1/game/action 206ms
[11:53:41.929 +04:34:47.585] [WEB] POST /api/v1/game/action 192ms
[11:53:43.534 +04:34:49.190] [WEB] POST /api/v1/game/action 201ms
[11:53:45.006 +04:34:50.661] [WEB] POST /api/v1/game/action 264ms
[11:53:46.478 +04:34:52.134] [WEB] POST /api/v1/game/action 206ms
[11:53:47.952 +04:34:53.607] [WEB] POST /api/v1/game/action 206ms
[11:53:49.500 +04:34:55.155] [WEB] POST /api/v1/game/action 177ms
[11:53:50.922 +04:34:56.578] [WEB] POST /api/v1/game/action 176ms
[11:53:52.486 +04:34:58.142] [WEB] POST /api/v1/game/action 196ms
[11:53:53.932 +04:34:59.587] [WEB] POST /api/v1/game/action 185ms
[11:53:55.409 +04:35:01.065] [WEB] POST /api/v1/game/action 164ms
[11:53:56.949 +04:35:02.604] [WEB] POST /api/v1/game/action 202ms
[11:53:58.468 +04:35:04.124] [WEB] POST /api/v1/game/action 203ms
[11:53:59.931 +04:35:05.587] [WEB] POST /api/v1/game/action 180ms
[11:54:01.484 +04:35:07.139] [WEB] POST /api/v1/game/action 229ms
[11:54:02.991 +04:35:08.647] [WEB] POST /api/v1/game/action 250ms
[11:54:04.413 +04:35:10.069] [WEB] POST /api/v1/game/action 159ms
[11:54:05.914 +04:35:11.570] [WEB] POST /api/v1/game/action 171ms
[11:54:07.501 +04:35:13.157] [WEB] POST /api/v1/game/action 238ms
[11:54:08.920 +04:35:14.576] [WEB] POST /api/v1/game/action 176ms
[11:54:10.399 +04:35:16.055] [WEB] POST /api/v1/game/action 147ms
[11:54:11.894 +04:35:17.550] [WEB] POST /api/v1/game/action 156ms
[11:54:13.537 +04:35:19.192] [WEB] GET /api/v1/frame.png 442ms
[11:54:13.738 +04:35:19.394] [WEB] POST /api/v1/game/action 164ms
[11:54:14.931 +04:35:20.587] [WEB] POST /api/v1/game/action 180ms
[11:54:16.477 +04:35:22.132] [WEB] POST /api/v1/game/action 185ms
[11:54:17.754 +04:35:23.410] [WEB] POST /api/v1/script 39ms
[11:54:17.927 +04:35:23.583] [WEB] POST /api/v1/game/action 169ms
[11:54:17.986 +04:35:23.642] [WEB] POST /api/v1/script 55ms
[11:54:18.032 +04:35:23.687] [WEB] POST /api/v1/script 41ms
[11:54:18.079 +04:35:23.735] [WEB] POST /api/v1/script 42ms
[11:54:18.132 +04:35:23.787] [WEB] POST /api/v1/script 48ms
[11:54:18.183 +04:35:23.839] [WEB] POST /api/v1/script 43ms
[11:54:18.236 +04:35:23.892] [WEB] POST /api/v1/script 48ms
[11:54:18.285 +04:35:23.940] [WEB] POST /api/v1/script 44ms
[11:54:18.335 +04:35:23.991] [WEB] POST /api/v1/script 46ms
[11:54:18.386 +04:35:24.041] [WEB] POST /api/v1/script 47ms
[11:54:18.407 +04:35:24.063] [WEB] POST /api/v1/script 17ms
[11:54:18.426 +04:35:24.082] [WEB] POST /api/v1/script 18ms
[11:54:18.453 +04:35:24.109] [WEB] POST /api/v1/script 20ms
[11:54:18.514 +04:35:24.170] [WEB] POST /api/v1/script 56ms
[11:54:18.568 +04:35:24.224] [WEB] POST /api/v1/script 48ms
[11:54:18.648 +04:35:24.303] [WEB] POST /api/v1/script 76ms
[11:54:18.714 +04:35:24.370] [WEB] POST /api/v1/script 59ms
[11:54:18.778 +04:35:24.433] [WEB] POST /api/v1/script 59ms
[11:54:21.644 +04:35:27.300] [WEB] POST /api/v1/script 2870ms
[11:54:21.842 +04:35:27.498] [WEB] POST /api/v1/game/action 188ms
[11:54:22.368 +04:35:28.023] [WEB] POST /api/v1/game/action 514ms
[11:54:23.818 +04:35:29.474] [WEB] POST /api/v1/script 1445ms
[11:54:24.704 +04:35:30.360] [WEB] POST /api/v1/game/action 524ms
[11:54:25.010 +04:35:30.666] [WEB] POST /api/v1/game/action 287ms
[11:54:27.685 +04:35:33.341] [WEB] POST /api/v1/script 2672ms
[11:54:27.904 +04:35:33.560] [WEB] POST /api/v1/game/action 208ms
[11:54:28.093 +04:35:33.749] [WEB] POST /api/v1/game/action 184ms
[11:54:29.574 +04:35:35.230] [WEB] POST /api/v1/script 1477ms
[11:54:29.825 +04:35:35.480] [WEB] POST /api/v1/game/action 244ms
[11:54:32.565 +04:35:38.220] [WEB] POST /api/v1/script 2732ms
[11:54:32.831 +04:35:38.486] [WEB] POST /api/v1/game/action 259ms
[11:54:33.022 +04:35:38.677] [WEB] POST /api/v1/game/action 186ms
[11:54:33.916 +04:35:39.572] [WEB] POST /api/v1/script 891ms
[11:54:34.048 +04:35:39.704] [WEB] POST /api/v1/game/action 125ms
[11:54:36.400 +04:35:42.056] [WEB] POST /api/v1/script 2347ms
[11:54:36.626 +04:35:42.282] [WEB] POST /api/v1/game/action 218ms
[11:54:36.819 +04:35:42.475] [WEB] POST /api/v1/game/action 187ms
[11:54:37.906 +04:35:43.562] [WEB] POST /api/v1/script 1083ms
[11:54:38.178 +04:35:43.834] [WEB] POST /api/v1/game/action 265ms
[11:54:40.712 +04:35:46.368] [WEB] POST /api/v1/script 2526ms
[11:54:40.846 +04:35:46.501] [WEB] POST /api/v1/game/action 123ms
[11:54:40.978 +04:35:46.634] [WEB] POST /api/v1/game/action 129ms
[11:54:41.829 +04:35:47.484] [WEB] POST /api/v1/script 849ms
[11:54:42.068 +04:35:47.724] [WEB] POST /api/v1/game/action 233ms
[11:54:44.510 +04:35:50.166] [WEB] POST /api/v1/script 2436ms
[11:54:44.737 +04:35:50.392] [WEB] POST /api/v1/game/action 218ms
[11:54:45.677 +04:35:51.333] [WEB] POST /api/v1/script 935ms
[11:54:45.869 +04:35:51.525] [WEB] POST /api/v1/game/action 186ms
[11:54:45.935 +04:35:51.591] [WEB] POST /api/v1/script 62ms
[11:54:46.016 +04:35:51.672] [WEB] POST /api/v1/script 70ms
[11:54:46.073 +04:35:51.729] [WEB] POST /api/v1/script 53ms
[11:54:46.106 +04:35:51.761] [WEB] POST /api/v1/script 22ms
[11:54:46.893 +04:35:52.549] [WEB] POST /api/v1/script 780ms
[11:54:47.166 +04:35:52.821] [WEB] POST /api/v1/game/action 268ms
[11:54:47.316 +04:35:52.971] [WEB] POST /api/v1/script 144ms
[11:54:47.340 +04:35:52.996] [WEB] POST /api/v1/script 18ms
[11:54:47.364 +04:35:53.019] [WEB] POST /api/v1/script 17ms
[11:54:47.384 +04:35:53.039] [WEB] POST /api/v1/script 17ms
[11:54:47.421 +04:35:53.076] [WEB] POST /api/v1/script 30ms
[11:54:47.472 +04:35:53.128] [WEB] POST /api/v1/script 47ms
[11:54:47.537 +04:35:53.192] [WEB] POST /api/v1/script 60ms
[11:54:47.594 +04:35:53.249] [WEB] POST /api/v1/script 51ms
[11:54:48.680 +04:35:54.336] [WEB] POST /api/v1/script 1082ms
[11:54:48.883 +04:35:54.539] [WEB] POST /api/v1/game/action 198ms
[11:54:49.413 +04:35:55.069] [WEB] POST /api/v1/script 522ms
[11:54:49.584 +04:35:55.240] [WEB] POST /api/v1/game/action 165ms
[11:54:51.006 +04:35:56.661] [WEB] POST /api/v1/script 1418ms
[11:54:51.135 +04:35:56.790] [WEB] POST /api/v1/game/action 125ms
[11:54:51.151 +04:35:56.807] [WEB] POST /api/v1/script 13ms
[11:54:51.198 +04:35:56.854] [WEB] POST /api/v1/script 42ms
[11:54:51.250 +04:35:56.906] [WEB] POST /api/v1/script 48ms
[11:54:51.303 +04:35:56.959] [WEB] POST /api/v1/script 48ms
[11:54:52.172 +04:35:57.827] [WEB] POST /api/v1/script 864ms
[11:54:52.678 +04:35:58.334] [WEB] POST /api/v1/script 501ms
[11:54:52.848 +04:35:58.504] [WEB] POST /api/v1/game/action 163ms
[11:54:54.328 +04:35:59.984] [WEB] POST /api/v1/script 1475ms
[11:54:54.504 +04:36:00.160] [WEB] POST /api/v1/game/action 170ms
[11:54:54.521 +04:36:00.176] [WEB] POST /api/v1/script 13ms
[11:54:54.585 +04:36:00.241] [WEB] POST /api/v1/script 60ms
[11:54:54.637 +04:36:00.292] [WEB] POST /api/v1/script 48ms
[11:54:54.693 +04:36:00.349] [WEB] POST /api/v1/script 52ms
[11:54:55.602 +04:36:01.257] [WEB] POST /api/v1/script 904ms
[11:54:55.763 +04:36:01.419] [WEB] POST /api/v1/game/action 157ms
[11:54:56.272 +04:36:01.928] [WEB] POST /api/v1/script 505ms
[11:54:57.724 +04:36:03.379] [WEB] POST /api/v1/script 1444ms
[11:54:57.884 +04:36:03.539] [WEB] POST /api/v1/game/action 153ms
[11:54:57.902 +04:36:03.558] [WEB] POST /api/v1/script 14ms
[11:54:57.965 +04:36:03.621] [WEB] POST /api/v1/script 54ms
[11:54:58.042 +04:36:03.698] [WEB] POST /api/v1/script 73ms
[11:54:58.111 +04:36:03.767] [WEB] POST /api/v1/script 70ms
[11:54:59.784 +04:36:05.440] [WEB] POST /api/v1/script 1660ms
[11:55:00.093 +04:36:05.749] [WEB] POST /api/v1/game/action 303ms
[11:55:00.362 +04:36:06.017] [WEB] POST /api/v1/game/action 265ms
[11:55:00.883 +04:36:06.539] [WEB] POST /api/v1/script 517ms
[11:55:02.223 +04:36:07.879] [WEB] POST /api/v1/script 1334ms
[11:55:02.525 +04:36:08.181] [WEB] POST /api/v1/game/action 293ms
[11:55:02.548 +04:36:08.203] [WEB] POST /api/v1/script 16ms
[11:55:02.559 +04:36:08.215] [WEB] POST /api/v1/script 17ms
[11:55:02.591 +04:36:08.247] [WEB] POST /api/v1/script 17ms
[11:55:02.610 +04:36:08.266] [WEB] POST /api/v1/script 19ms
[11:55:02.713 +04:36:08.368] [WEB] POST /api/v1/script 80ms
[11:55:02.771 +04:36:08.427] [WEB] POST /api/v1/script 53ms
[11:55:02.942 +04:36:08.598] [WEB] POST /api/v1/game/action 164ms
[11:55:03.241 +04:36:08.897] [WEB] POST /api/v1/script 295ms
[11:55:03.561 +04:36:09.217] [WEB] POST /api/v1/script 291ms
[11:55:03.649 +04:36:09.304] [WEB] POST /api/v1/script 83ms
[11:55:04.224 +04:36:09.879] [WEB] POST /api/v1/script 567ms
[11:55:04.416 +04:36:10.072] [WEB] POST /api/v1/script 180ms
[11:55:04.584 +04:36:10.240] [WEB] POST /api/v1/game/action 164ms
[11:55:04.755 +04:36:10.411] [WEB] POST /api/v1/script 167ms
[11:55:05.685 +04:36:11.341] [WEB] POST /api/v1/script 923ms
[11:55:06.610 +04:36:12.266] [WEB] POST /api/v1/script 913ms
[11:55:06.784 +04:36:12.440] [WEB] POST /api/v1/game/action 167ms
[11:55:06.951 +04:36:12.607] [WEB] POST /api/v1/script 165ms
[11:55:07.229 +04:36:12.885] [WEB] POST /api/v1/script 284ms
[11:55:07.406 +04:36:13.062] [WEB] POST /api/v1/game/action 158ms
[11:55:07.691 +04:36:13.347] [WEB] POST /api/v1/script 280ms
[11:55:09.168 +04:36:14.824] [WEB] POST /api/v1/script 1471ms
[11:55:09.322 +04:36:14.978] [WEB] POST /api/v1/game/action 150ms
[11:55:09.344 +04:36:15.000] [WEB] POST /api/v1/script 17ms
[11:55:09.365 +04:36:15.021] [WEB] POST /api/v1/script 16ms
[11:55:09.426 +04:36:15.081] [WEB] POST /api/v1/script 55ms
[11:55:09.512 +04:36:15.168] [WEB] POST /api/v1/script 82ms
[11:55:09.766 +04:36:15.422] [WEB] POST /api/v1/script 245ms
[11:55:09.939 +04:36:15.594] [WEB] POST /api/v1/script 169ms
[11:55:10.009 +04:36:15.665] [WEB] POST /api/v1/script 67ms
[11:55:10.185 +04:36:15.841] [WEB] POST /api/v1/script 170ms
[11:55:10.359 +04:36:16.014] [WEB] POST /api/v1/script 169ms
[11:55:10.581 +04:36:16.236] [WEB] POST /api/v1/game/action 217ms
[11:55:11.963 +04:36:17.619] [WEB] POST /api/v1/script 1374ms
[11:55:12.138 +04:36:17.794] [WEB] POST /api/v1/game/action 170ms
[11:55:12.158 +04:36:17.814] [WEB] POST /api/v1/script 16ms
[11:55:12.185 +04:36:17.840] [WEB] POST /api/v1/script 22ms
[11:55:12.206 +04:36:17.861] [WEB] POST /api/v1/script 16ms
[11:55:12.237 +04:36:17.892] [WEB] POST /api/v1/script 20ms
[11:55:12.260 +04:36:17.915] [WEB] POST /api/v1/script 17ms
[11:55:12.443 +04:36:18.098] [WEB] POST /api/v1/script 163ms
[11:55:12.463 +04:36:18.119] [WEB] POST /api/v1/script 17ms
[11:55:12.648 +04:36:18.303] [WEB] POST /api/v1/script 178ms
[11:55:12.860 +04:36:18.516] [WEB] POST /api/v1/script 208ms
[11:55:13.047 +04:36:18.703] [WEB] POST /api/v1/script 175ms
[11:55:13.226 +04:36:18.882] [WEB] POST /api/v1/script 171ms
[11:55:13.250 +04:36:18.906] [WEB] POST /api/v1/script 14ms
[11:55:13.389 +04:36:19.045] [WEB] POST /api/v1/game/action 131ms
[11:55:13.509 +04:36:19.165] [WEB] POST /api/v1/script 116ms
[11:55:13.701 +04:36:19.357] [WEB] POST /api/v1/script 186ms
[11:55:13.901 +04:36:19.557] [WEB] POST /api/v1/script 193ms
[11:55:14.062 +04:36:19.718] [WEB] POST /api/v1/script 150ms
[11:55:14.087 +04:36:19.743] [WEB] POST /api/v1/script 20ms
[11:55:14.252 +04:36:19.908] [WEB] POST /api/v1/script 161ms
[11:55:14.428 +04:36:20.084] [WEB] POST /api/v1/script 169ms
[11:55:14.570 +04:36:20.226] [WEB] POST /api/v1/script 137ms
[11:55:14.769 +04:36:20.424] [WEB] POST /api/v1/script 193ms
[11:55:14.974 +04:36:20.630] [WEB] POST /api/v1/game/action 201ms
[11:55:15.171 +04:36:20.827] [WEB] POST /api/v1/script 190ms
[11:55:15.353 +04:36:21.009] [WEB] POST /api/v1/script 178ms
[11:55:15.540 +04:36:21.195] [WEB] POST /api/v1/script 182ms
[11:55:15.557 +04:36:21.213] [WEB] POST /api/v1/script 17ms
[11:55:15.589 +04:36:21.245] [WEB] POST /api/v1/script 23ms
[11:55:15.620 +04:36:21.276] [WEB] POST /api/v1/script 23ms
[11:55:16.072 +04:36:21.728] [WEB] POST /api/v1/script 445ms
[11:55:16.101 +04:36:21.757] [WEB] POST /api/v1/script 24ms
[11:55:16.252 +04:36:21.908] [WEB] POST /api/v1/script 144ms
[11:55:16.397 +04:36:22.053] [WEB] POST /api/v1/game/action 139ms
[11:55:16.419 +04:36:22.074] [WEB] POST /api/v1/script 17ms
[11:55:16.496 +04:36:22.152] [WEB] POST /api/v1/script 73ms
[11:55:16.600 +04:36:22.255] [WEB] POST /api/v1/script 86ms
[11:55:16.706 +04:36:22.361] [WEB] POST /api/v1/script 90ms
[11:55:16.800 +04:36:22.456] [WEB] POST /api/v1/script 86ms
[11:55:16.895 +04:36:22.551] [WEB] POST /api/v1/script 84ms
[11:55:16.961 +04:36:22.617] [WEB] POST /api/v1/script 61ms
[11:55:17.049 +04:36:22.705] [WEB] POST /api/v1/script 82ms
[11:55:17.129 +04:36:22.784] [WEB] POST /api/v1/script 70ms
[11:55:17.184 +04:36:22.840] [WEB] POST /api/v1/script 51ms
[11:55:17.242 +04:36:22.898] [WEB] POST /api/v1/script 50ms
[11:55:17.297 +04:36:22.952] [WEB] POST /api/v1/script 51ms
[11:55:17.320 +04:36:22.976] [WEB] POST /api/v1/script 20ms
[11:55:25.681 +04:36:31.336] [WEB] POST /api/v1/script 8356ms
[11:55:25.857 +04:36:31.513] [WEB] POST /api/v1/game/action 169ms
[11:55:26.015 +04:36:31.670] [WEB] POST /api/v1/game/action 154ms
[11:55:26.187 +04:36:31.842] [WEB] POST /api/v1/game/action 166ms
[11:55:26.357 +04:36:32.013] [WEB] POST /api/v1/game/action 167ms
[11:55:26.526 +04:36:32.182] [WEB] POST /api/v1/game/action 166ms
[11:55:26.675 +04:36:32.330] [WEB] POST /api/v1/game/action 145ms
[11:55:27.696 +04:36:33.351] [WEB] GET /api/v1/script/runs 1016ms
[11:55:27.856 +04:36:33.511] [WEB] POST /api/v1/game/action 153ms
[11:55:27.864 +04:36:33.520] [WEB] GET /api/v1/script/runs 4ms
[11:55:28.067 +04:36:33.722] [WEB] GET /api/v1/evidence 4ms
[11:55:28.386 +04:36:34.042] [WEB] POST /api/v1/game/action 144ms
[11:55:29.919 +04:36:35.575] [WEB] POST /api/v1/game/action 180ms
[11:55:31.429 +04:36:37.084] [WEB] POST /api/v1/game/action 188ms
[11:55:32.913 +04:36:38.569] [WEB] POST /api/v1/game/action 165ms
[11:55:34.391 +04:36:40.046] [WEB] POST /api/v1/game/action 151ms
[11:55:36.147 +04:36:41.802] [WEB] POST /api/v1/game/action 409ms
[11:55:37.400 +04:36:43.055] [WEB] POST /api/v1/game/action 157ms
[11:55:38.910 +04:36:44.566] [WEB] POST /api/v1/game/action 172ms
[11:55:40.417 +04:36:46.073] [WEB] POST /api/v1/game/action 154ms
[11:55:41.917 +04:36:47.572] [WEB] POST /api/v1/game/action 172ms
[11:55:43.414 +04:36:49.069] [WEB] POST /api/v1/game/action 153ms
[11:55:44.895 +04:36:50.551] [WEB] POST /api/v1/game/action 155ms
[11:55:46.404 +04:36:52.059] [WEB] POST /api/v1/game/action 149ms
[11:55:47.926 +04:36:53.581] [WEB] POST /api/v1/game/action 180ms
[11:55:49.404 +04:36:55.060] [WEB] POST /api/v1/game/action 151ms
[11:55:50.890 +04:36:56.545] [WEB] POST /api/v1/game/action 152ms
[11:55:52.479 +04:36:58.134] [WEB] POST /api/v1/game/action 190ms
[11:55:53.968 +04:36:59.623] [WEB] POST /api/v1/game/action 215ms
[11:55:55.472 +04:37:01.128] [WEB] POST /api/v1/game/action 171ms
[11:55:56.932 +04:37:02.588] [WEB] POST /api/v1/game/action 192ms
[11:55:58.399 +04:37:04.054] [WEB] POST /api/v1/game/action 152ms
[11:55:59.962 +04:37:05.618] [WEB] POST /api/v1/game/action 218ms
[11:56:01.408 +04:37:07.063] [WEB] POST /api/v1/game/action 158ms
[11:56:02.898 +04:37:08.553] [WEB] POST /api/v1/game/action 158ms
[11:56:04.438 +04:37:10.094] [WEB] POST /api/v1/game/action 172ms
[11:56:05.903 +04:37:11.558] [WEB] POST /api/v1/game/action 165ms
[11:56:07.417 +04:37:13.073] [WEB] POST /api/v1/game/action 163ms
[11:56:08.907 +04:37:14.563] [WEB] POST /api/v1/game/action 162ms
[11:56:09.435 +04:37:15.091] [WEB] GET /api/v1/frame.png 336ms
[11:56:10.427 +04:37:16.083] [WEB] POST /api/v1/game/action 181ms
[11:56:11.927 +04:37:17.582] [WEB] POST /api/v1/game/action 175ms
[11:56:13.396 +04:37:19.051] [WEB] POST /api/v1/game/action 155ms
[11:56:16.354 +04:37:22.010] [WEB] POST /api/v1/game/action 1597ms
[11:56:17.233 +04:37:22.888] [WEB] GET /api/v1/frame.png 524ms
[11:56:17.752 +04:37:23.408] [WEB] POST /api/v1/game/action 205ms
[11:56:18.115 +04:37:23.771] [WEB] POST /api/v1/game/action 152ms
[11:56:19.417 +04:37:25.072] [WEB] POST /api/v1/game/action 177ms
[11:56:20.901 +04:37:26.557] [WEB] POST /api/v1/game/action 162ms
[11:56:22.400 +04:37:28.056] [WEB] POST /api/v1/game/action 159ms
[11:56:23.908 +04:37:29.564] [WEB] POST /api/v1/game/action 159ms
[11:56:25.422 +04:37:31.077] [WEB] POST /api/v1/game/action 166ms
[11:56:26.904 +04:37:32.560] [WEB] POST /api/v1/game/action 156ms
[11:56:28.425 +04:37:34.081] [WEB] POST /api/v1/game/action 172ms
[11:56:29.999 +04:37:35.655] [WEB] POST /api/v1/game/action 248ms
[11:56:31.399 +04:37:37.054] [WEB] POST /api/v1/game/action 149ms
[11:56:32.983 +04:37:38.639] [WEB] POST /api/v1/game/action 244ms
[11:56:34.414 +04:37:40.069] [WEB] POST /api/v1/game/action 153ms
[11:56:35.984 +04:37:41.639] [WEB] POST /api/v1/game/action 245ms
[11:56:37.399 +04:37:43.054] [WEB] POST /api/v1/game/action 150ms
[11:56:38.920 +04:37:44.576] [WEB] POST /api/v1/game/action 182ms
[11:56:40.435 +04:37:46.091] [WEB] POST /api/v1/game/action 190ms
[11:56:41.899 +04:37:47.555] [WEB] POST /api/v1/game/action 160ms
[11:56:43.410 +04:37:49.066] [WEB] POST /api/v1/game/action 152ms
[11:56:44.926 +04:37:50.582] [WEB] POST /api/v1/game/action 177ms
[11:56:46.396 +04:37:52.052] [WEB] POST /api/v1/game/action 151ms
[11:56:47.443 +04:37:53.099] [WEB] GET /api/v1/frame.png 342ms
[11:56:47.908 +04:37:53.564] [WEB] POST /api/v1/game/action 170ms
[11:56:49.406 +04:37:55.061] [WEB] POST /api/v1/game/action 150ms
[11:56:50.894 +04:37:56.550] [WEB] POST /api/v1/game/action 155ms
[11:56:52.425 +04:37:58.081] [WEB] POST /api/v1/game/action 167ms
[11:56:53.904 +04:37:59.559] [WEB] POST /api/v1/game/action 165ms
[11:56:55.415 +04:38:01.071] [WEB] POST /api/v1/game/action 151ms
[11:56:56.921 +04:38:02.577] [WEB] POST /api/v1/game/action 181ms
[11:56:58.399 +04:38:04.055] [WEB] POST /api/v1/game/action 154ms
[11:56:59.912 +04:38:05.568] [WEB] POST /api/v1/game/action 173ms
[11:57:01.401 +04:38:07.056] [WEB] POST /api/v1/game/action 150ms
[11:57:02.908 +04:38:08.564] [WEB] POST /api/v1/game/action 162ms
[11:57:04.439 +04:38:10.095] [WEB] POST /api/v1/game/action 177ms
[11:57:05.903 +04:38:11.558] [WEB] POST /api/v1/game/action 164ms
[11:57:07.404 +04:38:13.060] [WEB] POST /api/v1/game/action 151ms
[11:57:08.945 +04:38:14.601] [WEB] POST /api/v1/game/action 192ms
[11:57:10.407 +04:38:16.063] [WEB] POST /api/v1/game/action 148ms
[11:57:11.905 +04:38:17.561] [WEB] POST /api/v1/game/action 166ms
[11:57:13.396 +04:38:19.052] [WEB] POST /api/v1/game/action 153ms
[11:57:14.967 +04:38:20.622] [WEB] POST /api/v1/game/action 223ms
[11:57:16.489 +04:38:22.145] [WEB] POST /api/v1/game/action 232ms
[11:57:17.917 +04:38:23.572] [WEB] POST /api/v1/game/action 171ms
[11:57:19.421 +04:38:25.077] [WEB] POST /api/v1/game/action 164ms
[11:57:20.935 +04:38:26.591] [WEB] POST /api/v1/game/action 184ms
[11:57:22.399 +04:38:28.055] [WEB] POST /api/v1/game/action 152ms
[11:57:23.971 +04:38:29.626] [WEB] POST /api/v1/game/action 233ms
[11:57:25.402 +04:38:31.058] [WEB] POST /api/v1/game/action 148ms
[11:57:26.911 +04:38:32.567] [WEB] POST /api/v1/game/action 160ms
[11:57:28.462 +04:38:34.118] [WEB] POST /api/v1/game/action 195ms
[11:57:29.895 +04:38:35.550] [WEB] POST /api/v1/game/action 156ms
[11:57:31.401 +04:38:37.057] [WEB] POST /api/v1/game/action 151ms
[11:57:33.064 +04:38:38.720] [WEB] POST /api/v1/game/action 318ms
[11:57:34.402 +04:38:40.058] [WEB] POST /api/v1/game/action 150ms
[11:57:35.897 +04:38:41.552] [WEB] POST /api/v1/game/action 158ms
[11:57:37.392 +04:38:43.047] [WEB] POST /api/v1/game/action 147ms
[11:57:38.919 +04:38:44.575] [WEB] POST /api/v1/game/action 172ms
[11:57:40.445 +04:38:46.101] [WEB] POST /api/v1/game/action 191ms
[11:57:41.899 +04:38:47.555] [WEB] POST /api/v1/game/action 161ms
[11:57:43.406 +04:38:49.061] [WEB] POST /api/v1/game/action 147ms
[11:57:44.921 +04:38:50.577] [WEB] POST /api/v1/game/action 167ms
[11:57:46.409 +04:38:52.065] [WEB] POST /api/v1/game/action 151ms
[11:57:47.926 +04:38:53.581] [WEB] POST /api/v1/game/action 187ms
[11:57:49.415 +04:38:55.070] [WEB] POST /api/v1/game/action 151ms
[11:57:50.895 +04:38:56.550] [WEB] POST /api/v1/game/action 154ms
[11:57:52.447 +04:38:58.102] [WEB] POST /api/v1/game/action 179ms
[11:57:53.964 +04:38:59.620] [WEB] POST /api/v1/game/action 211ms
[11:57:55.400 +04:39:01.056] [WEB] POST /api/v1/game/action 150ms
[11:57:56.927 +04:39:02.583] [WEB] POST /api/v1/game/action 179ms
[11:57:58.395 +04:39:04.051] [WEB] POST /api/v1/game/action 154ms
[11:57:59.902 +04:39:05.557] [WEB] POST /api/v1/game/action 154ms
[11:58:01.432 +04:39:07.088] [WEB] POST /api/v1/game/action 163ms
[11:58:03.099 +04:39:08.754] [WEB] POST /api/v1/game/action 347ms
[11:58:04.426 +04:39:10.081] [WEB] POST /api/v1/game/action 159ms
[11:58:06.015 +04:39:11.671] [WEB] POST /api/v1/game/action 262ms
[11:58:07.466 +04:39:13.122] [WEB] POST /api/v1/game/action 204ms
[11:58:08.930 +04:39:14.586] [WEB] POST /api/v1/game/action 190ms
[11:58:10.593 +04:39:16.249] [WEB] POST /api/v1/game/action 191ms
[11:58:11.952 +04:39:17.608] [WEB] POST /api/v1/game/action 211ms
[11:58:13.415 +04:39:19.071] [WEB] POST /api/v1/game/action 164ms
[11:58:14.903 +04:39:20.559] [WEB] POST /api/v1/game/action 158ms
[11:58:16.529 +04:39:22.185] [WEB] POST /api/v1/game/action 186ms
[11:58:17.903 +04:39:23.559] [WEB] POST /api/v1/game/action 156ms
[11:58:19.424 +04:39:25.080] [WEB] POST /api/v1/game/action 150ms
[11:58:20.942 +04:39:26.598] [WEB] POST /api/v1/game/action 191ms
[11:58:22.409 +04:39:28.065] [WEB] POST /api/v1/game/action 149ms
[11:58:23.908 +04:39:29.564] [WEB] POST /api/v1/game/action 171ms
[11:58:25.395 +04:39:31.051] [WEB] POST /api/v1/game/action 151ms
[11:58:26.896 +04:39:32.551] [WEB] POST /api/v1/game/action 157ms
[11:58:28.394 +04:39:34.050] [WEB] POST /api/v1/game/action 149ms
[11:58:29.897 +04:39:35.552] [WEB] POST /api/v1/game/action 155ms
[11:58:31.463 +04:39:37.119] [WEB] POST /api/v1/game/action 214ms
[11:58:32.954 +04:39:38.609] [WEB] POST /api/v1/game/action 204ms
[11:58:34.418 +04:39:40.074] [WEB] POST /api/v1/game/action 148ms
[11:58:35.895 +04:39:41.551] [WEB] POST /api/v1/game/action 157ms
[11:58:37.406 +04:39:43.061] [WEB] POST /api/v1/game/action 153ms
[11:58:38.913 +04:39:44.569] [WEB] POST /api/v1/game/action 168ms
[11:58:40.397 +04:39:46.053] [WEB] POST /api/v1/game/action 152ms
[11:58:41.964 +04:39:47.620] [WEB] POST /api/v1/game/action 213ms
[11:58:43.415 +04:39:49.071] [WEB] POST /api/v1/game/action 175ms
[11:58:44.945 +04:39:50.601] [WEB] POST /api/v1/game/action 206ms
[11:58:46.403 +04:39:52.059] [WEB] POST /api/v1/game/action 150ms
[11:58:47.939 +04:39:53.595] [WEB] POST /api/v1/game/action 198ms
[11:58:49.409 +04:39:55.065] [WEB] POST /api/v1/game/action 156ms
[11:58:51.000 +04:39:56.656] [WEB] POST /api/v1/game/action 253ms
[11:58:52.454 +04:39:58.110] [WEB] POST /api/v1/game/action 175ms
[11:58:53.897 +04:39:59.552] [WEB] POST /api/v1/game/action 151ms
[11:58:55.464 +04:40:01.119] [WEB] POST /api/v1/game/action 199ms
[11:58:56.900 +04:40:02.555] [WEB] POST /api/v1/game/action 162ms
[11:58:58.413 +04:40:04.069] [WEB] POST /api/v1/game/action 151ms
[11:58:59.919 +04:40:05.575] [WEB] POST /api/v1/game/action 169ms
[11:59:01.409 +04:40:07.064] [WEB] POST /api/v1/game/action 147ms
[11:59:02.966 +04:40:08.621] [WEB] POST /api/v1/game/action 227ms
[11:59:04.405 +04:40:10.060] [WEB] POST /api/v1/game/action 153ms
[11:59:05.903 +04:40:11.559] [WEB] POST /api/v1/game/action 164ms
[11:59:07.436 +04:40:13.091] [WEB] POST /api/v1/game/action 185ms
[11:59:08.905 +04:40:14.561] [WEB] POST /api/v1/game/action 167ms
[11:59:10.396 +04:40:16.052] [WEB] POST /api/v1/game/action 154ms
[11:59:11.910 +04:40:17.566] [WEB] POST /api/v1/game/action 166ms
[11:59:13.398 +04:40:19.054] [WEB] POST /api/v1/game/action 153ms
[11:59:14.919 +04:40:20.575] [WEB] POST /api/v1/game/action 171ms
[11:59:16.389 +04:40:22.045] [WEB] POST /api/v1/game/action 148ms
[11:59:17.918 +04:40:23.573] [WEB] POST /api/v1/game/action 170ms
[11:59:19.436 +04:40:25.092] [WEB] POST /api/v1/game/action 189ms
[11:59:20.919 +04:40:26.575] [WEB] POST /api/v1/game/action 165ms
[11:59:22.413 +04:40:28.068] [WEB] POST /api/v1/game/action 173ms
[11:59:23.902 +04:40:29.558] [WEB] POST /api/v1/game/action 163ms
[11:59:25.403 +04:40:31.059] [WEB] POST /api/v1/game/action 160ms
[11:59:26.908 +04:40:32.564] [WEB] POST /api/v1/game/action 170ms
[11:59:28.405 +04:40:34.061] [WEB] POST /api/v1/game/action 151ms
[11:59:29.899 +04:40:35.555] [WEB] POST /api/v1/game/action 155ms
[11:59:31.412 +04:40:37.067] [WEB] POST /api/v1/game/action 152ms
[11:59:32.918 +04:40:38.573] [WEB] POST /api/v1/game/action 170ms
[11:59:34.403 +04:40:40.058] [WEB] POST /api/v1/game/action 150ms
[11:59:35.909 +04:40:41.565] [WEB] POST /api/v1/game/action 171ms
[11:59:37.403 +04:40:43.059] [WEB] POST /api/v1/game/action 162ms
[11:59:38.920 +04:40:44.576] [WEB] POST /api/v1/game/action 168ms
[11:59:40.403 +04:40:46.059] [WEB] POST /api/v1/game/action 154ms
[11:59:41.913 +04:40:47.569] [WEB] POST /api/v1/game/action 172ms
[11:59:43.394 +04:40:49.049] [WEB] POST /api/v1/game/action 152ms
[11:59:44.914 +04:40:50.570] [WEB] POST /api/v1/game/action 166ms
[11:59:46.397 +04:40:52.053] [WEB] POST /api/v1/game/action 148ms
[11:59:47.910 +04:40:53.566] [WEB] POST /api/v1/game/action 167ms
[11:59:49.488 +04:40:55.144] [WEB] POST /api/v1/game/action 232ms
[11:59:50.903 +04:40:56.559] [WEB] POST /api/v1/game/action 165ms
[11:59:52.403 +04:40:58.058] [WEB] POST /api/v1/game/action 153ms
[11:59:53.919 +04:40:59.574] [WEB] POST /api/v1/game/action 170ms
[11:59:55.447 +04:41:01.103] [WEB] POST /api/v1/game/action 198ms
[11:59:56.922 +04:41:02.577] [WEB] POST /api/v1/game/action 171ms
[11:59:58.507 +04:41:04.163] [WEB] POST /api/v1/game/action 198ms
[11:59:59.909 +04:41:05.565] [WEB] POST /api/v1/game/action 171ms
[12:00:01.420 +04:41:07.076] [WEB] POST /api/v1/game/action 154ms
[12:00:02.898 +04:41:08.554] [WEB] POST /api/v1/game/action 158ms
[12:00:04.441 +04:41:10.097] [WEB] POST /api/v1/game/action 172ms
[12:00:05.932 +04:41:11.587] [WEB] POST /api/v1/game/action 189ms
[12:00:07.404 +04:41:13.059] [WEB] POST /api/v1/game/action 153ms
[12:00:08.914 +04:41:14.569] [WEB] POST /api/v1/game/action 168ms
[12:00:10.399 +04:41:16.054] [WEB] POST /api/v1/game/action 155ms
[12:00:11.928 +04:41:17.583] [WEB] POST /api/v1/game/action 190ms
[12:00:13.408 +04:41:19.064] [WEB] POST /api/v1/game/action 157ms
[12:00:14.902 +04:41:20.558] [WEB] POST /api/v1/game/action 154ms
[12:00:16.415 +04:41:22.070] [WEB] POST /api/v1/game/action 152ms
[12:00:17.903 +04:41:23.559] [WEB] POST /api/v1/game/action 164ms
[12:00:19.392 +04:41:25.047] [WEB] POST /api/v1/game/action 153ms
[12:00:20.902 +04:41:26.557] [WEB] POST /api/v1/game/action 163ms
[12:00:22.410 +04:41:28.066] [WEB] POST /api/v1/game/action 150ms
[12:00:23.896 +04:41:29.552] [WEB] POST /api/v1/game/action 156ms
[12:00:25.418 +04:41:31.074] [WEB] POST /api/v1/game/action 154ms
[12:00:26.906 +04:41:32.561] [WEB] POST /api/v1/game/action 161ms
[12:00:28.398 +04:41:34.053] [WEB] POST /api/v1/game/action 149ms
[12:00:29.905 +04:41:35.561] [WEB] POST /api/v1/game/action 159ms
[12:00:31.389 +04:41:37.045] [WEB] POST /api/v1/game/action 149ms
[12:00:32.902 +04:41:38.558] [WEB] POST /api/v1/game/action 155ms
[12:00:34.406 +04:41:40.062] [WEB] POST /api/v1/game/action 151ms
[12:00:35.910 +04:41:41.565] [WEB] POST /api/v1/game/action 159ms
[12:00:37.408 +04:41:43.064] [WEB] POST /api/v1/game/action 159ms
[12:00:38.897 +04:41:44.553] [WEB] POST /api/v1/game/action 159ms
[12:00:40.395 +04:41:46.050] [WEB] POST /api/v1/game/action 148ms
[12:00:41.904 +04:41:47.560] [WEB] POST /api/v1/game/action 162ms
[12:00:43.434 +04:41:49.090] [WEB] POST /api/v1/game/action 171ms
[12:00:44.901 +04:41:50.557] [WEB] POST /api/v1/game/action 157ms
[12:00:46.408 +04:41:52.064] [WEB] POST /api/v1/game/action 152ms
[12:00:47.919 +04:41:53.575] [WEB] POST /api/v1/game/action 172ms
[12:00:49.406 +04:41:55.062] [WEB] POST /api/v1/game/action 154ms
[12:00:50.917 +04:41:56.573] [WEB] POST /api/v1/game/action 170ms
[12:00:52.406 +04:41:58.062] [WEB] POST /api/v1/game/action 152ms
[12:00:53.908 +04:41:59.564] [WEB] POST /api/v1/game/action 156ms
[12:00:55.411 +04:42:01.066] [WEB] POST /api/v1/game/action 149ms
[12:00:56.894 +04:42:02.550] [WEB] POST /api/v1/game/action 157ms
[12:00:58.414 +04:42:04.069] [WEB] POST /api/v1/game/action 151ms
[12:00:59.890 +04:42:05.546] [WEB] POST /api/v1/game/action 150ms
[12:01:01.507 +04:42:07.163] [WEB] POST /api/v1/game/action 255ms
[12:01:02.894 +04:42:08.549] [WEB] POST /api/v1/game/action 151ms
[12:01:04.401 +04:42:10.057] [WEB] POST /api/v1/game/action 154ms
[12:01:05.910 +04:42:11.565] [WEB] POST /api/v1/game/action 164ms
[12:01:07.403 +04:42:13.058] [WEB] POST /api/v1/game/action 148ms
[12:01:08.933 +04:42:14.589] [WEB] POST /api/v1/game/action 183ms
[12:01:10.398 +04:42:16.054] [WEB] POST /api/v1/game/action 156ms
[12:01:11.906 +04:42:17.561] [WEB] POST /api/v1/game/action 168ms
[12:01:13.407 +04:42:19.063] [WEB] POST /api/v1/game/action 155ms
[12:01:14.889 +04:42:20.544] [WEB] POST /api/v1/game/action 151ms
[12:01:16.437 +04:42:22.092] [WEB] POST /api/v1/game/action 177ms
[12:01:17.911 +04:42:23.567] [WEB] POST /api/v1/game/action 172ms
[12:01:19.445 +04:42:25.100] [WEB] POST /api/v1/game/action 187ms
[12:01:20.905 +04:42:26.560] [WEB] POST /api/v1/game/action 163ms
[12:01:22.399 +04:42:28.055] [WEB] POST /api/v1/game/action 153ms
[12:01:23.887 +04:42:29.543] [WEB] POST /api/v1/game/action 149ms
[12:01:25.410 +04:42:31.065] [WEB] POST /api/v1/game/action 161ms
[12:01:26.893 +04:42:32.549] [WEB] POST /api/v1/game/action 153ms
[12:01:28.407 +04:42:34.062] [WEB] POST /api/v1/game/action 153ms
[12:01:29.910 +04:42:35.566] [WEB] POST /api/v1/game/action 161ms
[12:01:31.427 +04:42:37.083] [WEB] POST /api/v1/game/action 174ms
[12:01:32.937 +04:42:38.592] [WEB] POST /api/v1/game/action 197ms
[12:01:34.411 +04:42:40.067] [WEB] POST /api/v1/game/action 151ms
[12:01:35.929 +04:42:41.584] [WEB] POST /api/v1/game/action 190ms
[12:01:37.447 +04:42:43.103] [WEB] POST /api/v1/game/action 179ms
[12:01:38.894 +04:42:44.549] [WEB] POST /api/v1/game/action 151ms
[12:01:40.406 +04:42:46.061] [WEB] POST /api/v1/game/action 154ms
[12:01:41.903 +04:42:47.559] [WEB] POST /api/v1/game/action 158ms
[12:01:43.402 +04:42:49.057] [WEB] POST /api/v1/game/action 152ms
[12:01:44.906 +04:42:50.562] [WEB] POST /api/v1/game/action 160ms
[12:01:46.415 +04:42:52.070] [WEB] POST /api/v1/game/action 153ms
[12:01:47.897 +04:42:53.553] [WEB] POST /api/v1/game/action 159ms
[12:01:49.408 +04:42:55.063] [WEB] POST /api/v1/game/action 152ms
[12:01:50.907 +04:42:56.563] [WEB] POST /api/v1/game/action 154ms
[12:01:52.413 +04:42:58.068] [WEB] POST /api/v1/game/action 149ms
[12:01:53.915 +04:42:59.571] [WEB] POST /api/v1/game/action 176ms
[12:01:55.416 +04:43:01.072] [WEB] POST /api/v1/game/action 174ms
[12:01:56.912 +04:43:02.567] [WEB] POST /api/v1/game/action 174ms
[12:01:58.400 +04:43:04.056] [WEB] POST /api/v1/game/action 156ms
[12:01:59.899 +04:43:05.554] [WEB] POST /api/v1/game/action 156ms
[12:02:01.415 +04:43:07.071] [WEB] POST /api/v1/game/action 151ms
[12:02:02.918 +04:43:08.574] [WEB] POST /api/v1/game/action 174ms
[12:02:04.400 +04:43:10.056] [WEB] POST /api/v1/game/action 153ms
[12:02:05.915 +04:43:11.571] [WEB] POST /api/v1/game/action 170ms
[12:02:07.425 +04:43:13.081] [WEB] POST /api/v1/game/action 171ms
[12:02:08.922 +04:43:14.578] [WEB] POST /api/v1/game/action 172ms
[12:02:10.441 +04:43:16.096] [WEB] POST /api/v1/game/action 202ms
[12:02:11.890 +04:43:17.545] [WEB] POST /api/v1/game/action 153ms
[12:02:13.414 +04:43:19.069] [WEB] POST /api/v1/game/action 151ms
[12:02:14.900 +04:43:20.555] [WEB] POST /api/v1/game/action 157ms
[12:02:16.415 +04:43:22.070] [WEB] POST /api/v1/game/action 147ms
[12:02:17.899 +04:43:23.555] [WEB] POST /api/v1/game/action 156ms
[12:02:19.433 +04:43:25.088] [WEB] POST /api/v1/game/action 192ms
[12:02:20.896 +04:43:26.551] [WEB] POST /api/v1/game/action 153ms
[12:02:22.404 +04:43:28.059] [WEB] POST /api/v1/game/action 155ms
[12:02:23.910 +04:43:29.565] [WEB] POST /api/v1/game/action 172ms
[12:02:25.405 +04:43:31.060] [WEB] POST /api/v1/game/action 149ms
[12:02:26.909 +04:43:32.564] [WEB] POST /api/v1/game/action 170ms
[12:02:28.411 +04:43:34.067] [WEB] POST /api/v1/game/action 148ms
[12:02:29.911 +04:43:35.566] [WEB] POST /api/v1/game/action 157ms
[12:02:31.411 +04:43:37.067] [WEB] POST /api/v1/game/action 151ms
[12:02:32.893 +04:43:38.548] [WEB] POST /api/v1/game/action 154ms
[12:02:34.395 +04:43:40.050] [WEB] POST /api/v1/game/action 158ms
[12:02:35.899 +04:43:41.554] [WEB] POST /api/v1/game/action 161ms
[12:02:37.535 +04:43:43.190] [WEB] POST /api/v1/game/action 278ms
[12:02:38.930 +04:43:44.586] [WEB] POST /api/v1/game/action 186ms
[12:02:40.397 +04:43:46.053] [WEB] POST /api/v1/game/action 150ms
[12:02:42.110 +04:43:47.766] [WEB] POST /api/v1/game/action 364ms
[12:02:43.426 +04:43:49.082] [WEB] POST /api/v1/game/action 165ms
[12:02:44.929 +04:43:50.584] [WEB] POST /api/v1/game/action 178ms
[12:02:46.448 +04:43:52.104] [WEB] POST /api/v1/game/action 186ms
[12:02:47.923 +04:43:53.578] [WEB] POST /api/v1/game/action 167ms
[12:02:49.428 +04:43:55.083] [WEB] POST /api/v1/game/action 165ms
[12:02:50.913 +04:43:56.569] [WEB] POST /api/v1/game/action 173ms
[12:02:52.414 +04:43:58.070] [WEB] POST /api/v1/game/action 167ms
[12:02:53.927 +04:43:59.583] [WEB] POST /api/v1/game/action 183ms
[12:02:55.458 +04:44:01.113] [WEB] POST /api/v1/game/action 192ms
[12:02:56.921 +04:44:02.577] [WEB] POST /api/v1/game/action 176ms
[12:02:58.414 +04:44:04.070] [WEB] POST /api/v1/game/action 175ms
[12:02:59.910 +04:44:05.566] [WEB] POST /api/v1/game/action 163ms
[12:03:01.424 +04:44:07.079] [WEB] POST /api/v1/game/action 163ms
[12:03:02.928 +04:44:08.584] [WEB] POST /api/v1/game/action 181ms
[12:03:04.441 +04:44:10.097] [WEB] POST /api/v1/game/action 181ms
[12:03:05.910 +04:44:11.565] [WEB] POST /api/v1/game/action 158ms
[12:03:07.665 +04:44:13.321] [WEB] POST /api/v1/game/action 382ms
[12:03:08.964 +04:44:14.620] [WEB] POST /api/v1/game/action 225ms
[12:03:10.483 +04:44:16.139] [WEB] POST /api/v1/game/action 228ms
[12:03:11.937 +04:44:17.593] [WEB] POST /api/v1/game/action 197ms
[12:03:13.470 +04:44:19.125] [WEB] POST /api/v1/game/action 222ms
[12:03:14.978 +04:44:20.633] [WEB] POST /api/v1/game/action 230ms
[12:03:16.485 +04:44:22.140] [WEB] POST /api/v1/game/action 222ms
[12:03:17.979 +04:44:23.635] [WEB] POST /api/v1/game/action 227ms
[12:03:19.524 +04:44:25.179] [WEB] POST /api/v1/game/action 227ms
[12:03:20.958 +04:44:26.613] [WEB] POST /api/v1/game/action 209ms
[12:03:22.510 +04:44:28.166] [WEB] POST /api/v1/game/action 263ms
[12:03:24.005 +04:44:29.661] [WEB] POST /api/v1/game/action 254ms
[12:03:25.488 +04:44:31.144] [WEB] POST /api/v1/game/action 214ms
[12:03:26.974 +04:44:32.629] [WEB] POST /api/v1/game/action 221ms
[12:03:28.450 +04:44:34.105] [WEB] POST /api/v1/game/action 185ms
[12:03:29.947 +04:44:35.602] [WEB] POST /api/v1/game/action 206ms
[12:03:31.398 +04:44:37.054] [WEB] POST /api/v1/game/action 152ms
[12:03:32.909 +04:44:38.565] [WEB] POST /api/v1/game/action 169ms
[12:03:34.404 +04:44:40.060] [WEB] POST /api/v1/game/action 148ms
[12:03:35.937 +04:44:41.593] [WEB] POST /api/v1/game/action 190ms
[12:03:37.430 +04:44:43.086] [WEB] POST /api/v1/game/action 182ms
[12:03:38.931 +04:44:44.586] [WEB] POST /api/v1/game/action 183ms
[12:03:40.498 +04:44:46.154] [WEB] POST /api/v1/game/action 242ms
[12:03:41.888 +04:44:47.544] [WEB] POST /api/v1/game/action 150ms
[12:03:43.423 +04:44:49.078] [WEB] POST /api/v1/game/action 160ms
[12:03:44.911 +04:44:50.567] [WEB] POST /api/v1/game/action 161ms
[12:03:46.399 +04:44:52.055] [WEB] POST /api/v1/game/action 155ms
[12:03:47.891 +04:44:53.546] [WEB] POST /api/v1/game/action 151ms
[12:03:49.403 +04:44:55.059] [WEB] POST /api/v1/game/action 147ms
[12:03:50.904 +04:44:56.560] [WEB] POST /api/v1/game/action 167ms
[12:03:52.391 +04:44:58.046] [WEB] POST /api/v1/game/action 144ms
[12:03:53.925 +04:44:59.581] [WEB] POST /api/v1/game/action 181ms
[12:03:55.599 +04:45:01.255] [WEB] POST /api/v1/game/action 182ms
[12:03:56.929 +04:45:02.585] [WEB] POST /api/v1/game/action 179ms
[12:03:58.418 +04:45:04.073] [WEB] POST /api/v1/game/action 175ms
[12:03:59.923 +04:45:05.578] [WEB] POST /api/v1/game/action 174ms
[12:04:01.395 +04:45:07.051] [WEB] POST /api/v1/game/action 156ms
[12:04:02.893 +04:45:08.549] [WEB] POST /api/v1/game/action 156ms
[12:04:04.414 +04:45:10.069] [WEB] POST /api/v1/game/action 155ms
[12:04:05.895 +04:45:11.551] [WEB] POST /api/v1/game/action 158ms
[12:04:07.404 +04:45:13.060] [WEB] POST /api/v1/game/action 147ms
[12:04:08.906 +04:45:14.561] [WEB] POST /api/v1/game/action 165ms
[12:04:10.439 +04:45:16.094] [WEB] POST /api/v1/game/action 156ms
[12:04:11.919 +04:45:17.575] [WEB] POST /api/v1/game/action 179ms
[12:04:13.402 +04:45:19.058] [WEB] POST /api/v1/game/action 157ms
[12:04:14.913 +04:45:20.568] [WEB] POST /api/v1/game/action 167ms
[12:04:16.538 +04:45:22.193] [WEB] POST /api/v1/game/action 192ms
[12:04:17.916 +04:45:23.571] [WEB] POST /api/v1/game/action 168ms
[12:04:19.429 +04:45:25.085] [WEB] POST /api/v1/game/action 189ms
[12:04:20.920 +04:45:26.575] [WEB] POST /api/v1/game/action 167ms
[12:04:22.415 +04:45:28.070] [WEB] POST /api/v1/game/action 157ms
[12:04:23.910 +04:45:29.566] [WEB] POST /api/v1/game/action 173ms
[12:04:25.424 +04:45:31.080] [WEB] POST /api/v1/game/action 178ms
[12:04:26.909 +04:45:32.564] [WEB] POST /api/v1/game/action 168ms
[12:04:28.417 +04:45:34.073] [WEB] POST /api/v1/game/action 157ms
[12:04:29.910 +04:45:35.566] [WEB] POST /api/v1/game/action 171ms
[12:04:31.406 +04:45:37.062] [WEB] POST /api/v1/game/action 169ms
[12:04:32.905 +04:45:38.561] [WEB] POST /api/v1/game/action 159ms
[12:04:34.405 +04:45:40.060] [WEB] POST /api/v1/game/action 155ms
[12:04:35.915 +04:45:41.571] [WEB] POST /api/v1/game/action 166ms
[12:04:37.401 +04:45:43.057] [WEB] POST /api/v1/game/action 160ms
[12:04:38.920 +04:45:44.575] [WEB] POST /api/v1/game/action 172ms
[12:04:40.449 +04:45:46.105] [WEB] POST /api/v1/game/action 201ms
[12:04:41.978 +04:45:47.634] [WEB] POST /api/v1/game/action 225ms
[12:04:43.530 +04:45:49.186] [WEB] POST /api/v1/game/action 234ms
[12:04:44.949 +04:45:50.605] [WEB] POST /api/v1/game/action 209ms
[12:04:46.612 +04:45:52.268] [WEB] POST /api/v1/game/action 275ms
[12:04:47.929 +04:45:53.585] [WEB] POST /api/v1/game/action 185ms
[12:04:48.431 +04:45:54.087] [WEB] GET /api/v1/frame.png 325ms
[12:04:49.449 +04:45:55.105] [WEB] POST /api/v1/game/action 195ms
[12:04:51.058 +04:45:56.713] [WEB] POST /api/v1/game/action 313ms
[12:04:52.488 +04:45:58.143] [WEB] POST /api/v1/game/action 221ms
[12:04:53.934 +04:45:59.589] [WEB] POST /api/v1/game/action 187ms
[12:04:55.394 +04:46:01.050] [WEB] POST /api/v1/game/action 149ms
[12:04:57.201 +04:46:02.857] [WEB] POST /api/v1/game/action 454ms
[12:04:58.593 +04:46:04.249] [WEB] POST /api/v1/game/action 296ms
[12:04:59.907 +04:46:05.563] [WEB] POST /api/v1/game/action 166ms
[12:05:01.447 +04:46:07.102] [WEB] POST /api/v1/game/action 202ms
[12:05:02.903 +04:46:08.559] [WEB] POST /api/v1/game/action 164ms
[12:05:04.412 +04:46:10.068] [WEB] POST /api/v1/game/action 160ms
[12:05:05.907 +04:46:11.563] [WEB] POST /api/v1/game/action 168ms
[12:05:07.407 +04:46:13.063] [WEB] POST /api/v1/game/action 154ms
[12:05:08.895 +04:46:14.550] [WEB] POST /api/v1/game/action 155ms
[12:05:10.436 +04:46:16.092] [WEB] POST /api/v1/game/action 174ms
[12:05:11.911 +04:46:17.567] [WEB] POST /api/v1/game/action 168ms
[12:05:13.386 +04:46:19.042] [WEB] POST /api/v1/game/action 148ms
[12:05:14.911 +04:46:20.567] [WEB] POST /api/v1/game/action 163ms
[12:05:16.454 +04:46:22.109] [WEB] POST /api/v1/game/action 191ms
[12:05:17.911 +04:46:23.567] [WEB] POST /api/v1/game/action 172ms
[12:05:19.412 +04:46:25.068] [WEB] POST /api/v1/game/action 158ms
[12:05:20.886 +04:46:26.542] [WEB] POST /api/v1/game/action 148ms
[12:05:22.404 +04:46:28.059] [WEB] POST /api/v1/game/action 147ms
[12:05:23.911 +04:46:29.567] [WEB] POST /api/v1/game/action 170ms
[12:05:25.534 +04:46:31.189] [WEB] POST /api/v1/game/action 253ms
[12:05:26.901 +04:46:32.557] [WEB] POST /api/v1/game/action 159ms
[12:05:28.397 +04:46:34.053] [WEB] POST /api/v1/game/action 158ms
[12:05:29.913 +04:46:35.568] [WEB] POST /api/v1/game/action 169ms
[12:05:31.418 +04:46:37.073] [WEB] POST /api/v1/game/action 163ms
[12:05:32.903 +04:46:38.559] [WEB] POST /api/v1/game/action 155ms
[12:05:34.744 +04:46:40.399] [WEB] POST /api/v1/game/action 361ms
[12:05:35.918 +04:46:41.574] [WEB] POST /api/v1/game/action 170ms
[12:05:37.427 +04:46:43.083] [WEB] POST /api/v1/game/action 172ms
[12:05:38.951 +04:46:44.607] [WEB] POST /api/v1/game/action 196ms
[12:05:40.417 +04:46:46.072] [WEB] POST /api/v1/game/action 160ms
[12:05:41.916 +04:46:47.571] [WEB] POST /api/v1/game/action 175ms
[12:05:43.437 +04:46:49.092] [WEB] POST /api/v1/game/action 172ms
[12:05:44.914 +04:46:50.569] [WEB] POST /api/v1/game/action 170ms
[12:05:46.410 +04:46:52.065] [WEB] POST /api/v1/game/action 151ms
[12:05:47.937 +04:46:53.593] [WEB] POST /api/v1/game/action 188ms
[12:05:49.404 +04:46:55.059] [WEB] POST /api/v1/game/action 155ms
[12:05:50.928 +04:46:56.583] [WEB] POST /api/v1/game/action 178ms
[12:05:52.412 +04:46:58.068] [WEB] POST /api/v1/game/action 159ms
[12:05:53.931 +04:46:59.586] [WEB] POST /api/v1/game/action 180ms
[12:05:55.431 +04:47:01.087] [WEB] POST /api/v1/game/action 175ms
[12:05:56.938 +04:47:02.593] [WEB] POST /api/v1/game/action 199ms
[12:05:58.416 +04:47:04.071] [WEB] POST /api/v1/game/action 152ms
[12:05:59.930 +04:47:05.586] [WEB] POST /api/v1/game/action 191ms
[12:06:01.411 +04:47:07.067] [WEB] POST /api/v1/game/action 154ms
[12:06:02.951 +04:47:08.607] [WEB] POST /api/v1/game/action 207ms
[12:06:04.593 +04:47:10.249] [WEB] POST /api/v1/game/action 345ms
[12:06:05.950 +04:47:11.606] [WEB] POST /api/v1/game/action 204ms
[12:06:07.542 +04:47:13.198] [WEB] POST /api/v1/game/action 178ms
[12:06:08.926 +04:47:14.582] [WEB] POST /api/v1/game/action 177ms
[12:06:10.404 +04:47:16.060] [WEB] POST /api/v1/game/action 153ms
[12:06:11.952 +04:47:17.607] [WEB] POST /api/v1/game/action 202ms
[12:06:13.473 +04:47:19.128] [WEB] POST /api/v1/game/action 196ms
[12:06:14.932 +04:47:20.587] [WEB] POST /api/v1/game/action 179ms
[12:06:16.437 +04:47:22.092] [WEB] POST /api/v1/game/action 196ms
[12:06:17.892 +04:47:23.547] [WEB] POST /api/v1/game/action 153ms
[12:06:19.433 +04:47:25.088] [WEB] POST /api/v1/game/action 181ms
[12:06:20.894 +04:47:26.549] [WEB] POST /api/v1/game/action 152ms
[12:06:22.396 +04:47:28.051] [WEB] POST /api/v1/game/action 153ms
[12:06:23.953 +04:47:29.608] [WEB] POST /api/v1/game/action 207ms
[12:06:25.401 +04:47:31.057] [WEB] POST /api/v1/game/action 153ms
[12:06:26.939 +04:47:32.594] [WEB] POST /api/v1/game/action 192ms
[12:06:28.398 +04:47:34.053] [WEB] POST /api/v1/game/action 154ms
[12:06:29.936 +04:47:35.592] [WEB] POST /api/v1/game/action 189ms
[12:06:31.401 +04:47:37.057] [WEB] POST /api/v1/game/action 150ms
[12:06:32.936 +04:47:38.592] [WEB] POST /api/v1/game/action 184ms
[12:06:34.409 +04:47:40.065] [WEB] POST /api/v1/game/action 153ms
[12:06:35.928 +04:47:41.584] [WEB] POST /api/v1/game/action 190ms
[12:06:37.408 +04:47:43.064] [WEB] POST /api/v1/game/action 152ms
[12:06:38.922 +04:47:44.577] [WEB] POST /api/v1/game/action 182ms
[12:06:40.446 +04:47:46.101] [WEB] POST /api/v1/game/action 182ms
[12:06:41.899 +04:47:47.555] [WEB] POST /api/v1/game/action 161ms
[12:06:43.448 +04:47:49.104] [WEB] POST /api/v1/game/action 194ms
[12:06:44.904 +04:47:50.559] [WEB] POST /api/v1/game/action 166ms
[12:06:46.497 +04:47:52.153] [WEB] POST /api/v1/game/action 224ms
[12:06:47.909 +04:47:53.564] [WEB] POST /api/v1/game/action 172ms
[12:06:49.420 +04:47:55.075] [WEB] POST /api/v1/game/action 174ms
[12:06:50.928 +04:47:56.584] [WEB] POST /api/v1/game/action 177ms
[12:06:52.480 +04:47:58.136] [WEB] POST /api/v1/game/action 202ms
[12:06:53.914 +04:47:59.569] [WEB] POST /api/v1/game/action 177ms
[12:06:55.456 +04:48:01.112] [WEB] POST /api/v1/game/action 208ms
[12:06:56.906 +04:48:02.562] [WEB] POST /api/v1/game/action 167ms
[12:06:58.414 +04:48:04.070] [WEB] POST /api/v1/game/action 170ms
[12:06:59.903 +04:48:05.559] [WEB] POST /api/v1/game/action 162ms
[12:07:01.431 +04:48:07.086] [WEB] POST /api/v1/game/action 190ms
[12:07:02.904 +04:48:08.560] [WEB] POST /api/v1/game/action 162ms
[12:07:04.487 +04:48:10.143] [WEB] POST /api/v1/game/action 196ms
[12:07:05.928 +04:48:11.584] [WEB] POST /api/v1/game/action 181ms
[12:07:07.438 +04:48:13.094] [WEB] POST /api/v1/game/action 171ms
[12:07:08.933 +04:48:14.589] [WEB] POST /api/v1/game/action 182ms
[12:07:10.443 +04:48:16.099] [WEB] POST /api/v1/game/action 196ms
[12:07:11.925 +04:48:17.581] [WEB] POST /api/v1/game/action 172ms
[12:07:13.427 +04:48:19.082] [WEB] POST /api/v1/game/action 170ms
[12:07:14.899 +04:48:20.555] [WEB] POST /api/v1/game/action 161ms
[12:07:16.433 +04:48:22.088] [WEB] POST /api/v1/game/action 180ms
[12:07:17.912 +04:48:23.567] [WEB] POST /api/v1/game/action 169ms
[12:07:19.451 +04:48:25.106] [WEB] POST /api/v1/game/action 205ms
[12:07:20.902 +04:48:26.558] [WEB] POST /api/v1/game/action 159ms
[12:07:22.437 +04:48:28.093] [WEB] POST /api/v1/game/action 183ms
[12:07:23.910 +04:48:29.566] [WEB] POST /api/v1/game/action 163ms
[12:07:25.484 +04:48:31.140] [WEB] POST /api/v1/game/action 219ms
[12:07:26.917 +04:48:32.573] [WEB] POST /api/v1/game/action 168ms
[12:07:28.418 +04:48:34.074] [WEB] POST /api/v1/game/action 173ms
[12:07:29.928 +04:48:35.584] [WEB] POST /api/v1/game/action 179ms
[12:07:31.447 +04:48:37.103] [WEB] POST /api/v1/game/action 191ms
[12:07:32.903 +04:48:38.558] [WEB] POST /api/v1/game/action 164ms
[12:07:34.448 +04:48:40.104] [WEB] POST /api/v1/game/action 198ms
[12:07:35.902 +04:48:41.558] [WEB] POST /api/v1/game/action 161ms
[12:07:37.431 +04:48:43.087] [WEB] POST /api/v1/game/action 180ms
[12:07:38.926 +04:48:44.581] [WEB] POST /api/v1/game/action 182ms
[12:07:40.456 +04:48:46.111] [WEB] POST /api/v1/game/action 170ms
[12:07:41.924 +04:48:47.580] [WEB] POST /api/v1/game/action 180ms
[12:07:43.452 +04:48:49.107] [WEB] POST /api/v1/game/action 197ms
[12:07:44.916 +04:48:50.572] [WEB] POST /api/v1/game/action 170ms
[12:07:46.478 +04:48:52.134] [WEB] POST /api/v1/game/action 206ms
[12:07:47.902 +04:48:53.557] [WEB] POST /api/v1/game/action 153ms
[12:07:49.445 +04:48:55.101] [WEB] POST /api/v1/game/action 204ms
[12:07:50.926 +04:48:56.582] [WEB] POST /api/v1/game/action 171ms
[12:07:52.450 +04:48:58.105] [WEB] POST /api/v1/game/action 177ms
[12:07:53.905 +04:48:59.561] [WEB] POST /api/v1/game/action 164ms
[12:07:55.466 +04:49:01.121] [WEB] POST /api/v1/game/action 202ms
[12:07:56.900 +04:49:02.555] [WEB] POST /api/v1/game/action 158ms
[12:07:58.677 +04:49:04.333] [WEB] POST /api/v1/game/action 387ms
[12:07:59.900 +04:49:05.555] [WEB] POST /api/v1/game/action 155ms
[12:08:01.452 +04:49:07.108] [WEB] POST /api/v1/game/action 198ms
[12:08:02.901 +04:49:08.557] [WEB] POST /api/v1/game/action 163ms
[12:08:04.439 +04:49:10.095] [WEB] POST /api/v1/game/action 194ms
[12:08:05.934 +04:49:11.590] [WEB] POST /api/v1/game/action 195ms
[12:08:07.456 +04:49:13.112] [WEB] POST /api/v1/game/action 194ms
[12:08:08.909 +04:49:14.564] [WEB] POST /api/v1/game/action 156ms
[12:08:10.429 +04:49:16.084] [WEB] POST /api/v1/game/action 179ms
[12:08:11.905 +04:49:17.560] [WEB] POST /api/v1/game/action 166ms
[12:08:13.427 +04:49:19.083] [WEB] POST /api/v1/game/action 178ms
[12:08:14.897 +04:49:20.553] [WEB] POST /api/v1/game/action 155ms
[12:08:16.456 +04:49:22.111] [WEB] POST /api/v1/game/action 193ms
[12:08:17.932 +04:49:23.588] [WEB] POST /api/v1/game/action 188ms
[12:08:19.472 +04:49:25.128] [WEB] POST /api/v1/game/action 187ms
[12:08:20.926 +04:49:26.582] [WEB] POST /api/v1/game/action 186ms
[12:08:22.416 +04:49:28.072] [WEB] POST /api/v1/game/action 151ms
[12:08:23.928 +04:49:29.583] [WEB] POST /api/v1/game/action 184ms
[12:08:25.410 +04:49:31.065] [WEB] POST /api/v1/game/action 150ms
[12:08:26.935 +04:49:32.591] [WEB] POST /api/v1/game/action 185ms
[12:08:28.409 +04:49:34.065] [WEB] POST /api/v1/game/action 152ms
[12:08:29.913 +04:49:35.569] [WEB] POST /api/v1/game/action 175ms
[12:08:31.416 +04:49:37.072] [WEB] POST /api/v1/game/action 155ms
[12:08:32.928 +04:49:38.584] [WEB] POST /api/v1/game/action 185ms
[12:08:34.424 +04:49:40.080] [WEB] POST /api/v1/game/action 169ms
[12:08:35.952 +04:49:41.608] [WEB] POST /api/v1/game/action 206ms
[12:08:37.416 +04:49:43.071] [WEB] POST /api/v1/game/action 155ms
[12:08:38.898 +04:49:44.554] [WEB] POST /api/v1/game/action 153ms
[12:08:40.448 +04:49:46.103] [WEB] POST /api/v1/game/action 173ms
[12:08:41.910 +04:49:47.565] [WEB] POST /api/v1/game/action 169ms
[12:08:43.487 +04:49:49.143] [WEB] POST /api/v1/game/action 217ms
[12:08:44.923 +04:49:50.578] [WEB] POST /api/v1/game/action 172ms
[12:08:46.444 +04:49:52.100] [WEB] POST /api/v1/game/action 198ms
[12:08:47.921 +04:49:53.576] [WEB] POST /api/v1/game/action 166ms
[12:08:49.451 +04:49:55.106] [WEB] POST /api/v1/game/action 200ms
[12:08:50.906 +04:49:56.561] [WEB] POST /api/v1/game/action 166ms
[12:08:52.476 +04:49:58.132] [WEB] POST /api/v1/game/action 206ms
[12:08:53.904 +04:49:59.559] [WEB] POST /api/v1/game/action 165ms
[12:08:55.439 +04:50:01.095] [WEB] POST /api/v1/game/action 190ms
[12:08:56.900 +04:50:02.556] [WEB] POST /api/v1/game/action 155ms
[12:08:58.431 +04:50:04.087] [WEB] POST /api/v1/game/action 190ms
[12:08:59.910 +04:50:05.566] [WEB] POST /api/v1/game/action 171ms
[12:09:01.422 +04:50:07.078] [WEB] POST /api/v1/game/action 180ms
[12:09:02.908 +04:50:08.564] [WEB] POST /api/v1/game/action 158ms
[12:09:04.477 +04:50:10.133] [WEB] POST /api/v1/game/action 215ms
[12:09:05.914 +04:50:11.570] [WEB] POST /api/v1/game/action 161ms
[12:09:07.460 +04:50:13.116] [WEB] POST /api/v1/game/action 206ms
[12:09:08.914 +04:50:14.569] [WEB] POST /api/v1/game/action 175ms
[12:09:10.431 +04:50:16.087] [WEB] POST /api/v1/game/action 179ms
[12:09:11.904 +04:50:17.560] [WEB] POST /api/v1/game/action 164ms
[12:09:13.453 +04:50:19.108] [WEB] POST /api/v1/game/action 199ms
[12:09:14.911 +04:50:20.566] [WEB] POST /api/v1/game/action 166ms
[12:09:16.477 +04:50:22.133] [WEB] POST /api/v1/game/action 205ms
[12:09:17.913 +04:50:23.569] [WEB] POST /api/v1/game/action 166ms
[12:09:19.420 +04:50:25.076] [WEB] POST /api/v1/game/action 174ms
[12:09:20.913 +04:50:26.569] [WEB] POST /api/v1/game/action 163ms
[12:09:22.414 +04:50:28.070] [WEB] POST /api/v1/game/action 168ms
[12:09:23.937 +04:50:29.593] [WEB] POST /api/v1/game/action 178ms
[12:09:25.426 +04:50:31.082] [WEB] POST /api/v1/game/action 178ms
[12:09:26.893 +04:50:32.549] [WEB] POST /api/v1/game/action 154ms
[12:09:28.463 +04:50:34.119] [WEB] POST /api/v1/game/action 199ms
[12:09:29.907 +04:50:35.563] [WEB] POST /api/v1/game/action 167ms
[12:09:31.429 +04:50:37.085] [WEB] POST /api/v1/game/action 182ms
[12:09:32.916 +04:50:38.571] [WEB] POST /api/v1/game/action 171ms
[12:09:34.421 +04:50:40.077] [WEB] POST /api/v1/game/action 182ms
[12:09:35.920 +04:50:41.576] [WEB] POST /api/v1/game/action 175ms
[12:09:37.437 +04:50:43.093] [WEB] POST /api/v1/game/action 192ms
[12:09:38.904 +04:50:44.560] [WEB] POST /api/v1/game/action 156ms
[12:09:40.421 +04:50:46.076] [WEB] POST /api/v1/game/action 165ms
[12:09:41.903 +04:50:47.558] [WEB] POST /api/v1/game/action 151ms
[12:09:43.439 +04:50:49.095] [WEB] POST /api/v1/game/action 192ms
[12:09:44.922 +04:50:50.577] [WEB] POST /api/v1/game/action 168ms
[12:09:46.436 +04:50:52.091] [WEB] POST /api/v1/game/action 171ms
[12:09:47.898 +04:50:53.554] [WEB] POST /api/v1/game/action 158ms
[12:09:49.447 +04:50:55.103] [WEB] POST /api/v1/game/action 179ms
[12:09:50.896 +04:50:56.551] [WEB] POST /api/v1/game/action 152ms
[12:09:52.435 +04:50:58.090] [WEB] POST /api/v1/game/action 182ms
[12:09:53.914 +04:50:59.570] [WEB] POST /api/v1/game/action 168ms
[12:09:55.421 +04:51:01.076] [WEB] POST /api/v1/game/action 177ms
[12:09:56.905 +04:51:02.561] [WEB] POST /api/v1/game/action 156ms
[12:09:58.418 +04:51:04.074] [WEB] POST /api/v1/game/action 173ms
[12:09:59.903 +04:51:05.559] [WEB] POST /api/v1/game/action 156ms
[12:10:01.439 +04:51:07.095] [WEB] POST /api/v1/game/action 200ms
[12:10:02.919 +04:51:08.575] [WEB] POST /api/v1/game/action 165ms
[12:10:04.455 +04:51:10.111] [WEB] POST /api/v1/game/action 202ms
[12:10:05.929 +04:51:11.585] [WEB] POST /api/v1/game/action 190ms
[12:10:07.503 +04:51:13.158] [WEB] POST /api/v1/game/action 232ms
[12:10:08.913 +04:51:14.569] [WEB] POST /api/v1/game/action 175ms
[12:10:10.450 +04:51:16.106] [WEB] POST /api/v1/game/action 185ms
[12:10:11.915 +04:51:17.570] [WEB] POST /api/v1/game/action 174ms
[12:10:13.448 +04:51:19.104] [WEB] POST /api/v1/game/action 180ms
[12:10:14.902 +04:51:20.557] [WEB] POST /api/v1/game/action 154ms
[12:10:16.428 +04:51:22.084] [WEB] POST /api/v1/game/action 171ms
[12:10:17.919 +04:51:23.575] [WEB] POST /api/v1/game/action 169ms
[12:10:19.418 +04:51:25.074] [WEB] POST /api/v1/game/action 169ms
[12:10:20.913 +04:51:26.569] [WEB] POST /api/v1/game/action 161ms
[12:10:22.445 +04:51:28.101] [WEB] POST /api/v1/game/action 197ms
[12:10:23.900 +04:51:29.556] [WEB] POST /api/v1/game/action 162ms
[12:10:25.466 +04:51:31.122] [WEB] POST /api/v1/game/action 207ms
[12:10:26.903 +04:51:32.558] [WEB] POST /api/v1/game/action 158ms
[12:10:28.435 +04:51:34.091] [WEB] POST /api/v1/game/action 181ms
[12:10:29.920 +04:51:35.576] [WEB] POST /api/v1/game/action 176ms
[12:10:31.419 +04:51:37.075] [WEB] POST /api/v1/game/action 179ms
[12:10:32.904 +04:51:38.559] [WEB] POST /api/v1/game/action 157ms
[12:10:34.433 +04:51:40.088] [WEB] POST /api/v1/game/action 173ms
[12:10:35.910 +04:51:41.566] [WEB] POST /api/v1/game/action 161ms
[12:10:37.423 +04:51:43.079] [WEB] POST /api/v1/game/action 171ms
[12:10:38.919 +04:51:44.574] [WEB] POST /api/v1/game/action 167ms
[12:10:40.437 +04:51:46.092] [WEB] POST /api/v1/game/action 171ms
[12:10:41.888 +04:51:47.544] [WEB] POST /api/v1/game/action 151ms
[12:10:43.467 +04:51:49.123] [WEB] POST /api/v1/game/action 195ms
[12:10:44.911 +04:51:50.567] [WEB] POST /api/v1/game/action 172ms
[12:10:46.450 +04:51:52.106] [WEB] POST /api/v1/game/action 204ms
[12:10:47.910 +04:51:53.566] [WEB] POST /api/v1/game/action 167ms
[12:10:49.436 +04:51:55.091] [WEB] POST /api/v1/game/action 183ms
[12:10:50.921 +04:51:56.577] [WEB] POST /api/v1/game/action 177ms
[12:10:52.438 +04:51:58.093] [WEB] POST /api/v1/game/action 181ms
[12:10:53.903 +04:51:59.559] [WEB] POST /api/v1/game/action 157ms
[12:10:55.449 +04:52:01.104] [WEB] POST /api/v1/game/action 195ms
[12:10:56.911 +04:52:02.567] [WEB] POST /api/v1/game/action 163ms
[12:10:58.444 +04:52:04.099] [WEB] POST /api/v1/game/action 195ms
[12:10:59.908 +04:52:05.564] [WEB] POST /api/v1/game/action 156ms
[12:11:01.444 +04:52:07.100] [WEB] POST /api/v1/game/action 178ms
[12:11:02.890 +04:52:08.546] [WEB] POST /api/v1/game/action 151ms
[12:11:04.450 +04:52:10.106] [WEB] POST /api/v1/game/action 182ms
[12:11:05.896 +04:52:11.552] [WEB] POST /api/v1/game/action 155ms
[12:11:07.451 +04:52:13.106] [WEB] POST /api/v1/game/action 193ms
[12:11:08.901 +04:52:14.557] [WEB] POST /api/v1/game/action 160ms
[12:11:10.455 +04:52:16.111] [WEB] POST /api/v1/game/action 195ms
[12:11:11.915 +04:52:17.570] [WEB] POST /api/v1/game/action 168ms
[12:11:13.479 +04:52:19.135] [WEB] POST /api/v1/game/action 197ms
[12:11:14.901 +04:52:20.557] [WEB] POST /api/v1/game/action 152ms
[12:11:16.456 +04:52:22.112] [WEB] POST /api/v1/game/action 192ms
[12:11:17.912 +04:52:23.567] [WEB] POST /api/v1/game/action 159ms
[12:11:19.455 +04:52:25.110] [WEB] POST /api/v1/game/action 203ms
[12:11:20.905 +04:52:26.560] [WEB] POST /api/v1/game/action 166ms
[12:11:22.480 +04:52:28.136] [WEB] POST /api/v1/game/action 209ms
[12:11:23.917 +04:52:29.572] [WEB] POST /api/v1/game/action 174ms
[12:11:25.432 +04:52:31.088] [WEB] POST /api/v1/game/action 187ms
[12:11:26.913 +04:52:32.568] [WEB] POST /api/v1/game/action 169ms
[12:11:28.432 +04:52:34.088] [WEB] POST /api/v1/game/action 193ms
[12:11:30.050 +04:52:35.705] [WEB] POST /api/v1/game/action 311ms
[12:11:31.425 +04:52:37.081] [WEB] POST /api/v1/game/action 169ms
[12:11:32.926 +04:52:38.581] [WEB] POST /api/v1/game/action 175ms
[12:11:34.407 +04:52:40.063] [WEB] POST /api/v1/game/action 164ms
[12:11:35.928 +04:52:41.584] [WEB] POST /api/v1/game/action 176ms
[12:11:37.439 +04:52:43.095] [WEB] POST /api/v1/game/action 172ms
[12:11:38.933 +04:52:44.588] [WEB] POST /api/v1/game/action 195ms
[12:11:40.515 +04:52:46.171] [WEB] POST /api/v1/game/action 220ms
[12:11:41.918 +04:52:47.573] [WEB] POST /api/v1/game/action 177ms
[12:11:43.450 +04:52:49.105] [WEB] POST /api/v1/game/action 203ms
[12:11:44.947 +04:52:50.603] [WEB] POST /api/v1/game/action 202ms
[12:11:46.421 +04:52:52.076] [WEB] POST /api/v1/game/action 180ms
[12:11:47.918 +04:52:53.574] [WEB] POST /api/v1/game/action 172ms
[12:11:49.435 +04:52:55.091] [WEB] POST /api/v1/game/action 172ms
[12:11:50.945 +04:52:56.601] [WEB] POST /api/v1/game/action 196ms
[12:11:52.414 +04:52:58.069] [WEB] POST /api/v1/game/action 172ms
[12:11:53.943 +04:52:59.599] [WEB] POST /api/v1/game/action 192ms
[12:11:55.431 +04:53:01.087] [WEB] POST /api/v1/game/action 164ms
[12:11:56.928 +04:53:02.584] [WEB] POST /api/v1/game/action 174ms
[12:11:58.446 +04:53:04.102] [WEB] POST /api/v1/game/action 179ms
[12:11:59.937 +04:53:05.593] [WEB] POST /api/v1/game/action 197ms
[12:12:01.433 +04:53:07.089] [WEB] POST /api/v1/game/action 183ms
[12:12:02.933 +04:53:08.589] [WEB] POST /api/v1/game/action 192ms
[12:12:04.448 +04:53:10.104] [WEB] POST /api/v1/game/action 192ms
[12:12:05.932 +04:53:11.588] [WEB] POST /api/v1/game/action 190ms
[12:12:07.410 +04:53:13.065] [WEB] POST /api/v1/game/action 171ms
[12:12:08.938 +04:53:14.594] [WEB] POST /api/v1/game/action 194ms
[12:12:10.450 +04:53:16.106] [WEB] POST /api/v1/game/action 212ms
[12:12:11.941 +04:53:17.596] [WEB] POST /api/v1/game/action 191ms
[12:12:13.407 +04:53:19.063] [WEB] POST /api/v1/game/action 155ms
[12:12:14.949 +04:53:20.604] [WEB] POST /api/v1/game/action 194ms
[12:12:16.417 +04:53:22.073] [WEB] POST /api/v1/game/action 151ms
[12:12:17.910 +04:53:23.566] [WEB] POST /api/v1/game/action 170ms
[12:12:19.496 +04:53:25.152] [WEB] POST /api/v1/game/action 212ms
[12:12:20.910 +04:53:26.565] [WEB] POST /api/v1/game/action 168ms
[12:12:22.468 +04:53:28.124] [WEB] POST /api/v1/game/action 198ms
[12:12:23.908 +04:53:29.564] [WEB] POST /api/v1/game/action 164ms
[12:12:25.437 +04:53:31.093] [WEB] POST /api/v1/game/action 182ms
[12:12:26.921 +04:53:32.577] [WEB] POST /api/v1/game/action 175ms
[12:12:28.469 +04:53:34.125] [WEB] POST /api/v1/game/action 202ms
[12:12:29.917 +04:53:35.573] [WEB] POST /api/v1/game/action 170ms
[12:12:31.435 +04:53:37.091] [WEB] POST /api/v1/game/action 180ms
[12:12:32.913 +04:53:38.569] [WEB] POST /api/v1/game/action 162ms
[12:12:34.528 +04:53:40.184] [WEB] POST /api/v1/game/action 250ms
[12:12:35.939 +04:53:41.595] [WEB] POST /api/v1/game/action 200ms
[12:12:37.446 +04:53:43.101] [WEB] POST /api/v1/game/action 198ms
[12:12:38.910 +04:53:44.566] [WEB] POST /api/v1/game/action 169ms
[12:12:40.529 +04:53:46.185] [WEB] POST /api/v1/game/action 216ms
[12:12:41.905 +04:53:47.561] [WEB] POST /api/v1/game/action 168ms
[12:12:43.451 +04:53:49.107] [WEB] POST /api/v1/game/action 196ms
[12:12:44.914 +04:53:50.569] [WEB] POST /api/v1/game/action 167ms
[12:12:46.432 +04:53:52.088] [WEB] POST /api/v1/game/action 183ms
[12:12:47.898 +04:53:53.554] [WEB] POST /api/v1/game/action 160ms
[12:12:49.454 +04:53:55.110] [WEB] POST /api/v1/game/action 197ms
[12:12:50.910 +04:53:56.566] [WEB] POST /api/v1/game/action 161ms
[12:12:52.447 +04:53:58.102] [WEB] POST /api/v1/game/action 196ms
[12:12:53.900 +04:53:59.556] [WEB] POST /api/v1/game/action 162ms
[12:12:55.468 +04:54:01.123] [WEB] POST /api/v1/game/action 186ms
[12:12:56.915 +04:54:02.571] [WEB] POST /api/v1/game/action 174ms
[12:12:58.450 +04:54:04.106] [WEB] POST /api/v1/game/action 198ms
[12:12:59.899 +04:54:05.555] [WEB] POST /api/v1/game/action 159ms
[12:13:01.451 +04:54:07.106] [WEB] POST /api/v1/game/action 192ms
[12:13:02.913 +04:54:08.569] [WEB] POST /api/v1/game/action 170ms
[12:13:04.435 +04:54:10.090] [WEB] POST /api/v1/game/action 170ms
[12:13:05.917 +04:54:11.572] [WEB] POST /api/v1/game/action 168ms
[12:13:07.439 +04:54:13.095] [WEB] POST /api/v1/game/action 197ms
[12:13:08.912 +04:54:14.568] [WEB] POST /api/v1/game/action 163ms
[12:13:10.460 +04:54:16.116] [WEB] POST /api/v1/game/action 172ms
[12:13:11.924 +04:54:17.580] [WEB] POST /api/v1/game/action 171ms
[12:13:13.446 +04:54:19.102] [WEB] POST /api/v1/game/action 180ms
[12:13:14.893 +04:54:20.549] [WEB] POST /api/v1/game/action 154ms
[12:13:16.427 +04:54:22.083] [WEB] POST /api/v1/game/action 177ms
[12:13:17.908 +04:54:23.563] [WEB] POST /api/v1/game/action 168ms
[12:13:19.504 +04:54:25.160] [WEB] POST /api/v1/game/action 201ms
[12:13:20.903 +04:54:26.558] [WEB] POST /api/v1/game/action 158ms
[12:13:22.418 +04:54:28.074] [WEB] POST /api/v1/game/action 179ms
[12:13:23.909 +04:54:29.565] [WEB] POST /api/v1/game/action 162ms
[12:13:25.454 +04:54:31.110] [WEB] POST /api/v1/game/action 181ms
[12:13:26.920 +04:54:32.576] [WEB] POST /api/v1/game/action 172ms
[12:13:28.444 +04:54:34.099] [WEB] POST /api/v1/game/action 196ms
[12:13:29.919 +04:54:35.575] [WEB] POST /api/v1/game/action 167ms
[12:13:31.423 +04:54:37.078] [WEB] POST /api/v1/game/action 177ms
[12:13:32.923 +04:54:38.579] [WEB] POST /api/v1/game/action 183ms
[12:13:34.465 +04:54:40.121] [WEB] POST /api/v1/game/action 198ms
[12:13:35.908 +04:54:41.564] [WEB] POST /api/v1/game/action 167ms
[12:13:37.423 +04:54:43.079] [WEB] POST /api/v1/game/action 183ms
[12:13:38.903 +04:54:44.558] [WEB] POST /api/v1/game/action 158ms
[12:13:40.444 +04:54:46.099] [WEB] POST /api/v1/game/action 178ms
[12:13:41.900 +04:54:47.555] [WEB] POST /api/v1/game/action 155ms
[12:13:43.412 +04:54:49.068] [WEB] POST /api/v1/game/action 172ms
[12:13:44.912 +04:54:50.568] [WEB] POST /api/v1/game/action 163ms
[12:13:46.410 +04:54:52.066] [WEB] POST /api/v1/game/action 168ms
[12:13:47.913 +04:54:53.569] [WEB] POST /api/v1/game/action 161ms
[12:13:49.422 +04:54:55.078] [WEB] POST /api/v1/game/action 175ms
[12:13:50.910 +04:54:56.566] [WEB] POST /api/v1/game/action 171ms
[12:13:52.449 +04:54:58.104] [WEB] POST /api/v1/game/action 181ms
[12:13:53.907 +04:54:59.562] [WEB] POST /api/v1/game/action 167ms
[12:13:55.463 +04:55:01.119] [WEB] POST /api/v1/game/action 193ms
[12:13:56.901 +04:55:02.556] [WEB] POST /api/v1/game/action 158ms
[12:13:58.479 +04:55:04.134] [WEB] POST /api/v1/game/action 214ms
[12:13:59.904 +04:55:05.560] [WEB] POST /api/v1/game/action 157ms
[12:14:01.467 +04:55:07.122] [WEB] POST /api/v1/game/action 200ms
[12:14:02.896 +04:55:08.551] [WEB] POST /api/v1/game/action 157ms
[12:14:04.495 +04:55:10.150] [WEB] POST /api/v1/game/action 228ms
[12:14:05.894 +04:55:11.550] [WEB] POST /api/v1/game/action 156ms
[12:14:07.415 +04:55:13.071] [WEB] POST /api/v1/game/action 169ms
[12:14:08.944 +04:55:14.599] [WEB] POST /api/v1/game/action 190ms
[12:14:10.478 +04:55:16.134] [WEB] POST /api/v1/game/action 213ms
[12:14:11.906 +04:55:17.561] [WEB] POST /api/v1/game/action 167ms
[12:14:13.462 +04:55:19.118] [WEB] POST /api/v1/game/action 191ms
[12:14:14.899 +04:55:20.555] [WEB] POST /api/v1/game/action 157ms
[12:14:16.450 +04:55:22.105] [WEB] POST /api/v1/game/action 194ms
[12:14:17.895 +04:55:23.551] [WEB] POST /api/v1/game/action 158ms
[12:14:19.419 +04:55:25.075] [WEB] POST /api/v1/game/action 170ms
[12:14:20.908 +04:55:26.563] [WEB] POST /api/v1/game/action 159ms
[12:14:22.435 +04:55:28.090] [WEB] POST /api/v1/game/action 191ms
[12:14:23.900 +04:55:29.556] [WEB] POST /api/v1/game/action 156ms
[12:14:25.417 +04:55:31.072] [WEB] POST /api/v1/game/action 167ms
[12:14:26.911 +04:55:32.567] [WEB] POST /api/v1/game/action 159ms
[12:14:28.438 +04:55:34.094] [WEB] POST /api/v1/game/action 174ms
[12:14:29.896 +04:55:35.552] [WEB] POST /api/v1/game/action 157ms
[12:14:31.418 +04:55:37.073] [WEB] POST /api/v1/game/action 176ms
[12:14:32.917 +04:55:38.573] [WEB] POST /api/v1/game/action 176ms
[12:14:34.430 +04:55:40.086] [WEB] POST /api/v1/game/action 190ms
[12:14:35.923 +04:55:41.579] [WEB] POST /api/v1/game/action 179ms
[12:14:37.453 +04:55:43.109] [WEB] POST /api/v1/game/action 195ms
[12:14:38.899 +04:55:44.554] [WEB] POST /api/v1/game/action 154ms
[12:14:40.427 +04:55:46.083] [WEB] POST /api/v1/game/action 189ms
[12:14:41.932 +04:55:47.588] [WEB] POST /api/v1/game/action 182ms
[12:14:43.616 +04:55:49.272] [WEB] POST /api/v1/game/action 371ms
[12:14:45.027 +04:55:50.683] [WEB] POST /api/v1/game/action 272ms
[12:14:46.426 +04:55:52.082] [WEB] POST /api/v1/game/action 174ms
[12:14:47.932 +04:55:53.588] [WEB] POST /api/v1/game/action 194ms
[12:14:49.530 +04:55:55.186] [WEB] POST /api/v1/game/action 180ms
[12:14:50.977 +04:55:56.632] [WEB] POST /api/v1/game/action 232ms
[12:14:52.434 +04:55:58.090] [WEB] POST /api/v1/game/action 165ms
[12:14:53.896 +04:55:59.551] [WEB] POST /api/v1/game/action 157ms
[12:14:55.597 +04:56:01.253] [WEB] POST /api/v1/game/action 323ms
[12:14:56.901 +04:56:02.556] [WEB] POST /api/v1/game/action 160ms
[12:14:58.448 +04:56:04.104] [WEB] POST /api/v1/game/action 173ms
[12:14:59.910 +04:56:05.566] [WEB] POST /api/v1/game/action 165ms
[12:15:01.620 +04:56:07.276] [WEB] POST /api/v1/game/action 289ms
[12:15:02.952 +04:56:08.607] [WEB] POST /api/v1/game/action 199ms
[12:15:04.442 +04:56:10.098] [WEB] POST /api/v1/game/action 194ms
[12:15:05.893 +04:56:11.549] [WEB] POST /api/v1/game/action 155ms
[12:15:07.528 +04:56:13.184] [WEB] POST /api/v1/game/action 164ms
[12:15:08.904 +04:56:14.559] [WEB] POST /api/v1/game/action 163ms
[12:15:10.470 +04:56:16.126] [WEB] POST /api/v1/game/action 184ms
[12:15:11.922 +04:56:17.577] [WEB] POST /api/v1/game/action 180ms
[12:15:13.472 +04:56:19.128] [WEB] POST /api/v1/game/action 199ms
[12:15:14.934 +04:56:20.590] [WEB] POST /api/v1/game/action 186ms
[12:15:16.431 +04:56:22.086] [WEB] POST /api/v1/game/action 166ms
[12:15:17.953 +04:56:23.609] [WEB] POST /api/v1/game/action 206ms
[12:15:19.424 +04:56:25.080] [WEB] POST /api/v1/game/action 186ms
[12:15:21.286 +04:56:26.941] [WEB] POST /api/v1/game/action 399ms
[12:15:22.468 +04:56:28.124] [WEB] GET /api/v1/frame.png 349ms
[12:15:22.815 +04:56:28.471] [WEB] POST /api/v1/game/action 342ms
[12:15:24.302 +04:56:29.958] [WEB] POST /api/v1/game/action 495ms
[12:15:25.412 +04:56:31.067] [WEB] POST /api/v1/game/action 160ms
[12:15:26.924 +04:56:32.580] [WEB] POST /api/v1/game/action 184ms
[12:15:28.397 +04:56:34.053] [WEB] POST /api/v1/game/action 154ms
[12:15:29.899 +04:56:35.554] [WEB] POST /api/v1/game/action 158ms
[12:15:31.412 +04:56:37.068] [WEB] POST /api/v1/game/action 151ms
[12:15:32.920 +04:56:38.575] [WEB] POST /api/v1/game/action 174ms
[12:15:34.411 +04:56:40.067] [WEB] POST /api/v1/game/action 154ms
[12:15:35.907 +04:56:41.563] [WEB] POST /api/v1/game/action 169ms
[12:15:37.406 +04:56:43.062] [WEB] POST /api/v1/game/action 153ms
[12:15:38.906 +04:56:44.562] [WEB] POST /api/v1/game/action 168ms
[12:15:40.401 +04:56:46.056] [WEB] POST /api/v1/game/action 150ms
[12:15:42.017 +04:56:47.673] [WEB] POST /api/v1/game/action 263ms
[12:15:43.421 +04:56:49.077] [WEB] POST /api/v1/game/action 161ms
[12:15:44.906 +04:56:50.562] [WEB] POST /api/v1/game/action 168ms
[12:15:46.568 +04:56:52.224] [WEB] POST /api/v1/game/action 242ms
[12:15:48.714 +04:56:54.370] [WEB] POST /api/v1/game/action 170ms
[12:15:49.723 +04:56:55.378] [WEB] POST /api/v1/game/action 162ms
[12:15:51.718 +04:56:57.374] [WEB] POST /api/v1/game/action 167ms
[12:15:52.803 +04:56:58.459] [WEB] POST /api/v1/game/action 150ms
[12:15:54.721 +04:57:00.376] [WEB] POST /api/v1/game/action 172ms
[12:15:55.733 +04:57:01.388] [WEB] POST /api/v1/game/action 176ms
[12:15:57.723 +04:57:03.379] [WEB] POST /api/v1/game/action 170ms
[12:15:59.728 +04:57:05.384] [WEB] POST /api/v1/game/action 1174ms
[12:16:00.195 +04:57:05.850] [WEB] GET /api/v1/frame.png 377ms
[12:16:00.603 +04:57:06.259] [WEB] POST /api/v1/game/action 257ms
[12:16:01.726 +04:57:07.382] [WEB] POST /api/v1/game/action 178ms
[12:16:03.860 +04:57:09.515] [WEB] POST /api/v1/game/action 303ms
[12:16:04.728 +04:57:10.384] [WEB] POST /api/v1/game/action 173ms
[12:16:06.707 +04:57:12.363] [WEB] POST /api/v1/game/action 167ms
[12:16:07.716 +04:57:13.371] [WEB] POST /api/v1/game/action 172ms
[12:16:09.723 +04:57:15.379] [WEB] POST /api/v1/game/action 171ms
[12:16:10.716 +04:57:16.371] [WEB] POST /api/v1/game/action 168ms
[12:16:12.888 +04:57:18.544] [WEB] POST /api/v1/game/action 339ms
[12:16:13.867 +04:57:19.522] [WEB] POST /api/v1/game/action 311ms
[12:16:15.819 +04:57:21.475] [WEB] POST /api/v1/game/action 270ms
[12:16:18.193 +04:57:23.848] [WEB] POST /api/v1/game/action 1622ms
